,比利时BFX,日经225,墨西哥BOLSA,恒生指数,韩国综合指数,荷兰AEX,Costa Rica Indice Accionario,加拿大多伦多S&P/TSX 综合指数,S&P CLX IPSA
L1,0.12075251026923414,0.1316631514129877,0.1555387323757517,0,0,0.09610581441877017,0.1230571789236956,0,0.1779063259297892
L2,0.0,0.0,0.0,0,0,-0.03356917471081421,0.0,0,0.0
L3,0.0,0.0,0.0,0,0,-0.137125673390706,0.0,0,0.0
L4,0.0,0.0,0.0,0,0,-0.15396966605037984,0.0,0,0.0
