,比利时BFX,日经225,墨西哥BOLSA,恒生指数,韩国综合指数,荷兰AEX,Costa Rica Indice Accionario,加拿大多伦多S&P/TSX 综合指数,S&P CLX IPSA
L1,0,0,0,0,0,0.11447070284162399,0.1068450916829064,0,0
L2,0,0,0,0,0,-0.10125343231466813,-0.20926274200726855,0,0
L3,0,0,0,0,0,0.01154131499263142,0.16598988750430446,0,0
L4,0,0,0,0,0,-0.19453861639519157,0.0,0,0
