,比利时BFX,日经225,墨西哥BOLSA,恒生指数,韩国综合指数,荷兰AEX,Costa Rica Indice Accionario,加拿大多伦多S&P/TSX 综合指数,S&P CLX IPSA
L1,0.11154580056709403,0,0.1882834509370571,0,0,0.0965752347406273,0.0796636496159432,0,0
L2,0.0,0,0.0,0,0,-0.09467464525913832,-0.15131321534208783,0,0
L3,0.0,0,0.0,0,0,-0.09869738301614456,0.13515043573617133,0,0
L4,0.0,0,0.0,0,0,-0.1664900357798958,0.0,0,0
