,比利时BFX,日经225,墨西哥BOLSA,恒生指数,韩国综合指数,荷兰AEX,Costa Rica Indice Accionario,加拿大多伦多S&P/TSX 综合指数,S&P CLX IPSA
L1,0.10583980627703622,0,0.163042588914377,0,0,0.07969882887403171,0.10621164087517732,0,0.11381574852195282
L2,0.0,0,0.0,0,0,-0.09459455031244991,-0.21008204733218921,0,0.0
L3,0.0,0,0.0,0,0,-0.09862419461866939,0.16476893819690802,0,0.0
L4,0.0,0,0.0,0,0,-0.21209158483432294,0.0,0,0.0
