,比利时BFX,日经225,墨西哥BOLSA,恒生指数,韩国综合指数,荷兰AEX,Costa Rica Indice Accionario,加拿大多伦多S&P/TSX 综合指数,S&P CLX IPSA
L1,0.11502529017163071,0.12754959511716027,0.1554182291416338,0,0,0.0841638642111121,0.11567339735971306,0,0.15090940730134594
L2,0.0,0.0,0.0,0,0,-0.0527541010141587,0.0,0,0.0
L3,0.0,0.0,0.0,0,0,-0.14632512192755012,0.0,0,0.0
L4,0.0,0.0,0.0,0,0,-0.15543385915483532,0.0,0,0.0
