,比利时BFX,日经225,墨西哥BOLSA,恒生指数,韩国综合指数,荷兰AEX,Costa Rica Indice Accionario,加拿大多伦多S&P/TSX 综合指数,S&P CLX IPSA
L1,0.12082751674521762,0.13105855031262928,0.15453305185831345,0,0,0.0979261838858666,0.12560582792442435,0,0.17752346650062828
L2,0.0,0.0,0.0,0,0,-0.03481292024746556,0.0,0,0.0
L3,0.0,0.0,0.0,0,0,-0.12704019041878264,0.0,0,0.0
L4,0.0,0.0,0.0,0,0,-0.15287973007122105,0.0,0,0.0
