,比利时BFX,日经225,墨西哥BOLSA,恒生指数,韩国综合指数,荷兰AEX,Costa Rica Indice Accionario,加拿大多伦多S&P/TSX 综合指数,S&P CLX IPSA
L1,0.11872410566705657,0,0.1780070766265397,0,0,0.07676144993418345,0,0,0
L2,0.0,0,0.0,0,0,-0.07995951056522262,0,0,0
L3,0.0,0,0.0,0,0,-0.11523646940648558,0,0,0
L4,0.0,0,0.0,0,0,-0.1953771874219703,0,0,0
