,比利时BFX,日经225,墨西哥BOLSA,恒生指数,韩国综合指数,荷兰AEX,Costa Rica Indice Accionario,加拿大多伦多S&P/TSX 综合指数,S&P CLX IPSA
L1,0.11372298157019461,0,0.17787375004774825,0,0,0.09070847563187925,0.07924526368859337,0,0.11910522533080077
L2,0.0,0,0.0,0,0,-0.07506324878733472,-0.14972268245634748,0,0.0
L3,0.0,0,0.0,0,0,-0.10351562261621483,0.13742620712402046,0,0.0
L4,0.0,0,0.0,0,0,-0.1664346056312146,0.0,0,0.0
