,比利时BFX,日经225,墨西哥BOLSA,恒生指数,韩国综合指数,荷兰AEX,Costa Rica Indice Accionario,加拿大多伦多S&P/TSX 综合指数,S&P CLX IPSA
L1,0.12727143367433097,0,0.1914225353243589,0,0,0.10490620693383776,0.1338543790321953,0,0
L2,0.0,0,0.0,0,0,-0.0925613636487155,-0.14643608997725113,0,0
L3,0.0,0,0.0,0,0,-0.10078119295435857,0.0,0,0
L4,0.0,0,0.0,0,0,-0.20838923312502788,0.0,0,0
