,比利时BFX,日经225,墨西哥BOLSA,恒生指数,韩国综合指数,荷兰AEX,Costa Rica Indice Accionario,加拿大多伦多S&P/TSX 综合指数,S&P CLX IPSA
L1,0.11175867381622387,0,0.16674271332842425,0,0,0.06771725169222688,0,0,0
L2,0.0,0,0.0,0,0,-0.0736425235224301,0,0,0
L3,0.0,0,0.0,0,0,-0.09054867574320036,0,0,0
L4,0.0,0,0.0,0,0,-0.18152796238884783,0,0,0
