,比利时BFX,日经225,墨西哥BOLSA,恒生指数,韩国综合指数,荷兰AEX,Costa Rica Indice Accionario,加拿大多伦多S&P/TSX 综合指数,S&P CLX IPSA
L1,0.12652474795478752,0,0,0,0,0.11582417336313378,0.15050800000944842,0,0.12067669417249235
L2,0.0,0,0,0,0,-0.09169653161815519,-0.14550048822222042,0,0.0
L3,0.0,0,0,0,0,-0.09444142543597306,0.0,0,0.0
L4,0.0,0,0,0,0,-0.18447887515083963,0.0,0,0.0
