,比利时BFX,日经225,墨西哥BOLSA,恒生指数,韩国综合指数,荷兰AEX,Costa Rica Indice Accionario,加拿大多伦多S&P/TSX 综合指数,S&P CLX IPSA
L1,0.12093775305030334,0.13110349426880402,0.1531409437765032,0,0,0.10035381310345155,0.12598691997422432,0,0.1773122836116369
L2,0.0,0.0,0.0,0,0,-0.033915221438874835,0.0,0,0.0
L3,0.0,0.0,0.0,0,0,-0.12806125336357965,0.0,0,0.0
L4,0.0,0.0,0.0,0,0,-0.1447708811789925,0.0,0,0.0
