,比利时BFX,日经225,墨西哥BOLSA,恒生指数,韩国综合指数,荷兰AEX,Costa Rica Indice Accionario,加拿大多伦多S&P/TSX 综合指数,S&P CLX IPSA
L1,0.10656644175161747,0,0.16278077791203546,0,0,0.07973800432571425,0.10459972282650254,0,0.11194784985259333
L2,0.0,0,0.0,0,0,-0.07743434335993805,-0.21132362155228235,0,0.0
L3,0.0,0,0.0,0,0,-0.10520564821656948,0.16307005873646707,0,0.0
L4,0.0,0,0.0,0,0,-0.16697195158350747,0.0,0,0.0
