,比利时BFX,日经225,墨西哥BOLSA,恒生指数,韩国综合指数,荷兰AEX,Costa Rica Indice Accionario,加拿大多伦多S&P/TSX 综合指数,S&P CLX IPSA
L1,0.1200845772345089,0,0.1767528419155998,0,0,0.0856518363197799,0,0,0
L2,0.0,0,0.0,0,0,-0.08111499099204658,0,0,0
L3,0.0,0,0.0,0,0,-0.09966081554215456,0,0,0
L4,0.0,0,0.0,0,0,-0.18923845812260753,0,0,0
