,比利时BFX,日经225,墨西哥BOLSA,恒生指数,韩国综合指数,荷兰AEX,Costa Rica Indice Accionario,加拿大多伦多S&P/TSX 综合指数,S&P CLX IPSA
L1,0.1070880309965322,0,0.16343827924234886,0,0,0.07008720748318735,0,0,0.11732454192198483
L2,0.0,0,0.0,0,0,-0.08167781943419569,0,0,0.0
L3,0.0,0,0.0,0,0,-0.10397982117973889,0,0,0.0
L4,0.0,0,0.0,0,0,-0.17507428265903535,0,0,0.0
