,比利时BFX,日经225,墨西哥BOLSA,恒生指数,韩国综合指数,荷兰AEX,Costa Rica Indice Accionario,加拿大多伦多S&P/TSX 综合指数,S&P CLX IPSA
L1,0,0,0.1686470154066864,0,0,0.06550845927624019,0,0,0.11844620590112556
L2,0,0,0.0,0,0,-0.08885323120403872,0,0,0.0
L3,0,0,0.0,0,0,-0.1034039064091501,0,0,0.0
L4,0,0,0.0,0,0,-0.18223643759210126,0,0,0.0
