,比利时BFX,日经225,墨西哥BOLSA,恒生指数,韩国综合指数,荷兰AEX,Costa Rica Indice Accionario,加拿大多伦多S&P/TSX 综合指数,S&P CLX IPSA
L1,0,0,0.16880472980411923,0,0,0.06646775970627151,0,0,0.11978996771125291
L2,0,0,0.0,0,0,-0.0875558455059411,0,0,0.0
L3,0,0,0.0,0,0,-0.10426461843239869,0,0,0.0
L4,0,0,0.0,0,0,-0.18194300080230752,0,0,0.0
