,比利时BFX,日经225,墨西哥BOLSA,恒生指数,韩国综合指数,荷兰AEX,Costa Rica Indice Accionario,加拿大多伦多S&P/TSX 综合指数,S&P CLX IPSA
L1,0.12080917464674971,0.130648282493204,0.15406254547740383,0,0,0.10122237362388889,0.12584566432420569,0,0.17696555899486494
L2,0.0,0.0,0.0,0,0,-0.03769397684779383,0.0,0,0.0
L3,0.0,0.0,0.0,0,0,-0.1269652315019593,0.0,0,0.0
L4,0.0,0.0,0.0,0,0,-0.143664128049005,0.0,0,0.0
