,比利时BFX,日经225,墨西哥BOLSA,恒生指数,韩国综合指数,荷兰AEX,Costa Rica Indice Accionario,加拿大多伦多S&P/TSX 综合指数,S&P CLX IPSA
L1,0,0,0.16814255321630206,0,0,0.06842672148000413,0,0,0.11817197829027794
L2,0,0,0.0,0,0,-0.08665002200667477,0,0,0.0
L3,0,0,0.0,0,0,-0.10221383799000758,0,0,0.0
L4,0,0,0.0,0,0,-0.18195120985360835,0,0,0.0
