,比利时BFX,日经225,墨西哥BOLSA,恒生指数,韩国综合指数,荷兰AEX,Costa Rica Indice Accionario,加拿大多伦多S&P/TSX 综合指数,S&P CLX IPSA
L1,0.11372343322262111,0,0.17592643210627437,0,0,0.09297589745945423,0.07977345470280636,0,0.1144696618227834
L2,0.0,0,0.0,0,0,-0.07600534349542487,-0.15172718941915567,0,0.0
L3,0.0,0,0.0,0,0,-0.10066944083193792,0.135822854860984,0,0.0
L4,0.0,0,0.0,0,0,-0.16375854999344144,0.0,0,0.0
