,比利时BFX,日经225,墨西哥BOLSA,恒生指数,韩国综合指数,荷兰AEX,Costa Rica Indice Accionario,加拿大多伦多S&P/TSX 综合指数,S&P CLX IPSA
L1,0,0,0,0,0.08260422022758546,0,0.10933742908213089,0,0
L2,0,0,0,0,-0.13038501969474955,0,-0.19644747377836375,0,0
L3,0,0,0,0,0.14297595833413645,0,0.16629938887305204,0,0
L4,0,0,0,0,0.0,0,0.0,0,0
