,比利时BFX,日经225,墨西哥BOLSA,恒生指数,韩国综合指数,荷兰AEX,Costa Rica Indice Accionario,加拿大多伦多S&P/TSX 综合指数,S&P CLX IPSA
L1,0.10380851831963933,0.11811531279584858,0.15968362989155194,0,0,0.07230462412790925,0,0,0.13462065012359617
L2,0.0,0.0,0.0,0,0,-0.05140033907028764,0,0,0.0
L3,0.0,0.0,0.0,0,0,-0.14590164534348637,0,0,0.0
L4,0.0,0.0,0.0,0,0,-0.1612253935722083,0,0,0.0
