,比利时BFX,日经225,墨西哥BOLSA,恒生指数,韩国综合指数,荷兰AEX,Costa Rica Indice Accionario,加拿大多伦多S&P/TSX 综合指数,S&P CLX IPSA
L1,0.11376030825663737,0,0.17700566915606697,0,0,0.08978888123699601,0.137625698070749,0,0.11989194130994006
L2,0.0,0,0.0,0,0,-0.07775958447028704,-0.22587580267880603,0,0.0
L3,0.0,0,0.0,0,0,-0.11052394800624023,0.0,0,0.0
L4,0.0,0,0.0,0,0,-0.16948370514453973,0.0,0,0.0
