,比利时BFX,日经225,墨西哥BOLSA,恒生指数,韩国综合指数,荷兰AEX,Costa Rica Indice Accionario,加拿大多伦多S&P/TSX 综合指数,S&P CLX IPSA
L1,0,0.14446787426709973,0,0,0,0.11954155603439161,0.1051372744354861,0,0
L2,0,0.0,0,0,0,-0.10693835633280618,-0.20898723429894114,0,0
L3,0,0.0,0,0,0,-0.03875174187065305,0.16502904052126097,0,0
L4,0,0.0,0,0,0,-0.17006887254435604,0.0,0,0
