,比利时BFX,日经225,墨西哥BOLSA,恒生指数,韩国综合指数,荷兰AEX,Costa Rica Indice Accionario,加拿大多伦多S&P/TSX 综合指数,S&P CLX IPSA
L1,0.027494153378224785,0.1994754888463898,0,-0.015540906493904492,0.09403063352959688,0.042277059425138125,0.13103406730530515,0,0
L2,0.054403978569655766,-0.020725167523938298,0,-0.03937603014546662,-0.07812657651616528,-0.03863891623645387,0.0,0,0
L3,-0.17270951000368365,-0.32064048423539104,0,-0.3716344772477651,-0.24515969458294076,-0.1783857077509541,0.0,0,0
L4,0.0,0.0,0,0.0,0.0,-0.11362043439037553,0.0,0,0
