,比利时BFX,日经225,墨西哥BOLSA,恒生指数,韩国综合指数,荷兰AEX,Costa Rica Indice Accionario,加拿大多伦多S&P/TSX 综合指数,S&P CLX IPSA
L1,0,0.16962904740018028,0,-0.030477201619854764,0.07174241642862063,-0.037574244301159826,0.1501056912072492,0,0
L2,0,-0.007505514268497347,0,-0.028205485707437052,-0.13466533519132068,0.03954694652769638,0.0,0,0
L3,0,-0.15270491757409094,0,-0.2397730043151402,-0.10819887122664262,-0.13354511672299166,0.0,0,0
L4,0,0.0,0,0.0,0.0,-0.21475029757778583,0.0,0,0
