,比利时BFX,日经225,墨西哥BOLSA,恒生指数,韩国综合指数,荷兰AEX,Costa Rica Indice Accionario,加拿大多伦多S&P/TSX 综合指数,S&P CLX IPSA
L1,0,0,0,0.0005390199614722967,0.0930171825000417,-0.010012146365930712,0,0,0
L2,0,0,0,-0.029697528046865602,-0.18360345242659074,0.05362889010256406,0,0,0
L3,0,0,0,-0.2442244121656434,-0.12642550672287794,-0.0850908635393431,0,0,0
L4,0,0,0,0.0,0.0,-0.20336165171185597,0,0,0
