,比利时BFX,日经225,墨西哥BOLSA,恒生指数,韩国综合指数,荷兰AEX,Costa Rica Indice Accionario,加拿大多伦多S&P/TSX 综合指数,S&P CLX IPSA
L1,0,0.2137322864799321,0,-0.016553110783528478,0.09841281486622969,-0.04407460777430103,0.14148458777857187,0,0
L2,0,-0.034675010149491016,0,-0.06861578253169577,-0.10309106024484864,-0.021328855993358906,0.0,0,0
L3,0,-0.18938694012002105,0,-0.26472118560564145,-0.1304739851193711,-0.1185896854640566,0.0,0,0
L4,0,0.0,0,0.0,0.0,-0.1825534226868667,0.0,0,0
