,比利时BFX,日经225,墨西哥BOLSA,恒生指数,韩国综合指数,荷兰AEX,Costa Rica Indice Accionario,加拿大多伦多S&P/TSX 综合指数,S&P CLX IPSA
L1,0,0.16790794266393008,0,0,0,0.11197264460508273,0.09832166432548906,0,0
L2,0,-0.1061338591189609,0,0,0,-0.13720836808030445,-0.1845826726849575,0,0
L3,0,-0.07956114440352734,0,0,0,-0.04137564506693797,0.17150733970732465,0,0
L4,0,-0.1371733922511956,0,0,0,-0.16643263984689852,0.0,0,0
