,比利时BFX,日经225,墨西哥BOLSA,恒生指数,韩国综合指数,荷兰AEX,Costa Rica Indice Accionario,加拿大多伦多S&P/TSX 综合指数,S&P CLX IPSA
L1,0.14633949877386782,0.15581740692613477,0,0,0,0.12051075836409,0,0,0
L2,0.0,-0.019803436213992116,0,0,0,-0.044238133649186995,0,0,0
L3,0.0,-0.19183589061478606,0,0,0,-0.14899897701184042,0,0,0
L4,0.0,-0.12440426582431789,0,0,0,-0.127526119971568,0,0,0
