,比利时BFX,日经225,墨西哥BOLSA,恒生指数,韩国综合指数,荷兰AEX,Costa Rica Indice Accionario,加拿大多伦多S&P/TSX 综合指数,S&P CLX IPSA
L1,0,0,0,-0.0009600057846002111,0.09259632021967476,-0.010326571936952935,0,0,0
L2,0,0,0,-0.03584008704818403,-0.1801568733614374,0.039527373807459514,0,0,0
L3,0,0,0,-0.2485681653725682,-0.11980391982244837,-0.08683426701987822,0,0,0
L4,0,0,0,0.0,0.0,-0.19662522301723795,0,0,0
