,比利时BFX,日经225,墨西哥BOLSA,恒生指数,韩国综合指数,荷兰AEX,Costa Rica Indice Accionario,加拿大多伦多S&P/TSX 综合指数,S&P CLX IPSA
L1,-0.10707726214352294,0,0,-0.04103973727246151,0.07567445233030827,-0.11533838110383884,0,0,0
L2,0.10618230992929337,0,0,-0.045479700243412954,-0.22221866234851545,0.06648712650692341,0,0,0
L3,0.0,0,0,-0.20088043385433804,0.0,-0.022761948685332028,0,0,0
L4,0.0,0,0,0.0,0.0,-0.16856167475158065,0,0,0
