,比利时BFX,日经225,墨西哥BOLSA,恒生指数,韩国综合指数,荷兰AEX,Costa Rica Indice Accionario,加拿大多伦多S&P/TSX 综合指数,S&P CLX IPSA
L1,0,0.14566184086056919,0,0,0,0.0901183885669649,0.05891495758299266,0,0
L2,0,-0.0866861228153162,0,0,0,-0.09672989358998998,-0.14719437790062337,0,0
L3,0,-0.07801673452079608,0,0,0,-0.06551698480243826,0.0,0,0
L4,0,-0.16177934490804557,0,0,0,-0.1411994849640866,0.0,0,0
