,比利时BFX,日经225,墨西哥BOLSA,恒生指数,韩国综合指数,荷兰AEX,Costa Rica Indice Accionario,加拿大多伦多S&P/TSX 综合指数,S&P CLX IPSA
L1,0,0,0,0.004557797438638527,0.10848599839116292,-0.013846411461953244,0,0,0
L2,0,0,0,-0.021838455135830052,-0.1946660674716216,0.03566149919227523,0,0,0
L3,0,0,0,-0.2546357224710407,-0.11885651882876289,-0.0715181900222097,0,0,0
L4,0,0,0,0.0,0.0,-0.2112706872345689,0,0,0
