,比利时BFX,日经225,墨西哥BOLSA,恒生指数,韩国综合指数,荷兰AEX,Costa Rica Indice Accionario,加拿大多伦多S&P/TSX 综合指数,S&P CLX IPSA
L1,0,0,0,-0.0023519170774930894,0.0928637416163141,-0.015453896831273801,0,0,0
L2,0,0,0,-0.031045562475459323,-0.17848296264802987,0.04285249928329976,0,0,0
L3,0,0,0,-0.24629969654334963,-0.12818580593416018,-0.08609834410733351,0,0,0
L4,0,0,0,0.0,0.0,-0.20088846331672583,0,0,0
