,比利时BFX,日经225,墨西哥BOLSA,恒生指数,韩国综合指数,荷兰AEX,Costa Rica Indice Accionario,加拿大多伦多S&P/TSX 综合指数,S&P CLX IPSA
L1,0,0.1568945748309597,0,0,0,0.11566773424946615,0.09814930313451363,0,0
L2,0,-0.10043569427921298,0,0,0,-0.11734228802331882,-0.18642397655005294,0,0
L3,0,-0.07604917014036268,0,0,0,-0.04007475781251979,0.1719299577442496,0,0
L4,0,-0.14045055472189388,0,0,0,-0.16318931214091917,0.0,0,0
