,比利时BFX,日经225,墨西哥BOLSA,恒生指数,韩国综合指数,荷兰AEX,Costa Rica Indice Accionario,加拿大多伦多S&P/TSX 综合指数,S&P CLX IPSA
L1,0,0.1609547444506907,0,0,0,0.12357156898763114,0.0980381522369373,0,0
L2,0,-0.11068518145809098,0,0,0,-0.10962542098110048,-0.1859189393890093,0,0
L3,0,-0.06845708252921798,0,0,0,-0.042184456824029,0.17110712234768335,0,0
L4,0,-0.14185669870998177,0,0,0,-0.14247696702265442,0.0,0,0
