,比利时BFX,日经225,墨西哥BOLSA,恒生指数,韩国综合指数,荷兰AEX,Costa Rica Indice Accionario,加拿大多伦多S&P/TSX 综合指数,S&P CLX IPSA
L1,0,0.15742591303265369,0,-0.021914117146105156,0.11198938575234077,-0.016165535715680607,0,0,0
L2,0,0.0,0,-0.02713364930441274,-0.16361095604668133,0.03864538109580603,0,0,0
L3,0,0.0,0,-0.2339361498998603,0.0,-0.1022218232940143,0,0,0
L4,0,0.0,0,0.0,0.0,-0.1774391299564558,0,0,0
