,比利时BFX,日经225,墨西哥BOLSA,恒生指数,韩国综合指数,荷兰AEX,Costa Rica Indice Accionario,加拿大多伦多S&P/TSX 综合指数,S&P CLX IPSA
L1,0,0.20124629337502883,0,-0.014031309471378005,0.12444760432876942,0.04156009872837821,0.13320849088966064,0,0
L2,0,-0.011616370778246121,0,-0.03080375544005321,-0.1042296611144901,-0.047839644855365744,0.0,0,0
L3,0,-0.31660157276781736,0,-0.4054415087462098,-0.1773539643701035,-0.1508616749279185,0.0,0,0
L4,0,0.0,0,0.0,0.0,-0.1527759064358279,0.0,0,0
