,比利时BFX,日经225,墨西哥BOLSA,恒生指数,韩国综合指数,荷兰AEX,Costa Rica Indice Accionario,加拿大多伦多S&P/TSX 综合指数,S&P CLX IPSA
L1,0,0.15834545297411268,0,-0.030855623923955404,0.0846299391836314,-0.03855413793301696,0,0,0
L2,0,-0.004524371328046704,0,-0.029398784379478675,-0.14637131934557696,0.03251583983185219,0,0,0
L3,0,-0.14915016701819056,0,-0.240139006471814,0.0,-0.13003957972868876,0,0,0
L4,0,0.0,0,0.0,0.0,-0.19624894223140557,0,0,0
