,比利时BFX,日经225,墨西哥BOLSA,恒生指数,韩国综合指数,荷兰AEX,Costa Rica Indice Accionario,加拿大多伦多S&P/TSX 综合指数,S&P CLX IPSA
L1,0.02040238267066425,0.2090698917497284,0,-0.00970640397777437,0.09409212509956748,0.04022135511149149,0.12834065088619268,0,0
L2,0.06783242191276119,-0.007886200794706366,0,-0.03631237754527707,-0.07231890457524616,-0.0086661731249657,0.0,0,0
L3,-0.1857914445589685,-0.3327944023851903,0,-0.37739552735981274,-0.24885219232394135,-0.21476775603938458,0.0,0,0
L4,0.0,0.0,0,0.0,0.0,0.0,0.0,0,0
