,比利时BFX,日经225,墨西哥BOLSA,恒生指数,韩国综合指数,荷兰AEX,Costa Rica Indice Accionario,加拿大多伦多S&P/TSX 综合指数,S&P CLX IPSA
L1,0,0.14407254254092117,0,0,0,0.08941906936116217,0.056932570708188836,0,0
L2,0,-0.09220613137018349,0,0,0,-0.09888823317759517,-0.14761040066846917,0,0
L3,0,-0.07406289158768595,0,0,0,-0.0647026207650927,0.0,0,0
L4,0,-0.16969269688445526,0,0,0,-0.1482511746877112,0.0,0,0
