,比利时BFX,日经225,墨西哥BOLSA,恒生指数,韩国综合指数,荷兰AEX,Costa Rica Indice Accionario,加拿大多伦多S&P/TSX 综合指数,S&P CLX IPSA
L1,0,0.1559602714885161,0,-0.021885590411549166,0.11069605605353604,-0.016854742441835623,0,0,0
L2,0,0.0,0,-0.02658070726269618,-0.1603705953066141,0.03902603772047103,0,0,0
L3,0,0.0,0,-0.23366334196941876,0.0,-0.10247553356851415,0,0,0
L4,0,0.0,0,0.0,0.0,-0.1756112506528588,0,0,0
