,比利时BFX,日经225,墨西哥BOLSA,恒生指数,韩国综合指数,荷兰AEX,Costa Rica Indice Accionario,加拿大多伦多S&P/TSX 综合指数,S&P CLX IPSA
L1,0,0,0,-0.0013483007068814277,0.093314010568821,-0.01239864457722837,0,0,0
L2,0,0,0,-0.031372218806845015,-0.17981079647465079,0.04247368714582568,0,0,0
L3,0,0,0,-0.24519943638738315,-0.12683103724625414,-0.08807586332026685,0,0,0
L4,0,0,0,0.0,0.0,-0.20048255610916718,0,0,0
