,比利时BFX,日经225,墨西哥BOLSA,恒生指数,韩国综合指数,荷兰AEX,Costa Rica Indice Accionario,加拿大多伦多S&P/TSX 综合指数,S&P CLX IPSA
L1,0,0,0,0.0020301478760272954,0.09346480730207216,-0.00876090538301581,0,0,0
L2,0,0,0,-0.028546519081220186,-0.18338221869466667,0.05272630608008712,0,0,0
L3,0,0,0,-0.23877016304811605,-0.1277462522550742,-0.07085034846843223,0,0,0
L4,0,0,0,0.0,0.0,-0.20454565498855898,0,0,0
