,比利时BFX,日经225,墨西哥BOLSA,恒生指数,韩国综合指数,荷兰AEX,Costa Rica Indice Accionario,加拿大多伦多S&P/TSX 综合指数,S&P CLX IPSA
L1,0,0.1694384305752753,0,-0.023164497832844157,0.10914069366681843,-0.019568194025952612,0,0,0
L2,0,-0.011231847659796533,0,-0.03071243752601032,-0.15838053447887648,0.028363495477034647,0,0,0
L3,0,-0.1471624530165799,0,-0.2420617542215235,0.0,-0.14203834078766364,0,0,0
L4,0,0.0,0,0.0,0.0,-0.2033423328458973,0,0,0
