,比利时BFX,日经225,墨西哥BOLSA,恒生指数,韩国综合指数,荷兰AEX,Costa Rica Indice Accionario,加拿大多伦多S&P/TSX 综合指数,S&P CLX IPSA
L1,0,0,0,-0.03374870827991561,0.09298699441474437,-0.028822171124759044,0,0,0
L2,0,0,0,-0.04257109264630557,-0.15528995841233698,0.04321072727968663,0,0,0
L3,0,0,0,-0.2746489777353455,-0.11127763185369179,-0.10102601313450359,0,0,0
L4,0,0,0,0.0,0.0,-0.18885968825430374,0,0,0
