,比利时BFX,日经225,墨西哥BOLSA,恒生指数,韩国综合指数,荷兰AEX,Costa Rica Indice Accionario,加拿大多伦多S&P/TSX 综合指数,S&P CLX IPSA
L1,0,0.15969246917005211,0,-0.029500014071276667,0.08817024736197718,-0.0386567905060478,0,0,0
L2,0,-0.007644912616941765,0,-0.02940183808938264,-0.14898435765006762,0.03244487240139241,0,0,0
L3,0,-0.1473377417507868,0,-0.24006545065984392,0.0,-0.13000755961099397,0,0,0
L4,0,0.0,0,0.0,0.0,-0.19637135153021915,0,0,0
