,比利时BFX,日经225,墨西哥BOLSA,恒生指数,韩国综合指数,荷兰AEX,Costa Rica Indice Accionario,加拿大多伦多S&P/TSX 综合指数,S&P CLX IPSA
L1,0,0.1625551662290992,0,0,0,0.12395810850091415,0.1008801193435317,0,0
L2,0,-0.10877297725771361,0,0,0,-0.10830607173092115,-0.18606703865351898,0,0
L3,0,-0.06840063266799844,0,0,0,-0.04043035125036494,0.1712893095552801,0,0
L4,0,-0.14128816849913292,0,0,0,-0.14510247471754426,0.0,0,0
