,比利时BFX,日经225,墨西哥BOLSA,恒生指数,韩国综合指数,荷兰AEX,Costa Rica Indice Accionario,加拿大多伦多S&P/TSX 综合指数,S&P CLX IPSA
L1,0,0.14467779826476834,0,0,0,0.123758503315419,0.07900153325792231,0,0
L2,0,-0.10810083140304068,0,0,0,-0.12685224013607377,-0.18709282121086523,0,0
L3,0,-0.09249682417469288,0,0,0,-0.04960461688154577,0.16871680494083374,0,0
L4,0,-0.13569784966053353,0,0,0,-0.18394803593418727,0.0,0,0
