,比利时BFX,日经225,墨西哥BOLSA,恒生指数,韩国综合指数,荷兰AEX,Costa Rica Indice Accionario,加拿大多伦多S&P/TSX 综合指数,S&P CLX IPSA
L1,0,0,0,0.0023065005424858804,0.09163380813663467,-0.009786290207273018,0,0,0
L2,0,0,0,-0.02165011868063009,-0.19643272642853082,0.03676336408523556,0,0,0
L3,0,0,0,-0.2512165953655214,-0.12159879121431402,-0.06866216331215305,0,0,0
L4,0,0,0,0.0,0.0,-0.20400377045669188,0,0,0
