,比利时BFX,日经225,墨西哥BOLSA,恒生指数,韩国综合指数,荷兰AEX,Costa Rica Indice Accionario,加拿大多伦多S&P/TSX 综合指数,S&P CLX IPSA
L1,0,0.15891486084808717,0,0,0,0.11207753435343379,0.09844455654440916,0,0
L2,0,-0.10109939280598362,0,0,0,-0.11743656067751035,-0.18560448422268574,0,0
L3,0,-0.07632252188343974,0,0,0,-0.04719005225979559,0.1715991007057204,0,0
L4,0,-0.13447636602593563,0,0,0,-0.1589019552224506,0.0,0,0
