,比利时BFX,日经225,墨西哥BOLSA,恒生指数,韩国综合指数,荷兰AEX,Costa Rica Indice Accionario,加拿大多伦多S&P/TSX 综合指数,S&P CLX IPSA
L1,0,0,0,0.0028491732637691653,0.08236977352217822,-0.009713110984609282,0,0,0
L2,0,0,0,-0.02134245377802968,-0.1903802229476116,0.03571696287725813,0,0,0
L3,0,0,0,-0.2533343266724507,-0.13276916530122304,-0.07206675685215298,0,0,0
L4,0,0,0,0.0,0.0,-0.21005398010352022,0,0,0
