,比利时BFX,日经225,墨西哥BOLSA,恒生指数,韩国综合指数,荷兰AEX,Costa Rica Indice Accionario,加拿大多伦多S&P/TSX 综合指数,S&P CLX IPSA
L1,0,0.14146528482915524,0,0,0,0.10547900702778171,0.0978023463733368,0,0
L2,0,-0.10828128321974517,0,0,0,-0.12931859382107405,-0.184674228233232,0,0
L3,0,-0.09007956754159972,0,0,0,-0.04505528587112831,0.1699783215666281,0,0
L4,0,-0.13336580597961717,0,0,0,-0.17289241576061318,0.0,0,0
