,比利时BFX,日经225,墨西哥BOLSA,恒生指数,韩国综合指数,荷兰AEX,Costa Rica Indice Accionario,加拿大多伦多S&P/TSX 综合指数,S&P CLX IPSA
L1,-0.11101704046685959,0,-0.10720691587038425,-0.055859225427262474,0.06091682192758008,-0.12361559666601163,0,0,0
L2,0.10783012176825688,0,0.0,-0.03876114092411236,-0.2308365535249027,0.06714658527563167,0,0,0
L3,0.0,0,0.0,-0.197216175595964,0.0,-0.019334362108908102,0,0,0
L4,0.0,0,0.0,0.0,0.0,-0.17600093844653744,0,0,0
