,比利时BFX,日经225,墨西哥BOLSA,恒生指数,韩国综合指数,荷兰AEX,Costa Rica Indice Accionario,加拿大多伦多S&P/TSX 综合指数,S&P CLX IPSA
L1,0,0,0.19923194577163722,0,0.07107794157532014,0,0.102023254504337,0,0
L2,0,0,0.0,0,-0.12637499617041442,0,-0.19383585890000007,0,0
L3,0,0,0.0,0,0.1268693580509012,0,0.16274658159474328,0,0
L4,0,0,0.0,0,0.0,0,0.0,0,0
