,比利时BFX,日经225,墨西哥BOLSA,恒生指数,韩国综合指数,荷兰AEX,Costa Rica Indice Accionario,加拿大多伦多S&P/TSX 综合指数,S&P CLX IPSA
L1,0,0,0,0.0019313647952028156,0.09757261936019043,-0.010661312233776376,0,0,0
L2,0,0,0,-0.022382506488492996,-0.1981193889554047,0.03760104473153724,0,0,0
L3,0,0,0,-0.2517360767642107,-0.12190642771160906,-0.06795445053862477,0,0,0
L4,0,0,0,0.0,0.0,-0.207574559898266,0,0,0
