,比利时BFX,日经225,墨西哥BOLSA,恒生指数,韩国综合指数,荷兰AEX,Costa Rica Indice Accionario,加拿大多伦多S&P/TSX 综合指数,S&P CLX IPSA
L1,0,0,0,-0.0010358684524104482,0.08022923995654346,-0.01724678733069565,0,0,0
L2,0,0,0,-0.040314848135798956,-0.1986829661156127,0.04737261064583938,0,0,0
L3,0,0,0,-0.25463646368181153,-0.11787030857613134,-0.06382226534654112,0,0,0
L4,0,0,0,0.0,0.0,-0.20366111745770518,0,0,0
