,比利时BFX,日经225,墨西哥BOLSA,恒生指数,韩国综合指数,荷兰AEX,Costa Rica Indice Accionario,加拿大多伦多S&P/TSX 综合指数,S&P CLX IPSA
L1,0,0,0,0.0036831510722442973,0.09906257824637191,-0.009651085118405428,0,0,0
L2,0,0,0,-0.026278096138908816,-0.1980967058196997,0.03598935395741321,0,0,0
L3,0,0,0,-0.25411431865812045,-0.11947358631076112,-0.07093448492995366,0,0,0
L4,0,0,0,0.0,0.0,-0.2084540541126583,0,0,0
