,比利时BFX,日经225,墨西哥BOLSA,恒生指数,韩国综合指数,荷兰AEX,Costa Rica Indice Accionario,加拿大多伦多S&P/TSX 综合指数,S&P CLX IPSA
L1,0,0.1584620417133225,0,0,0,0.1255038286430161,0.09249296517435977,0,0
L2,0,-0.09772453579105315,0,0,0,-0.10770886223634413,-0.1625505641296813,0,0
L3,0,-0.07978705847552986,0,0,0,-0.06471099206861464,0.0,0,0
L4,0,-0.15591719374894944,0,0,0,-0.1371000753606348,0.0,0,0
