,比利时BFX,日经225,墨西哥BOLSA,恒生指数,韩国综合指数,荷兰AEX,Costa Rica Indice Accionario,加拿大多伦多S&P/TSX 综合指数,S&P CLX IPSA
L1,-0.10832606175859752,0,0,-0.05283662069075943,0.05670039369631266,-0.1180375856274693,0,0,0
L2,0.11127818455250217,0,0,-0.046475474885140325,-0.22556385016271013,0.06232363449600506,0,0,0
L3,0.0,0,0,-0.19269258896765262,0.0,-0.01743527008195119,0,0,0
L4,0.0,0,0,0.0,0.0,-0.17127926813122685,0,0,0
