,比利时BFX,日经225,墨西哥BOLSA,恒生指数,韩国综合指数,荷兰AEX,Costa Rica Indice Accionario,加拿大多伦多S&P/TSX 综合指数,S&P CLX IPSA
L1,0,0,0,-0.0017905840331624515,0.10842520707399977,-0.013373361727875184,0,0,0
L2,0,0,0,-0.040084199711084595,-0.17280848592887288,0.038952997009900195,0,0,0
L3,0,0,0,-0.254221123681589,-0.11371896201311613,-0.09415664038846272,0,0,0
L4,0,0,0,0.0,0.0,-0.19748436846139408,0,0,0
