,比利时BFX,日经225,墨西哥BOLSA,恒生指数,韩国综合指数,荷兰AEX,Costa Rica Indice Accionario,加拿大多伦多S&P/TSX 综合指数,S&P CLX IPSA
L1,0,0.15888842127268982,0,0,0,0.11497130124194717,0.09859335902745404,0,0
L2,0,-0.10339833343865215,0,0,0,-0.11949375738479374,-0.18556890137007936,0,0
L3,0,-0.07627111875341726,0,0,0,-0.039669678530717865,0.1716017455677582,0,0
L4,0,-0.1349221074610615,0,0,0,-0.16267890498894852,0.0,0,0
