,比利时BFX,日经225,墨西哥BOLSA,恒生指数,韩国综合指数,荷兰AEX,Costa Rica Indice Accionario,加拿大多伦多S&P/TSX 综合指数,S&P CLX IPSA
L1,-0.10723440826233031,0,0,-0.039102699031404314,0.07617320434812315,-0.1156130740141198,0,0,0
L2,0.10803521298691918,0,0,-0.04139489129790483,-0.21406181032350272,0.06363517606959927,0,0,0
L3,0.0,0,0,-0.19705479370477955,0.0,-0.013020930474356082,0,0,0
L4,0.0,0,0,0.0,0.0,-0.17726415535414652,0,0,0
