,比利时BFX,日经225,墨西哥BOLSA,恒生指数,韩国综合指数,荷兰AEX,Costa Rica Indice Accionario,加拿大多伦多S&P/TSX 综合指数,S&P CLX IPSA
L1,-0.10432361387318075,0,0,-0.03852830135427054,0.07610665515842943,-0.1156851794565772,0,0,0
L2,0.10391551407574505,0,0,-0.04730960708721476,-0.22164707684508683,0.06538476900158675,0,0,0
L3,0.0,0,0,-0.20226756778890861,0.0,-0.021969678933696897,0,0,0
L4,0.0,0,0,0.0,0.0,-0.1699755103776715,0,0,0
