,比利时BFX,日经225,墨西哥BOLSA,恒生指数,韩国综合指数,荷兰AEX,Costa Rica Indice Accionario,加拿大多伦多S&P/TSX 综合指数,S&P CLX IPSA
L1,0,0,0,0.002571277454740834,0.09212572100800019,-0.007667967979782085,0,0,0
L2,0,0,0,-0.03263914351300143,-0.1895021803236345,0.04838753537262197,0,0,0
L3,0,0,0,-0.24155058813596744,-0.13034914719218726,-0.0720519938008771,0,0,0
L4,0,0,0,0.0,0.0,-0.20637269536800404,0,0,0
