,比利时BFX,日经225,墨西哥BOLSA,恒生指数,韩国综合指数,荷兰AEX,Costa Rica Indice Accionario,加拿大多伦多S&P/TSX 综合指数,S&P CLX IPSA
L1,0,0,0,0.0022933476968983154,0.0901156466603872,-0.009008682001194817,0,0,0
L2,0,0,0,-0.020986349746042087,-0.19282044438015594,0.03796908914257334,0,0,0
L3,0,0,0,-0.253137633454608,-0.1235171953395545,-0.06871863259624669,0,0,0
L4,0,0,0,0.0,0.0,-0.20472548329050314,0,0,0
