,比利时BFX,日经225,墨西哥BOLSA,恒生指数,韩国综合指数,荷兰AEX,Costa Rica Indice Accionario,加拿大多伦多S&P/TSX 综合指数,S&P CLX IPSA
L1,0,0.1778827663134044,0,-0.01426203039791804,0.12570855297030745,0.057414394978741914,0.15622761942127458,0,0
L2,0,0.012548236837558818,0,-0.029771946277912867,-0.10957438394489791,-0.0683292706195983,0.0,0,0
L3,0,-0.32266268959132755,0,-0.4054711082764675,-0.1742195359091187,-0.14714939139215089,0.0,0,0
L4,0,0.0,0,0.0,0.0,-0.14255875744432697,0.0,0,0
