,比利时BFX,日经225,墨西哥BOLSA,恒生指数,韩国综合指数,荷兰AEX,Costa Rica Indice Accionario,加拿大多伦多S&P/TSX 综合指数,S&P CLX IPSA
L1,0.14810326972047702,0.2206940762052826,0,0.09287187524246057,0.185511835191485,0.1380636183532428,0.14162363180612975,0,0
L2,0.0,-0.040637601643284935,0,-0.0893225989585333,-0.14740458072116158,-0.04854361246247518,0.0,0,0
L3,0.0,-0.25316165490132564,0,-0.2361602844753429,0.0,-0.15144735262389575,0.0,0,0
L4,0.0,0.0,0,0.0,0.0,-0.10961220770634288,0.0,0,0
