,比利时BFX,日经225,墨西哥BOLSA,恒生指数,韩国综合指数,荷兰AEX,Costa Rica Indice Accionario,加拿大多伦多S&P/TSX 综合指数,S&P CLX IPSA
L1,0,0,0,0.006336367970258348,0.10865315041256812,-0.012681615077646027,0,0,0
L2,0,0,0,-0.023791678923536126,-0.1944964926834713,0.03529419868257653,0,0,0
L3,0,0,0,-0.2532452003838135,-0.11909180052321892,-0.07175607526328759,0,0,0
L4,0,0,0,0.0,0.0,-0.2100245173884355,0,0,0
