,比利时BFX,日经225,墨西哥BOLSA,恒生指数,韩国综合指数,荷兰AEX,Costa Rica Indice Accionario,加拿大多伦多S&P/TSX 综合指数,S&P CLX IPSA
L1,0,0.17168571060176174,0,0,0,0.11384751909215812,0.09822247961406634,0,0
L2,0,-0.09962648601249766,0,0,0,-0.13857195223215857,-0.1846297624290376,0,0
L3,0,-0.06902725786782463,0,0,0,-0.04514666360036773,0.1714664749555055,0,0
L4,0,-0.13835672541486876,0,0,0,-0.16563647825126313,0.0,0,0
