,比利时BFX,日经225,墨西哥BOLSA,恒生指数,韩国综合指数,荷兰AEX,Costa Rica Indice Accionario,加拿大多伦多S&P/TSX 综合指数,S&P CLX IPSA
L1,0,0,0,0,0.04637744683909427,0,0.10334534451133054,0,0
L2,0,0,0,0,-0.11765218626038293,0,-0.18769309987430877,0,0
L3,0,0,0,0,0.1283981448560994,0,0.16203020680552682,0,0
L4,0,0,0,0,0.0,0,0.0,0,0
