,比利时BFX,日经225,墨西哥BOLSA,恒生指数,韩国综合指数,荷兰AEX,Costa Rica Indice Accionario,加拿大多伦多S&P/TSX 综合指数,S&P CLX IPSA
L1,0,0.14062415394283703,0,0,0,0.12473051338289232,0.08146328834771853,0,0
L2,0,-0.09668782382186214,0,0,0,-0.13129616132873811,-0.1858961822548113,0,0
L3,0,-0.09698433625729931,0,0,0,-0.04951382133636495,0.16644751269977656,0,0
L4,0,-0.13039598822345996,0,0,0,-0.18876243896072362,0.0,0,0
