,比利时BFX,日经225,墨西哥BOLSA,恒生指数,韩国综合指数,荷兰AEX,Costa Rica Indice Accionario,加拿大多伦多S&P/TSX 综合指数,S&P CLX IPSA
L1,0,0.14664354612545313,0,0,0,0.09116667730971566,0.05736574881252549,0,0
L2,0,-0.0942947740756289,0,0,0,-0.10363426405340842,-0.14836190450551537,0,0
L3,0,-0.07865737553159388,0,0,0,-0.06180277139191635,0.0,0,0
L4,0,-0.15839055482193273,0,0,0,-0.14210521048148186,0.0,0,0
