,比利时BFX,日经225,墨西哥BOLSA,恒生指数,韩国综合指数,荷兰AEX,Costa Rica Indice Accionario,加拿大多伦多S&P/TSX 综合指数,S&P CLX IPSA
L1,0,0.15585823829980036,0,0,0,0.11833451151452734,0.12487087858112002,0,0
L2,0,-0.11018307217769481,0,0,0,-0.10656960369905837,-0.1964294033880971,0,0
L3,0,-0.06890384480105788,0,0,0,-0.044164087501393494,0.0,0,0
L4,0,-0.14349339754209206,0,0,0,-0.14417122541336966,0.0,0,0
