,比利时BFX,日经225,墨西哥BOLSA,恒生指数,韩国综合指数,荷兰AEX,Costa Rica Indice Accionario,加拿大多伦多S&P/TSX 综合指数,S&P CLX IPSA
L1,0.02331884337817776,0.20819345765533823,0,-0.012520156546284213,0.09419604619747524,0.040730518836266015,0.12449453106449876,0,0
L2,0.0705964256401987,-0.005470285014363377,0,-0.04023392428703923,-0.07014500358063114,-0.013064687682925317,0.0,0,0
L3,-0.1921457210427384,-0.3321271258966792,0,-0.3748961198132412,-0.24641169223835666,-0.20453141803127692,0.0,0,0
L4,0.0,0.0,0,0.0,0.0,0.0,0.0,0,0
