,比利时BFX,日经225,墨西哥BOLSA,恒生指数,韩国综合指数,荷兰AEX,Costa Rica Indice Accionario,加拿大多伦多S&P/TSX 综合指数,S&P CLX IPSA
L1,0,0,0,-0.004993838652895623,0.09651446874189695,-0.014100387310172893,0,0,0
L2,0,0,0,-0.03377550747484365,-0.17630428916217336,0.04333576066958149,0,0,0
L3,0,0,0,-0.2464691801471886,-0.12045419256253949,-0.0827418119661529,0,0,0
L4,0,0,0,0.0,0.0,-0.198362252249891,0,0,0
