,比利时BFX,日经225,墨西哥BOLSA,恒生指数,韩国综合指数,荷兰AEX,Costa Rica Indice Accionario,加拿大多伦多S&P/TSX 综合指数,S&P CLX IPSA
L1,0,0.15720614346213468,0,0,0,0.11808829002460762,0.09844173446314101,0,0
L2,0,-0.10049178590954941,0,0,0,-0.1264922197053647,-0.1848034136533569,0,0
L3,0,-0.08062420621257751,0,0,0,-0.04596101317964857,0.17153640690136734,0,0
L4,0,-0.13168625410271054,0,0,0,-0.16595339670589718,0.0,0,0
