,比利时BFX,日经225,墨西哥BOLSA,恒生指数,韩国综合指数,荷兰AEX,Costa Rica Indice Accionario,加拿大多伦多S&P/TSX 综合指数,S&P CLX IPSA
L1,0,0,0,-0.05173458778398005,0.09733661864677472,-0.026122490787319406,0,-0.01663743034408064,0
L2,0,0,0,-0.043903852974596244,-0.160880322444547,0.04063421262048265,0,0.17764759777272535,0
L3,0,0,0,-0.2577502162567585,0.0,-0.10378387384950108,0,0.0,0
L4,0,0,0,0.0,0.0,-0.18603939123281335,0,0.0,0
