,比利时BFX,日经225,墨西哥BOLSA,恒生指数,韩国综合指数,荷兰AEX,Costa Rica Indice Accionario,加拿大多伦多S&P/TSX 综合指数,S&P CLX IPSA
L1,0,0,0,-0.004105411921501499,0.09585131596583701,-0.011298326729111945,0,0,0
L2,0,0,0,-0.03352346131950511,-0.17475522451444728,0.04120154788779046,0,0,0
L3,0,0,0,-0.24935138488790867,-0.12406258378855774,-0.08653818724422079,0,0,0
L4,0,0,0,0.0,0.0,-0.19554996878785513,0,0,0
