,比利时BFX,日经225,墨西哥BOLSA,恒生指数,韩国综合指数,荷兰AEX,Costa Rica Indice Accionario,加拿大多伦多S&P/TSX 综合指数,S&P CLX IPSA
L1,0.009541919969355172,0,0,-0.005982476848355459,0.10745798695025452,-0.01799974720374644,0,0,0
L2,0.1240672143490258,0,0,-0.03593254177090081,-0.16341926196751602,0.052759305320269755,0,0,0
L3,-0.126102132730957,0,0,-0.2564726897790708,-0.11381055658045884,-0.10062598963513918,0,0,0
L4,0.0,0,0,0.0,0.0,-0.19541368802891435,0,0,0
