,比利时BFX,日经225,墨西哥BOLSA,恒生指数,韩国综合指数,荷兰AEX,Costa Rica Indice Accionario,加拿大多伦多S&P/TSX 综合指数,S&P CLX IPSA
L1,0,0,0,0.0007195231037972621,0.08790155297034533,-0.00412700746660607,0,0,0
L2,0,0,0,-0.01707983799003213,-0.19082062764262372,0.039746622820405725,0,0,0
L3,0,0,0,-0.2516351328630591,-0.13416066988920347,-0.07198609645784938,0,0,0
L4,0,0,0,0.0,0.0,-0.20750884225120833,0,0,0
