,比利时BFX,日经225,墨西哥BOLSA,恒生指数,韩国综合指数,荷兰AEX,Costa Rica Indice Accionario,加拿大多伦多S&P/TSX 综合指数,S&P CLX IPSA
L1,0,0,0,-0.03117380493420903,0.06564965391896327,-0.08577838867857862,0,0,0
L2,0,0,0,-0.03808718677198948,-0.213591283558289,0.09681626103793033,0,0,0
L3,0,0,0,-0.20253555012652463,0.0,0.0027288162109797946,0,0,0
L4,0,0,0,0.0,0.0,-0.17847301888605485,0,0,0
