,比利时BFX,日经225,墨西哥BOLSA,恒生指数,韩国综合指数,荷兰AEX,Costa Rica Indice Accionario,加拿大多伦多S&P/TSX 综合指数,S&P CLX IPSA
L1,0,0.1565649689562179,0,0,0,0.11954105823253498,0.09967619872640035,0,0
L2,0,-0.1096433997327873,0,0,0,-0.11007376993736392,-0.18266812632802235,0,0
L3,0,-0.06753630570395729,0,0,0,-0.03914718261225786,0.1705460107304269,0,0
L4,0,-0.14047572978920442,0,0,0,-0.15005009793571394,0.0,0,0
