,比利时BFX,日经225,墨西哥BOLSA,恒生指数,韩国综合指数,荷兰AEX,Costa Rica Indice Accionario,加拿大多伦多S&P/TSX 综合指数,S&P CLX IPSA
L1,0,0,0,-0.029700509957453727,0.07102476162604437,-0.08619812811559074,0,0,0
L2,0,0,0,-0.03415775380116939,-0.21293988935419336,0.08994286667199204,0,0,0
L3,0,0,0,-0.20442579677613942,0.0,-0.0035617220280225147,0,0,0
L4,0,0,0,0.0,0.0,-0.17225841978091047,0,0,0
