,比利时BFX,日经225,墨西哥BOLSA,恒生指数,韩国综合指数,荷兰AEX,Costa Rica Indice Accionario,加拿大多伦多S&P/TSX 综合指数,S&P CLX IPSA
L1,0,0,0,0,0.04401729131982364,0,0.10732505807799182,0,0
L2,0,0,0,0,-0.12169582323518212,0,-0.18722754496647454,0,0
L3,0,0,0,0,0.12744202756383569,0,0.16548719056738714,0,0
L4,0,0,0,0,0.0,0,0.0,0,0
