,比利时BFX,日经225,墨西哥BOLSA,恒生指数,韩国综合指数,荷兰AEX,Costa Rica Indice Accionario,加拿大多伦多S&P/TSX 综合指数,S&P CLX IPSA
L1,0,0,0,0.002864697777375153,0.08344182335579539,-0.007943026773080217,0,0,0
L2,0,0,0,-0.04164876594019332,-0.21974428865659437,0.06530947751508931,0,0,0
L3,0,0,0,-0.2355420444997393,-0.12077013494074597,-0.053303533466641816,0,0,0
L4,0,0,0,0.0,0.0,-0.20424959372033447,0,0,0
