,比利时BFX,日经225,墨西哥BOLSA,恒生指数,韩国综合指数,荷兰AEX,Costa Rica Indice Accionario,加拿大多伦多S&P/TSX 综合指数,S&P CLX IPSA
L1,-0.10658609152599224,0,0,-0.038401247041180406,0.07658891407697267,-0.11401672425890731,0,0,0
L2,0.10663726859413471,0,0,-0.04172936455810765,-0.21543806654860487,0.06614486534801833,0,0,0
L3,0.0,0,0,-0.20130843537878793,0.0,-0.022367517252268238,0,0,0
L4,0.0,0,0,0.0,0.0,-0.17219295607771487,0,0,0
