,比利时BFX,日经225,墨西哥BOLSA,恒生指数,韩国综合指数,荷兰AEX,Costa Rica Indice Accionario,加拿大多伦多S&P/TSX 综合指数,S&P CLX IPSA
L1,0,0.14450592268419094,0,0,0,0.09267986396578155,0.041062041662561596,0,0
L2,0,-0.06341319104169457,0,0,0,-0.084847040443457,-0.13760393385650113,0,0
L3,0,-0.1239392938809438,0,0,0,-0.09988717313376277,0.12357092443773855,0,0
L4,0,-0.16560751787395886,0,0,0,-0.15569973540740015,0.0,0,0
