,比利时BFX,日经225,墨西哥BOLSA,恒生指数,韩国综合指数,荷兰AEX,Costa Rica Indice Accionario,加拿大多伦多S&P/TSX 综合指数,S&P CLX IPSA
L1,0,0,0,0.04894830624478416,0.1356900854875019,-0.100033950547732,0.13596692872851215,0,0
L2,0,0,0,-0.13086570624449217,-0.19871817366791752,-0.01763648442179963,0.0,0,0
L3,0,0,0,-0.13589144789592647,0.0,-0.035718538503310554,0.0,0,0
L4,0,0,0,0.0,0.0,-0.25769269571354325,0.0,0,0
