,比利时BFX,日经225,墨西哥BOLSA,恒生指数,韩国综合指数,荷兰AEX,Costa Rica Indice Accionario,加拿大多伦多S&P/TSX 综合指数,S&P CLX IPSA
L1,0,0,0,0,0.11739172381114736,-0.07774737801825342,0.11626257771238975,0,0
L2,0,0,0,0,-0.15112774515835334,0.0012389802146803063,0.0,0,0
L3,0,0,0,0,0.0,0.014140114380240525,0.0,0,0
L4,0,0,0,0,0.0,-0.18623632387715636,0.0,0,0
