,比利时BFX,日经225,墨西哥BOLSA,恒生指数,韩国综合指数,荷兰AEX,Costa Rica Indice Accionario,加拿大多伦多S&P/TSX 综合指数,S&P CLX IPSA
L1,0,0,0,0.06912231792860433,0.1110233637441346,-0.10692712819195627,0.13538056230697607,0,0
L2,0,0,0,-0.12787065597315986,-0.19102754558772944,-0.0012361734764764383,0.0,0,0
L3,0,0,0,-0.1203010349205419,0.0,-0.017178794771411203,0.0,0,0
L4,0,0,0,0.0,0.0,-0.25135561591859246,0.0,0,0
