,比利时BFX,日经225,墨西哥BOLSA,恒生指数,韩国综合指数,荷兰AEX,Costa Rica Indice Accionario,加拿大多伦多S&P/TSX 综合指数,S&P CLX IPSA
L1,0,0,0,0,0.02728277791545737,-0.12344636736433649,0,0,0
L2,0,0,0,0,-0.1678747276392106,0.10692823505152259,0,0,0
L3,0,0,0,0,0.0,0.04741109615137215,0,0,0
L4,0,0,0,0,0.0,-0.18570996508927592,0,0,0
