,比利时BFX,日经225,墨西哥BOLSA,恒生指数,韩国综合指数,荷兰AEX,Costa Rica Indice Accionario,加拿大多伦多S&P/TSX 综合指数,S&P CLX IPSA
L1,-0.1295136694132278,-0.25698197414237356,0,0,-0.18668210299548013,-0.15264870261394736,0,0,-0.14905787906200668
L2,0.13771060267051277,-0.06542498766522604,0,0,0.0,0.0,0,0,0.12590322773026577
L3,0.0,0.12532576489486974,0,0,0.0,0.0,0,0,0.0
L4,0.0,0.0,0,0,0.0,0.0,0,0,0.0
