,比利时BFX,日经225,墨西哥BOLSA,恒生指数,韩国综合指数,荷兰AEX,Costa Rica Indice Accionario,加拿大多伦多S&P/TSX 综合指数,S&P CLX IPSA
L1,0,0,0,0.054558776122966196,0.1463999806472765,-0.07697268698666923,0.11770060660904978,0,0
L2,0,0,0,-0.13756379602677105,-0.16753691110195518,0.005754535048027971,0.0,0,0
L3,0,0,0,-0.10310943638456792,0.0,0.021710694988852804,0.0,0,0
L4,0,0,0,0.0,0.0,-0.1882399278486267,0.0,0,0
