,比利时BFX,日经225,墨西哥BOLSA,恒生指数,韩国综合指数,荷兰AEX,Costa Rica Indice Accionario,加拿大多伦多S&P/TSX 综合指数,S&P CLX IPSA
L1,0,0,0,-0.04686244615895202,0.05778763241213679,-0.11836958877545523,0.10222565242320525,0,0
L2,0,0,0,-0.030041161735355305,-0.2223385261573656,0.0760889233536019,0.0,0,0
L3,0,0,0,-0.17788450138616316,0.0,-0.0031099178407386456,0.0,0,0
L4,0,0,0,0.0,0.0,-0.18350550652498812,0.0,0,0
