,比利时BFX,日经225,墨西哥BOLSA,恒生指数,韩国综合指数,荷兰AEX,Costa Rica Indice Accionario,加拿大多伦多S&P/TSX 综合指数,S&P CLX IPSA
L1,0,0,0,0.048698914639902884,0.14033359057510775,-0.08154990657049574,0.13206378887024428,0,0
L2,0,0,0,-0.13240129671796572,-0.1715683735733703,0.0038345228401746507,0.0,0,0
L3,0,0,0,-0.1025324177180147,0.0,0.022274737397797277,0.0,0,0
L4,0,0,0,0.0,0.0,-0.19044345369519225,0.0,0,0
