,比利时BFX,日经225,墨西哥BOLSA,恒生指数,韩国综合指数,荷兰AEX,Costa Rica Indice Accionario,加拿大多伦多S&P/TSX 综合指数,S&P CLX IPSA
L1,0,0,0,0.049182531774000914,0.13352465357579463,-0.1008797409776652,0.13645979276165715,0,0
L2,0,0,0,-0.1345646684839909,-0.19969892665183867,-0.016098871815218026,0.0,0,0
L3,0,0,0,-0.12397940661292253,0.0,-0.002158341705883214,0.0,0,0
L4,0,0,0,0.0,0.0,-0.21750141132821382,0.0,0,0
