,比利时BFX,日经225,墨西哥BOLSA,恒生指数,韩国综合指数,荷兰AEX,Costa Rica Indice Accionario,加拿大多伦多S&P/TSX 综合指数,S&P CLX IPSA
L1,0,0,0,-0.04204860672584363,0.060485874359088164,-0.1134848353784354,0.10930720758058833,0,0
L2,0,0,0,-0.023368775107613947,-0.21983297621002665,0.07728626340036195,0.0,0,0
L3,0,0,0,-0.1860251991016075,0.0,-0.008616812685792428,0.0,0,0
L4,0,0,0,0.0,0.0,-0.18322266715877725,0.0,0,0
