,比利时BFX,日经225,墨西哥BOLSA,恒生指数,韩国综合指数,荷兰AEX,Costa Rica Indice Accionario,加拿大多伦多S&P/TSX 综合指数,S&P CLX IPSA
L1,-0.14642499729642502,0,0,-0.12818224114054122,-0.16213455763878398,-0.1699089386262037,0,0,-0.08674612540736806
L2,0.10762029046456442,0,0,0.0,0.0,0.0,0,0,0.13567285577591953
L3,0.0,0,0,0.0,0.0,0.0,0,0,0.0
L4,0.0,0,0,0.0,0.0,0.0,0,0,0.0
