,比利时BFX,日经225,墨西哥BOLSA,恒生指数,韩国综合指数,荷兰AEX,Costa Rica Indice Accionario,加拿大多伦多S&P/TSX 综合指数,S&P CLX IPSA
L1,0,0,0,0,0.10109726639744188,-0.08059318229992815,0.11384677230061106,0,0
L2,0,0,0,0,-0.15176565480723447,-0.006129692288446485,0.0,0,0
L3,0,0,0,0,0.0,0.016958313801330976,0.0,0,0
L4,0,0,0,0,0.0,-0.18311343594994794,0.0,0,0
