,比利时BFX,日经225,墨西哥BOLSA,恒生指数,韩国综合指数,荷兰AEX,Costa Rica Indice Accionario,加拿大多伦多S&P/TSX 综合指数,S&P CLX IPSA
L1,-0.12716197172246635,0,0,0,0,-0.1423467896020825,0.10371296979366659,0,-0.10286255125237175
L2,0.0,0,0,0,0,0.0,0.0,0,0.0
L3,0.0,0,0,0,0,0.0,0.0,0,0.0
L4,0.0,0,0,0,0,0.0,0.0,0,0.0
