,比利时BFX,日经225,墨西哥BOLSA,恒生指数,韩国综合指数,荷兰AEX,Costa Rica Indice Accionario,加拿大多伦多S&P/TSX 综合指数,S&P CLX IPSA
L1,0,0,0,0.049101174727371265,0.14074424999524857,-0.08169520883352205,0.1320659907623692,0,0
L2,0,0,0,-0.13261692225275518,-0.17228643694205753,0.004798038024237375,0.0,0,0
L3,0,0,0,-0.10250176879057478,0.0,0.022292165501693807,0.0,0,0
L4,0,0,0,0.0,0.0,-0.19088466210676272,0.0,0,0
