,比利时BFX,日经225,墨西哥BOLSA,恒生指数,韩国综合指数,荷兰AEX,Costa Rica Indice Accionario,加拿大多伦多S&P/TSX 综合指数,S&P CLX IPSA
L1,0,0,0,0.062061779270924114,0.13620250727593128,-0.07804616291366624,0.11652533952488854,0,0
L2,0,0,0,-0.13761852644768077,-0.16108536450222458,0.008728801413001194,0.0,0,0
L3,0,0,0,0.0,0.0,0.021052547580626222,0.0,0,0
L4,0,0,0,0.0,0.0,-0.18851190059549144,0.0,0,0
