,比利时BFX,日经225,墨西哥BOLSA,恒生指数,韩国综合指数,荷兰AEX,Costa Rica Indice Accionario,加拿大多伦多S&P/TSX 综合指数,S&P CLX IPSA
L1,0,0,0,0.049504972949178216,0.1462976121881259,-0.0835008633399645,0.1170233564505175,0,0
L2,0,0,0,-0.13613161291460152,-0.16691479299926612,0.00503008237715266,0.0,0,0
L3,0,0,0,-0.10516071192604017,0.0,0.017319237775664017,0.0,0,0
L4,0,0,0,0.0,0.0,-0.18750896652713,0.0,0,0
