,比利时BFX,日经225,墨西哥BOLSA,恒生指数,韩国综合指数,荷兰AEX,Costa Rica Indice Accionario,加拿大多伦多S&P/TSX 综合指数,S&P CLX IPSA
L1,0,0,0,0.053486959223046485,0.10374271235689157,-0.14310031402343582,0.13457164612209943,0,0
L2,0,0,0,-0.13428168821355965,-0.19759388657640567,-0.029758889976155372,0.0,0,0
L3,0,0,0,-0.13259953555167756,0.0,-0.041644636884770624,0.0,0,0
L4,0,0,0,0.0,0.0,-0.2584667041545017,0.0,0,0
