,比利时BFX,日经225,墨西哥BOLSA,恒生指数,韩国综合指数,荷兰AEX,Costa Rica Indice Accionario,加拿大多伦多S&P/TSX 综合指数,S&P CLX IPSA
L1,0,0,0,0.03177130214975801,0.13497181949491946,-0.08742572267639105,0.13339926623900056,0,0
L2,0,0,0,-0.12750964400661804,-0.17118757542922908,0.008619261963085094,0.0,0,0
L3,0,0,0,-0.10651721919299428,0.0,0.01505720868101039,0.0,0,0
L4,0,0,0,0.0,0.0,-0.206329646217423,0.0,0,0
