,比利时BFX,日经225,墨西哥BOLSA,恒生指数,韩国综合指数,荷兰AEX,Costa Rica Indice Accionario,加拿大多伦多S&P/TSX 综合指数,S&P CLX IPSA
L1,-0.11020940121170651,0,0,-0.04021838368352026,0.061196197415014086,-0.11717961472530589,0.15166786377630076,0,0
L2,0.11788023662426535,0,0,-0.023535646181908936,-0.22081295802606124,0.07144226071513694,0.0,0,0
L3,0.0,0,0,-0.1859647314415487,0.0,-0.01389826312271807,0.0,0,0
L4,0.0,0,0,0.0,0.0,-0.18443892403337678,0.0,0,0
