,比利时BFX,日经225,墨西哥BOLSA,恒生指数,韩国综合指数,荷兰AEX,Costa Rica Indice Accionario,加拿大多伦多S&P/TSX 综合指数,S&P CLX IPSA
L1,-0.11079561466855449,0,0,-0.04847431706957897,0.06047581994996932,-0.1175840973892242,0.1513353558850375,0,0
L2,0.11801723807017678,0,0,-0.009749756147026625,-0.21816494196584726,0.07154880653304996,0.0,0,0
L3,0.0,0,0,-0.18194630912289364,0.0,-0.013624406728136905,0.0,0,0
L4,0.0,0,0,0.0,0.0,-0.1842874117883704,0.0,0,0
