,比利时BFX,日经225,墨西哥BOLSA,恒生指数,韩国综合指数,荷兰AEX,Costa Rica Indice Accionario,加拿大多伦多S&P/TSX 综合指数,S&P CLX IPSA
L1,-0.1084642979438405,0,0,-0.05160799352903944,0.05345296508727649,-0.11882223419985229,0,0,0
L2,0.11058968265461906,0,0,-0.04491821144743477,-0.21916804271071014,0.06151415361440392,0,0,0
L3,0.0,0,0,-0.19093030745740616,0.0,-0.015449499496886997,0,0,0
L4,0.0,0,0,0.0,0.0,-0.1682810255832654,0,0,0
