,比利时BFX,日经225,墨西哥BOLSA,恒生指数,韩国综合指数,荷兰AEX,Costa Rica Indice Accionario,加拿大多伦多S&P/TSX 综合指数,S&P CLX IPSA
L1,-0.13218808930510784,0,0,0,0,-0.1428963235119367,0.10089506016254694,0,-0.10038056260234897
L2,0.0,0,0,0,0,0.0,0.0,0,0.0
L3,0.0,0,0,0,0,0.0,0.0,0,0.0
L4,0.0,0,0,0,0,0.0,0.0,0,0.0
