,比利时BFX,日经225,墨西哥BOLSA,恒生指数,韩国综合指数,荷兰AEX,Costa Rica Indice Accionario,加拿大多伦多S&P/TSX 综合指数,S&P CLX IPSA
L1,0,0,0,0.05285371546229212,0.15159926739390236,-0.08604200696691676,0.11874044559108463,0,0
L2,0,0,0,-0.1341067191470045,-0.16367871782463786,0.007218755227401755,0.0,0,0
L3,0,0,0,-0.10191176968543027,0.0,0.023952572265891887,0.0,0,0
L4,0,0,0,0.0,0.0,-0.18660554882786984,0.0,0,0
