,比利时BFX,日经225,墨西哥BOLSA,恒生指数,韩国综合指数,荷兰AEX,Costa Rica Indice Accionario,加拿大多伦多S&P/TSX 综合指数,S&P CLX IPSA
L1,-0.11178950734200559,0,0,-0.04684859031546832,0.05734028955354282,-0.12261305704027951,0,0,0
L2,0.10765565144259535,0,0,-0.0392416773509016,-0.22544085330247604,0.05706767259891135,0,0,0
L3,0.0,0,0,-0.1799495623878512,0.0,-0.009446243258096067,0,0,0
L4,0.0,0,0,0.0,0.0,-0.17268021993859778,0,0,0
