,比利时BFX,日经225,墨西哥BOLSA,恒生指数,韩国综合指数,荷兰AEX,Costa Rica Indice Accionario,加拿大多伦多S&P/TSX 综合指数,S&P CLX IPSA
L1,0,0,0,0.05190579361624347,0.14439831860763988,-0.07830800499276498,0.11765694289703924,0,0
L2,0,0,0,-0.1381387923394588,-0.16737020963403446,0.00905982972651898,0.0,0,0
L3,0,0,0,-0.10229615353407503,0.0,0.023206649086239487,0.0,0,0
L4,0,0,0,0.0,0.0,-0.18847948561644104,0.0,0,0
