,比利时BFX,日经225,墨西哥BOLSA,恒生指数,韩国综合指数,荷兰AEX,Costa Rica Indice Accionario,加拿大多伦多S&P/TSX 综合指数,S&P CLX IPSA
L1,0,0,0,0.04518988321256013,0.14143195907238043,-0.07970522054805464,0.1321047930045424,0,0
L2,0,0,0,-0.1286163781194282,-0.17119081697486482,0.01479389419812842,0.0,0,0
L3,0,0,0,-0.10281913345996435,0.0,0.014737964872497185,0.0,0,0
L4,0,0,0,0.0,0.0,-0.20705222798503775,0.0,0,0
