,比利时BFX,日经225,墨西哥BOLSA,恒生指数,韩国综合指数,荷兰AEX,Costa Rica Indice Accionario,加拿大多伦多S&P/TSX 综合指数,S&P CLX IPSA
L1,0,0,0,0.04979103932462768,0.14156181356332914,-0.08347046192635749,0.13219900028357384,0,0
L2,0,0,0,-0.13499498149324188,-0.17198484947030154,0.0013785050584443077,0.0,0,0
L3,0,0,0,-0.10138373049328671,0.0,0.02233265244581685,0.0,0,0
L4,0,0,0,0.0,0.0,-0.1909850819908658,0.0,0,0
