,比利时BFX,日经225,墨西哥BOLSA,恒生指数,韩国综合指数,荷兰AEX,Costa Rica Indice Accionario,加拿大多伦多S&P/TSX 综合指数,S&P CLX IPSA
L1,0,0,0,0.04699572118188027,0.14026915220563277,-0.08649134282744006,0.13220015373382282,0,0
L2,0,0,0,-0.12449437260234,-0.1715983252588344,0.012765846974212583,0.0,0,0
L3,0,0,0,-0.10601944528485978,0.0,0.012585152656783307,0.0,0,0
L4,0,0,0,0.0,0.0,-0.21165597539197142,0.0,0,0
