,比利时BFX,日经225,墨西哥BOLSA,恒生指数,韩国综合指数,荷兰AEX,Costa Rica Indice Accionario,加拿大多伦多S&P/TSX 综合指数,S&P CLX IPSA
L1,-0.11199721936674464,0,0,-0.04571970514802045,0.05725020060076224,-0.12209612191588463,0,0,0
L2,0.10751243077685357,0,0,-0.03834181442510541,-0.22531051419921783,0.05702282747928333,0,0,0
L3,0.0,0,0,-0.1795454599495364,0.0,-0.009314971804118638,0,0,0
L4,0.0,0,0,0.0,0.0,-0.17113402573093564,0,0,0
