,比利时BFX,日经225,墨西哥BOLSA,恒生指数,韩国综合指数,荷兰AEX,Costa Rica Indice Accionario,加拿大多伦多S&P/TSX 综合指数,S&P CLX IPSA
L1,-0.10796767935656705,0,0,-0.04691563948494694,0.05374467307666495,-0.11637251746217843,0,0,0
L2,0.1084967667703226,0,0,-0.03926841491756943,-0.2219676114667542,0.057491120635651795,0,0,0
L3,0.0,0,0,-0.18385974695357118,0.0,-0.010658371864830329,0,0,0
L4,0.0,0,0,0.0,0.0,-0.16884915548370918,0,0,0
