,比利时BFX,日经225,墨西哥BOLSA,恒生指数,韩国综合指数,荷兰AEX,Costa Rica Indice Accionario,加拿大多伦多S&P/TSX 综合指数,S&P CLX IPSA
L1,0,0,0,0.048540104660619615,0.13913371387866913,-0.08159914279891238,0.13218935470084608,0,0
L2,0,0,0,-0.1316081346648557,-0.1711021947035699,0.0042984143328156366,0.0,0,0
L3,0,0,0,-0.1026286947592661,0.0,0.021889616529093665,0.0,0,0
L4,0,0,0,0.0,0.0,-0.19088556335728224,0.0,0,0
