,比利时BFX,日经225,墨西哥BOLSA,恒生指数,韩国综合指数,荷兰AEX,Costa Rica Indice Accionario,加拿大多伦多S&P/TSX 综合指数,S&P CLX IPSA
L1,0,0,0,0,0.05061359584726598,-0.06151218891068974,0.1480965522852268,0,0
L2,0,0,0,0,-0.21965102519768184,0.037061618153750635,0.0,0,0
L3,0,0,0,0,0.0,0.014371896000848507,0.0,0,0
L4,0,0,0,0,0.0,-0.2690075414013874,0.0,0,0
