,比利时BFX,日经225,墨西哥BOLSA,恒生指数,韩国综合指数,荷兰AEX,Costa Rica Indice Accionario,加拿大多伦多S&P/TSX 综合指数,S&P CLX IPSA
L1,0,0,0,-0.04558665855831158,0.06175985141344116,-0.11843479258808012,0.11389714985433402,0,0
L2,0,0,0,-0.03336789276924378,-0.225568357873644,0.07144364691337383,0.0,0,0
L3,0,0,0,-0.17725061305541684,0.0,-0.002919835255490045,0.0,0,0
L4,0,0,0,0.0,0.0,-0.1843969549902495,0.0,0,0
