,比利时BFX,日经225,墨西哥BOLSA,恒生指数,韩国综合指数,荷兰AEX,Costa Rica Indice Accionario,加拿大多伦多S&P/TSX 综合指数,S&P CLX IPSA
L1,0,0,0,0.048905731408521294,0.14099415532571571,-0.08194284364115431,0.13206481730174868,0,0
L2,0,0,0,-0.13445987503244433,-0.17196137790849475,0.002600196235218315,0.0,0,0
L3,0,0,0,-0.10099438696122685,0.0,0.022580946486721938,0.0,0,0
L4,0,0,0,0.0,0.0,-0.1917606329009685,0.0,0,0
