,比利时BFX,日经225,墨西哥BOLSA,恒生指数,韩国综合指数,荷兰AEX,Costa Rica Indice Accionario,加拿大多伦多S&P/TSX 综合指数,S&P CLX IPSA
L1,-0.123958809801944,0,0,-0.12742375826195854,-0.16322239893611976,-0.15671807907701632,0,0,0
L2,0.11003351182815663,0,0,0.0,0.0,0.0,0,0,0
L3,0.0,0,0,0.0,0.0,0.0,0,0,0
L4,0.0,0,0,0.0,0.0,0.0,0,0,0
