,比利时BFX,日经225,墨西哥BOLSA,恒生指数,韩国综合指数,荷兰AEX,Costa Rica Indice Accionario,加拿大多伦多S&P/TSX 综合指数,S&P CLX IPSA
L1,0,0,0,0.04949068002751732,0.135859814360955,-0.1010679254912409,0.1354286608648474,0,0
L2,0,0,0,-0.13729842937856618,-0.2008965351165406,-0.022271468774958565,0.0,0,0
L3,0,0,0,-0.13585685378347817,0.0,-0.03776255356291541,0.0,0,0
L4,0,0,0,0.0,0.0,-0.2588291015807373,0.0,0,0
