,比利时BFX,日经225,墨西哥BOLSA,恒生指数,韩国综合指数,荷兰AEX,Costa Rica Indice Accionario,加拿大多伦多S&P/TSX 综合指数,S&P CLX IPSA
L1,0,0,0,0,0.038821060321245084,-0.12855728242474157,0.15240772573132416,0,0
L2,0,0,0,0,-0.16660601895868848,0.0,-0.11246978313313709,0,0
L3,0,0,0,0,0.0,0.0,0.014940501450705457,0,0
L4,0,0,0,0,0.0,0.0,0.18222094689851928,0,0
