,比利时BFX,日经225,墨西哥BOLSA,恒生指数,韩国综合指数,荷兰AEX,Costa Rica Indice Accionario,加拿大多伦多S&P/TSX 综合指数,S&P CLX IPSA
L1,-0.12788112343961008,-0.2691918438768519,0,0,-0.18932294675990033,-0.1539822808559061,0,0,-0.1542456636780911
L2,0.132748010093753,-0.0823055248605036,0,0,0.0,0.0,0,0,0.11804387683712812
L3,0.0,0.1176131419398256,0,0,0.0,0.0,0,0,0.0
L4,0.0,0.0,0,0,0.0,0.0,0,0,0.0
