,比利时BFX,日经225,墨西哥BOLSA,恒生指数,韩国综合指数,荷兰AEX,Costa Rica Indice Accionario,加拿大多伦多S&P/TSX 综合指数,S&P CLX IPSA
L1,0,0,0,0.06763784267692942,0.11148995558137488,-0.1130239805969428,0.13554302179658434,0,0
L2,0,0,0,-0.13238234730446316,-0.18705760642696662,-0.004743414527665757,0.0,0,0
L3,0,0,0,-0.1238269682999913,0.0,-0.006170701479752419,0.0,0,0
L4,0,0,0,0.0,0.0,-0.23750352069231112,0.0,0,0
