,比利时BFX,日经225,墨西哥BOLSA,恒生指数,韩国综合指数,荷兰AEX,Costa Rica Indice Accionario,加拿大多伦多S&P/TSX 综合指数,S&P CLX IPSA
L1,0,0,0,0.025632811806406766,0.1355648934199101,-0.09081807744600726,0.13263220962564273,0,0
L2,0,0,0,-0.124727802472055,-0.17151049375329736,0.007771898771696005,0.0,0,0
L3,0,0,0,-0.11349171633784023,0.0,0.010419348965952379,0.0,0,0
L4,0,0,0,0.0,0.0,-0.20483913757231942,0.0,0,0
