,比利时BFX,日经225,墨西哥BOLSA,恒生指数,韩国综合指数,荷兰AEX,Costa Rica Indice Accionario,加拿大多伦多S&P/TSX 综合指数,S&P CLX IPSA
L1,0,0,0,0.05248341544958689,0.09415349281423827,-0.05322360257078898,0.11330480059480857,0,0
L2,0,0,0,-0.12279279100524036,-0.13478342182501105,0.024019360660985173,0.0,0,0
L3,0,0,0,-0.10412129876749597,0.0,0.01565061226799227,0.0,0,0
L4,0,0,0,0.0,0.0,-0.20068580418646956,0.0,0,0
