,比利时BFX,日经225,墨西哥BOLSA,恒生指数,韩国综合指数,荷兰AEX,Costa Rica Indice Accionario,加拿大多伦多S&P/TSX 综合指数,S&P CLX IPSA
L1,0,0,0,0.05232580125964604,0.14668394385801994,-0.08089652163797006,0.118555115675712,0,0
L2,0,0,0,-0.1368635251301202,-0.16703373009963807,0.0062414323218231895,0.0,0,0
L3,0,0,0,-0.10061032862422012,0.0,0.02244349500017221,0.0,0,0
L4,0,0,0,0.0,0.0,-0.18443865040819962,0.0,0,0
