,比利时BFX,日经225,墨西哥BOLSA,恒生指数,韩国综合指数,荷兰AEX,Costa Rica Indice Accionario,加拿大多伦多S&P/TSX 综合指数,S&P CLX IPSA
L1,0,0,0,0.08994942380062253,0.08774657770895786,0,0.13253886735503295,0,0
L2,0,0,0,-0.08100480223671264,-0.2096667601584355,0,0.0,0,0
L3,0,0,0,-0.2315847361483624,-0.16755835944680153,0,0.0,0,0
L4,0,0,0,0.1295625144735137,0.0,0,0.0,0,0
