,比利时BFX,日经225,墨西哥BOLSA,恒生指数,韩国综合指数,荷兰AEX,Costa Rica Indice Accionario,加拿大多伦多S&P/TSX 综合指数,S&P CLX IPSA
L1,-0.19335249600610482,-0.2503318195026511,0,0,0,-0.21444452886284898,0.15773098747904482,-0.17060337040298598,-0.21952583030094402
L2,-0.2481216661567731,-0.172549098962124,0,0,0,-0.3325657229385327,0.0,-0.17529211009493664,-0.11024313450079348
L3,0.1142619490609153,0.2092846897599974,0,0,0,0.0,0.0,0.0,0.13111082421812895
L4,0.0,0.0,0,0,0,0.0,0.0,0.0,0.0
