,比利时BFX,日经225,墨西哥BOLSA,恒生指数,韩国综合指数,荷兰AEX,Costa Rica Indice Accionario,加拿大多伦多S&P/TSX 综合指数,S&P CLX IPSA
L1,-0.21634756292348742,-0.3703796747292687,0,0,-0.25287286131776926,-0.21667385196869257,0,-0.17540187965746556,0
L2,-0.11608178035001054,-0.1982199518544019,0,0,0.01959040501026598,-0.17388184774157123,0,-0.15489379138470377,0
L3,0.09148440144377798,0.12674896512361875,0,0,0.09451340053281598,0.04541446103113968,0,0.0,0
L4,0.15692346017194364,0.0,0,0,0.19660431716962726,0.16105337122373442,0,0.0,0
