,比利时BFX,日经225,墨西哥BOLSA,恒生指数,韩国综合指数,荷兰AEX,Costa Rica Indice Accionario,加拿大多伦多S&P/TSX 综合指数,S&P CLX IPSA
L1,-0.1998478169668496,-0.2617427858759439,0,0,0,-0.22024329216243102,0.16969820393712276,-0.16716897504954217,-0.20776725052958808
L2,-0.25210229839733345,-0.17522751066587422,0,0,0,-0.3378035331998871,0.0,-0.17798608102669364,-0.08694507110786533
L3,0.11206676435999788,0.20834940683275402,0,0,0,0.0,0.0,0.0,0.15715530414484094
L4,0.0,0.0,0,0,0,0.0,0.0,0.0,0.0
