,比利时BFX,日经225,墨西哥BOLSA,恒生指数,韩国综合指数,荷兰AEX,Costa Rica Indice Accionario,加拿大多伦多S&P/TSX 综合指数,S&P CLX IPSA
L1,-0.19712271766248407,-0.2500812441451259,0,0,0,-0.22016565972216431,0.1633611740891248,-0.17423428936145582,-0.21654358338496688
L2,-0.2514241083631205,-0.1812662462208829,0,0,0,-0.33796118654626867,0.0,-0.18151574683872163,-0.09609932403627126
L3,0.11342514360929586,0.21843474316508546,0,0,0,0.0,0.0,0.0,0.15067318555286086
L4,0.0,0.0,0,0,0,0.0,0.0,0.0,0.0
