,比利时BFX,日经225,墨西哥BOLSA,恒生指数,韩国综合指数,荷兰AEX,Costa Rica Indice Accionario,加拿大多伦多S&P/TSX 综合指数,S&P CLX IPSA
L1,-0.23316491735810432,-0.3955715409506873,0,0,-0.26951763608906953,-0.23447274585853622,0,0,0
L2,-0.12822510658012737,-0.18391532724315598,0,0,0.01454870290945572,-0.1913355666947588,0,0,0
L3,0.07659726083739193,0.16802983578896347,0,0,0.11520475268383343,0.026439130653937166,0,0,0
L4,0.1490019149167894,0.10256114584741638,0,0,0.22937055300544318,0.15110797027570635,0,0,0
