,比利时BFX,日经225,墨西哥BOLSA,恒生指数,韩国综合指数,荷兰AEX,Costa Rica Indice Accionario,加拿大多伦多S&P/TSX 综合指数,S&P CLX IPSA
L1,-0.22702600740090306,-0.3931567048510454,0,0,-0.26679045388310135,-0.22973692002951066,0,0,0
L2,-0.12075822476226526,-0.18051281366813515,0,0,0.017355401658367426,-0.18603823782629686,0,0,0
L3,0.08733641318270072,0.17123168074932277,0,0,0.11831054322270453,0.037454960975779356,0,0,0
L4,0.15487183780125707,0.1023403353884177,0,0,0.2282861375728656,0.15742715340032282,0,0,0
