,比利时BFX,日经225,墨西哥BOLSA,恒生指数,韩国综合指数,荷兰AEX,Costa Rica Indice Accionario,加拿大多伦多S&P/TSX 综合指数,S&P CLX IPSA
L1,-0.19191923134542765,-0.2573997763544523,0,0,0,-0.21346086270990938,0.1576256911924293,-0.16744371090449928,-0.21244103967255767
L2,-0.24649889572997494,-0.1747380390231122,0,0,0,-0.3307279589568812,0.0,-0.17650154206181518,-0.09886650499554059
L3,0.11326128928664823,0.207374803549467,0,0,0,0.0,0.0,0.0,0.13836198156393914
L4,0.0,0.0,0,0,0,0.0,0.0,0.0,0.0
