,比利时BFX,日经225,墨西哥BOLSA,恒生指数,韩国综合指数,荷兰AEX,Costa Rica Indice Accionario,加拿大多伦多S&P/TSX 综合指数,S&P CLX IPSA
L1,-0.2091025852757146,-0.27059550368044827,0,0,0,-0.21660818852279948,0.14588567130311245,-0.12472704008804888,-0.21294462990882407
L2,-0.23946498113010892,-0.20589008273645532,0,0,0,-0.3385845694567573,0.0,-0.15553618411260065,-0.09976532077553583
L3,0.11569931861923725,0.20211490036787774,0,0,0,0.0,0.0,0.0,0.14410743352841696
L4,0.0,0.0,0,0,0,0.0,0.0,0.0,0.0
