,比利时BFX,日经225,墨西哥BOLSA,恒生指数,韩国综合指数,荷兰AEX,Costa Rica Indice Accionario,加拿大多伦多S&P/TSX 综合指数,S&P CLX IPSA
L1,-0.20273939862810963,-0.23756021802097266,0,0,0,-0.21641669458524543,0.14670125559739897,-0.13975946217968466,-0.23978285310131894
L2,-0.2436468916273385,-0.1933244833071754,0,0,0,-0.3479149589063784,0.0,-0.16154721431448532,-0.12407041786878387
L3,0.1239974385139389,0.22128508376862224,0,0,0,0.0,0.0,0.0,0.1341450471088893
L4,0.0,0.0,0,0,0,0.0,0.0,0.0,0.0
