,比利时BFX,日经225,墨西哥BOLSA,恒生指数,韩国综合指数,荷兰AEX,Costa Rica Indice Accionario,加拿大多伦多S&P/TSX 综合指数,S&P CLX IPSA
L1,-0.21531751771073462,-0.37414580752961535,0,0,-0.24420446692376566,-0.21176054456476565,0,-0.18012164474206038,0
L2,-0.11218618367554911,-0.19843712113024847,0,0,0.017788264704843487,-0.16545361620747037,0,-0.15815169732854073,0
L3,0.08900425309099719,0.121026903068792,0,0,0.09614621779583149,0.06067312009481544,0,0.0,0
L4,0.17324255014289244,0.0,0,0,0.20270703442250257,0.20048342954468407,0,0.0,0
