,比利时BFX,日经225,墨西哥BOLSA,恒生指数,韩国综合指数,荷兰AEX,Costa Rica Indice Accionario,加拿大多伦多S&P/TSX 综合指数,S&P CLX IPSA
L1,-0.24525991277315148,-0.38286684659462317,0,0,-0.2748783656723391,-0.2381838993276222,0.1317495682831515,-0.1546961243082388,0
L2,-0.1327684342809754,-0.1875922085299665,0,0,0.0029787977010628727,-0.19755256278236444,0.0,-0.14492028073761493,0
L3,0.08289832541121414,0.16047721651024718,0,0,0.11643037710234233,0.02620858896276221,0.0,0.0,0
L4,0.17805545762680883,0.10162482373805874,0,0,0.23821372016937403,0.1549483348003949,0.0,0.0,0
