,比利时BFX,日经225,墨西哥BOLSA,恒生指数,韩国综合指数,荷兰AEX,Costa Rica Indice Accionario,加拿大多伦多S&P/TSX 综合指数,S&P CLX IPSA
L1,-0.20025338257034286,-0.26533085509791215,0,0,0,-0.22074407202297805,0.15602133874483176,-0.16812884740287762,-0.2104376065921857
L2,-0.25117656328180094,-0.1775125606153486,0,0,0,-0.33912932233365545,0.0,-0.1780897370203211,-0.08995795981747648
L3,0.11045994280584902,0.20262117109449995,0,0,0,0.0,0.0,0.0,0.15360102643786733
L4,0.0,0.0,0,0,0,0.0,0.0,0.0,0.0
