,比利时BFX,日经225,墨西哥BOLSA,恒生指数,韩国综合指数,荷兰AEX,Costa Rica Indice Accionario,加拿大多伦多S&P/TSX 综合指数,S&P CLX IPSA
L1,-0.2029084088116066,-0.2532702711371281,0,0,0,-0.21479104702503785,0.1511462739945375,-0.1376297442578085,-0.2165712629229647
L2,-0.24039211585476794,-0.16809391918407895,0,0,0,-0.3335657625712132,0.0,-0.16222477800860152,-0.09324213514658258
L3,0.11028602899591063,0.220673242953289,0,0,0,0.0,0.0,0.0,0.14886838036939753
L4,0.0,0.0,0,0,0,0.0,0.0,0.0,0.0
