,比利时BFX,日经225,墨西哥BOLSA,恒生指数,韩国综合指数,荷兰AEX,Costa Rica Indice Accionario,加拿大多伦多S&P/TSX 综合指数,S&P CLX IPSA
L1,-0.22593691403092298,-0.37630373812922036,0,0,-0.2529844123816588,-0.22208035274948285,0,-0.18004202129827662,0
L2,-0.11992119018844948,-0.20645632520231916,0,0,0.018251373204599346,-0.17780035150690698,0,-0.14735794363720212,0
L3,0.10187589918680273,0.11839799049808164,0,0,0.09798805641902174,0.04725697159020812,0,0.0,0
L4,0.17079523122432938,0.0,0,0,0.2034304293765201,0.16331997467296364,0,0.0,0
