,比利时BFX,日经225,墨西哥BOLSA,恒生指数,韩国综合指数,荷兰AEX,Costa Rica Indice Accionario,加拿大多伦多S&P/TSX 综合指数,S&P CLX IPSA
L1,-0.19935216505419598,-0.24424547322452173,0,0,0,-0.2126397522579229,0.15433362129493056,-0.1447253885208605,-0.21990635648689555
L2,-0.24103290947610806,-0.17175827475821265,0,0,0,-0.3361374352212265,0.0,-0.16786380060145475,-0.09474677030807863
L3,0.11012568923247036,0.21573676525882096,0,0,0,0.0,0.0,0.0,0.14685843671968676
L4,0.0,0.0,0,0,0,0.0,0.0,0.0,0.0
