,比利时BFX,日经225,墨西哥BOLSA,恒生指数,韩国综合指数,荷兰AEX,Costa Rica Indice Accionario,加拿大多伦多S&P/TSX 综合指数,S&P CLX IPSA
L1,-0.17872297843724072,-0.25235295688904885,0,0,-0.10592677195270073,-0.19801525412432494,0.16041855476609332,-0.12440990612202935,0
L2,-0.20825787018680902,-0.21751872194628769,0,0,-0.1805532784333499,-0.30889590010033885,0.0,-0.08819279495154127,0
L3,0.19712212449299832,0.24711062441131149,0,0,0.17279243244446763,0.11239928602802514,0.0,0.07148009753266898,0
L4,0.0,0.0,0,0,0.0,0.0,0.0,0.16197327427027305,0
