,比利时BFX,日经225,墨西哥BOLSA,恒生指数,韩国综合指数,荷兰AEX,Costa Rica Indice Accionario,加拿大多伦多S&P/TSX 综合指数,S&P CLX IPSA
L1,0,-0.08375407659693845,-0.12384016860257246,0.15749477554146274,-0.19746579790237334,-0.11486466226468894,0.1651592229824112,-0.10023799740168034,0
L2,0,0.267295309740085,0.14789079481041814,0.39803918626461654,0.2908972913637146,0.0,-0.46407908728934877,-0.21248516205791007,0
L3,0,-0.029233744363891746,0.0,0.22100641847225214,0.10029239776296568,0.0,0.0,0.11972886150513529,0
L4,0,0.1772652130498186,0.0,0.0,0.2231497588560816,0.0,0.0,0.0,0
