,比利时BFX,日经225,墨西哥BOLSA,恒生指数,韩国综合指数,荷兰AEX,Costa Rica Indice Accionario,加拿大多伦多S&P/TSX 综合指数,S&P CLX IPSA
L1,-0.23795724678822344,0,-0.1507102761714804,0.051794978920261935,-0.08442920521521752,-0.18838795832605573,0.15916600849575108,-0.14145446816638466,0
L2,-0.20438192888690931,0,0.0,0.048460696804655715,0.09444589319752479,-0.16284266454746854,0.0,-0.19322869946580648,0
L3,0.12085263631353868,0,0.0,0.16324706203820563,0.2803588704109216,0.0,0.0,0.15210727145927383,0
L4,0.0,0,0.0,0.0,0.1265697830112851,0.0,0.0,0.1346916485428386,0
