,比利时BFX,日经225,墨西哥BOLSA,恒生指数,韩国综合指数,荷兰AEX,Costa Rica Indice Accionario,加拿大多伦多S&P/TSX 综合指数,S&P CLX IPSA
L1,0,-0.16180869828534306,-0.17473514338049947,-0.07405350527658941,-0.21947922534427564,-0.13574819745275682,0.20251514244110785,-0.11424557395827967,0.09527922919840033
L2,0,0.32458595114262295,0.132799605904944,0.20602515602446475,0.2258580315273769,0.0,-0.35399767461033427,-0.21149028441527043,0.1508417429847475
L3,0,0.0,0.0,0.2064548598639763,0.0,0.0,0.13772807703874576,0.10602002783476491,0.0
L4,0,0.0,0.0,0.0,0.0,0.0,0.0,0.0,0.0
