,比利时BFX,日经225,墨西哥BOLSA,恒生指数,韩国综合指数,荷兰AEX,Costa Rica Indice Accionario,加拿大多伦多S&P/TSX 综合指数,S&P CLX IPSA
L1,-0.2069364985116546,-0.27711287930516937,0,0,0,-0.21470222129955396,0.14670296695503734,-0.13287197435601317,-0.21750977055712972
L2,-0.2394874232421786,-0.19661794968486254,0,0,0,-0.3364939527961665,0.0,-0.1531797664615299,-0.09529664782584937
L3,0.11546166765041131,0.20348458311500228,0,0,0,0.0,0.0,0.0,0.14547426468846786
L4,0.0,0.0,0,0,0,0.0,0.0,0.0,0.0
