,比利时BFX,日经225,墨西哥BOLSA,恒生指数,韩国综合指数,荷兰AEX,Costa Rica Indice Accionario,加拿大多伦多S&P/TSX 综合指数,S&P CLX IPSA
L1,0,-0.12719611639532055,-0.17595015817032522,-0.07918725891683097,-0.22265890032246172,-0.15002389861583473,0.1979692453303529,-0.12324879203097365,0
L2,0,0.288229095795559,0.13472630738110783,0.21857158894029327,0.2626890614551011,0.0,-0.35097414939143057,-0.18174862943646725,0
L3,0,-0.05887112014480232,0.0,0.21219349810444246,0.0,0.0,0.14531100598783667,0.12329815605475089,0
L4,0,0.12097915704078344,0.0,0.0,0.0,0.0,0.0,0.11106201504653015,0
