,比利时BFX,日经225,墨西哥BOLSA,恒生指数,韩国综合指数,荷兰AEX,Costa Rica Indice Accionario,加拿大多伦多S&P/TSX 综合指数,S&P CLX IPSA
L1,-0.2263702974900271,-0.3934444493149056,0,0,-0.26717262180654,-0.2256957845828276,0,0,0
L2,-0.12018478989945292,-0.18112375012806983,0,0,0.016903117868325164,-0.1840045993217151,0,0,0
L3,0.08776954391532317,0.17020377136225767,0,0,0.11796724362918659,0.03874052200123905,0,0,0
L4,0.15433950321313472,0.10203465758098547,0,0,0.22821063784088497,0.15765774780274427,0,0,0
