,比利时BFX,日经225,墨西哥BOLSA,恒生指数,韩国综合指数,荷兰AEX,Costa Rica Indice Accionario,加拿大多伦多S&P/TSX 综合指数,S&P CLX IPSA
L1,-0.20075646333245725,-0.2571753007686705,0,0,0,-0.21409603245166361,0.1533804590840612,-0.14241859399944667,-0.21373765003012674
L2,-0.24558939212814104,-0.18803273510313678,0,0,0,-0.3367941915516528,0.0,-0.17151343068368696,-0.09421836323266171
L3,0.10814929564472579,0.2063660486357117,0,0,0,0.0,0.0,0.0,0.14805592577714818
L4,0.0,0.0,0,0,0,0.0,0.0,0.0,0.0
