,比利时BFX,日经225,墨西哥BOLSA,恒生指数,韩国综合指数,荷兰AEX,Costa Rica Indice Accionario,加拿大多伦多S&P/TSX 综合指数,S&P CLX IPSA
L1,-0.23079420027579273,-0.3947430434991572,0,0,-0.2684925835480532,-0.23358872208272904,0,0,0
L2,-0.12744842357286432,-0.18312350990250345,0,0,0.014524948865959019,-0.19103816857385267,0,0,0
L3,0.07685962326682698,0.16880426484451158,0,0,0.11533539875765589,0.025891461173363772,0,0,0
L4,0.15146113530464944,0.10269926495457837,0,0,0.2293066083283595,0.1524446466863266,0,0,0
