,比利时BFX,日经225,墨西哥BOLSA,恒生指数,韩国综合指数,荷兰AEX,Costa Rica Indice Accionario,加拿大多伦多S&P/TSX 综合指数,S&P CLX IPSA
L1,-0.2304076893446898,-0.3948090691317442,0,0,-0.2701331418537007,-0.2329860133142384,0,0,0
L2,-0.12633454181105674,-0.18418119867188704,0,0,0.013991203273841728,-0.19119179466607272,0,0,0
L3,0.07701460649539581,0.16609326531610302,0,0,0.11657024218308207,0.026730623787308574,0,0,0
L4,0.15081580244895934,0.10082425158850228,0,0,0.23333889651294426,0.15027808487642852,0,0,0
