,比利时BFX,日经225,墨西哥BOLSA,恒生指数,韩国综合指数,荷兰AEX,Costa Rica Indice Accionario,加拿大多伦多S&P/TSX 综合指数,S&P CLX IPSA
L1,0,-0.1566651858805852,-0.1757454237723372,-0.07704673775621114,-0.21431088769603807,-0.15171285123039846,0.05210367845275771,-0.1209437075160135,0.09938372704487919
L2,0,0.32901304490266925,0.13087067453316892,0.19998813755553715,0.2225086271595691,0.0,-0.21322096775449614,-0.19618861246816777,0.15400269056968527
L3,0,0.0,0.0,0.19075474715484725,0.0,0.0,0.0,0.10832689718286988,0.0
L4,0,0.0,0.0,0.0,0.0,0.0,0.0,0.0,0.0
