,比利时BFX,日经225,墨西哥BOLSA,恒生指数,韩国综合指数,荷兰AEX,Costa Rica Indice Accionario,加拿大多伦多S&P/TSX 综合指数,S&P CLX IPSA
L1,-0.07549739914782116,0,0,-0.12858401230690195,-0.20317017060129733,-0.07157134209830743,0,0,-0.18858658452989763
L2,0.06216830677943994,0,0,0.0,0.036749127640387756,0.04712970365129727,0,0,0.0
L3,-0.05093654582515565,0,0,0.0,0.01062812036251649,-0.05300453797274757,0,0,0.0
L4,0.19125272486620207,0,0,0.0,0.18139641392260872,0.24399842034208366,0,0,0.0
