,比利时BFX,日经225,墨西哥BOLSA,恒生指数,韩国综合指数,荷兰AEX,Costa Rica Indice Accionario,加拿大多伦多S&P/TSX 综合指数,S&P CLX IPSA
L1,-0.18604207212622728,-0.25784178610489605,0,0,0,-0.19951437292274105,0.14866951512696053,-0.14212966522342205,-0.2560051510732058
L2,-0.22968241026859,-0.1973923743577624,0,0,0,-0.3348000469039724,0.0,-0.15351833107358007,-0.1304589401122173
L3,0.13628953639740302,0.22576163754415637,0,0,0,0.0,0.0,0.0,0.1385930645588563
L4,0.0,0.0,0,0,0,0.0,0.0,0.0,0.0
