,比利时BFX,日经225,墨西哥BOLSA,恒生指数,韩国综合指数,荷兰AEX,Costa Rica Indice Accionario,加拿大多伦多S&P/TSX 综合指数,S&P CLX IPSA
L1,-0.29359193140398604,-0.3914323330078726,0,0,-0.30435503182258794,-0.296985498889452,0.17709650300813887,-0.1528252767999654,0
L2,-0.18296552054351062,-0.19571401231293264,0,0,-0.014346035285185705,-0.3006017838755297,0.0,-0.1485011456258282,0
L3,0.06694241213453743,0.1687835440438011,0,0,0.09844566106653783,0.0,0.0,0.0,0
L4,0.16346152403435124,0.10859855878476486,0,0,0.2346948468217032,0.0,0.0,0.0,0
