,比利时BFX,日经225,墨西哥BOLSA,恒生指数,韩国综合指数,荷兰AEX,Costa Rica Indice Accionario,加拿大多伦多S&P/TSX 综合指数,S&P CLX IPSA
L1,-0.19661832186762898,-0.25567733735566883,0,0,0,-0.22088806553730445,0.17458700277920927,-0.1799654902209925,-0.22030679557810842
L2,-0.25230941973053955,-0.17971910072538674,0,0,0,-0.3369432368840914,0.0,-0.18221639966817016,-0.098213179736796
L3,0.11269539756096651,0.2272574781126022,0,0,0,0.0,0.0,0.0,0.14475766350087885
L4,0.0,0.0,0,0,0,0.0,0.0,0.0,0.0
