,比利时BFX,日经225,墨西哥BOLSA,恒生指数,韩国综合指数,荷兰AEX,Costa Rica Indice Accionario,加拿大多伦多S&P/TSX 综合指数,S&P CLX IPSA
L1,-0.20241471946306297,-0.25522847060518905,0,0,0,-0.2144994547116939,0.15042169871251793,-0.1399201552657619,-0.21952607997270743
L2,-0.239532457447018,-0.16728303085022334,0,0,0,-0.33259179737010236,0.0,-0.15766106489602572,-0.0931321886484442
L3,0.10818497774599435,0.21774484621761145,0,0,0,0.0,0.0,0.0,0.14607223550480375
L4,0.0,0.0,0,0,0,0.0,0.0,0.0,0.0
