,比利时BFX,日经225,墨西哥BOLSA,恒生指数,韩国综合指数,荷兰AEX,Costa Rica Indice Accionario,加拿大多伦多S&P/TSX 综合指数,S&P CLX IPSA
L1,-0.23394507230233008,-0.39532771672372063,0,0,-0.269025078372724,-0.23264932008497696,0,0,0
L2,-0.1284875838719524,-0.18412748346285568,0,0,0.014720419357742001,-0.191771463390575,0,0,0
L3,0.07719097764609154,0.16844815415172362,0,0,0.11543895442646543,0.026364804479047557,0,0,0
L4,0.15056833802524935,0.10189744092972627,0,0,0.2291724203788078,0.1495273124993594,0,0,0
