,比利时BFX,日经225,墨西哥BOLSA,恒生指数,韩国综合指数,荷兰AEX,Costa Rica Indice Accionario,加拿大多伦多S&P/TSX 综合指数,S&P CLX IPSA
L1,-0.22924891118965446,-0.3768144499829419,0,0,-0.2798343260722139,-0.22910625811377422,0.15095106547136947,-0.15539269325711516,0
L2,-0.12832585256869797,-0.20760055300816388,0,0,0.0065223804301748674,-0.1975203423573869,0.0,-0.12970301319041394,0
L3,0.07600428726653718,0.12303242001014311,0,0,0.11644291529982526,0.02201809274388225,0.0,0.0,0
L4,0.15421821723803136,0.0,0,0,0.2364478386868119,0.14739578416766824,0.0,0.0,0
