,比利时BFX,日经225,墨西哥BOLSA,恒生指数,韩国综合指数,荷兰AEX,Costa Rica Indice Accionario,加拿大多伦多S&P/TSX 综合指数,S&P CLX IPSA
L1,-0.13493345816603614,-0.25250837791796255,0,0,-0.11197866857164379,-0.17848955156661755,0.15807516205295097,0,0
L2,-0.1504558123615018,-0.20243807491319793,0,0,-0.17970995054581723,-0.25879065005823554,0.0,0,0
L3,0.17434078645334508,0.24987745016122928,0,0,0.1548376081544226,0.0,0.0,0,0
L4,0.0,0.0,0,0,0.0,0.0,0.0,0,0
