,比利时BFX,日经225,墨西哥BOLSA,恒生指数,韩国综合指数,荷兰AEX,Costa Rica Indice Accionario,加拿大多伦多S&P/TSX 综合指数,S&P CLX IPSA
L1,0,-0.16144042083036253,-0.17456896153108825,-0.07402741584385782,-0.21958482907909677,-0.1348600787246912,0.20266972371691494,-0.11332742176707328,0.0952198671318613
L2,0,0.3260967974536907,0.1335326246903055,0.2059424261890978,0.2260195926095485,0.0,-0.3539145168325683,-0.21083887986562994,0.14962231913587437
L3,0,0.0,0.0,0.2060660389031215,0.0,0.0,0.1373875406382406,0.10600692256460673,0.0
L4,0,0.0,0.0,0.0,0.0,0.0,0.0,0.0,0.0
