,比利时BFX,日经225,墨西哥BOLSA,恒生指数,韩国综合指数,荷兰AEX,Costa Rica Indice Accionario,加拿大多伦多S&P/TSX 综合指数,S&P CLX IPSA
L1,-0.2515342506570041,-0.4002709131411989,0,0,-0.2793117895539293,-0.2599604056991313,0.13114083393959788,-0.14951235741561006,0
L2,-0.14707973171041125,-0.19245143456537167,0,0,-0.0016489538488524517,-0.22026606236088822,0.0,-0.16218186384296546,0
L3,0.08998827247238318,0.16015413556792785,0,0,0.09641310403489972,0.01687746158202889,0.0,0.0,0
L4,0.17028994308767606,0.10626975889415362,0,0,0.22597342710093263,0.14371797192600613,0.0,0.0,0
