,比利时BFX,日经225,墨西哥BOLSA,恒生指数,韩国综合指数,荷兰AEX,Costa Rica Indice Accionario,加拿大多伦多S&P/TSX 综合指数,S&P CLX IPSA
L1,-0.23316816654624734,-0.3873189612083751,0,0,-0.2801244407247598,-0.23103781438123025,0.13145223350795543,-0.1619544160590044,0
L2,-0.12690664580835323,-0.18231773666061543,0,0,0.0018887747137407039,-0.19640176635709725,0.0,-0.14875951064491696,0
L3,0.08541993840624834,0.17197921834111438,0,0,0.12010575239615578,0.0292518816343682,0.0,0.0,0
L4,0.17283713729233977,0.11574670962001866,0,0,0.24431809134442037,0.15721863496762975,0.0,0.0,0
