,比利时BFX,日经225,墨西哥BOLSA,恒生指数,韩国综合指数,荷兰AEX,Costa Rica Indice Accionario,加拿大多伦多S&P/TSX 综合指数,S&P CLX IPSA
L1,-0.15769113348361202,-0.24566164514838632,0,0,-0.10046596222672949,-0.20649136101350463,0.1588495940545755,0,0
L2,-0.15689143084506546,-0.20859635499572565,0,0,-0.1694179772944989,-0.2645985429906226,0.0,0,0
L3,0.16704251079269952,0.23872604778061768,0,0,0.15873368304502755,0.0,0.0,0,0
L4,0.0,0.0,0,0,0.0,0.0,0.0,0,0
