,比利时BFX,日经225,墨西哥BOLSA,恒生指数,韩国综合指数,荷兰AEX,Costa Rica Indice Accionario,加拿大多伦多S&P/TSX 综合指数,S&P CLX IPSA
L1,-0.25488761797824816,-0.4006566715840228,0,0,-0.27905321105204417,-0.2618060563857816,0.13104970128766416,-0.15241847237931233,0
L2,-0.1518438566518786,-0.19093345576253565,0,0,0.0021555768356116595,-0.223537409041425,0.0,-0.16257123944642302,0
L3,0.08278769603422453,0.17228474514112882,0,0,0.11009674764318877,0.01806994409284927,0.0,0.0,0
L4,0.1682024387432706,0.11071815161681345,0,0,0.23029056234725181,0.14379842585904165,0.0,0.0,0
