,比利时BFX,日经225,墨西哥BOLSA,恒生指数,韩国综合指数,荷兰AEX,Costa Rica Indice Accionario,加拿大多伦多S&P/TSX 综合指数,S&P CLX IPSA
L1,0,-0.10761770117607034,-0.17318657926683936,-0.07734937287792087,-0.20613160693238713,-0.14547692207300575,0.14325673663455263,-0.12322598793761033,0
L2,0,0.30055569285056155,0.12671363006665803,0.22915633158253346,0.27498490168677114,0.0,-0.3281660990509967,-0.18604100843333127,0
L3,0,-0.06628265238354183,0.0,0.20638598448272882,0.0,0.0,0.0,0.1257795088841076,0
L4,0,0.11940857918043503,0.0,0.0,0.0,0.0,0.0,0.10258798561879894,0
