,比利时BFX,日经225,墨西哥BOLSA,恒生指数,韩国综合指数,荷兰AEX,Costa Rica Indice Accionario,加拿大多伦多S&P/TSX 综合指数,S&P CLX IPSA
L1,-0.23405621794647183,-0.3955149380571508,0,0,-0.2694800179500568,-0.23418438797929,0,0,0
L2,-0.13017582398391025,-0.1835874512190005,0,0,0.014662571176919496,-0.19299251490713887,0,0,0
L3,0.0801160768551507,0.16952215700886325,0,0,0.11736583490022706,0.03068976223734762,0,0,0
L4,0.14926299280304872,0.10191846850068442,0,0,0.22785815356696507,0.1491447656772318,0,0,0
