,比利时BFX,日经225,墨西哥BOLSA,恒生指数,韩国综合指数,荷兰AEX,Costa Rica Indice Accionario,加拿大多伦多S&P/TSX 综合指数,S&P CLX IPSA
L1,-0.19953626618118378,-0.2638200658132228,0,0,0,-0.22117217680483514,0.16237147837203098,-0.16900007965955133,-0.21158179760987897
L2,-0.25167976428480077,-0.1863916194459328,0,0,0,-0.3379871548692411,0.0,-0.18044857041398707,-0.09205444363543178
L3,0.11074292478982498,0.2148029902748379,0,0,0,0.0,0.0,0.0,0.15152927409081815
L4,0.0,0.0,0,0,0,0.0,0.0,0.0,0.0
