,比利时BFX,日经225,墨西哥BOLSA,恒生指数,韩国综合指数,荷兰AEX,Costa Rica Indice Accionario,加拿大多伦多S&P/TSX 综合指数,S&P CLX IPSA
L1,-0.20074033962891197,-0.25547721030089376,0,0,0,-0.21451163426337866,0.15364777823559114,-0.1405055718888435,-0.21652233192470682
L2,-0.24231721693169733,-0.16938005812655382,0,0,0,-0.33300767478552507,0.0,-0.169851983904305,-0.09806447192320367
L3,0.11101045631704463,0.21998671911920833,0,0,0,0.0,0.0,0.0,0.14646903418772797
L4,0.0,0.0,0,0,0,0.0,0.0,0.0,0.0
