,比利时BFX,日经225,墨西哥BOLSA,恒生指数,韩国综合指数,荷兰AEX,Costa Rica Indice Accionario,加拿大多伦多S&P/TSX 综合指数,S&P CLX IPSA
L1,-0.2034525987516007,-0.2630205994256384,0,0,-0.13570120059013555,-0.2500390416892417,0.15405044882581373,0,-0.16278026680482824
L2,-0.21038106282167926,-0.2161602985413973,0,0,-0.17546332749780524,-0.3297984547890981,0.0,0,-0.1816122104427141
L3,0.189469399793867,0.25259831088085527,0,0,0.1916367410297397,0.0,0.0,0,0.0
L4,0.0,0.0,0,0,0.0,0.0,0.0,0,0.0
