,比利时BFX,日经225,墨西哥BOLSA,恒生指数,韩国综合指数,荷兰AEX,Costa Rica Indice Accionario,加拿大多伦多S&P/TSX 综合指数,S&P CLX IPSA
L1,-0.2101241908110252,-0.27310111111833735,0,0,0,-0.21374049812022305,0.1450615094300255,-0.12763022928112847,-0.21503772290435388
L2,-0.23453300318392378,-0.21036247562089885,0,0,0,-0.3340385046549001,0.0,-0.15106750028135257,-0.09965082386296792
L3,0.11487023311025847,0.19246208353959174,0,0,0,0.0,0.0,0.0,0.14069459235136061
L4,0.0,0.0,0,0,0,0.0,0.0,0.0,0.0
