,比利时BFX,日经225,墨西哥BOLSA,恒生指数,韩国综合指数,荷兰AEX,Costa Rica Indice Accionario,加拿大多伦多S&P/TSX 综合指数,S&P CLX IPSA
L1,-0.2530238310759545,-0.40299949543105706,0,0,-0.2893808947964218,-0.2620504595291724,0.14051847936607614,-0.1499656874256379,0
L2,-0.1511403000804214,-0.1899647978840882,0,0,0.022517360412822283,-0.2245866701930581,0.0,-0.16504555210259414,0
L3,0.08432860033481052,0.1624863262333896,0,0,0.11466426390925555,0.009701191644208466,0.0,0.0,0
L4,0.17204590304014383,0.10809361481308881,0,0,0.2326260704314267,0.14316345347742102,0.0,0.0,0
