,比利时BFX,日经225,墨西哥BOLSA,恒生指数,韩国综合指数,荷兰AEX,Costa Rica Indice Accionario,加拿大多伦多S&P/TSX 综合指数,S&P CLX IPSA
L1,-0.23141894742441235,-0.39498949031209957,0,0,-0.26890436300028864,-0.23352859591048297,0,0,0
L2,-0.12790702037695298,-0.18355268535667968,0,0,0.014367820314323388,-0.19092888529836796,0,0,0
L3,0.07712873015413747,0.168414099140626,0,0,0.1150841086927247,0.027048179542294,0,0,0
L4,0.1496362328418773,0.10242534478757835,0,0,0.22911516380228308,0.15211588476287582,0,0,0
