,比利时BFX,日经225,墨西哥BOLSA,恒生指数,韩国综合指数,荷兰AEX,Costa Rica Indice Accionario,加拿大多伦多S&P/TSX 综合指数,S&P CLX IPSA
L1,-0.253939510512667,0,-0.17535247317060537,0.022801366995032768,-0.16899245995828177,-0.191028408099599,0.1535464130741323,-0.15578830731345084,0
L2,-0.17635835235180544,0,0.0,0.06574776650821505,0.10478884099905156,-0.11175527220225057,0.0,-0.1976220435513751,0
L3,0.10218477771525612,0,0.0,0.17038029084704653,0.23018014351723598,0.10422587647222811,0.0,0.1375098272225972,0
L4,0.0,0,0.0,0.0,0.16815163257101293,0.0,0.0,0.0,0
