,比利时BFX,日经225,墨西哥BOLSA,恒生指数,韩国综合指数,荷兰AEX,Costa Rica Indice Accionario,加拿大多伦多S&P/TSX 综合指数,S&P CLX IPSA
L1,-0.19247734056228055,-0.25274237260346916,0,0,0,-0.21631703624341406,0.15913719248409564,-0.1741967620640253,-0.2181608276590714
L2,-0.24966159467269367,-0.1802432949773793,0,0,0,-0.33359618187375906,0.0,-0.18136399577025766,-0.11165915554109229
L3,0.11672304691236288,0.21058486266599938,0,0,0,0.0,0.0,0.0,0.13598236412322995
L4,0.0,0.0,0,0,0,0.0,0.0,0.0,0.0
