,比利时BFX,日经225,墨西哥BOLSA,恒生指数,韩国综合指数,荷兰AEX,Costa Rica Indice Accionario,加拿大多伦多S&P/TSX 综合指数,S&P CLX IPSA
L1,-0.08485742254438565,0,0,-0.14811980503413405,-0.21294400071771616,-0.07885844675435677,0,0,-0.19355684244667998
L2,0.05212520783329561,0,0,0.0,0.03536153561287629,0.036502766078288604,0,0,0.0
L3,-0.04627418718598568,0,0,0.0,0.022954341029546382,-0.042492056242546775,0,0,0.0
L4,0.19681621967688429,0,0,0.0,0.1916846537392441,0.2541132396334215,0,0,0.0
