,比利时BFX,日经225,墨西哥BOLSA,恒生指数,韩国综合指数,荷兰AEX,Costa Rica Indice Accionario,加拿大多伦多S&P/TSX 综合指数,S&P CLX IPSA
L1,0,-0.1648826759417814,-0.17475703500640555,-0.08186436492706702,-0.22125046658443676,-0.14927661610689605,0.20093349419816658,-0.10477445011012368,0
L2,0,0.3404416187476267,0.13524686523226437,0.21790466798469638,0.2629674343346346,0.0,-0.351061799894702,-0.20933027438720736,0
L3,0,0.0,0.0,0.21569470923906267,0.0,0.0,0.14741664467433296,0.11263954170382372,0
L4,0,0.0,0.0,0.0,0.0,0.0,0.0,0.0,0
