,比利时BFX,日经225,墨西哥BOLSA,恒生指数,韩国综合指数,荷兰AEX,Costa Rica Indice Accionario,加拿大多伦多S&P/TSX 综合指数,S&P CLX IPSA
L1,-0.19501150197758302,-0.2599027590420474,0,0,0,-0.21329845673263426,0.15617596836951228,-0.14212724163507517,-0.21429469119325026
L2,-0.24223866305339253,-0.18692549476326326,0,0,0,-0.3370624747082363,0.0,-0.17145838098593108,-0.09363532328633456
L3,0.11585826954997314,0.21275635128763815,0,0,0,0.0,0.0,0.0,0.14941773666782945
L4,0.0,0.0,0,0,0,0.0,0.0,0.0,0.0
