,比利时BFX,日经225,墨西哥BOLSA,恒生指数,韩国综合指数,荷兰AEX,Costa Rica Indice Accionario,加拿大多伦多S&P/TSX 综合指数,S&P CLX IPSA
L1,-0.19737133439868168,-0.25643659106324324,0,0,0,-0.2208986268307917,0.17406437620348236,-0.1637944855901095,-0.21603597398225144
L2,-0.25083509676591426,-0.1793951027183015,0,0,0,-0.3355268075053676,0.0,-0.16649329287316011,-0.09557364051492001
L3,0.1122562454792498,0.22257257774259392,0,0,0,0.0,0.0,0.0,0.14829459460862163
L4,0.0,0.0,0,0,0,0.0,0.0,0.0,0.0
