,比利时BFX,日经225,墨西哥BOLSA,恒生指数,韩国综合指数,荷兰AEX,Costa Rica Indice Accionario,加拿大多伦多S&P/TSX 综合指数,S&P CLX IPSA
L1,0,-0.14941638903220256,-0.17558768237669534,-0.08082682567797043,-0.2119950445932361,-0.14728472950850333,0.19542182697277452,-0.12318427091282058,0
L2,0,0.36069148121728106,0.13752734858672233,0.2366288905140625,0.27508948368270897,0.0,-0.3744262099867221,-0.17917795370748255,0
L3,0,0.0,0.0,0.22296650002984053,0.0,0.0,0.13777142706092338,0.1283446933299719,0
L4,0,0.0,0.0,0.0,0.0,0.0,0.0,0.10744347568360577,0
