,比利时BFX,日经225,墨西哥BOLSA,恒生指数,韩国综合指数,荷兰AEX,Costa Rica Indice Accionario,加拿大多伦多S&P/TSX 综合指数,S&P CLX IPSA
L1,-0.2301076585628443,-0.3934184361573058,0,0,-0.26691629143717843,-0.23368659695944538,0,0,0
L2,-0.12568440922002613,-0.18094322319131137,0,0,0.017166769498338827,-0.19114772519286993,0,0,0
L3,0.08116999585901216,0.17057819161639906,0,0,0.11775082419676808,0.030748198313591137,0,0,0
L4,0.15028679497988381,0.1024935260970951,0,0,0.2281390948967613,0.14963180435565246,0,0,0
