,比利时BFX,日经225,墨西哥BOLSA,恒生指数,韩国综合指数,荷兰AEX,Costa Rica Indice Accionario,加拿大多伦多S&P/TSX 综合指数,S&P CLX IPSA
L1,-0.2117290030722736,-0.27355767461040503,0,0,0,-0.21581175515510384,0.14612182006792654,-0.12655077959506014,-0.2148884521232007
L2,-0.2397941525126296,-0.20713952965517152,0,0,0,-0.33829979785585595,0.0,-0.15436626785616395,-0.10015388383401291
L3,0.11451589228974396,0.19740625472685444,0,0,0,0.0,0.0,0.0,0.14235525330699367
L4,0.0,0.0,0,0,0,0.0,0.0,0.0,0.0
