,比利时BFX,日经225,墨西哥BOLSA,恒生指数,韩国综合指数,荷兰AEX,Costa Rica Indice Accionario,加拿大多伦多S&P/TSX 综合指数,S&P CLX IPSA
L1,-0.10798448209637442,0,0,-0.15066318355990113,-0.20559016423227033,-0.09161551198012127,0,0,-0.2014604418002392
L2,0.06701287513453599,0,0,0.0,0.040937846393880435,0.05863046541437692,0,0,0.0
L3,-0.02510995921011353,0,0,0.0,0.00876617405965716,-0.013825687401845279,0,0,0.0
L4,0.20492618517468958,0,0,0.0,0.17397220993602766,0.2678523094279406,0,0,0.0
