,比利时BFX,日经225,墨西哥BOLSA,恒生指数,韩国综合指数,荷兰AEX,Costa Rica Indice Accionario,加拿大多伦多S&P/TSX 综合指数,S&P CLX IPSA
L1,0,-0.158442414727036,-0.17074152674807624,-0.07944033124223035,-0.21946721938314195,-0.14484730737175056,0.19738589422003008,-0.11849305860812984,0
L2,0,0.3494691556667518,0.13772099695967774,0.23109538802538307,0.26917352037670883,0.0,-0.35248523481124006,-0.18183701106222683,0
L3,0,0.0,0.0,0.21890487608725176,0.0,0.0,0.14579930152765885,0.13029493137030226,0
L4,0,0.0,0.0,0.0,0.0,0.0,0.0,0.1163900877640726,0
