,比利时BFX,日经225,墨西哥BOLSA,恒生指数,韩国综合指数,荷兰AEX,Costa Rica Indice Accionario,加拿大多伦多S&P/TSX 综合指数,S&P CLX IPSA
L1,-0.1980000973978338,-0.2569971139583131,0,0,0,-0.21905180843308042,0.15388091779882437,-0.145589601536227,-0.2136145561518837
L2,-0.2552784082909111,-0.18597912022291846,0,0,0,-0.3448045698162719,0.0,-0.16929785630205071,-0.09395004013797423
L3,0.10826270772484141,0.21416264512526156,0,0,0,0.0,0.0,0.0,0.148828968153697
L4,0.0,0.0,0,0,0,0.0,0.0,0.0,0.0
