,比利时BFX,日经225,墨西哥BOLSA,恒生指数,韩国综合指数,荷兰AEX,Costa Rica Indice Accionario,加拿大多伦多S&P/TSX 综合指数,S&P CLX IPSA
L1,-0.22901825230770312,-0.38889627830169166,0,0,-0.27803982945239925,-0.2284177440492899,0.15075582090570047,-0.15941869532603503,0
L2,-0.1262228329454428,-0.18333743077634812,0,0,0.0030670213929705308,-0.19512815120148885,0.0,-0.12328083781283634,0
L3,0.0758518074631006,0.1680142052972311,0,0,0.10962505432386085,0.022477285406365333,0.0,0.0,0
L4,0.15147397933428186,0.1014470036026104,0,0,0.23442644007392838,0.1462033033517273,0.0,0.0,0
