,比利时BFX,日经225,墨西哥BOLSA,恒生指数,韩国综合指数,荷兰AEX,Costa Rica Indice Accionario,加拿大多伦多S&P/TSX 综合指数,S&P CLX IPSA
L1,-0.2025588759378274,-0.3800775841140951,0,0,0,-0.22309390653119734,0.15909302186968205,-0.18807991190390394,-0.23707753238033627
L2,-0.26339638098018076,-0.22025301294055083,0,0,0,-0.3401560775436615,0.0,-0.18996776785048866,-0.12870350008293427
L3,0.10267709167354883,0.21449950414935834,0,0,0,0.0,0.0,0.0,0.13777604572314125
L4,0.0,0.0,0,0,0,0.0,0.0,0.0,0.0
