,比利时BFX,日经225,墨西哥BOLSA,恒生指数,韩国综合指数,荷兰AEX,Costa Rica Indice Accionario,加拿大多伦多S&P/TSX 综合指数,S&P CLX IPSA
L1,-0.25910216857396123,-0.39327695556814884,0,0,-0.26960565380119156,-0.25630211019261906,0.13081101584212929,-0.15103692297231555,0
L2,-0.15011689236938214,-0.18770828459792818,0,0,0.004545852975489531,-0.2184144226357979,0.0,-0.16050820769273275,0
L3,0.0882658839984666,0.17469384457085488,0,0,0.1206227742710529,0.02319798526010936,0.0,0.0,0
L4,0.19514215436993645,0.12254007726787426,0,0,0.2661369876125765,0.1713629972657236,0.0,0.0,0
