,比利时BFX,日经225,墨西哥BOLSA,恒生指数,韩国综合指数,荷兰AEX,Costa Rica Indice Accionario,加拿大多伦多S&P/TSX 综合指数,S&P CLX IPSA
L1,0,-0.14766136358298665,-0.27230636895471033,0,-0.2563441757246916,-0.22404652539001618,0,-0.17591963069739583,-0.0896078830758931
L2,0,0.27358584197325,0.0,0,0.1010183078546935,0.0,0,-0.15948135545995457,0.2134954435860477
L3,0,0.0,0.0,0,-0.14782023061933416,0.0,0,0.10502804563631674,0.0
L4,0,0.0,0.0,0,0.0,0.0,0,0.0,0.0
