,比利时BFX,日经225,墨西哥BOLSA,恒生指数,韩国综合指数,荷兰AEX,Costa Rica Indice Accionario,加拿大多伦多S&P/TSX 综合指数,S&P CLX IPSA
L1,0,-0.1444740921349303,-0.24650592478664393,-0.08157779370922763,-0.20885573252959488,-0.17201871182679768,0.06649076626784171,-0.19255278201064874,0
L2,0,0.3808589111196628,0.0,0.1951758476726993,0.2332462692075587,0.0,-0.19435341027894926,-0.23305763418231779,0
L3,0,0.0,0.0,0.18638630131355033,0.0,0.0,0.0,0.0,0
L4,0,0.0,0.0,0.0,0.0,0.0,0.0,0.0,0
