,比利时BFX,日经225,墨西哥BOLSA,恒生指数,韩国综合指数,荷兰AEX,Costa Rica Indice Accionario,加拿大多伦多S&P/TSX 综合指数,S&P CLX IPSA
L1,0,-0.14037675330797034,-0.23448632699611738,-0.07550947045310746,-0.20414998838450096,-0.1679662491739387,0.06785974156116122,-0.18115412749614407,0
L2,0,0.3802402815809851,0.0,0.1963661430665851,0.22973448014274864,0.0,-0.1927441380190813,-0.227083262340129,0
L3,0,0.0,0.0,0.1894431417441455,0.0,0.0,0.0,0.0,0
L4,0,0.0,0.0,0.0,0.0,0.0,0.0,0.0,0
