,比利时BFX,日经225,墨西哥BOLSA,恒生指数,韩国综合指数,荷兰AEX,Costa Rica Indice Accionario,加拿大多伦多S&P/TSX 综合指数,S&P CLX IPSA
L1,0,-0.14318853996808684,-0.18415048834242032,-0.06792282576359594,-0.20729897237163777,-0.15646526663932817,0.06125876666163296,-0.1278196175288348,0.09497007186417693
L2,0,0.35768970391356447,0.11928582980525904,0.20539779646688672,0.2367819348730116,0.0,-0.2110223968677599,-0.18372247233382716,0.15290690352442218
L3,0,0.0,0.0,0.1895401503570954,0.0,0.0,0.0,0.11401937548532178,0.0
L4,0,0.0,0.0,0.0,0.0,0.0,0.0,0.0,0.0
