,比利时BFX,日经225,墨西哥BOLSA,恒生指数,韩国综合指数,荷兰AEX,Costa Rica Indice Accionario,加拿大多伦多S&P/TSX 综合指数,S&P CLX IPSA
L1,0,-0.1437798823671033,-0.17997672817952898,-0.06827226513753179,-0.20665396269500297,-0.15259434153340545,0.059541431348674304,-0.12466295158488938,0.09493531596907268
L2,0,0.356872574498285,0.12514950771707073,0.20730746288251384,0.2370054787205773,0.0,-0.21144502786119423,-0.18070121637795905,0.15323348805409004
L3,0,0.0,0.0,0.1898641959552691,0.0,0.0,0.0,0.11574379966926786,0.0
L4,0,0.0,0.0,0.0,0.0,0.0,0.0,0.0,0.0
