,比利时BFX,日经225,墨西哥BOLSA,恒生指数,韩国综合指数,荷兰AEX,Costa Rica Indice Accionario,加拿大多伦多S&P/TSX 综合指数,S&P CLX IPSA
L1,0,-0.13573800093013644,-0.2690704270690938,0,-0.25379042068696356,-0.21020808209141825,0.035583063062323395,-0.16682443528202937,-0.07483868600133786
L2,0,0.27852064267614224,0.0,0,0.10095138494098035,0.0,-0.14198953851856097,-0.15078356218329708,0.22297267370956322
L3,0,0.0,0.0,0,-0.14857720272693045,0.0,0.0,0.10936407138954132,0.0
L4,0,0.0,0.0,0,0.0,0.0,0.0,0.0,0.0
