,比利时BFX,日经225,墨西哥BOLSA,恒生指数,韩国综合指数,荷兰AEX,Costa Rica Indice Accionario,加拿大多伦多S&P/TSX 综合指数,S&P CLX IPSA
L1,0,-0.16981125649811032,-0.3010435973134034,0,-0.2972711962850938,-0.19292465943263923,0,-0.11892769405576895,-0.10124090710817021
L2,0,0.3452235452480098,0.0,0,0.1833642371857182,0.0,0,-0.18670336163198756,0.28640118414608867
L3,0,0.0,0.0,0,-0.12275189410494781,0.0,0,0.18590534165351086,0.0
L4,0,0.0,0.0,0,0.0,0.0,0,0.0,0.0
