,比利时BFX,日经225,墨西哥BOLSA,恒生指数,韩国综合指数,荷兰AEX,Costa Rica Indice Accionario,加拿大多伦多S&P/TSX 综合指数,S&P CLX IPSA
L1,0,-0.14313154841110648,-0.18344875593055782,-0.06783091505555278,-0.20698121298052896,-0.15643580346449149,0.061472955903619744,-0.12746338954725875,0.09622634245423664
L2,0,0.35782878129094947,0.11975281216469999,0.20611125484005138,0.23708147651083175,0.0,-0.21138376446625218,-0.18344127436882526,0.1530140076459532
L3,0,0.0,0.0,0.19045725568338995,0.0,0.0,0.0,0.11360061652926867,0.0
L4,0,0.0,0.0,0.0,0.0,0.0,0.0,0.0,0.0
