,比利时BFX,日经225,墨西哥BOLSA,恒生指数,韩国综合指数,荷兰AEX,Costa Rica Indice Accionario,加拿大多伦多S&P/TSX 综合指数,S&P CLX IPSA
L1,-0.3394640272736048,-0.13841086178009762,-0.2896882505018407,-0.03352052061261611,-0.30340256755503076,0,0.058996739767436406,-0.10809295863884974,-0.1390708437355283
L2,-0.32939193820681045,0.3321289630626636,0.11079481429094541,0.21200215325395816,0.179234220432907,0,-0.23715310762339947,-0.2778196931695109,0.17106965123666185
L3,-0.06735515507931433,-0.16539359816763832,0.0,0.1285588563641513,-0.22626705704794814,0,0.0,0.22009131458273712,0.0
L4,-0.24907046247200187,0.0,0.0,0.0,0.0,0,0.0,0.0,0.0
