,比利时BFX,日经225,墨西哥BOLSA,恒生指数,韩国综合指数,荷兰AEX,Costa Rica Indice Accionario,加拿大多伦多S&P/TSX 综合指数,S&P CLX IPSA
L1,0,-0.14885463946026586,-0.2746472113804626,0,-0.2563387692303355,-0.22533091293450067,0,-0.17545861645384256,-0.08495347210305304
L2,0,0.26690554476151707,0.0,0,0.09726211359138168,0.0,0,-0.15843683136472989,0.2160245583236938
L3,0,0.0,0.0,0,-0.15308473788912627,0.0,0,0.10426864310386233,0.0
L4,0,0.0,0.0,0,0.0,0.0,0,0.0,0.0
