,比利时BFX,日经225,墨西哥BOLSA,恒生指数,韩国综合指数,荷兰AEX,Costa Rica Indice Accionario,加拿大多伦多S&P/TSX 综合指数,S&P CLX IPSA
L1,0,-0.15515747248958553,-0.3081197286964161,0,-0.27653096042210007,-0.23956470264458546,0,-0.19359897534075904,-0.11442132068670556
L2,0,0.28156832795608117,0.0,0,0.1050224150665188,0.0,0,-0.17882437058947848,0.22777540081717057
L3,0,0.0,0.0,0,-0.1348839680696739,0.0,0,0.11936704587484513,0.0
L4,0,0.0,0.0,0,0.0,0.0,0,0.0,0.0
