,比利时BFX,日经225,墨西哥BOLSA,恒生指数,韩国综合指数,荷兰AEX,Costa Rica Indice Accionario,加拿大多伦多S&P/TSX 综合指数,S&P CLX IPSA
L1,0,-0.14355516579535912,-0.24911332100634725,-0.07969951523925828,-0.20648509626985845,-0.17165984884843072,0.06666062722047458,-0.19321411037594036,0
L2,0,0.3821702563452124,0.0,0.19541982961780582,0.23544377126351543,0.0,-0.19449062242776313,-0.24047720898622107,0
L3,0,0.0,0.0,0.1859900194708782,0.0,0.0,0.0,0.0,0
L4,0,0.0,0.0,0.0,0.0,0.0,0.0,0.0,0
