,比利时BFX,日经225,墨西哥BOLSA,恒生指数,韩国综合指数,荷兰AEX,Costa Rica Indice Accionario,加拿大多伦多S&P/TSX 综合指数,S&P CLX IPSA
L1,0,-0.14904947894347606,-0.28895361242107626,0,-0.269618692688688,-0.22758576153786217,0,-0.1764080853151092,-0.10832536716482784
L2,0,0.2812556769106111,0.0,0,0.10307791726134125,0.0,0,-0.15953420157401832,0.2143744039703061
L3,0,0.0,0.0,0,-0.138533615283069,0.0,0,0.1363433442176619,0.0
L4,0,0.0,0.0,0,0.0,0.0,0,0.0,0.0
