,比利时BFX,日经225,墨西哥BOLSA,恒生指数,韩国综合指数,荷兰AEX,Costa Rica Indice Accionario,加拿大多伦多S&P/TSX 综合指数,S&P CLX IPSA
L1,0,-0.1432400129763045,-0.2519082646302409,-0.07656551406642678,-0.20667558210311054,-0.1715338535179925,0.06740235202812492,-0.19926844928486293,0
L2,0,0.3828737409215396,0.0,0.19753701617156613,0.23605591123928965,0.0,-0.19468361364285436,-0.2439931290890584,0
L3,0,0.0,0.0,0.18890168435466778,0.0,0.0,0.0,0.0,0
L4,0,0.0,0.0,0.0,0.0,0.0,0.0,0.0,0
