,比利时BFX,日经225,墨西哥BOLSA,恒生指数,韩国综合指数,荷兰AEX,Costa Rica Indice Accionario,加拿大多伦多S&P/TSX 综合指数,S&P CLX IPSA
L1,0,-0.1410597364162674,-0.2312823452109761,0,-0.23892657505487463,-0.20346001022153287,0.054919602959571226,-0.11827047425624178,-0.0908653449803824
L2,0,0.24490501087360209,0.0,0,0.10068016957512613,0.0,-0.16648704036192366,-0.15049904372616507,0.16914465246290863
L3,0,0.0,0.0,0,-0.11545317618532805,0.0,0.0,0.1203251682935644,0.0
L4,0,0.0,0.0,0,0.0,0.0,0.0,0.0,0.0
