,比利时BFX,日经225,墨西哥BOLSA,恒生指数,韩国综合指数,荷兰AEX,Costa Rica Indice Accionario,加拿大多伦多S&P/TSX 综合指数,S&P CLX IPSA
L1,0,-0.15514983637968272,-0.2980929469838088,0,-0.2750924105968509,-0.23765033895240234,0,-0.19343007425181233,-0.11241304573849943
L2,0,0.27374033314791335,0.0,0,0.10220468566996962,0.0,0,-0.1766612078495265,0.23018804987440736
L3,0,0.0,0.0,0,-0.13561429807368203,0.0,0,0.12051933442366294,0.0
L4,0,0.0,0.0,0,0.0,0.0,0,0.0,0.0
