,比利时BFX,日经225,墨西哥BOLSA,恒生指数,韩国综合指数,荷兰AEX,Costa Rica Indice Accionario,加拿大多伦多S&P/TSX 综合指数,S&P CLX IPSA
L1,0,-0.13585554756939736,-0.2708436938007114,0,-0.25416466375036484,-0.21389046882963014,0.03517442571572276,-0.16892097245845816,-0.07620967078526747
L2,0,0.2792803205725075,0.0,0,0.10137001615646263,0.0,-0.14232237906045184,-0.15376083282157796,0.2233685443904313
L3,0,0.0,0.0,0,-0.1468038688792276,0.0,0.0,0.11030876048445071,0.0
L4,0,0.0,0.0,0,0.0,0.0,0.0,0.0,0.0
