,比利时BFX,日经225,墨西哥BOLSA,恒生指数,韩国综合指数,荷兰AEX,Costa Rica Indice Accionario,加拿大多伦多S&P/TSX 综合指数,S&P CLX IPSA
L1,0,-0.1351634353410351,-0.2702430549671769,0,-0.25355032585642256,-0.21274967114927532,0.034967337208868736,-0.1691264578573101,-0.07436443066977612
L2,0,0.2798070003788028,0.0,0,0.10190182993477823,0.0,-0.14248944144676803,-0.15068835479312867,0.22681631036217526
L3,0,0.0,0.0,0,-0.14689402564469886,0.0,0.0,0.11338278434740158,0.0
L4,0,0.0,0.0,0,0.0,0.0,0.0,0.0,0.0
