,比利时BFX,日经225,墨西哥BOLSA,恒生指数,韩国综合指数,荷兰AEX,Costa Rica Indice Accionario,加拿大多伦多S&P/TSX 综合指数,S&P CLX IPSA
L1,0,-0.08249271278265359,-0.30139283140500767,-0.12160729888153582,-0.28577983487355507,-0.18908875351189036,0,-0.1159327225883231,-0.11613657099945199
L2,0,0.23723752236686751,0.0,0.2159684644856661,0.17741401977246637,0.0,0,-0.20075330211188364,0.25560583246446955
L3,0,-0.05185746130330208,0.0,0.0,-0.13524226783332383,0.0,0,0.1900933733226623,0.0
L4,0,0.1841021703258847,0.0,0.0,0.0,0.0,0,0.0,0.0
