,比利时BFX,日经225,墨西哥BOLSA,恒生指数,韩国综合指数,荷兰AEX,Costa Rica Indice Accionario,加拿大多伦多S&P/TSX 综合指数,S&P CLX IPSA
L1,0,-0.15299099036162755,-0.17563135116676706,-0.07498598431775888,-0.21179650915636994,-0.1530589136351148,0.05839877387316605,-0.12357311946672456,0.09506432412372086
L2,0,0.3498545486484216,0.12714520075888305,0.20833382019247415,0.23306606016573383,0.0,-0.2213390149371075,-0.1812559969365612,0.15468203415959003
L3,0,0.0,0.0,0.1933898758333896,0.0,0.0,0.0,0.11557213448358207,0.0
L4,0,0.0,0.0,0.0,0.0,0.0,0.0,0.0,0.0
