,比利时BFX,日经225,墨西哥BOLSA,恒生指数,韩国综合指数,荷兰AEX,Costa Rica Indice Accionario,加拿大多伦多S&P/TSX 综合指数,S&P CLX IPSA
L1,0,-0.1352447634430322,-0.2741249181577791,0,-0.2564640787332441,-0.21293687111849494,0.03478048907166306,-0.17182214087887626,-0.08497077991039086
L2,0,0.2800283320118103,0.0,0,0.10328383273522326,0.0,-0.1425447150325501,-0.15410669944188826,0.21764911767908499
L3,0,0.0,0.0,0,-0.14824675237994409,0.0,0.0,0.11044717508904814,0.0
L4,0,0.0,0.0,0,0.0,0.0,0.0,0.0,0.0
