,比利时BFX,日经225,墨西哥BOLSA,恒生指数,韩国综合指数,荷兰AEX,Costa Rica Indice Accionario,加拿大多伦多S&P/TSX 综合指数,S&P CLX IPSA
L1,0,-0.14542781797493526,-0.24334694420122935,-0.07686281410479501,-0.2083688466340403,-0.1711307152974342,0.06636405601605261,-0.18669462554859817,0
L2,0,0.37948538585247904,0.0,0.19880233612897005,0.2340871459562724,0.0,-0.19416520868332374,-0.22604608014423366,0
L3,0,0.0,0.0,0.18971195772868057,0.0,0.0,0.0,0.0,0
L4,0,0.0,0.0,0.0,0.0,0.0,0.0,0.0,0
