,比利时BFX,日经225,墨西哥BOLSA,恒生指数,韩国综合指数,荷兰AEX,Costa Rica Indice Accionario,加拿大多伦多S&P/TSX 综合指数,S&P CLX IPSA
L1,0,-0.13910769703516046,-0.23917223484624967,-0.07524352190126397,-0.20765288453006953,-0.16842714734937356,0.06617449389785152,-0.15950030478748772,0
L2,0,0.38485704891549544,0.0,0.19874890679291388,0.23350345640806427,0.0,-0.19414574359144898,-0.2045493845682389,0
L3,0,0.0,0.0,0.19152177251257096,0.0,0.0,0.0,0.10398288989362502,0
L4,0,0.0,0.0,0.0,0.0,0.0,0.0,0.0,0
