,比利时BFX,日经225,墨西哥BOLSA,恒生指数,韩国综合指数,荷兰AEX,Costa Rica Indice Accionario,加拿大多伦多S&P/TSX 综合指数,S&P CLX IPSA
L1,0,-0.1446214288973297,-0.17573663359388428,-0.06877502756962695,-0.20706540619819178,-0.15179414230140167,0.0582160370120132,-0.12430763381326945,0.09461480178088852
L2,0,0.35662571122812853,0.12731932576853863,0.21159632004757245,0.23675750291157313,0.0,-0.2136303353356911,-0.17953006134001698,0.15326400283562913
L3,0,0.0,0.0,0.19494407795598404,0.0,0.0,0.0,0.11422073216950748,0.0
L4,0,0.0,0.0,0.0,0.0,0.0,0.0,0.0,0.0
