,比利时BFX,日经225,墨西哥BOLSA,恒生指数,韩国综合指数,荷兰AEX,Costa Rica Indice Accionario,加拿大多伦多S&P/TSX 综合指数,S&P CLX IPSA
L1,0,-0.14299693549467726,-0.2427443507029478,-0.07589280363939202,-0.20712566376561373,-0.17039092843211845,0.06639736025361764,-0.16309765111280955,0
L2,0,0.3805403771403341,0.0,0.19869279551063046,0.2333571211303967,0.0,-0.19407585257807708,-0.20721686782178886,0
L3,0,0.0,0.0,0.19072144282108291,0.0,0.0,0.0,0.10055326845530488,0
L4,0,0.0,0.0,0.0,0.0,0.0,0.0,0.0,0
