,比利时BFX,日经225,墨西哥BOLSA,恒生指数,韩国综合指数,荷兰AEX,Costa Rica Indice Accionario,加拿大多伦多S&P/TSX 综合指数,S&P CLX IPSA
L1,0,-0.13359820258794397,-0.27224545028806013,0,-0.2532293532339932,-0.21099208343924009,0.0349497264104707,-0.17185423209593523,-0.08516355920257068
L2,0,0.279439887075535,0.0,0,0.10293495230229997,0.0,-0.14242948964169838,-0.15438148463219628,0.21746648088509407
L3,0,0.0,0.0,0,-0.14890075741810083,0.0,0.0,0.1104156532459838,0.0
L4,0,0.0,0.0,0,0.0,0.0,0.0,0.0,0.0
