,比利时BFX,日经225,墨西哥BOLSA,恒生指数,韩国综合指数,荷兰AEX,Costa Rica Indice Accionario,加拿大多伦多S&P/TSX 综合指数,S&P CLX IPSA
L1,-0.3313891765879471,-0.045791718575803206,-0.18575062542754503,-0.06955766001195389,-0.20297828727074999,-0.17277892497023137,0.06474956303051774,-0.284603628627504,0.11028722767064446
L2,-0.1940197021574071,0.37866123688670433,0.10645386969783933,0.2637273923071769,0.35556209983699727,0.0,-0.19727567586123176,-0.41673255088710304,0.1325965577269827
L3,0.10664085746150176,-0.11828366635005698,0.0,0.19610563059446998,0.0,0.0,0.0,0.0,-0.07651162684093386
L4,0.0,0.17198401577966893,0.0,0.0,0.0,0.0,0.0,0.0,0.18411126848728573
