,比利时BFX,日经225,墨西哥BOLSA,恒生指数,韩国综合指数,荷兰AEX,Costa Rica Indice Accionario,加拿大多伦多S&P/TSX 综合指数,S&P CLX IPSA
L1,0,-0.15368572997551588,-0.29150697896242334,0,-0.2741196681355289,-0.23537712916320913,0,-0.19414410766232998,-0.11249140351947798
L2,0,0.27527834730445405,0.0,0,0.10315297657600625,0.0,0,-0.17429125383882083,0.23149257494464798
L3,0,0.0,0.0,0,-0.13704845527319826,0.0,0,0.12568774255919268,0.0
L4,0,0.0,0.0,0,0.0,0.0,0,0.0,0.0
