,比利时BFX,日经225,墨西哥BOLSA,恒生指数,韩国综合指数,荷兰AEX,Costa Rica Indice Accionario,加拿大多伦多S&P/TSX 综合指数,S&P CLX IPSA
L1,0,-0.14518180174807546,-0.2519485875892098,-0.08516281123372985,-0.21653442462167094,-0.1729929679365701,0.06839714629496803,-0.20838821688151982,0
L2,0,0.3855447437785746,0.0,0.19246117679715782,0.24003109510732684,0.0,-0.19883914891393015,-0.2659033752087517,0
L3,0,0.0,0.0,0.18824896151666023,0.0,0.0,0.0,0.0,0
L4,0,0.0,0.0,0.0,0.0,0.0,0.0,0.0,0
