,比利时BFX,日经225,墨西哥BOLSA,恒生指数,韩国综合指数,荷兰AEX,Costa Rica Indice Accionario,加拿大多伦多S&P/TSX 综合指数,S&P CLX IPSA
L1,0,-0.1675599823840066,-0.3426751323904054,0,-0.3274531278577657,-0.2516557914551534,0.12105791786012664,-0.1896309800382341,-0.12347833009109346
L2,0,0.265454595362809,0.0,0,0.08799811583853112,0.0,-0.18160995055985912,-0.20313918601998823,0.24092878869971995
L3,0,0.0,0.0,0,-0.15444045484580496,0.0,0.0,0.13479894143678461,0.0
L4,0,0.0,0.0,0,0.0,0.0,0.0,0.0,0.0
