,比利时BFX,日经225,墨西哥BOLSA,恒生指数,韩国综合指数,荷兰AEX,Costa Rica Indice Accionario,加拿大多伦多S&P/TSX 综合指数,S&P CLX IPSA
L1,0,-0.13994498366050037,-0.2827304811858503,0,-0.2587936040095715,-0.22684499843786843,0.034940986559947755,-0.17349218460539007,-0.10311758283401198
L2,0,0.27576897410328133,0.0,0,0.09576161410575681,0.0,-0.14305975579415758,-0.15948550128727934,0.19175059434310632
L3,0,0.0,0.0,0,-0.1230363695960317,0.0,0.0,0.11071375803931026,0.0
L4,0,0.0,0.0,0,0.0,0.0,0.0,0.0,0.0
