,比利时BFX,日经225,墨西哥BOLSA,恒生指数,韩国综合指数,荷兰AEX,Costa Rica Indice Accionario,加拿大多伦多S&P/TSX 综合指数,S&P CLX IPSA
L1,0,-0.14250109776382422,-0.23086674475486524,-0.07678059670962556,-0.20635438707470277,-0.16630437296857967,0.06676431042591792,-0.14369864960898063,0
L2,0,0.3756461628703638,0.0,0.19467460041504495,0.22695008006960146,0.0,-0.19287189091121903,-0.19248272987973242,0
L3,0,0.0,0.0,0.18505478451434212,0.0,0.0,0.0,0.10107811437687364,0
L4,0,0.0,0.0,0.0,0.0,0.0,0.0,0.0,0
