,比利时BFX,日经225,墨西哥BOLSA,恒生指数,韩国综合指数,荷兰AEX,Costa Rica Indice Accionario,加拿大多伦多S&P/TSX 综合指数,S&P CLX IPSA
L1,0,-0.15177763815698975,-0.24231504753354594,-0.021231408970182677,-0.27581099743367404,-0.17504250588340686,0.059245960693524446,-0.1424603076073113,-0.06413257209114737
L2,0,0.4102345273396165,0.16247346510406943,0.2513882284404151,0.18271243569098772,0.0,-0.2362298251623812,-0.1922013252192589,0.2632165014123274
L3,0,0.0,0.0,0.0,-0.20019166965623128,0.0,0.0,0.14353966324875245,0.0
L4,0,0.0,0.0,0.0,0.0,0.0,0.0,0.0,0.0
