,比利时BFX,日经225,墨西哥BOLSA,恒生指数,韩国综合指数,荷兰AEX,Costa Rica Indice Accionario,加拿大多伦多S&P/TSX 综合指数,S&P CLX IPSA
L1,0,-0.14356928792839802,-0.18428189894668914,-0.06705826020449437,-0.20705402357621605,-0.15495668191540324,0.05976088383811409,-0.12727029354711666,0.09514820834990725
L2,0,0.35684348574876756,0.12070066101439778,0.20582213190748186,0.23657411252569646,0.0,-0.21139900516965549,-0.18198450186644483,0.15382214545414694
L3,0,0.0,0.0,0.1885790072285126,0.0,0.0,0.0,0.11457760862401231,0.0
L4,0,0.0,0.0,0.0,0.0,0.0,0.0,0.0,0.0
