,比利时BFX,日经225,墨西哥BOLSA,恒生指数,韩国综合指数,荷兰AEX,Costa Rica Indice Accionario,加拿大多伦多S&P/TSX 综合指数,S&P CLX IPSA
L1,0,-0.13926606772940126,-0.2811017683073991,0,-0.2604753626058814,-0.2254489104681786,0.03519429708460463,-0.17478163535229113,-0.10178727065212692
L2,0,0.27352911161356036,0.0,0,0.08899285980230026,0.0,-0.1426950924101836,-0.16846354232261837,0.18618358309728364
L3,0,0.0,0.0,0,-0.12443003512515911,0.0,0.0,0.11521932280817852,0.0
L4,0,0.0,0.0,0,0.0,0.0,0.0,0.0,0.0
