,比利时BFX,日经225,墨西哥BOLSA,恒生指数,韩国综合指数,荷兰AEX,Costa Rica Indice Accionario,加拿大多伦多S&P/TSX 综合指数,S&P CLX IPSA
L1,0,-0.1390742445752231,-0.19704912496143412,-0.07204713384882047,-0.20308763240813904,-0.16372207570844724,0.06565034413263623,-0.14095062955428497,0.105128506856928
L2,0,0.3787976427350788,0.10560195174206997,0.19901484581187565,0.22932201645175418,0.0,-0.19388631806492465,-0.1905916060316802,0.13516930102322305
L3,0,0.0,0.0,0.18153457612560375,0.0,0.0,0.0,0.10407085777560712,0.0
L4,0,0.0,0.0,0.0,0.0,0.0,0.0,0.0,0.0
