,比利时BFX,日经225,墨西哥BOLSA,恒生指数,韩国综合指数,荷兰AEX,Costa Rica Indice Accionario,加拿大多伦多S&P/TSX 综合指数,S&P CLX IPSA
L1,0,-0.1384752679097132,-0.19862284722126822,-0.06873291601942584,-0.20345950739714014,-0.1636126569888153,0.06571181380028464,-0.13902594183751213,0.10346436953285089
L2,0,0.3804618935834622,0.10482050552859407,0.20027492792812063,0.22795217758974307,0.0,-0.19374392058824252,-0.18992334387577026,0.13599886100094524
L3,0,0.0,0.0,0.18116860757995704,0.0,0.0,0.0,0.10473121878215892,0.0
L4,0,0.0,0.0,0.0,0.0,0.0,0.0,0.0,0.0
