,比利时BFX,日经225,墨西哥BOLSA,恒生指数,韩国综合指数,荷兰AEX,Costa Rica Indice Accionario,加拿大多伦多S&P/TSX 综合指数,S&P CLX IPSA
L1,0,-0.14339776013167713,-0.18114390677760128,-0.06701501794583126,-0.2065213908658805,-0.15317636063422904,0.05969477334121325,-0.12458347448089889,0.0947825802058947
L2,0,0.3570231494560451,0.12383721713719818,0.2062507171270429,0.2369435228203903,0.0,-0.21139132449413692,-0.18031066054342246,0.15323463460656392
L3,0,0.0,0.0,0.1890581897632203,0.0,0.0,0.0,0.11611259874412921,0.0
L4,0,0.0,0.0,0.0,0.0,0.0,0.0,0.0,0.0
