,比利时BFX,日经225,墨西哥BOLSA,恒生指数,韩国综合指数,荷兰AEX,Costa Rica Indice Accionario,加拿大多伦多S&P/TSX 综合指数,S&P CLX IPSA
L1,0,-0.150105123407092,-0.2990675505189656,0,-0.2696011906206343,-0.16793463396047933,0,-0.149576185927016,-0.10855799227011839
L2,0,0.2724672582273439,0.0,0,0.11519257187558057,0.0,0,-0.19820300592512652,0.26020274556419076
L3,0,0.0,0.0,0,-0.13523083063838331,0.0,0,0.1561440061162209,0.0
L4,0,0.0,0.0,0,0.0,0.0,0,0.0,0.0
