,比利时BFX,日经225,墨西哥BOLSA,恒生指数,韩国综合指数,荷兰AEX,Costa Rica Indice Accionario,加拿大多伦多S&P/TSX 综合指数,S&P CLX IPSA
L1,0,-0.1543716712006692,-0.2530159212450185,-0.08763119404343972,-0.24014389719184734,-0.1738989131555256,0.06607111304931851,-0.2082020317819409,0
L2,0,0.38064859195699435,0.0,0.19531745464692957,0.2269069842589393,0.0,-0.19919833936673303,-0.26988931459157317,0
L3,0,0.0,0.0,0.19516352111666477,0.0,0.0,0.0,0.0,0
L4,0,0.0,0.0,0.0,0.0,0.0,0.0,0.0,0
