,比利时BFX,日经225,墨西哥BOLSA,恒生指数,韩国综合指数,荷兰AEX,Costa Rica Indice Accionario,加拿大多伦多S&P/TSX 综合指数,S&P CLX IPSA
L1,0,-0.14097149499997286,-0.22863135281920072,-0.07460186512428457,-0.20352513699117805,-0.16514757712098257,0.06742787182807465,-0.14122417695824827,0
L2,0,0.37947257642698456,0.0,0.19547839375450668,0.2316693156700961,0.0,-0.19361084052182775,-0.19193283284585558,0
L3,0,0.0,0.0,0.1847853697877226,0.0,0.0,0.0,0.11391432316401508,0
L4,0,0.0,0.0,0.0,0.0,0.0,0.0,0.0,0
