,比利时BFX,日经225,墨西哥BOLSA,恒生指数,韩国综合指数,荷兰AEX,Costa Rica Indice Accionario,加拿大多伦多S&P/TSX 综合指数,S&P CLX IPSA
L1,0,-0.15959172926328366,-0.30205350914718554,0,-0.2939883202564185,-0.18483783444698196,0,-0.1536881443467613,-0.1139617001972956
L2,0,0.2611507596780447,0.0,0,0.07673973605293137,0.0,0,-0.21644309259696337,0.2567351535811468
L3,0,0.0,0.0,0,-0.14525407742694962,0.0,0,0.18960368823525453,0.0
L4,0,0.0,0.0,0,0.0,0.0,0,0.0,0.0
