,比利时BFX,日经225,墨西哥BOLSA,恒生指数,韩国综合指数,荷兰AEX,Costa Rica Indice Accionario,加拿大多伦多S&P/TSX 综合指数,S&P CLX IPSA
L1,0,-0.14951491368223646,-0.2891534628192668,0,-0.27178140054693917,-0.23202705440688898,0,-0.17704764462245628,-0.1119218238933084
L2,0,0.27990522686397856,0.0,0,0.10276924666943721,0.0,0,-0.16125472676777844,0.2321461456585538
L3,0,0.0,0.0,0,-0.13909390671069308,0.0,0,0.13757820769264723,0.0
L4,0,0.0,0.0,0,0.0,0.0,0,0.0,0.0
