,比利时BFX,日经225,墨西哥BOLSA,恒生指数,韩国综合指数,荷兰AEX,Costa Rica Indice Accionario,加拿大多伦多S&P/TSX 综合指数,S&P CLX IPSA
L1,0,-0.22294035250124153,-0.18526244941464196,0.018460543881366837,-0.25267610570726484,0,0.06030751302242442,-0.2830383288930984,-0.06166957120291423
L2,0,0.514040347493216,0.16293548621054227,0.2405566381774835,0.18006818329558608,0,-0.24201499921658934,-0.20417678900791675,0.28794054199321134
L3,0,0.0,0.0,0.0,-0.1995388883126605,0,0.0,0.15646798275544052,0.0
L4,0,0.0,0.0,0.0,0.0,0,0.0,0.0,0.0
