,比利时BFX,日经225,墨西哥BOLSA,恒生指数,韩国综合指数,荷兰AEX,Costa Rica Indice Accionario,加拿大多伦多S&P/TSX 综合指数,S&P CLX IPSA
L1,0,-0.14984977682732853,-0.3033264166672405,0,-0.2664162566167433,-0.2054192232243361,0,-0.17783830326321634,-0.13464001807588583
L2,0,0.2689955539027621,0.0,0,0.11150171776966486,0.0,0,-0.1974692365227368,0.2553086761886789
L3,0,0.0,0.0,0,-0.15090409365792923,0.0,0,0.15458852765077039,0.0
L4,0,0.0,0.0,0,0.0,0.0,0,0.0,0.0
