,比利时BFX,日经225,墨西哥BOLSA,恒生指数,韩国综合指数,荷兰AEX,Costa Rica Indice Accionario,加拿大多伦多S&P/TSX 综合指数,S&P CLX IPSA
L1,-0.33288992039787074,-0.04158029544032628,-0.18692040302733465,-0.06874747808947979,-0.19713925877914837,0,0.06492693650806536,-0.2850895065538295,0.1071920267828721
L2,-0.13637705955350082,0.38272794714676145,0.11028951808082556,0.28395413291525845,0.37534089062531883,0,-0.19892347404966584,-0.44076724795780275,0.14645787198859325
L3,0.127341567101577,-0.09325821869677672,0.0,0.18887829347642832,0.0,0,0.0,0.0,-0.07531521726320528
L4,0.0,0.2388498688483517,0.0,0.0,0.0,0,0.0,0.0,0.18928556330726415
