,比利时BFX,日经225,墨西哥BOLSA,恒生指数,韩国综合指数,荷兰AEX,Costa Rica Indice Accionario,加拿大多伦多S&P/TSX 综合指数,S&P CLX IPSA
L1,0,-0.1491144525340914,-0.2743997497131776,0,-0.25764046320200135,-0.22568213049434385,0,-0.17438587307807368,-0.08560240310379483
L2,0,0.27879878926858054,0.0,0,0.11004611953341713,0.0,0,-0.1564176634017922,0.22259778266504038
L3,0,0.0,0.0,0,-0.14273717822555,0.0,0,0.1290341027089158,0.0
L4,0,0.0,0.0,0,0.0,0.0,0,0.0,0.0
