,比利时BFX,日经225,墨西哥BOLSA,恒生指数,韩国综合指数,荷兰AEX,Costa Rica Indice Accionario,加拿大多伦多S&P/TSX 综合指数,S&P CLX IPSA
L1,0,-0.1414338135363865,-0.22820579075109357,-0.07557499921581856,-0.20670396889192155,-0.16550477056615762,0.06533627173523862,-0.14442029431514053,0.10209391968270606
L2,0,0.37776052532364784,0.0,0.196634786625652,0.2271292762199975,0.0,-0.19251898184091756,-0.19307967519803895,0.12829283217413534
L3,0,0.0,0.0,0.1832955152839479,0.0,0.0,0.0,0.10055021646659955,0.0
L4,0,0.0,0.0,0.0,0.0,0.0,0.0,0.0,0.0
