,比利时BFX,日经225,墨西哥BOLSA,恒生指数,韩国综合指数,荷兰AEX,Costa Rica Indice Accionario,加拿大多伦多S&P/TSX 综合指数,S&P CLX IPSA
L1,0,-0.13649097162325716,-0.2945067919483902,0,-0.2614433295958389,-0.22954751753828967,0.035820826723527745,-0.19329107600963502,-0.09903998223062449
L2,0,0.27804404460316945,0.0,0,0.0966733430243662,0.0,-0.14194037380930458,-0.1769734554383482,0.2198707534112681
L3,0,0.0,0.0,0,-0.14902917736202462,0.0,0.0,0.0,0.0
L4,0,0.0,0.0,0,0.0,0.0,0.0,0.0,0.0
