,比利时BFX,日经225,墨西哥BOLSA,恒生指数,韩国综合指数,荷兰AEX,Costa Rica Indice Accionario,加拿大多伦多S&P/TSX 综合指数,S&P CLX IPSA
L1,0,-0.14442116890734918,-0.24529804163232014,-0.08161778866761694,-0.2089296098187667,-0.17135897769392822,0.06650944255415467,-0.19086961593211438,0
L2,0,0.3809860774558185,0.0,0.19513512018302342,0.23311973096875827,0.0,-0.19430726274040228,-0.2333754042147628,0
L3,0,0.0,0.0,0.1867526577772048,0.0,0.0,0.0,0.0,0
L4,0,0.0,0.0,0.0,0.0,0.0,0.0,0.0,0
