,比利时BFX,日经225,墨西哥BOLSA,恒生指数,韩国综合指数,荷兰AEX,Costa Rica Indice Accionario,加拿大多伦多S&P/TSX 综合指数,S&P CLX IPSA
L1,0,-0.1468446079446282,-0.25465505389888987,-0.08009417243726166,-0.20836639180584787,-0.17164821991140833,0.06739891739626261,-0.20213737314118418,0
L2,0,0.3800397676882023,0.0,0.19373565864814485,0.23168295238048459,0.0,-0.1949604532812345,-0.24695824153193896,0
L3,0,0.0,0.0,0.18625174276810547,0.0,0.0,0.0,0.0,0
L4,0,0.0,0.0,0.0,0.0,0.0,0.0,0.0,0
