,比利时BFX,日经225,墨西哥BOLSA,恒生指数,韩国综合指数,荷兰AEX,Costa Rica Indice Accionario,加拿大多伦多S&P/TSX 综合指数,S&P CLX IPSA
L1,0,-0.14332025693089576,-0.17551779866557388,-0.06706336251078819,-0.20594980283226677,-0.15224459499220683,0.05971093104224194,-0.12467098682425828,0.0949478164071944
L2,0,0.35690749659255777,0.12694420894932906,0.20847800089129936,0.23688431522638417,0.0,-0.21136044810029747,-0.1807957860424528,0.15285018796940877
L3,0,0.0,0.0,0.19312640741530715,0.0,0.0,0.0,0.11409044234443398,0.0
L4,0,0.0,0.0,0.0,0.0,0.0,0.0,0.0,0.0
