,比利时BFX,日经225,墨西哥BOLSA,恒生指数,韩国综合指数,荷兰AEX,Costa Rica Indice Accionario,加拿大多伦多S&P/TSX 综合指数,S&P CLX IPSA
L1,0,-0.14269309434336003,-0.2309310536676715,-0.07693751973982091,-0.20619742123351226,-0.166136307724078,0.06811392882289265,-0.1435574048919728,0
L2,0,0.37588079280359377,0.0,0.19473129760400704,0.2269990922369527,0.0,-0.19253783922814033,-0.19272461283214162,0
L3,0,0.0,0.0,0.18515672627738533,0.0,0.0,0.0,0.10096216730494023,0
L4,0,0.0,0.0,0.0,0.0,0.0,0.0,0.0,0
