,比利时BFX,日经225,墨西哥BOLSA,恒生指数,韩国综合指数,荷兰AEX,Costa Rica Indice Accionario,加拿大多伦多S&P/TSX 综合指数,S&P CLX IPSA
L1,0,-0.154818734057187,-0.3082979623042514,0,-0.32620146973506964,-0.19128062135924656,0,-0.11550094771105843,-0.09118887714578322
L2,0,0.30972286450657294,0.0,0,0.2065402695487313,0.0,0,-0.17086694447613648,0.29473992440384417
L3,0,0.0,0.0,0,0.0,0.0,0,0.1951452647689345,0.0
L4,0,0.0,0.0,0,0.0,0.0,0,0.0,0.0
