,比利时BFX,日经225,墨西哥BOLSA,恒生指数,韩国综合指数,荷兰AEX,Costa Rica Indice Accionario,加拿大多伦多S&P/TSX 综合指数,S&P CLX IPSA
L1,0,-0.14923642262195388,-0.2074106062343832,-0.12918451415858673,-0.2203471324516426,0,0.04392539135498071,0,-0.12027604966676794
L2,0,0.18789169023739535,0.0,0.0,0.1320256390530496,0,-0.1374088424700794,0,0.14093369670051797
L3,0,0.0,0.0,0.0,0.0,0,0.0,0,0.0
L4,0,0.0,0.0,0.0,0.0,0,0.0,0,0.0
