,比利时BFX,日经225,墨西哥BOLSA,恒生指数,韩国综合指数,荷兰AEX,Costa Rica Indice Accionario,加拿大多伦多S&P/TSX 综合指数,S&P CLX IPSA
L1,0,-0.14703216067999572,-0.20696213265062186,0,-0.23395963676419004,-0.18860379216434922,0.04726515680070911,-0.1362648654899325,-0.13558084479495475
L2,0,0.19940018051426842,0.0,0,0.12727920964098682,0.0,-0.14445203219898814,-0.12761175846371142,0.17341395772737153
L3,0,0.0,0.0,0,0.0,0.0,0.0,0.1448037994660467,0.0
L4,0,0.0,0.0,0,0.0,0.0,0.0,0.0,0.0
