,比利时BFX,日经225,墨西哥BOLSA,恒生指数,韩国综合指数,荷兰AEX,Costa Rica Indice Accionario,加拿大多伦多S&P/TSX 综合指数,S&P CLX IPSA
L1,0,-0.1454748756714871,-0.20829928266422396,-0.12984273650161227,-0.21784377916947162,0,0.0433021608233872,-0.15034235026981183,-0.121772702430293
L2,0,0.19534419614272908,0.0,0.0,0.13643722708884426,0,-0.13649131600872258,-0.12011718785963549,0.1424029732745764
L3,0,0.0,0.0,0.0,0.0,0,0.0,0.0,0.0
L4,0,0.0,0.0,0.0,0.0,0,0.0,0.0,0.0
