,比利时BFX,日经225,墨西哥BOLSA,恒生指数,韩国综合指数,荷兰AEX,Costa Rica Indice Accionario,加拿大多伦多S&P/TSX 综合指数,S&P CLX IPSA
L1,0,-0.14566072716211562,-0.2116404908727456,0,-0.23152681597293423,0,0.04432885873184014,-0.14992659545224093,-0.13217822401643464
L2,0,0.1985326169947391,0.0,0,0.12435746631163093,0,-0.14406366244001476,-0.11338913226711164,0.16551611849730608
L3,0,0.0,0.0,0,0.0,0,0.0,0.10688053257673462,0.0
L4,0,0.0,0.0,0,0.0,0,0.0,0.0,0.0
