,比利时BFX,日经225,墨西哥BOLSA,恒生指数,韩国综合指数,荷兰AEX,Costa Rica Indice Accionario,加拿大多伦多S&P/TSX 综合指数,S&P CLX IPSA
L1,0,0,-0.1617189238347264,-0.10904680140844071,-0.21358090958566522,0,0.09697741396111069,0,-0.10601204602616406
L2,0,0,0.0,0.0,0.0,0,-0.1275562894642151,0,0.0
L3,0,0,0.0,0.0,0.0,0,0.0,0,0.0
L4,0,0,0.0,0.0,0.0,0,0.0,0,0.0
