,比利时BFX,日经225,墨西哥BOLSA,恒生指数,韩国综合指数,荷兰AEX,Costa Rica Indice Accionario,加拿大多伦多S&P/TSX 综合指数,S&P CLX IPSA
L1,0,-0.1442784066824396,-0.2314049950195286,0,-0.24099781110011884,-0.197486987358921,0.05781364876998661,-0.12457122938859636,-0.09612677363378666
L2,0,0.23421762905860619,0.0,0,0.09516323587729679,0.0,-0.15458542300409908,-0.14987478619451255,0.1604829237870645
L3,0,0.0,0.0,0,-0.11305882751614331,0.0,0.0,0.11363570876690543,0.0
L4,0,0.0,0.0,0,0.0,0.0,0.0,0.0,0.0
