,比利时BFX,日经225,墨西哥BOLSA,恒生指数,韩国综合指数,荷兰AEX,Costa Rica Indice Accionario,加拿大多伦多S&P/TSX 综合指数,S&P CLX IPSA
L1,0,-0.14870714139198424,-0.21112909623988982,-0.1269334886125406,-0.21633181295437331,0,0.042276418232008964,0,-0.12614023145291187
L2,0,0.1869555541984345,0.0,0.0,0.13401428788646885,0,-0.13691196575475104,0,0.1252634186566628
L3,0,0.0,0.0,0.0,0.0,0,0.0,0,0.0
L4,0,0.0,0.0,0.0,0.0,0,0.0,0,0.0
