,比利时BFX,日经225,墨西哥BOLSA,恒生指数,韩国综合指数,荷兰AEX,Costa Rica Indice Accionario,加拿大多伦多S&P/TSX 综合指数,S&P CLX IPSA
L1,-0.12532929798720768,0,-0.17928286375195548,-0.10620954307197639,-0.1818606481554367,-0.1362186168304653,0.100948833424488,0,-0.10655265675386064
L2,0.0,0,0.0,0.0,0.13267709342248218,0.0,-0.12496784787189026,0,0.130274516839339
L3,0.0,0,0.0,0.0,0.0,0.0,0.0,0,0.0
L4,0.0,0,0.0,0.0,0.0,0.0,0.0,0,0.0
