,比利时BFX,日经225,墨西哥BOLSA,恒生指数,韩国综合指数,荷兰AEX,Costa Rica Indice Accionario,加拿大多伦多S&P/TSX 综合指数,S&P CLX IPSA
L1,0,0,-0.16760271421533254,0,-0.20655293845970918,0,0.10073035763473383,0,-0.11093905855509727
L2,0,0,0.0,0,0.0,0,-0.1264328492815447,0,0.0
L3,0,0,0.0,0,0.0,0,0.0,0,0.0
L4,0,0,0.0,0,0.0,0,0.0,0,0.0
