,比利时BFX,日经225,墨西哥BOLSA,恒生指数,韩国综合指数,荷兰AEX,Costa Rica Indice Accionario,加拿大多伦多S&P/TSX 综合指数,S&P CLX IPSA
L1,0,-0.14494502026616274,-0.2301624471387676,0,-0.24084211371563657,-0.19683821298302873,0.05976307809826623,-0.12404604489802354,-0.09600240408014009
L2,0,0.23522944788622827,0.0,0,0.09736505830372887,0.0,-0.1548625962615754,-0.1489202016647599,0.1617904645572062
L3,0,0.0,0.0,0,-0.10955722235844757,0.0,0.0,0.11488146014788184,0.0
L4,0,0.0,0.0,0,0.0,0.0,0.0,0.0,0.0
