,比利时BFX,日经225,墨西哥BOLSA,恒生指数,韩国综合指数,荷兰AEX,Costa Rica Indice Accionario,加拿大多伦多S&P/TSX 综合指数,S&P CLX IPSA
L1,0,-0.14686670909030536,-0.2082544165353607,-0.1300156541657316,-0.21810862016342966,0,0.044098059673604036,-0.15031632483283375,-0.1210214326550045
L2,0,0.1955156108947109,0.0,0.0,0.13690996204136785,0,-0.13629029872984572,-0.12003778349651766,0.14283830450619517
L3,0,0.0,0.0,0.0,0.0,0,0.0,0.0,0.0
L4,0,0.0,0.0,0.0,0.0,0,0.0,0.0,0.0
