,比利时BFX,日经225,墨西哥BOLSA,恒生指数,韩国综合指数,荷兰AEX,Costa Rica Indice Accionario,加拿大多伦多S&P/TSX 综合指数,S&P CLX IPSA
L1,0,-0.1459476170137524,-0.20526632208570747,0,-0.23351954558003896,0,0.04663327474092985,-0.13412528469999832,-0.12991424037056887
L2,0,0.19900002250662954,0.0,0,0.1231117479106948,0,-0.14425287290366884,-0.11070253713924588,0.1650934935273493
L3,0,0.0,0.0,0,0.0,0,0.0,0.14430223909734713,0.0
L4,0,0.0,0.0,0,0.0,0,0.0,0.0,0.0
