,比利时BFX,日经225,墨西哥BOLSA,恒生指数,韩国综合指数,荷兰AEX,Costa Rica Indice Accionario,加拿大多伦多S&P/TSX 综合指数,S&P CLX IPSA
L1,0,-0.15050638221263854,-0.1929408157151867,-0.12638542788675375,-0.19523335189192773,-0.1819703274320588,0.04079697929543273,0,-0.14107236630760595
L2,0,0.19016770147491316,0.0,0.0,0.11552388884096747,0.0,-0.13643764383963192,0,0.13050499075984412
L3,0,0.0,0.0,0.0,-0.1003943944408444,0.0,0.0,0,0.0
L4,0,0.0,0.0,0.0,0.0,0.0,0.0,0,0.0
