,比利时BFX,日经225,墨西哥BOLSA,恒生指数,韩国综合指数,荷兰AEX,Costa Rica Indice Accionario,加拿大多伦多S&P/TSX 综合指数,S&P CLX IPSA
L1,0,-0.14786959932935234,-0.2064312992113857,-0.12893628216647907,-0.2200636256053612,0,0.04396070841187054,0,-0.12098167053598853
L2,0,0.18647555300186347,0.0,0.0,0.13212157775437336,0,-0.13733069147107074,0,0.13996438370254174
L3,0,0.0,0.0,0.0,0.0,0,0.0,0,0.0
L4,0,0.0,0.0,0.0,0.0,0,0.0,0,0.0
