,比利时BFX,日经225,墨西哥BOLSA,恒生指数,韩国综合指数,荷兰AEX,Costa Rica Indice Accionario,加拿大多伦多S&P/TSX 综合指数,S&P CLX IPSA
L1,0,-0.14376930076501634,-0.22775478770504545,0,-0.23943038350457949,-0.19880494597697376,0.05897737702998257,-0.12354982832677402,-0.09505748215563721
L2,0,0.2351414060693589,0.0,0,0.09774132548623607,0.0,-0.15818683137102205,-0.14899359132311174,0.16217223513892315
L3,0,0.0,0.0,0,-0.1101219271575621,0.0,0.0,0.12097199806371504,0.0
L4,0,0.0,0.0,0,0.0,0.0,0.0,0.0,0.0
