,比利时BFX,日经225,墨西哥BOLSA,恒生指数,韩国综合指数,荷兰AEX,Costa Rica Indice Accionario,加拿大多伦多S&P/TSX 综合指数,S&P CLX IPSA
L1,0,-0.14513046694534287,-0.20957864968848816,-0.12503686174765197,-0.21585864188991294,-0.1759234456832242,0,0,-0.13050351862407583
L2,0,0.18922042103917572,0.0,0.0,0.14263828056377098,0.0,0,0,0.1247070854507602
L3,0,0.0,0.0,0.0,0.0,0.0,0,0,0.0
L4,0,0.0,0.0,0.0,0.0,0.0,0,0,0.0
