,比利时BFX,日经225,墨西哥BOLSA,恒生指数,韩国综合指数,荷兰AEX,Costa Rica Indice Accionario,加拿大多伦多S&P/TSX 综合指数,S&P CLX IPSA
L1,0,-0.1435060336262401,-0.20762366478546534,-0.12235166006401561,-0.20927118826789787,-0.1745262739413797,0.04064115055749282,0,-0.14717951926694237
L2,0,0.19038330837960007,0.0,0.0,0.14823121941622422,0.0,-0.13613948052998176,0,0.1191038601909381
L3,0,0.0,0.0,0.0,0.0,0.0,0.0,0,0.0
L4,0,0.0,0.0,0.0,0.0,0.0,0.0,0,0.0
