,比利时BFX,日经225,墨西哥BOLSA,恒生指数,韩国综合指数,荷兰AEX,Costa Rica Indice Accionario,加拿大多伦多S&P/TSX 综合指数,S&P CLX IPSA
L1,0,-0.14529221879061585,-0.21236756272297705,0,-0.23127601098861622,-0.18675968022197217,0.04405450576035744,-0.15014326039792145,-0.13663067549437002
L2,0,0.2014202822750461,0.0,0,0.12685055613070986,0.0,-0.14245410564300917,-0.11291275000857195,0.16727814982052594
L3,0,0.0,0.0,0,0.0,0.0,0.0,0.10673032566195334,0.0
L4,0,0.0,0.0,0,0.0,0.0,0.0,0.0,0.0
