,比利时BFX,日经225,墨西哥BOLSA,恒生指数,韩国综合指数,荷兰AEX,Costa Rica Indice Accionario,加拿大多伦多S&P/TSX 综合指数,S&P CLX IPSA
L1,0,-0.16807248552724266,-0.3195824151653551,0,0,0,0,-0.13799993962732038,0.078056009129445
L2,0,0.0,0.03457935188620595,0,0,0,0,0.0,0.12132227237602196
L3,0,0.0,0.14733358889063283,0,0,0,0,0.0,0.0
L4,0,0.0,0.22669374453939903,0,0,0,0,0.0,0.0
