,比利时BFX,日经225,墨西哥BOLSA,恒生指数,韩国综合指数,荷兰AEX,Costa Rica Indice Accionario,加拿大多伦多S&P/TSX 综合指数,S&P CLX IPSA
L1,0,0,-0.29043293849626967,0,-0.10833287398607051,0,-0.2481672772768746,-0.1189927349963917,0
L2,0,0,0.0,0,0.0,0,-0.12613961282399203,0.0,0
L3,0,0,0.0,0,0.0,0,-0.21596787720803692,0.0,0
L4,0,0,0.0,0,0.0,0,0.0,0.0,0
