,比利时BFX,日经225,墨西哥BOLSA,恒生指数,韩国综合指数,荷兰AEX,Costa Rica Indice Accionario,加拿大多伦多S&P/TSX 综合指数,S&P CLX IPSA
L1,0,-0.14622281414647298,-0.2752179085293905,0,0,0,0,-0.10075573680752423,0.06560459392723134
L2,0,-0.002517185682803919,0.0,0,0,0,0,0.0,0.12405212518626005
L3,0,0.1497589200961224,0.0,0,0,0,0,0.0,0.0
L4,0,0.0,0.0,0,0,0,0,0.0,0.0
