,比利时BFX,日经225,墨西哥BOLSA,恒生指数,韩国综合指数,荷兰AEX,Costa Rica Indice Accionario,加拿大多伦多S&P/TSX 综合指数,S&P CLX IPSA
L1,0,-0.1409469658816886,0,0,0,0,0,0,0.08009954607036274
L2,0,0.0,0,0,0,0,0,0,0.12721596852840034
L3,0,0.0,0,0,0,0,0,0,0.0
L4,0,0.0,0,0,0,0,0,0,0.0
