,比利时BFX,日经225,墨西哥BOLSA,恒生指数,韩国综合指数,荷兰AEX,Costa Rica Indice Accionario,加拿大多伦多S&P/TSX 综合指数,S&P CLX IPSA
L1,0,0,0,0,0.10880793538762382,0,0,0,0.03638221128756876
L2,0,0,0,0,0.0,0,0,0,0.02067236162656189
L3,0,0,0,0,0.0,0,0,0,0.044283673398114336
L4,0,0,0,0,0.0,0,0,0,0.19333403966332763
