,比利时BFX,日经225,墨西哥BOLSA,恒生指数,韩国综合指数,荷兰AEX,Costa Rica Indice Accionario,加拿大多伦多S&P/TSX 综合指数,S&P CLX IPSA
L1,0.09601078734663694,-0.1379649615600554,-0.3958051530903446,0,0.2577948211102629,0.10225676897716847,0,-0.06075923040221408,0.29061483702846763
L2,0.14893728567482442,0.0,0.21294917659867924,0,0.21462201333721698,0.22337384627310797,0,0.2741002796530223,0.45034175032370094
L3,0.03527461302818644,0.0,0.03463679023911327,0,0.0,0.05790378706621925,0,0.08816575990655298,-0.054643622753145764
L4,0.16437485204556526,0.0,0.27230324236089826,0,0.0,0.21364702436826,0,0.2205886502168522,0.2238278632552475
