,比利时BFX,日经225,墨西哥BOLSA,恒生指数,韩国综合指数,荷兰AEX,Costa Rica Indice Accionario,加拿大多伦多S&P/TSX 综合指数,S&P CLX IPSA
L1,0,-0.21434028634651445,-0.2906627606028414,0,-0.11124469619966536,0,-0.24655836836040243,-0.12035173883660276,0
L2,0,0.0,0.0,0,0.0,0,-0.12391096739452112,0.0,0
L3,0,0.0,0.0,0,0.0,0,-0.20302447976941046,0.0,0
L4,0,0.0,0.0,0,0.0,0,0.0,0.0,0
