,比利时BFX,日经225,墨西哥BOLSA,恒生指数,韩国综合指数,荷兰AEX,Costa Rica Indice Accionario,加拿大多伦多S&P/TSX 综合指数,S&P CLX IPSA
L1,0,-0.14493410208645036,-0.27307840150759766,0,0,0,0,0,0.07015989984201924
L2,0,0.0007417210824228783,0.0,0,0,0,0,0,0.12516639869811358
L3,0,0.1501713299528715,0.0,0,0,0,0,0,0.0
L4,0,0.0,0.0,0,0,0,0,0,0.0
