,比利时BFX,日经225,墨西哥BOLSA,恒生指数,韩国综合指数,荷兰AEX,Costa Rica Indice Accionario,加拿大多伦多S&P/TSX 综合指数,S&P CLX IPSA
L1,0,-0.1512667044560824,0,0,0,0,0,0,0.04841276211726152
L2,0,0.0,0,0,0,0,0,0,0.023935445483717725
L3,0,0.0,0,0,0,0,0,0,0.008607597699538843
L4,0,0.0,0,0,0,0,0,0,0.19241771646533742
