,比利时BFX,日经225,墨西哥BOLSA,恒生指数,韩国综合指数,荷兰AEX,Costa Rica Indice Accionario,加拿大多伦多S&P/TSX 综合指数,S&P CLX IPSA
L1,0,-0.20119203723797918,-0.14361067066347954,0,0,0,0,0,0.1367538045419075
L2,0,0.0,-0.13598318495845804,0,0,0,0,0,0.0
L3,0,0.0,0.0,0,0,0,0,0,0.0
L4,0,0.0,0.0,0,0,0,0,0,0.0
