,比利时BFX,日经225,墨西哥BOLSA,恒生指数,韩国综合指数,荷兰AEX,Costa Rica Indice Accionario,加拿大多伦多S&P/TSX 综合指数,S&P CLX IPSA
L1,0,0,-0.17685787686063756,0,0,0,0,-0.1308495486055646,0
L2,0,0,-0.14767576113249664,0,0,0,0,-0.1054024844804232,0
L3,0,0,0.0,0,0,0,0,0.10147434665134718,0
L4,0,0,0.0,0,0,0,0,0.0,0
