,比利时BFX,日经225,墨西哥BOLSA,恒生指数,韩国综合指数,荷兰AEX,Costa Rica Indice Accionario,加拿大多伦多S&P/TSX 综合指数,S&P CLX IPSA
L1,0,0,0,0,0.12458858042735678,0,0,0,0.03646668845239108
L2,0,0,0,0,0.0,0,0,0,0.019407568584533772
L3,0,0,0,0,0.0,0,0,0,0.044501437394144396
L4,0,0,0,0,0.0,0,0,0,0.19381270329043038
