,比利时BFX,日经225,墨西哥BOLSA,恒生指数,韩国综合指数,荷兰AEX,Costa Rica Indice Accionario,加拿大多伦多S&P/TSX 综合指数,S&P CLX IPSA
L1,0,-0.21703905995199163,-0.27427649591336956,0,0,0,-0.14834595775564866,-0.12571572887293817,0
L2,0,-0.0337830443879377,0.0,0,0,0,0.0,0.0,0
L3,0,0.15810186127491688,0.0,0,0,0,0.0,0.0,0
L4,0,0.0,0.0,0,0,0,0.0,0.0,0
