,比利时BFX,日经225,墨西哥BOLSA,恒生指数,韩国综合指数,荷兰AEX,Costa Rica Indice Accionario,加拿大多伦多S&P/TSX 综合指数,S&P CLX IPSA
L1,0,0,-0.29588262721508046,0,-0.11052665589332125,0,-0.2082798372288441,-0.12236913660856637,0
L2,0,0,0.0,0,0.0,0,-0.13010242694546167,0.0,0
L3,0,0,0.0,0,0.0,0,-0.2097726002032878,0.0,0
L4,0,0,0.0,0,0.0,0,0.0,0.0,0
