,比利时BFX,日经225,墨西哥BOLSA,恒生指数,韩国综合指数,荷兰AEX,Costa Rica Indice Accionario,加拿大多伦多S&P/TSX 综合指数,S&P CLX IPSA
L1,0,0,-0.18267191143778289,0,0,0,0,-0.12935463276971246,0
L2,0,0,-0.166246772244531,0,0,0,0,-0.10483202067941938,0
L3,0,0,0.0,0,0,0,0,0.10393039649495818,0
L4,0,0,0.0,0,0,0,0,0.0,0
