,比利时BFX,日经225,墨西哥BOLSA,恒生指数,韩国综合指数,荷兰AEX,Costa Rica Indice Accionario,加拿大多伦多S&P/TSX 综合指数,S&P CLX IPSA
L1,0,0.25854344494100434,-0.30269816864625537,0,0,0,-0.27078670510360675,-0.11466923741776151,0
L2,0,-0.08258868422764659,0.0,0,0,0,-0.043869847393685886,0.0,0
L3,0,0.18852026976724906,0.0,0,0,0,-0.16073826812025052,0.0,0
L4,0,-0.16119979937415282,0.0,0,0,0,0.0,0.0,0
