,比利时BFX,日经225,墨西哥BOLSA,恒生指数,韩国综合指数,荷兰AEX,Costa Rica Indice Accionario,加拿大多伦多S&P/TSX 综合指数,S&P CLX IPSA
L1,0,-0.15522994574751797,-0.28522411907293105,0,0,0,0,-0.10113636342907209,0.06501801561309062
L2,0,0.0,0.0,0,0,0,0,0.0,0.13156075243893525
L3,0,0.0,0.0,0,0,0,0,0.0,0.0
L4,0,0.0,0.0,0,0,0,0,0.0,0.0
