,比利时BFX,日经225,墨西哥BOLSA,恒生指数,韩国综合指数,荷兰AEX,Costa Rica Indice Accionario,加拿大多伦多S&P/TSX 综合指数,S&P CLX IPSA
L1,0,-0.15624884770145703,-0.2731080683359824,0,0,0,0,0,0.06918736532944991
L2,0,0.006037001619974922,0.0,0,0,0,0,0,0.12259811338461948
L3,0,0.14522109032012137,0.0,0,0,0,0,0,0.0
L4,0,0.0,0.0,0,0,0,0,0,0.0
