,比利时BFX,日经225,墨西哥BOLSA,恒生指数,韩国综合指数,荷兰AEX,Costa Rica Indice Accionario,加拿大多伦多S&P/TSX 综合指数,S&P CLX IPSA
L1,0,-0.19816378999446024,-0.13872608437913503,0,0,0,0,0,0.12727323278260935
L2,0,0.0,-0.13801061222935193,0,0,0,0,0,0.0
L3,0,0.0,0.0,0,0,0,0,0,0.0
L4,0,0.0,0.0,0,0,0,0,0,0.0
