,比利时BFX,日经225,墨西哥BOLSA,恒生指数,韩国综合指数,荷兰AEX,Costa Rica Indice Accionario,加拿大多伦多S&P/TSX 综合指数,S&P CLX IPSA
L1,0,0,-0.1784128272089124,0,0,0,0,-0.13128512774512913,0
L2,0,0,-0.15964162839778928,0,0,0,0,-0.11340469255992972,0
L3,0,0,0.0,0,0,0,0,0.10559019257724936,0
L4,0,0,0.0,0,0,0,0,0.0,0
