,比利时BFX,日经225,墨西哥BOLSA,恒生指数,韩国综合指数,荷兰AEX,Costa Rica Indice Accionario,加拿大多伦多S&P/TSX 综合指数,S&P CLX IPSA
L1,0,-0.15597947809980672,-0.2850262060147544,0,0,0,0,-0.10179726872839001,0.06532573061462194
L2,0,0.0,0.0,0,0,0,0,0.0,0.13047339283593787
L3,0,0.0,0.0,0,0,0,0,0.0,0.0
L4,0,0.0,0.0,0,0,0,0,0.0,0.0
