,比利时BFX,日经225,墨西哥BOLSA,恒生指数,韩国综合指数,荷兰AEX,Costa Rica Indice Accionario,加拿大多伦多S&P/TSX 综合指数,S&P CLX IPSA
L1,0,-0.21272421742102318,-0.27278275355284465,0,0,0,-0.14836405490391202,-0.126404866532982,0
L2,0,-0.03027739745709218,0.0,0,0,0,0.0,0.0,0
L3,0,0.15490500397243226,0.0,0,0,0,0.0,0.0,0
L4,0,0.0,0.0,0,0,0,0.0,0.0,0
