,比利时BFX,日经225,墨西哥BOLSA,恒生指数,韩国综合指数,荷兰AEX,Costa Rica Indice Accionario,加拿大多伦多S&P/TSX 综合指数,S&P CLX IPSA
L1,0,0,-0.17983654573718674,0,0,0,0,-0.14382924510529607,0
L2,0,0,-0.163251527729811,0,0,0,0,-0.1341609922774776,0
L3,0,0,0.0,0,0,0,0,0.0,0
L4,0,0,0.0,0,0,0,0,0.0,0
