,比利时BFX,日经225,墨西哥BOLSA,恒生指数,韩国综合指数,荷兰AEX,Costa Rica Indice Accionario,加拿大多伦多S&P/TSX 综合指数,S&P CLX IPSA
L1,0,0.04380935261399276,-0.29004583422060093,0,0,0,-0.2676158511273963,-0.1187070240301112,0
L2,0,-0.15094965347148015,0.0,0,0,0,-0.04222376561267003,0.0,0
L3,0,0.20452190154057784,0.0,0,0,0,-0.1623555972978171,0.0,0
L4,0,-0.14011898344494028,0.0,0,0,0,0.0,0.0,0
