,比利时BFX,日经225,墨西哥BOLSA,恒生指数,韩国综合指数,荷兰AEX,Costa Rica Indice Accionario,加拿大多伦多S&P/TSX 综合指数,S&P CLX IPSA
L1,0,-0.2012703805436545,-0.1441264341019944,0,0,0,0,0,0.13250786284206206
L2,0,0.0,-0.1367880761147806,0,0,0,0,0,0.0
L3,0,0.0,0.0,0,0,0,0,0,0.0
L4,0,0.0,0.0,0,0,0,0,0,0.0
