,比利时BFX,日经225,墨西哥BOLSA,恒生指数,韩国综合指数,荷兰AEX,Costa Rica Indice Accionario,加拿大多伦多S&P/TSX 综合指数,S&P CLX IPSA
L1,0,-0.1993377879276636,-0.14335049323417906,0,0,0,0,0,0.1299376697724359
L2,0,0.0,-0.13380845361505472,0,0,0,0,0,0.0
L3,0,0.0,0.0,0,0,0,0,0,0.0
L4,0,0.0,0.0,0,0,0,0,0,0.0
