,比利时BFX,日经225,墨西哥BOLSA,恒生指数,韩国综合指数,荷兰AEX,Costa Rica Indice Accionario,加拿大多伦多S&P/TSX 综合指数,S&P CLX IPSA
L1,0,-0.14474925843188569,-0.27435781816414756,0,0,0,-0.15097103504813902,-0.10574009288283588,0
L2,0,0.010050769116854553,0.0,0,0,0,0.0,0.0,0
L3,0,0.16884815252113353,0.0,0,0,0,0.0,0.0,0
L4,0,0.0,0.0,0,0,0,0.0,0.0,0
