,比利时BFX,日经225,墨西哥BOLSA,恒生指数,韩国综合指数,荷兰AEX,Costa Rica Indice Accionario,加拿大多伦多S&P/TSX 综合指数,S&P CLX IPSA
L1,0,-0.2056910067899263,-0.19230723085093454,0,0,0,0,-0.16471297539559712,0
L2,0,0.0,-0.15760661921132665,0,0,0,0,-0.15458533791123924,0
L3,0,0.0,0.0,0,0,0,0,0.0,0
L4,0,0.0,0.0,0,0,0,0,0.0,0
