,比利时BFX,日经225,墨西哥BOLSA,恒生指数,韩国综合指数,荷兰AEX,Costa Rica Indice Accionario,加拿大多伦多S&P/TSX 综合指数,S&P CLX IPSA
L1,0,-0.21457579911636468,-0.27303248967179,0,0,0,-0.14843538951824503,-0.12692065302494154,0
L2,0,-0.03262733646054882,0.0,0,0,0,0.0,0.0,0
L3,0,0.15274082056960653,0.0,0,0,0,0.0,0.0,0
L4,0,0.0,0.0,0,0,0,0.0,0.0,0
