,比利时BFX,日经225,墨西哥BOLSA,恒生指数,韩国综合指数,荷兰AEX,Costa Rica Indice Accionario,加拿大多伦多S&P/TSX 综合指数,S&P CLX IPSA
L1,0,-0.16540485733705484,0,0,0,0,0,-0.17896415610623945,0
L2,0,0.0,0,0,0,0,0,-0.12189837373275231,0
L3,0,0.0,0,0,0,0,0,0.11736091454534696,0
L4,0,0.0,0,0,0,0,0,0.0,0
