,比利时BFX,日经225,墨西哥BOLSA,恒生指数,韩国综合指数,荷兰AEX,Costa Rica Indice Accionario,加拿大多伦多S&P/TSX 综合指数,S&P CLX IPSA
L1,0,0.25885370609544367,-0.3024438527112613,0,0,0,-0.27075166045322385,-0.11487753180975979,0
L2,0,-0.08095994817668323,0.0,0,0,0,-0.043888484762166856,0.0,0
L3,0,0.18104737139654384,0.0,0,0,0,-0.16065467898611535,0.0,0
L4,0,-0.1688328115443143,0.0,0,0,0,0.0,0.0,0
