,比利时BFX,日经225,墨西哥BOLSA,恒生指数,韩国综合指数,荷兰AEX,Costa Rica Indice Accionario,加拿大多伦多S&P/TSX 综合指数,S&P CLX IPSA
L1,0,0,0,0,0,0,0.12666022938807026,0,0.04976728271927556
L2,0,0,0,0,0,0,0.0,0,0.05385679308363749
L3,0,0,0,0,0,0,0.0,0,0.06316868419987093
L4,0,0,0,0,0,0,0.0,0,0.1775558032731399
