,比利时BFX,日经225,墨西哥BOLSA,恒生指数,韩国综合指数,荷兰AEX,Costa Rica Indice Accionario,加拿大多伦多S&P/TSX 综合指数,S&P CLX IPSA
L1,0,-0.03587420040040093,-0.15382460276141757,0,0,0,0,0,0
L2,0,-0.14409634674887992,0.0,0,0,0,0,0,0
L3,0,0.14406144830707704,0.0,0,0,0,0,0,0
L4,0,0.0,0.0,0,0,0,0,0,0
