,比利时BFX,日经225,墨西哥BOLSA,恒生指数,韩国综合指数,荷兰AEX,Costa Rica Indice Accionario,加拿大多伦多S&P/TSX 综合指数,S&P CLX IPSA
L1,-0.03879337935811113,0,0,0,0,0,0,-0.1204893063149488,0
L2,0.07829395437387399,0,0,0,0,0,0,0.0,0
L3,0.10679829181923013,0,0,0,0,0,0,0.0,0
L4,-0.17825907677290356,0,0,0,0,0,0,0.0,0
