,比利时BFX,日经225,墨西哥BOLSA,恒生指数,韩国综合指数,荷兰AEX,Costa Rica Indice Accionario,加拿大多伦多S&P/TSX 综合指数,S&P CLX IPSA
L1,-0.03785437431996509,0.34996939124280474,0,0.0507260121854995,0,-0.06214646023232771,0,-0.022454455460449448,0.03506108800206931
L2,0.1283607506983756,0.0,0,-0.0189724958147606,0,0.12344570553735833,0,0.03554399159133924,0.13758463041567304
L3,0.17044816367291973,0.0,0,0.30028274013565553,0,0.20782693275994982,0,0.0036255747557419754,0.14857199231535045
L4,-0.14892789972063317,0.0,0,0.0,0,0.0,0,-0.24812467769509483,0.0
