,比利时BFX,日经225,墨西哥BOLSA,恒生指数,韩国综合指数,荷兰AEX,Costa Rica Indice Accionario,加拿大多伦多S&P/TSX 综合指数,S&P CLX IPSA
L1,-0.0566211471637794,0,0,-0.009501162560169965,0,-0.06597095238010403,0,-0.08156901149212034,0
L2,0.05819093900961811,0,0,-0.03292805974581891,0,-0.019105229222553012,0,-0.06072744757918794,0
L3,0.17695488724393035,0,0,0.23381055202821738,0,0.17103574539818187,0,0.07307805171601948,0
L4,-0.12031599560193498,0,0,0.0,0,0.0,0,-0.15763411818590156,0
