,比利时BFX,日经225,墨西哥BOLSA,恒生指数,韩国综合指数,荷兰AEX,Costa Rica Indice Accionario,加拿大多伦多S&P/TSX 综合指数,S&P CLX IPSA
L1,0,0,-0.2999753322012965,0,0,0,-0.25974688262802464,-0.11427641349888282,0
L2,0,0,0.0,0,0,0,-0.03932570254040828,0.0,0
L3,0,0,0.0,0,0,0,-0.15622115213030435,0.0,0
L4,0,0,0.0,0,0,0,0.0,0.0,0
