,比利时BFX,日经225,墨西哥BOLSA,恒生指数,韩国综合指数,荷兰AEX,Costa Rica Indice Accionario,加拿大多伦多S&P/TSX 综合指数,S&P CLX IPSA
L1,0,-0.04566823589217031,-0.16550677564995922,0,0,0,0,0,0
L2,0,-0.14815517483132987,0.0,0,0,0,0,0,0
L3,0,0.1526235341791496,0.0,0,0,0,0,0,0
L4,0,0.0,0.0,0,0,0,0,0,0
