,比利时BFX,日经225,墨西哥BOLSA,恒生指数,韩国综合指数,荷兰AEX,Costa Rica Indice Accionario,加拿大多伦多S&P/TSX 综合指数,S&P CLX IPSA
L1,0,0,-0.3216708394111392,0,0,0,-0.2604166621892572,-0.11367322229109035,0
L2,0,0,0.0,0,0,0,-0.039879785103031404,0.0,0
L3,0,0,0.0,0,0,0,-0.15633496466253824,0.0,0
L4,0,0,0.0,0,0,0,0.0,0.0,0
