,比利时BFX,日经225,墨西哥BOLSA,恒生指数,韩国综合指数,荷兰AEX,Costa Rica Indice Accionario,加拿大多伦多S&P/TSX 综合指数,S&P CLX IPSA
L1,0,0.15578915009911917,0,0,-0.12014057791594879,0,0,0,0
L2,0,-0.042919593532163666,0,0,0.0,0,0,0,0
L3,0,0.16192986052848932,0,0,0.0,0,0,0,0
L4,0,0.0,0,0,0.0,0,0,0,0
