,比利时BFX,日经225,墨西哥BOLSA,恒生指数,韩国综合指数,荷兰AEX,Costa Rica Indice Accionario,加拿大多伦多S&P/TSX 综合指数,S&P CLX IPSA
L1,0,-0.008140043488189773,-0.14782681286881966,0,0,0,0,0,0
L2,0,-0.14543063273258736,0.0,0,0,0,0,0,0
L3,0,0.1448829999429778,0.0,0,0,0,0,0,0
L4,0,0.0,0.0,0,0,0,0,0,0
