,比利时BFX,日经225,墨西哥BOLSA,恒生指数,韩国综合指数,荷兰AEX,Costa Rica Indice Accionario,加拿大多伦多S&P/TSX 综合指数,S&P CLX IPSA
L1,0,0,-0.3176821479649009,0,0,0,-0.24555476326726086,-0.1114424738789376,0
L2,0,0,0.0,0,0,0,-0.03769185091345366,0.0,0
L3,0,0,0.0,0,0,0,-0.16008566521276807,0.0,0
L4,0,0,0.0,0,0,0,0.0,0.0,0
