,比利时BFX,日经225,墨西哥BOLSA,恒生指数,韩国综合指数,荷兰AEX,Costa Rica Indice Accionario,加拿大多伦多S&P/TSX 综合指数,S&P CLX IPSA
L1,0,0,0,0,-0.11003320170685554,0,0,-0.04621498241511423,0
L2,0,0,0,0,0.0,0,0,-0.06516584507739501,0
L3,0,0,0,0,0.0,0,0,0.0028530485735265686,0
L4,0,0,0,0,0.0,0,0,-0.2074649577183732,0
