,比利时BFX,日经225,墨西哥BOLSA,恒生指数,韩国综合指数,荷兰AEX,Costa Rica Indice Accionario,加拿大多伦多S&P/TSX 综合指数,S&P CLX IPSA
L1,0,0.1593856354163215,0,-0.059840163286836015,-0.13783752403090443,0,0,0,0
L2,0,-0.047374831528972636,0,5.172689290614506e-05,0.0,0,0,0,0
L3,0,0.16734981220698142,0,0.17693127484769822,0.0,0,0,0,0
L4,0,0.0,0,0.0,0.0,0,0,0,0
