,比利时BFX,日经225,墨西哥BOLSA,恒生指数,韩国综合指数,荷兰AEX,Costa Rica Indice Accionario,加拿大多伦多S&P/TSX 综合指数,S&P CLX IPSA
L1,-0.05428005523266846,0,0,0.00409641467875143,0,-0.06319134641122333,0,0,0
L2,0.012972390854436482,0,0,-0.05524726469230199,0,-0.07319031517056401,0,0,0
L3,0.17598139009961677,0,0,0.23724491071406756,0,0.16983811674286373,0,0,0
L4,-0.12592063887967214,0,0,0.0,0,0.0,0,0,0
