,比利时BFX,日经225,墨西哥BOLSA,恒生指数,韩国综合指数,荷兰AEX,Costa Rica Indice Accionario,加拿大多伦多S&P/TSX 综合指数,S&P CLX IPSA
L1,0,0.15553655040249892,0,-0.05433013393344853,-0.12367159530589285,0,0,0,0
L2,0,-0.0437450793749401,0,-0.023643610437590248,0.0,0,0,0,0
L3,0,0.16387742042602746,0,0.15854173535396743,0.0,0,0,0,0
L4,0,0.0,0,0.0,0.0,0,0,0,0
