,比利时BFX,日经225,墨西哥BOLSA,恒生指数,韩国综合指数,荷兰AEX,Costa Rica Indice Accionario,加拿大多伦多S&P/TSX 综合指数,S&P CLX IPSA
L1,-0.09851616509948001,0,0,-0.020082757193254024,0,-0.06970039340946863,0,-0.09555788280260989,0
L2,0.04759079137419463,0,0,-0.025305335066435453,0,-0.021342183876767416,0,-0.055201040383039815,0
L3,0.21407268651647743,0,0,0.24709755762367025,0,0.178342899620016,0,0.04946291078780549,0
L4,0.0,0,0,0.0,0,0.0,0,-0.17286588104783002,0
