,比利时BFX,日经225,墨西哥BOLSA,恒生指数,韩国综合指数,荷兰AEX,Costa Rica Indice Accionario,加拿大多伦多S&P/TSX 综合指数,S&P CLX IPSA
L1,0,0.16396277893250677,-0.16737490864213683,-0.05190873013071186,-0.12958044214521564,0,0,0,0
L2,0,-0.058594734435200246,0.0,-0.03636889306657952,0.0,0,0,0,0
L3,0,0.161672075964226,0.0,0.1652688610075258,0.0,0,0,0,0
L4,0,0.0,0.0,0.0,0.0,0,0,0,0
