,比利时BFX,日经225,墨西哥BOLSA,恒生指数,韩国综合指数,荷兰AEX,Costa Rica Indice Accionario,加拿大多伦多S&P/TSX 综合指数,S&P CLX IPSA
L1,0,0,-0.31570355662248345,0,0,0,-0.22337584316946582,-0.10650510783163326,0
L2,0,0,0.0,0,0,0,-0.012143199970482126,0.0,0
L3,0,0,0.0,0,0,0,-0.1540202795960871,0.0,0
L4,0,0,0.0,0,0,0,0.0,0.0,0
