,比利时BFX,日经225,墨西哥BOLSA,恒生指数,韩国综合指数,荷兰AEX,Costa Rica Indice Accionario,加拿大多伦多S&P/TSX 综合指数,S&P CLX IPSA
L1,0,-0.006868285807762855,-0.1479419718766986,0,0,0,0,0,0
L2,0,-0.14256423834575435,0.0,0,0,0,0,0,0
L3,0,0.14583125987940582,0.0,0,0,0,0,0,0
L4,0,0.0,0.0,0,0,0,0,0,0
