,比利时BFX,日经225,墨西哥BOLSA,恒生指数,韩国综合指数,荷兰AEX,Costa Rica Indice Accionario,加拿大多伦多S&P/TSX 综合指数,S&P CLX IPSA
L1,0,0.16969778379917688,-0.16747667998682414,0,0,0,0,0,0
L2,0,-0.05106949214203686,0.0,0,0,0,0,0,0
L3,0,0.1565680537647098,0.0,0,0,0,0,0,0
L4,0,0.0,0.0,0,0,0,0,0,0
