,比利时BFX,日经225,墨西哥BOLSA,恒生指数,韩国综合指数,荷兰AEX,Costa Rica Indice Accionario,加拿大多伦多S&P/TSX 综合指数,S&P CLX IPSA
L1,-0.0331174174277462,0,0,0,0,0,0,-0.11573935013503871,0
L2,0.08419887135995624,0,0,0,0,0,0,0.0,0
L3,0.11403227935693444,0,0,0,0,0,0,0.0,0
L4,-0.17955137329245144,0,0,0,0,0,0,0.0,0
