,比利时BFX,日经225,墨西哥BOLSA,恒生指数,韩国综合指数,荷兰AEX,Costa Rica Indice Accionario,加拿大多伦多S&P/TSX 综合指数,S&P CLX IPSA
L1,-0.05994127740076504,0,0,-0.014886217701337242,0,-0.07055047802470883,0,-0.09289667688793045,0
L2,0.05809185696689109,0,0,-0.03165129670078394,0,-0.0180133984372531,0,-0.06327263170323115,0
L3,0.18106862879861613,0,0,0.24189737666005595,0,0.17722770519106698,0,0.06109672529564819,0
L4,-0.11527827693002195,0,0,0.0,0,0.0,0,-0.16154573830591368,0
