,比利时BFX,日经225,墨西哥BOLSA,恒生指数,韩国综合指数,荷兰AEX,Costa Rica Indice Accionario,加拿大多伦多S&P/TSX 综合指数,S&P CLX IPSA
L1,-0.030501535924734716,0,0,0,0,0,0,-0.11901130306048598,0
L2,0.07600936548891973,0,0,0,0,0,0,0.0,0
L3,0.1095717132379371,0,0,0,0,0,0,0.0,0
L4,-0.18440544670851017,0,0,0,0,0,0,0.0,0
