,比利时BFX,日经225,墨西哥BOLSA,恒生指数,韩国综合指数,荷兰AEX,Costa Rica Indice Accionario,加拿大多伦多S&P/TSX 综合指数,S&P CLX IPSA
L1,0,0.17281514621643704,-0.1687412386044184,0,0,0,0,0,0
L2,0,-0.0592807133527241,0.0,0,0,0,0,0,0
L3,0,0.14716914458475372,0.0,0,0,0,0,0,0
L4,0,0.0,0.0,0,0,0,0,0,0
