,比利时BFX,日经225,墨西哥BOLSA,恒生指数,韩国综合指数,荷兰AEX,Costa Rica Indice Accionario,加拿大多伦多S&P/TSX 综合指数,S&P CLX IPSA
L1,-0.03443544827989546,0.2567314744503967,0,0.00898998032653213,0,-0.020702976530621475,0,0,0
L2,0.04126364135040779,0.0,0,-0.03254316598228864,0,-0.04458918692521595,0,0,0
L3,0.18778717578348,0.0,0,0.23176883932310444,0,0.18063458876397562,0,0,0
L4,0.0,0.0,0,0.0,0,0.0,0,0,0
