,比利时BFX,日经225,墨西哥BOLSA,恒生指数,韩国综合指数,荷兰AEX,Costa Rica Indice Accionario,加拿大多伦多S&P/TSX 综合指数,S&P CLX IPSA
L1,0,-0.00813836864813203,-0.14836884243359233,0,0,0,0,0,0
L2,0,-0.14377397808765613,0.0,0,0,0,0,0,0
L3,0,0.14311235062188016,0.0,0,0,0,0,0,0
L4,0,0.0,0.0,0,0,0,0,0,0
