,比利时BFX,日经225,墨西哥BOLSA,恒生指数,韩国综合指数,荷兰AEX,Costa Rica Indice Accionario,加拿大多伦多S&P/TSX 综合指数,S&P CLX IPSA
L1,0,0.15985792542058863,0,-0.0687135348218775,-0.1444843221134662,0,0,0,0
L2,0,-0.04841712577276205,0,-0.019613154363975246,0.0,0,0,0,0
L3,0,0.16451736527500618,0,0.1747144269200568,0.0,0,0,0,0
L4,0,0.0,0,0.0,0.0,0,0,0,0
