,比利时BFX,日经225,墨西哥BOLSA,恒生指数,韩国综合指数,荷兰AEX,Costa Rica Indice Accionario,加拿大多伦多S&P/TSX 综合指数,S&P CLX IPSA
L1,0,-0.036090486696584816,-0.1529211284134806,0,0,0,0,0,0
L2,0,-0.1449193435324726,0.0,0,0,0,0,0,0
L3,0,0.1449000855097523,0.0,0,0,0,0,0,0
L4,0,0.0,0.0,0,0,0,0,0,0
