,比利时BFX,日经225,墨西哥BOLSA,恒生指数,韩国综合指数,荷兰AEX,Costa Rica Indice Accionario,加拿大多伦多S&P/TSX 综合指数,S&P CLX IPSA
L1,-0.034307005589316326,0,0,0,0,0,0,0,0
L2,0.08395135435975969,0,0,0,0,0,0,0,0
L3,0.11237799010347688,0,0,0,0,0,0,0,0
L4,-0.18241035678112089,0,0,0,0,0,0,0,0
