,比利时BFX,日经225,墨西哥BOLSA,恒生指数,韩国综合指数,荷兰AEX,Costa Rica Indice Accionario,加拿大多伦多S&P/TSX 综合指数,S&P CLX IPSA
L1,-0.10574231184672184,0.26465090196713564,-0.30729843676089297,-0.06586063434093722,0,-0.1629317051321304,0,-0.23045984712130937,-0.23988964768986765
L2,-0.028659550174824827,0.0,-0.23989232983911946,0.08720004619696703,0,-0.23050469685117325,0,-0.22980833872370338,-0.23711792855328503
L3,0.2740935231639881,0.0,0.06409625751785183,0.23658902581133592,0,0.2852109588037324,0,0.21351484079197328,0.3041239757954705
L4,-0.26042999233437925,0.0,-0.20909508361346132,0.0,0,0.0,0,-0.3549405569844701,0.0
