,比利时BFX,日经225,墨西哥BOLSA,恒生指数,韩国综合指数,荷兰AEX,Costa Rica Indice Accionario,加拿大多伦多S&P/TSX 综合指数,S&P CLX IPSA
L1,-0.03194915668554027,0,0,0,0,0,0,0,0
L2,0.07737924560091887,0,0,0,0,0,0,0,0
L3,0.10914351108546766,0,0,0,0,0,0,0,0
L4,-0.1807369625855846,0,0,0,0,0,0,0,0
