,比利时BFX,日经225,墨西哥BOLSA,恒生指数,韩国综合指数,荷兰AEX,Costa Rica Indice Accionario,加拿大多伦多S&P/TSX 综合指数,S&P CLX IPSA
L1,0,-0.04042408785324468,-0.15429208708751346,0,0,0,0,0,0
L2,0,-0.14419483306192715,0.0,0,0,0,0,0,0
L3,0,0.1426511673461164,0.0,0,0,0,0,0,0
L4,0,0.0,0.0,0,0,0,0,0,0
