,比利时BFX,日经225,墨西哥BOLSA,恒生指数,韩国综合指数,荷兰AEX,Costa Rica Indice Accionario,加拿大多伦多S&P/TSX 综合指数,S&P CLX IPSA
L1,-0.13302954087853544,-0.09079098795683721,0,0,-0.13834345045720006,-0.13596817001368094,0,0,0
L2,0.0,-0.038405487919638145,0,0,0.0,0.0,0,0,0
L3,0.0,0.17731101675658925,0,0,0.0,0.0,0,0,0
L4,0.0,0.0,0,0,0.0,0.0,0,0,0
