,比利时BFX,日经225,墨西哥BOLSA,恒生指数,韩国综合指数,荷兰AEX,Costa Rica Indice Accionario,加拿大多伦多S&P/TSX 综合指数,S&P CLX IPSA
L1,-0.10674592734737257,-0.1422667491350378,0,-0.12856620079961376,0,0,0.0348959287194318,-0.15394318067936602,0
L2,0.0,0.05799026110532107,0,0.0,0,0,-0.14242563486769755,0.0,0
L3,0.0,0.15716326333170885,0,0.0,0,0,-0.12904890714503717,0.0,0
L4,0.0,0.0,0,0.0,0,0,0.0,0.0,0
