,比利时BFX,日经225,墨西哥BOLSA,恒生指数,韩国综合指数,荷兰AEX,Costa Rica Indice Accionario,加拿大多伦多S&P/TSX 综合指数,S&P CLX IPSA
L1,-0.12942553998767306,0,-0.18280959194978627,-0.15297180539774113,0,-0.12624682609834087,0.04392037351064848,0,0
L2,0.0,0,0.0,0.0,0,0.0,-0.05479900249371255,0,0
L3,0.0,0,0.0,0.0,0,0.0,-0.3176406769989199,0,0
L4,0.0,0,0.0,0.0,0,0.0,0.0,0,0
