,比利时BFX,日经225,墨西哥BOLSA,恒生指数,韩国综合指数,荷兰AEX,Costa Rica Indice Accionario,加拿大多伦多S&P/TSX 综合指数,S&P CLX IPSA
L1,-0.12157954093414951,-0.1259947685283179,0,-0.13956026333206273,0,-0.10092897704813857,0.045457083815179024,-0.16823811631523053,0
L2,0.0,0.057803383216874886,0,0.0,0,0.1017620284454059,-0.17310016939111356,0.0,0
L3,0.0,0.15916995162588973,0,0.0,0,0.0,-0.12868280457247286,0.0,0
L4,0.0,0.0,0,0.0,0,0.0,0.0,0.0,0
