,比利时BFX,日经225,墨西哥BOLSA,恒生指数,韩国综合指数,荷兰AEX,Costa Rica Indice Accionario,加拿大多伦多S&P/TSX 综合指数,S&P CLX IPSA
L1,0,-0.12439888488915024,0,-0.1670988173545349,0,-0.11939907549311593,0.07782048138181073,-0.16325731089820508,0
L2,0,0.04696033149212204,0,0.0,0,0.0,-0.2104404357785344,0.0,0
L3,0,0.15123022033278588,0,0.0,0,0.0,-0.11032055177384974,0.0,0
L4,0,0.0,0,0.0,0,0.0,0.0,0.0,0
