,比利时BFX,日经225,墨西哥BOLSA,恒生指数,韩国综合指数,荷兰AEX,Costa Rica Indice Accionario,加拿大多伦多S&P/TSX 综合指数,S&P CLX IPSA
L1,-0.1299813170417807,-0.09144193922808358,0,0,-0.14115121290536023,-0.13252287808089527,0,0,0
L2,0.0,-0.036572330819965505,0,0,0.0,0.0,0,0,0
L3,0.0,0.1876278560318326,0,0,0.0,0.0,0,0,0
L4,0.0,0.0,0,0,0.0,0.0,0,0,0
