,比利时BFX,日经225,墨西哥BOLSA,恒生指数,韩国综合指数,荷兰AEX,Costa Rica Indice Accionario,加拿大多伦多S&P/TSX 综合指数,S&P CLX IPSA
L1,0,-0.08849012737760484,0,0,-0.12203521861279686,-0.10995392875686047,0,0,0
L2,0,-0.07395095014330164,0,0,0.0,0.0,0,0,0
L3,0,0.16647602225236802,0,0,0.0,0.0,0,0,0
L4,0,0.0,0,0,0.0,0.0,0,0,0
