,比利时BFX,日经225,墨西哥BOLSA,恒生指数,韩国综合指数,荷兰AEX,Costa Rica Indice Accionario,加拿大多伦多S&P/TSX 综合指数,S&P CLX IPSA
L1,0,-0.12088026186979808,0,-0.17544962902757336,0,-0.12572045407708465,0.04263766951582024,0,0
L2,0,0.045780947429957836,0,0.0,0,0.0,-0.05617488846058092,0,0
L3,0,0.1526980722262399,0,0.0,0,0.0,-0.32393128219379996,0,0
L4,0,0.0,0,0.0,0,0.0,0.0,0,0
