,比利时BFX,日经225,墨西哥BOLSA,恒生指数,韩国综合指数,荷兰AEX,Costa Rica Indice Accionario,加拿大多伦多S&P/TSX 综合指数,S&P CLX IPSA
L1,0,-0.09618593645288809,0,0,-0.1493906371435519,-0.10709165953965925,0,0,0
L2,0,-0.053785603514326694,0,0,0.0,0.10100268721306031,0,0,0
L3,0,0.17584349637474125,0,0,0.0,0.0,0,0,0
L4,0,0.0,0,0,0.0,0.0,0,0,0
