,比利时BFX,日经225,墨西哥BOLSA,恒生指数,韩国综合指数,荷兰AEX,Costa Rica Indice Accionario,加拿大多伦多S&P/TSX 综合指数,S&P CLX IPSA
L1,-0.11820132165782801,-0.12765052218091485,0,-0.14034534251977035,0,-0.09978463221860999,0.04553122786405815,-0.1561373511923743,0
L2,0.0,0.05768550182056494,0,0.0,0,0.10627282092841987,-0.17205480275210605,0.0,0
L3,0.0,0.16207132897421067,0,0.0,0,0.0,-0.12662350036508765,0.0,0
L4,0.0,0.0,0,0.0,0,0.0,0.0,0.0,0
