,比利时BFX,日经225,墨西哥BOLSA,恒生指数,韩国综合指数,荷兰AEX,Costa Rica Indice Accionario,加拿大多伦多S&P/TSX 综合指数,S&P CLX IPSA
L1,-0.11384340124996402,-0.12079544732666417,0,-0.1694957957950842,0,-0.11734192896030876,0.07494897687453833,-0.170131156271855,0
L2,0.0,0.0717047098150325,0,0.0,0,0.0,-0.21527163205910774,0.0,0
L3,0.0,0.1588002691052496,0,0.0,0,0.0,-0.10590259770733498,0.0,0
L4,0.0,0.0,0,0.0,0,0.0,0.0,0.0,0
