,比利时BFX,日经225,墨西哥BOLSA,恒生指数,韩国综合指数,荷兰AEX,Costa Rica Indice Accionario,加拿大多伦多S&P/TSX 综合指数,S&P CLX IPSA
L1,0,0,0,-0.13601951109948673,0,-0.10187726047563371,0.1167110715677171,-0.12171260835900106,0
L2,0,0,0,0.0,0,0.0,0.0,0.0,0
L3,0,0,0,0.0,0,0.0,0.0,0.0,0
L4,0,0,0,0.0,0,0.0,0.0,0.0,0
