,比利时BFX,日经225,墨西哥BOLSA,恒生指数,韩国综合指数,荷兰AEX,Costa Rica Indice Accionario,加拿大多伦多S&P/TSX 综合指数,S&P CLX IPSA
L1,-0.19176667135217462,-0.04470541038249297,0,0,0,-0.15715572833599073,0,-0.1197267213993138,0
L2,0.0,0.07198802210026847,0,0,0,0.124406910971295,0,0.10068468515429599,0
L3,0.0,0.18138674129101437,0,0,0,0.0,0,0.0,0
L4,0.0,0.0,0,0,0,0.0,0,0.0,0
