,比利时BFX,日经225,墨西哥BOLSA,恒生指数,韩国综合指数,荷兰AEX,Costa Rica Indice Accionario,加拿大多伦多S&P/TSX 综合指数,S&P CLX IPSA
L1,0,-0.01828701361474077,-0.16986591881704646,0,-0.10801270222089135,0,0,0,0
L2,0,-0.12063688456397668,0.0,0,0.0,0,0,0,0
L3,0,0.16114574096657158,0.0,0,0.0,0,0,0,0
L4,0,0.0,0.0,0,0.0,0,0,0,0
