,比利时BFX,日经225,墨西哥BOLSA,恒生指数,韩国综合指数,荷兰AEX,Costa Rica Indice Accionario,加拿大多伦多S&P/TSX 综合指数,S&P CLX IPSA
L1,-0.12384525981768287,-0.12742283595704662,0,-0.14141789016590603,0,-0.1144291515022837,0.045108568512892216,-0.16968942098449882,0
L2,0.0,0.057208652427223006,0,0.0,0,0.0,-0.17401345197754642,0.0,0
L3,0.0,0.15876200207129468,0,0.0,0,0.0,-0.1288127276023017,0.0,0
L4,0.0,0.0,0,0.0,0,0.0,0.0,0.0,0
