,比利时BFX,日经225,墨西哥BOLSA,恒生指数,韩国综合指数,荷兰AEX,Costa Rica Indice Accionario,加拿大多伦多S&P/TSX 综合指数,S&P CLX IPSA
L1,-0.13083662179018735,0,-0.18269182986049212,-0.15259354370429584,0,-0.1271368818143257,0.04671818913702548,0,-0.10755228274764246
L2,0.0,0,0.0,0.0,0,0.0,-0.0548552050444681,0,-0.08705447240619732
L3,0.0,0,0.0,0.0,0,0.0,-0.31439386904987504,0,-0.12786085830283578
L4,0.0,0,0.0,0.0,0,0.0,0.0,0,0.0
