,比利时BFX,日经225,墨西哥BOLSA,恒生指数,韩国综合指数,荷兰AEX,Costa Rica Indice Accionario,加拿大多伦多S&P/TSX 综合指数,S&P CLX IPSA
L1,-0.18029301499591657,0,0,0,0,-0.13333294077677527,0,-0.13546774295532515,0
L2,-0.004531560184052468,0,0,0,0,0.09546835417213717,0,0.0,0
L3,-0.1513766074383502,0,0,0,0,-0.10127654084888899,0,0.0,0
L4,0.0,0,0,0,0,0.0,0,0.0,0
