,比利时BFX,日经225,墨西哥BOLSA,恒生指数,韩国综合指数,荷兰AEX,Costa Rica Indice Accionario,加拿大多伦多S&P/TSX 综合指数,S&P CLX IPSA
L1,0,-0.013384753170414116,-0.15199119740959868,0,-0.1041805982336346,0,0,0,0
L2,0,-0.11644439458266798,0.0,0,0.0,0,0,0,0
L3,0,0.16043712966997115,0.0,0,0.0,0,0,0,0
L4,0,0.0,0.0,0,0.0,0,0,0,0
