,比利时BFX,日经225,墨西哥BOLSA,恒生指数,韩国综合指数,荷兰AEX,Costa Rica Indice Accionario,加拿大多伦多S&P/TSX 综合指数,S&P CLX IPSA
L1,0,-0.05204780915083432,0,0,-0.11629810222671307,-0.10061279530893992,0,0,0
L2,0,-0.08340098830239967,0,0,0.0,0.11826418848788622,0,0,0
L3,0,0.18740740020394242,0,0,0.0,0.0,0,0,0
L4,0,0.0,0,0,0.0,0.0,0,0,0
