,比利时BFX,日经225,墨西哥BOLSA,恒生指数,韩国综合指数,荷兰AEX,Costa Rica Indice Accionario,加拿大多伦多S&P/TSX 综合指数,S&P CLX IPSA
L1,-0.11349609168005691,-0.12213362873722423,0,-0.17028836066835903,0,-0.11628680531381606,0.07541893056239155,-0.17006237046503658,0
L2,0.0,0.07310348705817427,0,0.0,0,0.0,-0.2150067897268029,0.0,0
L3,0.0,0.1661563784316026,0,0.0,0,0.0,-0.10334030695565906,0.0,0
L4,0.0,0.0,0,0.0,0,0.0,0.0,0.0,0
