,比利时BFX,日经225,墨西哥BOLSA,恒生指数,韩国综合指数,荷兰AEX,Costa Rica Indice Accionario,加拿大多伦多S&P/TSX 综合指数,S&P CLX IPSA
L1,0,-0.11958184330304858,0,-0.16444958116572675,0,-0.1267886885028917,0.04594243261204387,-0.16020776677022783,0
L2,0,0.0468027962113263,0,0.0,0,0.0,-0.0558548506195791,0.0,0
L3,0,0.14401035898470432,0,0.0,0,0.0,-0.3101938534416128,0.0,0
L4,0,0.0,0,0.0,0,0.0,0.0,0.0,0
