,比利时BFX,日经225,墨西哥BOLSA,恒生指数,韩国综合指数,荷兰AEX,Costa Rica Indice Accionario,加拿大多伦多S&P/TSX 综合指数,S&P CLX IPSA
L1,-0.10085529554168803,-0.11031864019066079,0,-0.130699480206326,0,0,0.018206476666311627,-0.12686666443753383,0
L2,0.0,0.0,0,0.0,0,0,-0.13814056556611154,0.0,0
L3,0.0,0.0,0,0.0,0,0,-0.13928065587498856,0.0,0
L4,0.0,0.0,0,0.0,0,0,-0.17242603209213617,0.0,0
