,比利时BFX,日经225,墨西哥BOLSA,恒生指数,韩国综合指数,荷兰AEX,Costa Rica Indice Accionario,加拿大多伦多S&P/TSX 综合指数,S&P CLX IPSA
L1,0,-0.12385419066107095,0,-0.16268970049281578,0,-0.12745419131163993,0.030285934495063508,-0.1603246119816422,0
L2,0,0.04701637925452879,0,0.0,0,0.0,-0.06801049921913586,0.0,0
L3,0,0.1406671243515055,0,0.0,0,0.0,-0.31181664307188006,0.0,0
L4,0,0.0,0,0.0,0,0.0,0.0,0.0,0
