,比利时BFX,日经225,墨西哥BOLSA,恒生指数,韩国综合指数,荷兰AEX,Costa Rica Indice Accionario,加拿大多伦多S&P/TSX 综合指数,S&P CLX IPSA
L1,-0.14329243451217624,-0.06990725312892991,0,0,0,-0.14199425420770487,0,0,0
L2,0.0,-0.07614170691246373,0,0,0,0.0,0,0,0
L3,0.0,0.17490991659518382,0,0,0,0.0,0,0,0
L4,0.0,0.0,0,0,0,0.0,0,0,0
