,比利时BFX,日经225,墨西哥BOLSA,恒生指数,韩国综合指数,荷兰AEX,Costa Rica Indice Accionario,加拿大多伦多S&P/TSX 综合指数,S&P CLX IPSA
L1,-0.12886336834541562,0,-0.1840348927448042,-0.15885777995672257,0,-0.12644477371460988,0.042776289553963356,-0.17140009372861909,0
L2,0.0,0,0.0,0.0,0,0.0,-0.05587982879074082,0.0,0
L3,0.0,0,0.0,0.0,0,0.0,-0.32081435679134634,0.0,0
L4,0.0,0,0.0,0.0,0,0.0,0.0,0.0,0
