,比利时BFX,日经225,墨西哥BOLSA,恒生指数,韩国综合指数,荷兰AEX,Costa Rica Indice Accionario,加拿大多伦多S&P/TSX 综合指数,S&P CLX IPSA
L1,-0.17729609501353322,0,0,0,0,-0.14362272368125342,0,0,-0.11711612642923815
L2,-0.04688895613994978,0,0,0,0,0.0,0,0,0.0
L3,-0.18227888673243162,0,0,0,0,0.0,0,0,0.0
L4,0.0,0,0,0,0,0.0,0,0,0.0
