,比利时BFX,日经225,墨西哥BOLSA,恒生指数,韩国综合指数,荷兰AEX,Costa Rica Indice Accionario,加拿大多伦多S&P/TSX 综合指数,S&P CLX IPSA
L1,0,-0.020928785566225242,-0.16982659773987363,0,-0.11137418898753478,0,0,0,0
L2,0,-0.12937000287785144,0.0,0,0.0,0,0,0,0
L3,0,0.14766605235678776,0.0,0,0.0,0,0,0,0
L4,0,0.0,0.0,0,0.0,0,0,0,0
