,比利时BFX,日经225,墨西哥BOLSA,恒生指数,韩国综合指数,荷兰AEX,Costa Rica Indice Accionario,加拿大多伦多S&P/TSX 综合指数,S&P CLX IPSA
L1,-0.111254599542743,-0.1197157418700787,0,-0.12962318334864692,0,-0.10162764209701315,0.03503508253984354,-0.15544283703172293,0
L2,0.0,0.0,0,0.0,0,0.0,-0.13760637055688268,0.0,0
L3,0.0,0.0,0,0.0,0,0.0,-0.13086171971597205,0.0,0
L4,0.0,0.0,0,0.0,0,0.0,0.0,0.0,0
