,比利时BFX,日经225,墨西哥BOLSA,恒生指数,韩国综合指数,荷兰AEX,Costa Rica Indice Accionario,加拿大多伦多S&P/TSX 综合指数,S&P CLX IPSA
L1,0,-0.09564643220702382,0,0,-0.1268446938144934,-0.1122565099603613,0,0,0
L2,0,-0.06938727315863258,0,0,0.0,0.0,0,0,0
L3,0,0.16487229464719666,0,0,0.0,0.0,0,0,0
L4,0,0.0,0,0,0.0,0.0,0,0,0
