,比利时BFX,日经225,墨西哥BOLSA,恒生指数,韩国综合指数,荷兰AEX,Costa Rica Indice Accionario,加拿大多伦多S&P/TSX 综合指数,S&P CLX IPSA
L1,0,-0.1267605283750052,0,-0.16914352814926314,0,-0.11859868896708087,0.0777976514816925,-0.16340100467486451,0
L2,0,0.04375647389691231,0,0.0,0,0.0,-0.21004768272024027,0.0,0
L3,0,0.15281050297317034,0,0.0,0,0.0,-0.11012117268943741,0.0,0
L4,0,0.0,0,0.0,0,0.0,0.0,0.0,0
