,比利时BFX,日经225,墨西哥BOLSA,恒生指数,韩国综合指数,荷兰AEX,Costa Rica Indice Accionario,加拿大多伦多S&P/TSX 综合指数,S&P CLX IPSA
L1,-0.11420817448344972,-0.11962332490980368,0,-0.16990378363392414,0,-0.1181198098135749,0.07476449012762909,-0.17041717211275378,0
L2,0.0,0.08042073690881885,0,0.0,0,0.0,-0.21592842916292107,0.0,0
L3,0.0,0.16652333596804383,0,0.0,0,0.0,-0.10613882737048275,0.0,0
L4,0.0,0.0,0,0.0,0,0.0,0.0,0.0,0
