,比利时BFX,日经225,墨西哥BOLSA,恒生指数,韩国综合指数,荷兰AEX,Costa Rica Indice Accionario,加拿大多伦多S&P/TSX 综合指数,S&P CLX IPSA
L1,-0.12475869871288173,0,-0.18672991706611175,-0.1433571715634981,0,-0.12836081078748632,0.044472209931194315,0,-0.1120028814651651
L2,0.0,0,0.0,0.0,0,0.0,-0.06246150821650823,0,-0.09335586283535842
L3,0.0,0,0.0,0.0,0,0.0,-0.339419241716697,0,-0.14299658518583358
L4,0.0,0,0.0,0.0,0,0.0,0.0,0,0.0
