,比利时BFX,日经225,墨西哥BOLSA,恒生指数,韩国综合指数,荷兰AEX,Costa Rica Indice Accionario,加拿大多伦多S&P/TSX 综合指数,S&P CLX IPSA
L1,-0.18098019186923797,0,0,0,0,-0.15101383299617036,0,-0.13186018311402944,-0.131891974857831
L2,-0.031226675635852373,0,0,0,0,0.0,0,0.0,0.0
L3,-0.16929972775326282,0,0,0,0,0.0,0,0.0,0.0
L4,0.0,0,0,0,0,0.0,0,0.0,0.0
