,比利时BFX,日经225,墨西哥BOLSA,恒生指数,韩国综合指数,荷兰AEX,Costa Rica Indice Accionario,加拿大多伦多S&P/TSX 综合指数,S&P CLX IPSA
L1,-0.1573848214878745,-0.066001599179985,0,0,0,-0.15280791934797608,0,0,0
L2,0.0,-0.0011870719725208707,0,0,0,0.0,0,0,0
L3,0.0,0.1789467928628067,0,0,0,0.0,0,0,0
L4,0.0,0.0,0,0,0,0.0,0,0,0
