,比利时BFX,日经225,墨西哥BOLSA,恒生指数,韩国综合指数,荷兰AEX,Costa Rica Indice Accionario,加拿大多伦多S&P/TSX 综合指数,S&P CLX IPSA
L1,-0.12973454441055238,0,-0.17932098072680883,-0.152388249829736,0,-0.12618867617095972,0.04192834148331429,-0.1696524432931763,-0.10041718099345398
L2,0.0,0,0.0,0.0,0,0.0,-0.05566329960126336,0.0,-0.084590294212871
L3,0.0,0,0.0,0.0,0,0.0,-0.32112862711686857,0.0,-0.13199653099756145
L4,0.0,0,0.0,0.0,0,0.0,0.0,0.0,0.0
