,比利时BFX,日经225,墨西哥BOLSA,恒生指数,韩国综合指数,荷兰AEX,Costa Rica Indice Accionario,加拿大多伦多S&P/TSX 综合指数,S&P CLX IPSA
L1,-0.16179703081637,-0.08611627284826391,0,0,0,-0.15584466354633641,0,0,0
L2,0.0,-0.06390206444952898,0,0,0,0.0,0,0,0
L3,0.0,0.17323130232776324,0,0,0,0.0,0,0,0
L4,0.0,0.0,0,0,0,0.0,0,0,0
