,比利时BFX,日经225,墨西哥BOLSA,恒生指数,韩国综合指数,荷兰AEX,Costa Rica Indice Accionario,加拿大多伦多S&P/TSX 综合指数,S&P CLX IPSA
L1,-0.18410431518718182,0,0,0,0,-0.14645882974641689,0,-0.13677964501952333,0
L2,-0.005285018409506195,0,0,0,0,0.10873724291199242,0,0.0,0
L3,-0.14908285568064183,0,0,0,0,0.0,0,0.0,0
L4,0.0,0,0,0,0,0.0,0,0.0,0
