,比利时BFX,日经225,墨西哥BOLSA,恒生指数,韩国综合指数,荷兰AEX,Costa Rica Indice Accionario,加拿大多伦多S&P/TSX 综合指数,S&P CLX IPSA
L1,-0.12028847213330587,-0.12559308446663375,0,-0.1400343538281272,0,-0.10086265669196477,0.04555204447312029,-0.16610889987018163,0
L2,0.0,0.0583446591822893,0,0.0,0,0.10215568640205554,-0.17312197148693723,0.0,0
L3,0.0,0.1598345767091707,0,0.0,0,0.0,-0.12777930479083993,0.0,0
L4,0.0,0.0,0,0.0,0,0.0,0.0,0.0,0
