,比利时BFX,日经225,墨西哥BOLSA,恒生指数,韩国综合指数,荷兰AEX,Costa Rica Indice Accionario,加拿大多伦多S&P/TSX 综合指数,S&P CLX IPSA
L1,-0.1668600737215769,-0.03509329149999225,0,0,0,-0.14419536500609237,0,-0.07655469107888598,0
L2,0.0,0.0820963908217782,0,0,0,0.15656812847138699,0,0.13200455147579462,0
L3,0.0,0.17864700736655123,0,0,0,0.0,0,0.0,0
L4,0.0,0.0,0,0,0,0.0,0,0.0,0
