,比利时BFX,日经225,墨西哥BOLSA,恒生指数,韩国综合指数,荷兰AEX,Costa Rica Indice Accionario,加拿大多伦多S&P/TSX 综合指数,S&P CLX IPSA
L1,-0.11282635516104911,-0.12113110784675059,0,-0.16946077423043135,0,-0.1160408576944906,0.07600087835664857,-0.17033949295671044,0
L2,0.0,0.07303752534954393,0,0.0,0,0.0,-0.21541239082700142,0.0,0
L3,0.0,0.1660981403803093,0,0.0,0,0.0,-0.10252855536113624,0.0,0
L4,0.0,0.0,0,0.0,0,0.0,0.0,0.0,0
