,比利时BFX,日经225,墨西哥BOLSA,恒生指数,韩国综合指数,荷兰AEX,Costa Rica Indice Accionario,加拿大多伦多S&P/TSX 综合指数,S&P CLX IPSA
L1,-0.11507751673550734,-0.12608082663434872,0,-0.16061742711372082,0,-0.1161786386407476,0.06235033733764625,-0.17149239157564858,0
L2,0.0,0.06892901270353077,0,0.0,0,0.0,-0.2082461028172648,0.0,0
L3,0.0,0.1589625846551422,0,0.0,0,0.0,-0.10593126158035941,0.0,0
L4,0.0,0.0,0,0.0,0,0.0,0.0,0.0,0
