,比利时BFX,日经225,墨西哥BOLSA,恒生指数,韩国综合指数,荷兰AEX,Costa Rica Indice Accionario,加拿大多伦多S&P/TSX 综合指数,S&P CLX IPSA
L1,-0.14318285255152305,0,-0.1459290784704023,0,-0.08089766956777765,-0.1363770951299952,0.007461589238131602,-0.13508622334638581,0
L2,0.0,0,0.0,0,-0.13478498132921923,0.0,-0.09913321862280855,-0.0887922979360815,0
L3,0.0,0,0.0,0,-0.1960442902417121,0.0,-0.45995452351064753,0.040961645333583895,0
L4,0.0,0,0.0,0,-0.12609002072273445,0.0,0.0,-0.22637929389686917,0
