,比利时BFX,日经225,墨西哥BOLSA,恒生指数,韩国综合指数,荷兰AEX,Costa Rica Indice Accionario,加拿大多伦多S&P/TSX 综合指数,S&P CLX IPSA
L1,-0.1079089096914789,-0.057245691723568526,-0.1527179211390209,-0.11054126902804706,0,-0.11110929363897283,0.0015071589443880692,-0.11923533810648985,0
L2,0.0,-0.14493129187962345,0.0,0.0,0,0.0,-0.10672872645225821,-0.08429609030924665,0
L3,0.0,0.0,0.0,0.0,0,0.0,-0.44688552503540296,0.009903751943440304,0
L4,0.0,0.0,0.0,0.0,0,0.0,0.0,-0.19871108658675962,0
