,比利时BFX,日经225,墨西哥BOLSA,恒生指数,韩国综合指数,荷兰AEX,Costa Rica Indice Accionario,加拿大多伦多S&P/TSX 综合指数,S&P CLX IPSA
L1,-0.13407816276634732,0,-0.15867097891872975,-0.11313127224426797,-0.06112786482156704,-0.13122459133967357,0.0014852613190045535,-0.13564790968122492,0
L2,0.0,0,0.0,0.0,-0.12025030227888947,0.0,-0.09709835633275063,-0.09532125441265431,0
L3,0.0,0,0.0,0.0,-0.18016707020837439,0.0,-0.4643587474252902,0.027739980642983147,0
L4,0.0,0,0.0,0.0,0.0,0.0,0.0,-0.18105057492688964,0
