,比利时BFX,日经225,墨西哥BOLSA,恒生指数,韩国综合指数,荷兰AEX,Costa Rica Indice Accionario,加拿大多伦多S&P/TSX 综合指数,S&P CLX IPSA
L1,-0.11768949960761284,0,0,0,-0.029671894942253578,0,0,0,0
L2,0.0,0,0,0,0.04442754063731872,0,0,0,0
L3,0.0,0,0,0,-0.18493078021378676,0,0,0,0
L4,0.0,0,0,0,0.0,0,0,0,0
