,比利时BFX,日经225,墨西哥BOLSA,恒生指数,韩国综合指数,荷兰AEX,Costa Rica Indice Accionario,加拿大多伦多S&P/TSX 综合指数,S&P CLX IPSA
L1,-0.13998640363600184,0,-0.13215283949387246,0,-0.06632145414529156,-0.1321979414772031,0.014622052166912494,-0.1722246209521693,0
L2,0.0,0,0.0,0,-0.12925343475791623,0.0,-0.09645697811178816,-0.07768826682718524,0
L3,0.0,0,0.0,0,-0.1895259858197166,0.0,-0.48436938942682745,0.04895040188992269,0
L4,0.0,0,0.0,0,0.0,0.0,0.0,-0.20962197791555998,0
