,比利时BFX,日经225,墨西哥BOLSA,恒生指数,韩国综合指数,荷兰AEX,Costa Rica Indice Accionario,加拿大多伦多S&P/TSX 综合指数,S&P CLX IPSA
L1,0,0,0,0,0,-0.1047301125726213,0.020518212833346913,-0.11664772018516571,0
L2,0,0,0,0,0,0.0,-0.06745544109462136,-0.06873200814694569,0
L3,0,0,0,0,0,0.0,-0.3939331248198671,0.01794743356318716,0
L4,0,0,0,0,0,0.0,0.0,-0.1790213650133638,0
