,比利时BFX,日经225,墨西哥BOLSA,恒生指数,韩国综合指数,荷兰AEX,Costa Rica Indice Accionario,加拿大多伦多S&P/TSX 综合指数,S&P CLX IPSA
L1,0,0,0,0,0,-0.1083428327144366,0.014399502653387852,-0.11799673797177875,0
L2,0,0,0,0,0,0.0,-0.0905946413863991,-0.07451308275036397,0
L3,0,0,0,0,0,0.0,-0.4421924657389296,0.019517812225536463,0
L4,0,0,0,0,0,0.0,0.0,-0.17264402798020778,0
