,比利时BFX,日经225,墨西哥BOLSA,恒生指数,韩国综合指数,荷兰AEX,Costa Rica Indice Accionario,加拿大多伦多S&P/TSX 综合指数,S&P CLX IPSA
L1,-0.1396826707318929,0,-0.10835559380371024,0,-0.07164939276869867,-0.13242984391500445,0.015809415458928278,-0.19083072657586234,0
L2,0.0,0,0.1723275901654307,0,-0.13798134163117667,0.0,-0.0973240977591503,-0.1917209111511922,0
L3,0.0,0,0.0,0,-0.21735156348241036,0.0,-0.4853383864793448,0.0606814230424037,0
L4,0.0,0,0.0,0,0.0,0.0,0.0,-0.2221969782217413,0
