,比利时BFX,日经225,墨西哥BOLSA,恒生指数,韩国综合指数,荷兰AEX,Costa Rica Indice Accionario,加拿大多伦多S&P/TSX 综合指数,S&P CLX IPSA
L1,-0.1244822937246565,0,-0.18779694439940628,-0.14322341209359363,0,-0.13033899877103958,0.019433337120746436,0,-0.12073939817232988
L2,0.0,0,0.0,0.0,0,0.0,-0.06501356748368202,0,-0.07670672238153327
L3,0.0,0,0.0,0.0,0,0.0,-0.36270486484016484,0,-0.14006570571738874
L4,0.0,0,0.0,0.0,0,0.0,0.0,0,0.0
