,比利时BFX,日经225,墨西哥BOLSA,恒生指数,韩国综合指数,荷兰AEX,Costa Rica Indice Accionario,加拿大多伦多S&P/TSX 综合指数,S&P CLX IPSA
L1,-0.11720162643664997,-0.0770519423815613,-0.1885169907323084,-0.1337359442299042,0,-0.12684469920945063,0.02681307082779566,0,-0.1141648698110639
L2,0.0,-0.1060415899302532,0.0,0.0,0,0.0,-0.0705527300175584,0,-0.0854590503963076
L3,0.0,0.10918742871800136,0.0,0.0,0,0.0,-0.3862432476862645,0,-0.13295285533950688
L4,0.0,0.0,0.0,0.0,0,0.0,0.0,0,0.0
