,比利时BFX,日经225,墨西哥BOLSA,恒生指数,韩国综合指数,荷兰AEX,Costa Rica Indice Accionario,加拿大多伦多S&P/TSX 综合指数,S&P CLX IPSA
L1,-0.1169015380347228,0,0,0,0,0,0.022922432027206632,0,0
L2,0.0,0,0,0,0,0,-0.042924289310416947,0,0
L3,0.0,0,0,0,0,0,-0.4920395167819473,0,0
L4,0.0,0,0,0,0,0,0.0,0,0
