,比利时BFX,日经225,墨西哥BOLSA,恒生指数,韩国综合指数,荷兰AEX,Costa Rica Indice Accionario,加拿大多伦多S&P/TSX 综合指数,S&P CLX IPSA
L1,0,0,0,0,-0.05697367861012864,0,0,-0.13516811132277332,0
L2,0,0,0,0,0.000875718422765636,0,0,0.0,0
L3,0,0,0,0,-0.2063594104607343,0,0,0.0,0
L4,0,0,0,0,0.0,0,0,0.0,0
