,比利时BFX,日经225,墨西哥BOLSA,恒生指数,韩国综合指数,荷兰AEX,Costa Rica Indice Accionario,加拿大多伦多S&P/TSX 综合指数,S&P CLX IPSA
L1,-0.11607070027038306,0,-0.14804081400523852,0,0,-0.12803258221484187,0.017613554817415104,0,0
L2,0.0,0,0.0,0,0,0.0,-0.07760773232767441,0,0
L3,0.0,0,0.0,0,0,0.0,-0.3964588207579872,0,0
L4,0.0,0,0.0,0,0,0.0,0.0,0,0
