,比利时BFX,日经225,墨西哥BOLSA,恒生指数,韩国综合指数,荷兰AEX,Costa Rica Indice Accionario,加拿大多伦多S&P/TSX 综合指数,S&P CLX IPSA
L1,-0.10599832446781507,0,0,0,0,0,0.07776022317404654,0,0
L2,0.0,0,0,0,0,0,-0.008452222794673753,0,0
L3,0.0,0,0,0,0,0,-0.5794564100044804,0,0
L4,0.0,0,0,0,0,0,0.11812944380508836,0,0
