,比利时BFX,日经225,墨西哥BOLSA,恒生指数,韩国综合指数,荷兰AEX,Costa Rica Indice Accionario,加拿大多伦多S&P/TSX 综合指数,S&P CLX IPSA
L1,0,0,0,0,0,0,0,-0.14447822261684132,0
L2,0,0,0,0,0,0,0,-0.015183561261191936,0
L3,0,0,0,0,0,0,0,0.032648820435328296,0
L4,0,0,0,0,0,0,0,-0.17489798945910212,0
