,比利时BFX,日经225,墨西哥BOLSA,恒生指数,韩国综合指数,荷兰AEX,Costa Rica Indice Accionario,加拿大多伦多S&P/TSX 综合指数,S&P CLX IPSA
L1,0,-0.057681416004633064,0,-0.11964572170268281,-0.03580090277047933,0,0.013179239175052898,-0.24604668067225138,0
L2,0,-0.13859655837842633,0,0.0,-0.13790866381124048,0,-0.09894181404918376,-0.26213775263385103,0
L3,0,0.0,0,0.0,-0.16640268456287244,0,-0.4827004749130874,0.0,0
L4,0,0.0,0,0.0,0.0,0,0.0,0.0,0
