,比利时BFX,日经225,墨西哥BOLSA,恒生指数,韩国综合指数,荷兰AEX,Costa Rica Indice Accionario,加拿大多伦多S&P/TSX 综合指数,S&P CLX IPSA
L1,-0.14190820732770007,0,-0.13852877156171167,-0.11026296301811107,-0.0795690292678585,-0.13692979676659178,0.004994907772630744,-0.1344702206465474,0
L2,0.0,0,0.0,0.0,-0.1318126341939949,0.0,-0.0993484775309601,-0.09671947514440414,0
L3,0.0,0,0.0,0.0,-0.1901045989044501,0.0,-0.45940763555775227,0.045995996285142206,0
L4,0.0,0,0.0,0.0,-0.12298349513315276,0.0,0.0,-0.20972568072050732,0
