,比利时BFX,日经225,墨西哥BOLSA,恒生指数,韩国综合指数,荷兰AEX,Costa Rica Indice Accionario,加拿大多伦多S&P/TSX 综合指数,S&P CLX IPSA
L1,-0.1060933496196527,0,0,0,0,0,0.09548334486055324,0,0
L2,0.0,0,0,0,0,0,-0.014531529209623403,0,0
L3,0.0,0,0,0,0,0,-0.5877229301287032,0,0
L4,0.0,0,0,0,0,0,0.0,0,0
