,比利时BFX,日经225,墨西哥BOLSA,恒生指数,韩国综合指数,荷兰AEX,Costa Rica Indice Accionario,加拿大多伦多S&P/TSX 综合指数,S&P CLX IPSA
L1,-0.11269743404201066,-0.09230990951306692,-0.1903769234531231,-0.14799500868052567,0,-0.12352532064728734,0.024712939950430234,0,-0.12235097426188675
L2,0.0,-0.1229159360109962,0.0,0.0,0,0.0,-0.04654119799026002,0,-0.0824983412169271
L3,0.0,0.0,0.0,0.0,0,0.0,-0.3774621950018167,0,-0.13547009215985464
L4,0.0,0.0,0.0,0.0,0,0.0,0.0,0,0.0
