,比利时BFX,日经225,墨西哥BOLSA,恒生指数,韩国综合指数,荷兰AEX,Costa Rica Indice Accionario,加拿大多伦多S&P/TSX 综合指数,S&P CLX IPSA
L1,0,0,0,0,0,0,0.03447332747985672,-0.14991155483272553,0
L2,0,0,0,0,0,0,-0.02232942517326171,0.0,0
L3,0,0,0,0,0,0,-0.559994067639656,0.0,0
L4,0,0,0,0,0,0,0.0,0.0,0
