,比利时BFX,日经225,墨西哥BOLSA,恒生指数,韩国综合指数,荷兰AEX,Costa Rica Indice Accionario,加拿大多伦多S&P/TSX 综合指数,S&P CLX IPSA
L1,0,0,0,0,0,-0.11187262115692208,0.013610659112525975,-0.1201414730365541,0
L2,0,0,0,0,0,0.0,-0.05081627625379832,-0.0731562118549698,0
L3,0,0,0,0,0,0.0,-0.441426921047515,0.02220657813191825,0
L4,0,0,0,0,0,0.0,0.0,-0.1779219099394497,0
