,比利时BFX,日经225,墨西哥BOLSA,恒生指数,韩国综合指数,荷兰AEX,Costa Rica Indice Accionario,加拿大多伦多S&P/TSX 综合指数,S&P CLX IPSA
L1,-0.10966012111124115,0,-0.15101021737738543,0,0,-0.13309857677251224,0.0186756382437055,0,0
L2,0.0,0,0.0,0,0,0.0,-0.07555644623191977,0,0
L3,0.0,0,0.0,0,0,0.0,-0.3981684638000243,0,0
L4,0.0,0,0.0,0,0,0.0,0.0,0,0
