,比利时BFX,日经225,墨西哥BOLSA,恒生指数,韩国综合指数,荷兰AEX,Costa Rica Indice Accionario,加拿大多伦多S&P/TSX 综合指数,S&P CLX IPSA
L1,-0.13996170962279675,0,-0.13177560146680004,0,-0.08227717283315228,-0.13358623798746858,0.008948182590377343,-0.15355784392027363,0
L2,0.0,0,0.0,0,-0.13992554418975775,0.0,-0.09957236531433517,-0.04223178513492153,0
L3,0.0,0,0.0,0,-0.19692311331591225,0.0,-0.484190420839919,0.05896784011476925,0
L4,0.0,0,0.0,0,-0.1158984395436609,0.0,0.0,-0.196021606232845,0
