,比利时BFX,日经225,墨西哥BOLSA,恒生指数,韩国综合指数,荷兰AEX,Costa Rica Indice Accionario,加拿大多伦多S&P/TSX 综合指数,S&P CLX IPSA
L1,0,0,0,0,-0.029724116122164176,0,0,-0.14465622889734822,0
L2,0,0,0,0,0.019912005600224686,0,0,0.0,0
L3,0,0,0,0,-0.23220810298565964,0,0,0.0,0
L4,0,0,0,0,0.0,0,0,0.0,0
