,比利时BFX,日经225,墨西哥BOLSA,恒生指数,韩国综合指数,荷兰AEX,Costa Rica Indice Accionario,加拿大多伦多S&P/TSX 综合指数,S&P CLX IPSA
L1,-0.11001661147164388,0,-0.1912983379193527,-0.14303403915019589,0,-0.12344885454559534,0.022501302825114037,0,-0.1232546714694393
L2,0.0,0,0.0,0.0,0,0.0,-0.046380125449765684,0,-0.07936817620224575
L3,0.0,0,0.0,0.0,0,0.0,-0.37832482107253745,0,-0.13677433455251603
L4,0.0,0,0.0,0.0,0,0.0,0.0,0,0.0
