,比利时BFX,日经225,墨西哥BOLSA,恒生指数,韩国综合指数,荷兰AEX,Costa Rica Indice Accionario,加拿大多伦多S&P/TSX 综合指数,S&P CLX IPSA
L1,-0.1175051380325349,0,0,0,0,0,0.02132634904982845,0,0
L2,0.0,0,0,0,0,0,-0.04508419707999527,0,0
L3,0.0,0,0,0,0,0,-0.49171903699139696,0,0
L4,0.0,0,0,0,0,0,0.0,0,0
