,比利时BFX,日经225,墨西哥BOLSA,恒生指数,韩国综合指数,荷兰AEX,Costa Rica Indice Accionario,加拿大多伦多S&P/TSX 综合指数,S&P CLX IPSA
L1,-0.12122649642951741,-0.04683191746785744,0,-0.10573469277077283,-0.07521771127927525,-0.12968485825690756,0.0005382052593750977,-0.12952555912032862,0
L2,0.0,-0.14452093726887624,0,0.0,-0.1313780607531799,0.0,-0.10518837480507659,-0.10646631543384175,0
L3,0.0,0.0,0,0.0,-0.1536209340148107,0.0,-0.4449995334138866,0.009314560935526336,0
L4,0.0,0.0,0,0.0,-0.11069864432643083,0.0,0.0,-0.1928936365421297,0
