,比利时BFX,日经225,墨西哥BOLSA,恒生指数,韩国综合指数,荷兰AEX,Costa Rica Indice Accionario,加拿大多伦多S&P/TSX 综合指数,S&P CLX IPSA
L1,0,0,-0.14742834850570583,0,-0.0404982703716055,-0.10401339530793487,0.0020993583310478375,-0.11969749316480566,0
L2,0,0,0.0,0,-0.17717912809892752,0.0,-0.10715661074888871,-0.07731836211191785,0
L3,0,0,0.0,0,-0.14317623544455158,0.0,-0.449010168145445,0.015504105238223816,0
L4,0,0,0.0,0,-0.1469031355518047,0.0,0.0,-0.18591178183295715,0
