,比利时BFX,日经225,墨西哥BOLSA,恒生指数,韩国综合指数,荷兰AEX,Costa Rica Indice Accionario,加拿大多伦多S&P/TSX 综合指数,S&P CLX IPSA
L1,0,0,0,-0.09254638486989786,0,0,0.009574829118480108,-0.1687502569498841,0
L2,0,0,0,0.12806681360313982,0,0,-0.09893266226604622,0.0,0
L3,0,0,0,0.0,0,0,-0.5182663257746746,0.0,0
L4,0,0,0,0.0,0,0,0.0,0.0,0
