,比利时BFX,日经225,墨西哥BOLSA,恒生指数,韩国综合指数,荷兰AEX,Costa Rica Indice Accionario,加拿大多伦多S&P/TSX 综合指数,S&P CLX IPSA
L1,-0.10493893888176864,0,0,0,0,0,0.07509220716424421,0,0
L2,0.0,0,0,0,0,0,-0.005164033934833944,0,0
L3,0.0,0,0,0,0,0,-0.5795519399322876,0,0
L4,0.0,0,0,0,0,0,0.11561691075956006,0,0
