,比利时BFX,日经225,墨西哥BOLSA,恒生指数,韩国综合指数,荷兰AEX,Costa Rica Indice Accionario,加拿大多伦多S&P/TSX 综合指数,S&P CLX IPSA
L1,-0.03907912034097101,0,-0.05102576671374959,0,0.16095735386571128,0,0,0,0
L2,-0.1372011270909145,0,-0.1289609399504766,0,0.0,0,0,0,0
L3,0.12380470605281912,0,0.1276161652761983,0,0.0,0,0,0,0
L4,0.0,0,-0.11723507189826787,0,0.0,0,0,0,0
