,比利时BFX,日经225,墨西哥BOLSA,恒生指数,韩国综合指数,荷兰AEX,Costa Rica Indice Accionario,加拿大多伦多S&P/TSX 综合指数,S&P CLX IPSA
L1,0,0,0.030555881568806918,0,0,0,0,0.039520316848584314,0.19461019083949593
L2,0,0,-0.09142645234351934,0,0,0,0,0.07646963862983944,-0.028890626079423557
L3,0,0,0.15904406375297947,0,0,0,0,0.1428762613145229,0.16178166520320514
L4,0,0,0.0,0,0,0,0,0.0,0.0
