,比利时BFX,日经225,墨西哥BOLSA,恒生指数,韩国综合指数,荷兰AEX,Costa Rica Indice Accionario,加拿大多伦多S&P/TSX 综合指数,S&P CLX IPSA
L1,0,0,0,0,0,0,0,0.08299867224916824,0.1974396923529652
L2,0,0,0,0,0,0,0,0.06380594386552572,-0.04623173534597377
L3,0,0,0,0,0,0,0,0.15176627085958788,0.21588150300109213
L4,0,0,0,0,0,0,0,0.0,0.0
