,比利时BFX,日经225,墨西哥BOLSA,恒生指数,韩国综合指数,荷兰AEX,Costa Rica Indice Accionario,加拿大多伦多S&P/TSX 综合指数,S&P CLX IPSA
L1,0,0,0,0,0,0,0,0.04968002488355796,0.16752804950524466
L2,0,0,0,0,0,0,0,0.09270762095718661,-0.02030543322002567
L3,0,0,0,0,0,0,0,0.1724480342332239,0.1718576019527584
L4,0,0,0,0,0,0,0,0.0,0.0
