,比利时BFX,日经225,墨西哥BOLSA,恒生指数,韩国综合指数,荷兰AEX,Costa Rica Indice Accionario,加拿大多伦多S&P/TSX 综合指数,S&P CLX IPSA
L1,0,0,0,0,0.25175227570690123,0,0,0.04126218927632563,0.16906418477133534
L2,0,0,0,0,0.0,0,0,0.08636258015023889,-0.025203779900785594
L3,0,0,0,0,0.0,0,0,0.17771958298667365,0.17262386612671432
L4,0,0,0,0,0.0,0,0,0.0,0.0
