,比利时BFX,日经225,墨西哥BOLSA,恒生指数,韩国综合指数,荷兰AEX,Costa Rica Indice Accionario,加拿大多伦多S&P/TSX 综合指数,S&P CLX IPSA
L1,-0.039810318482454365,0,-0.0469084573774938,0,0.16066654920389453,0,0,-0.1363052070704525,0
L2,-0.1350318588665292,0,-0.1265254341332646,0,0.0,0,0,0.0,0
L3,0.12747970629368685,0,0.13227878734115983,0,0.0,0,0,0.0,0
L4,0.0,0,-0.12038289073239357,0,0.0,0,0,0.0,0
