,比利时BFX,日经225,墨西哥BOLSA,恒生指数,韩国综合指数,荷兰AEX,Costa Rica Indice Accionario,加拿大多伦多S&P/TSX 综合指数,S&P CLX IPSA
L1,-0.09298574676833538,0,0,0,0,0,0,-0.11425805506280655,0
L2,-0.11897020812388603,0,0,0,0,0,0,0.0,0
L3,0.11322166200510562,0,0,0,0,0,0,0.0,0
L4,0.0,0,0,0,0,0,0,0.0,0
