,比利时BFX,日经225,墨西哥BOLSA,恒生指数,韩国综合指数,荷兰AEX,Costa Rica Indice Accionario,加拿大多伦多S&P/TSX 综合指数,S&P CLX IPSA
L1,0,0,0,0,0,0,0,0.05252208551755387,0.17192299436061834
L2,0,0,0,0,0,0,0,0.07571207421929743,-0.03171013049414391
L3,0,0,0,0,0,0,0,0.1529018900348197,0.17508232128946905
L4,0,0,0,0,0,0,0,0.0,0.0
