,比利时BFX,日经225,墨西哥BOLSA,恒生指数,韩国综合指数,荷兰AEX,Costa Rica Indice Accionario,加拿大多伦多S&P/TSX 综合指数,S&P CLX IPSA
L1,-0.06726729177949088,0,-0.09112268737879144,0,0,0,0,-0.11008368446599473,0
L2,-0.1165975774112629,0,-0.12209041095878008,0,0,0,0,0.0,0
L3,0.1110284966417046,0,0.0,0,0,0,0,0.0,0
L4,0.0,0,0.0,0,0,0,0,0.0,0
