,比利时BFX,日经225,墨西哥BOLSA,恒生指数,韩国综合指数,荷兰AEX,Costa Rica Indice Accionario,加拿大多伦多S&P/TSX 综合指数,S&P CLX IPSA
L1,0,-0.04282044016023574,0.030119843764914833,0,0,0,0,0,0.19861535451734944
L2,0,-0.29033174837767106,-0.14878441386762262,0,0,0,0,0,0.0
L3,0,0.0,0.13206124400456581,0,0,0,0,0,0.0
L4,0,0.0,-0.12426802866841297,0,0,0,0,0,0.0
