,比利时BFX,日经225,墨西哥BOLSA,恒生指数,韩国综合指数,荷兰AEX,Costa Rica Indice Accionario,加拿大多伦多S&P/TSX 综合指数,S&P CLX IPSA
L1,0,0,0,0,0,0,0,0.08110795739368908,0.19525600509528374
L2,0,0,0,0,0,0,0,0.05801552230970918,-0.0451194218680081
L3,0,0,0,0,0,0,0,0.15418750939011303,0.21517164330689031
L4,0,0,0,0,0,0,0,0.0,0.0
