,比利时BFX,日经225,墨西哥BOLSA,恒生指数,韩国综合指数,荷兰AEX,Costa Rica Indice Accionario,加拿大多伦多S&P/TSX 综合指数,S&P CLX IPSA
L1,-0.03906971166194417,0,-0.05725856292216056,0,0,0,0,-0.1209273944107374,0
L2,-0.1506748214933096,0,-0.13183859322245003,0,0,0,0,0.0,0
L3,0.13930826253166706,0,0.1239367622421056,0,0,0,0,0.0,0
L4,0.0,0,-0.12355196561018676,0,0,0,0,0.0,0
