,比利时BFX,日经225,墨西哥BOLSA,恒生指数,韩国综合指数,荷兰AEX,Costa Rica Indice Accionario,加拿大多伦多S&P/TSX 综合指数,S&P CLX IPSA
L1,0,0,0,0,0,0,0,0.07879722968690803,0.18417452001653517
L2,0,0,0,0,0,0,0,0.07303924241974248,-0.045708355228743135
L3,0,0,0,0,0,0,0,0.1660728569957215,0.20512870811954562
L4,0,0,0,0,0,0,0,0.0,0.0
