,比利时BFX,日经225,墨西哥BOLSA,恒生指数,韩国综合指数,荷兰AEX,Costa Rica Indice Accionario,加拿大多伦多S&P/TSX 综合指数,S&P CLX IPSA
L1,0,0,0,0,0,0,0,0.03781245908815685,0.17850348105601788
L2,0,0,0,0,0,0,0,0.07627617957711004,-0.02349923115291406
L3,0,0,0,0,0,0,0,0.16777793430133278,0.16156854369676726
L4,0,0,0,0,0,0,0,0.0,0.0
