,比利时BFX,日经225,墨西哥BOLSA,恒生指数,韩国综合指数,荷兰AEX,Costa Rica Indice Accionario,加拿大多伦多S&P/TSX 综合指数,S&P CLX IPSA
L1,0,0,0,0,0,0,0,0.08448795924658735,0.19853309718655457
L2,0,0,0,0,0,0,0,0.06009799952276883,-0.04691820432041349
L3,0,0,0,0,0,0,0,0.151527911598196,0.2160475408716342
L4,0,0,0,0,0,0,0,0.0,0.0
