,比利时BFX,日经225,墨西哥BOLSA,恒生指数,韩国综合指数,荷兰AEX,Costa Rica Indice Accionario,加拿大多伦多S&P/TSX 综合指数,S&P CLX IPSA
L1,0,0,0,0,0,0,0,0.08424103062477449,0.1931630773945444
L2,0,0,0,0,0,0,0,0.07262526268635247,-0.04958587352500049
L3,0,0,0,0,0,0,0,0.1592775489124948,0.19366450596419793
L4,0,0,0,0,0,0,0,0.0,0.0
