,比利时BFX,日经225,墨西哥BOLSA,恒生指数,韩国综合指数,荷兰AEX,Costa Rica Indice Accionario,加拿大多伦多S&P/TSX 综合指数,S&P CLX IPSA
L1,0,0,0.005061536081261621,0,0,0,0,0.04276546261995741,0.1557493991357875
L2,0,0,-0.08163486633572063,0,0,0,0,0.08227813723232881,-0.013292282257775213
L3,0,0,0.2029427221479781,0,0,0,0,0.19303144819463988,0.22593359867584506
L4,0,0,0.0,0,0,0,0,0.0,0.0
