,比利时BFX,日经225,墨西哥BOLSA,恒生指数,韩国综合指数,荷兰AEX,Costa Rica Indice Accionario,加拿大多伦多S&P/TSX 综合指数,S&P CLX IPSA
L1,-0.03397958631464072,0,-0.06011620789079031,0,0.11490724173072696,0,0,-0.1250889600196115,0
L2,-0.14708991854666736,0,-0.12644632930103136,0,0.0,0,0,0.0,0
L3,0.15118897070688694,0,0.13177073233154565,0,0.0,0,0,0.0,0
L4,0.0,0,-0.11096193592292433,0,0.0,0,0,0.0,0
