,比利时BFX,日经225,墨西哥BOLSA,恒生指数,韩国综合指数,荷兰AEX,Costa Rica Indice Accionario,加拿大多伦多S&P/TSX 综合指数,S&P CLX IPSA
L1,0,0,0,0,0,0,0,0.08086955034773884,0.1898128885079733
L2,0,0,0,0,0,0,0,0.06760810111852769,-0.059226511554197614
L3,0,0,0,0,0,0,0,0.1572581796766263,0.2233275026022518
L4,0,0,0,0,0,0,0,0.0,0.0
