,比利时BFX,日经225,墨西哥BOLSA,恒生指数,韩国综合指数,荷兰AEX,Costa Rica Indice Accionario,加拿大多伦多S&P/TSX 综合指数,S&P CLX IPSA
L1,0.023515045795859273,0,-0.04158910750346246,0.17080569551693203,0.19415173246110795,0,0,0,0
L2,-0.1785412642718389,0,-0.1644499979913228,0.0,0.0,0,0,0,0
L3,0.1397506624669869,0,0.13353697137492204,0.0,0.0,0,0,0,0
L4,0.0,0,-0.10659506375941079,0.0,0.0,0,0,0,0
