,比利时BFX,日经225,墨西哥BOLSA,恒生指数,韩国综合指数,荷兰AEX,Costa Rica Indice Accionario,加拿大多伦多S&P/TSX 综合指数,S&P CLX IPSA
L1,0,0,0.030798339363587994,0,0,0,0,0.03799801476864148,0.19406682000876752
L2,0,0,-0.09008332029142205,0,0,0,0,0.07729991251854476,-0.029160439993461976
L3,0,0,0.16089211324375333,0,0,0,0,0.14460957455601328,0.16231714399418407
L4,0,0,0.0,0,0,0,0,0.0,0.0
