,比利时BFX,日经225,墨西哥BOLSA,恒生指数,韩国综合指数,荷兰AEX,Costa Rica Indice Accionario,加拿大多伦多S&P/TSX 综合指数,S&P CLX IPSA
L1,0,0,0,0,0,0,0,0.05308633410278796,0.1761945013842284
L2,0,0,0,0,0,0,0,0.07674607732815238,-0.03591572728633118
L3,0,0,0,0,0,0,0,0.15267371195768398,0.18109826179495286
L4,0,0,0,0,0,0,0,0.0,0.0
