,比利时BFX,日经225,墨西哥BOLSA,恒生指数,韩国综合指数,荷兰AEX,Costa Rica Indice Accionario,加拿大多伦多S&P/TSX 综合指数,S&P CLX IPSA
L1,-0.07064550083210473,0,0,0,0,0,0,-0.11602888458049919,0
L2,-0.1296192259000397,0,0,0,0,0,0,0.0,0
L3,0.11823283077899487,0,0,0,0,0,0,0.0,0
L4,0.0,0,0,0,0,0,0,0.0,0
