,比利时BFX,日经225,墨西哥BOLSA,恒生指数,韩国综合指数,荷兰AEX,Costa Rica Indice Accionario,加拿大多伦多S&P/TSX 综合指数,S&P CLX IPSA
L1,-0.04780421070632317,0,-0.057049417631595316,0,0.11535279294924407,0,0,-0.11570249565695312,0
L2,-0.15946588205115117,0,-0.12981990731562834,0,0.0,0,0,0.0,0
L3,0.12285701611083191,0,0.1275779515148353,0,0.0,0,0,0.0,0
L4,0.0,0,-0.11499677884892474,0,0.0,0,0,0.0,0
