,比利时BFX,日经225,墨西哥BOLSA,恒生指数,韩国综合指数,荷兰AEX,Costa Rica Indice Accionario,加拿大多伦多S&P/TSX 综合指数,S&P CLX IPSA
L1,-0.06906120276587713,0,-0.09170904704459773,0,0,0,0,-0.10936228477193634,0
L2,-0.11890880996307449,0,-0.11949334233567126,0,0,0,0,0.0,0
L3,0.11743978178926127,0,0.0,0,0,0,0,0.0,0
L4,0.0,0,0.0,0,0,0,0,0.0,0
