,比利时BFX,日经225,墨西哥BOLSA,恒生指数,韩国综合指数,荷兰AEX,Costa Rica Indice Accionario,加拿大多伦多S&P/TSX 综合指数,S&P CLX IPSA
L1,0.02229934375837381,0,-0.059557583197586556,0.17075427047927708,0.197051098917931,0,0,0,0
L2,-0.1768654936003492,0,-0.1434645423050851,0.0,0.0,0,0,0,0
L3,0.13562648441468794,0,0.13833996566826134,0.0,0.0,0,0,0,0
L4,0.0,0,0.0,0.0,0.0,0,0,0,0
