,比利时BFX,日经225,墨西哥BOLSA,恒生指数,韩国综合指数,荷兰AEX,Costa Rica Indice Accionario,加拿大多伦多S&P/TSX 综合指数,S&P CLX IPSA
L1,-0.0389788493230755,0,-0.05081847449937728,0.10461668553035833,0.1642561726402256,0,0,0,0
L2,-0.1395218779172621,0,-0.1312501620604256,0.0,0.0,0,0,0,0
L3,0.12572414436524038,0,0.12863235749862145,0.0,0.0,0,0,0,0
L4,0.0,0,-0.11873477235013372,0.0,0.0,0,0,0,0
