,比利时BFX,日经225,墨西哥BOLSA,恒生指数,韩国综合指数,荷兰AEX,Costa Rica Indice Accionario,加拿大多伦多S&P/TSX 综合指数,S&P CLX IPSA
L1,0,0,-0.004836089954135436,0,0,0,0,0.031823260487896174,0.1859180847496998
L2,0,0,-0.08406823017812226,0,0,0,0,0.08749681969148726,-0.018312499352295095
L3,0,0,0.16248829674245063,0,0,0,0,0.14828191864620863,0.16850355528588887
L4,0,0,0.0,0,0,0,0,0.0,0.0
