,比利时BFX,日经225,墨西哥BOLSA,恒生指数,韩国综合指数,荷兰AEX,Costa Rica Indice Accionario,加拿大多伦多S&P/TSX 综合指数,S&P CLX IPSA
L1,0.20894654887452155,0,0.016982634715242875,0,0,0,0,0.055151856641409494,0.17865014781940597
L2,-0.20074462435413115,0,-0.12997983023101467,0,0,0,0,0.01271720672338645,-0.015877511337396
L3,0.2037861050978124,0,0.20451259266380808,0,0,0,0,0.20863730120476826,0.20857149800369668
L4,0.0,0,0.0,0,0,0,0,0.0,0.0
