,比利时BFX,日经225,墨西哥BOLSA,恒生指数,韩国综合指数,荷兰AEX,Costa Rica Indice Accionario,加拿大多伦多S&P/TSX 综合指数,S&P CLX IPSA
L1,-0.03993177395640727,0,-0.0495210988381347,0,0.15030503069980877,0,0,-0.13086235990243666,0
L2,-0.14539939109787137,0,-0.1388817228061399,0,0.0,0,0,0.0,0
L3,0.12736002175368324,0,0.13352724943809854,0,0.0,0,0,0.0,0
L4,0.0,0,-0.11718876140595791,0,0.0,0,0,0.0,0
