,比利时BFX,日经225,墨西哥BOLSA,恒生指数,韩国综合指数,荷兰AEX,Costa Rica Indice Accionario,加拿大多伦多S&P/TSX 综合指数,S&P CLX IPSA
L1,-0.029951167480848473,0,-0.056328866624757806,0,0.11410635474532947,0.01867221742976579,0,-0.1188545980489945,0
L2,-0.14736011256037096,0,-0.1272885431349899,0,0.0,-0.1170646865532566,0,0.0,0
L3,0.15638665862663734,0,0.1300445414125282,0,0.0,0.13413448073345352,0,0.0,0
L4,0.0,0,-0.11737552563499734,0,0.0,0.0,0,0.0,0
