,比利时BFX,日经225,墨西哥BOLSA,恒生指数,韩国综合指数,荷兰AEX,Costa Rica Indice Accionario,加拿大多伦多S&P/TSX 综合指数,S&P CLX IPSA
L1,-0.06976584059885295,0,-0.09176512079800143,0,0,0,0,-0.11028598763762545,0
L2,-0.12049125339228019,0,-0.11878869091167157,0,0,0,0,0.0,0
L3,0.11914557084394045,0,0.0,0,0,0,0,0.0,0
L4,0.0,0,0.0,0,0,0,0,0.0,0
