,比利时BFX,日经225,墨西哥BOLSA,恒生指数,韩国综合指数,荷兰AEX,Costa Rica Indice Accionario,加拿大多伦多S&P/TSX 综合指数,S&P CLX IPSA
L1,0,0,0,0,0,0,0,0.08544095853696766,0.20293625476109814
L2,0,0,0,0,0,0,0,0.05933761963042128,-0.0520613186852779
L3,0,0,0,0,0,0,0,0.1534323484543425,0.21830622557946947
L4,0,0,0,0,0,0,0,0.0,0.0
