,比利时BFX,日经225,墨西哥BOLSA,恒生指数,韩国综合指数,荷兰AEX,Costa Rica Indice Accionario,加拿大多伦多S&P/TSX 综合指数,S&P CLX IPSA
L1,0,0,0,0,0,0,0,0.07848008224449408,0.19417857539874345
L2,0,0,0,0,0,0,0,0.04520299209078934,-0.03517458951086955
L3,0,0,0,0,0,0,0,0.15850345878382752,0.2176065291666229
L4,0,0,0,0,0,0,0,0.0,0.0
