,比利时BFX,日经225,墨西哥BOLSA,恒生指数,韩国综合指数,荷兰AEX,Costa Rica Indice Accionario,加拿大多伦多S&P/TSX 综合指数,S&P CLX IPSA
L1,-0.03761269148459237,0,-0.050218323044170884,0.10614010276474412,0.16588250800016027,0,0,0,0
L2,-0.13723124462999406,0,-0.1315136509286661,0.0,0.0,0,0,0,0
L3,0.12545071519354237,0,0.12994035221706135,0.0,0.0,0,0,0,0
L4,0.0,0,-0.12007382436792698,0.0,0.0,0,0,0,0
