,比利时BFX,日经225,墨西哥BOLSA,恒生指数,韩国综合指数,荷兰AEX,Costa Rica Indice Accionario,加拿大多伦多S&P/TSX 综合指数,S&P CLX IPSA
L1,0,0,0,0,0,0,0,0.08421183502946697,0.19244416583947646
L2,0,0,0,0,0,0,0,0.07522474607037088,-0.0485620780739255
L3,0,0,0,0,0,0,0,0.16080814685223616,0.19471931054072075
L4,0,0,0,0,0,0,0,0.0,0.0
