,比利时BFX,日经225,墨西哥BOLSA,恒生指数,韩国综合指数,荷兰AEX,Costa Rica Indice Accionario,加拿大多伦多S&P/TSX 综合指数,S&P CLX IPSA
L1,-0.050409236690072114,0,-0.06460881646373122,0,0,0.0192991876963373,0,-0.1203461441440171,0
L2,-0.15786303670288615,0,-0.1320946494038918,0,0,-0.1187963574690043,0,0.0,0
L3,0.14990860239593742,0,0.12292113936706836,0,0,0.1383877741066227,0,0.0,0
L4,0.0,0,-0.12287583017020552,0,0,0.0,0,0.0,0
