,比利时BFX,日经225,墨西哥BOLSA,恒生指数,韩国综合指数,荷兰AEX,Costa Rica Indice Accionario,加拿大多伦多S&P/TSX 综合指数,S&P CLX IPSA
L1,0,0,0,0,0,0,0,0.08222212011098173,0.1919564746065982
L2,0,0,0,0,0,0,0,0.06006714156047148,-0.04547861502607798
L3,0,0,0,0,0,0,0,0.15209225227712012,0.21383308782273647
L4,0,0,0,0,0,0,0,0.0,0.0
