,比利时BFX,日经225,墨西哥BOLSA,恒生指数,韩国综合指数,荷兰AEX,Costa Rica Indice Accionario,加拿大多伦多S&P/TSX 综合指数,S&P CLX IPSA
L1,0.005419678911881068,0,-0.042451525477993565,0.17366216328021364,0.16969682438865913,0,0,0,0
L2,-0.16129733188375933,0,-0.159094591726421,0.0,0.0,0,0,0,0
L3,0.1379592398191231,0,0.13658777246327314,0.0,0.0,0,0,0,0
L4,0.0,0,-0.1028272359615381,0.0,0.0,0,0,0,0
