,比利时BFX,日经225,墨西哥BOLSA,恒生指数,韩国综合指数,荷兰AEX,Costa Rica Indice Accionario,加拿大多伦多S&P/TSX 综合指数,S&P CLX IPSA
L1,-0.05163977506138268,0,-0.06402485668769464,0,0,0.01996842695621069,0,-0.12094618266513661,0
L2,-0.15496388361359179,0,-0.13254600845298165,0,0,-0.1202332648890838,0,0.0,0
L3,0.14773352232545833,0,0.12450206881902112,0,0,0.14177412329401012,0,0.0,0
L4,0.0,0,-0.12147870226338413,0,0,0.0,0,0.0,0
