,比利时BFX,日经225,墨西哥BOLSA,恒生指数,韩国综合指数,荷兰AEX,Costa Rica Indice Accionario,加拿大多伦多S&P/TSX 综合指数,S&P CLX IPSA
L1,-0.04072596754956793,0,-0.050827824652141466,0,0.16125087910754857,0,0,0,0
L2,-0.13864132636453824,0,-0.12889479450713476,0,0.0,0,0,0,0
L3,0.1259877724907372,0,0.12785266999795009,0,0.0,0,0,0,0
L4,0.0,0,-0.11751327531622754,0,0.0,0,0,0,0
