,比利时BFX,日经225,墨西哥BOLSA,恒生指数,韩国综合指数,荷兰AEX,Costa Rica Indice Accionario,加拿大多伦多S&P/TSX 综合指数,S&P CLX IPSA
L1,-0.06163781403287583,0,0,0,0,-0.02173895271882801,0,0,0.1427327242281541
L2,-0.04165963148543834,0,0,0,0,-0.03836882619357942,0,0,-0.020038242969997747
L3,0.18281040654592673,0,0,0,0,0.16977278403091214,0,0,0.19683768999017154
L4,0.0,0,0,0,0,0.0,0,0,0.0
