,比利时BFX,日经225,墨西哥BOLSA,恒生指数,韩国综合指数,荷兰AEX,Costa Rica Indice Accionario,加拿大多伦多S&P/TSX 综合指数,S&P CLX IPSA
L1,0,-0.13666506304063633,0,0,0,0,0,0.015877563819114395,0.1284597514870231
L2,0,-0.24225205023787816,0,0,0,0,0,0.11128658073683571,0.022326638779573877
L3,0,-0.01699465010205707,0,0,0,0,0,0.13613013978840194,0.18949974358879715
L4,0,-0.17768221516232888,0,0,0,0,0,0.0,0.0
