,比利时BFX,日经225,墨西哥BOLSA,恒生指数,韩国综合指数,荷兰AEX,Costa Rica Indice Accionario,加拿大多伦多S&P/TSX 综合指数,S&P CLX IPSA
L1,0,0,0,-0.19505651463596493,0,0,0,0,0.08718712393973607
L2,0,0,0,0.018872179766182388,0,0,0,0,-0.052461870065904984
L3,0,0,0,0.150851870772518,0,0,0,0,0.20539601746468608
L4,0,0,0,0.0,0,0,0,0,0.0
