,比利时BFX,日经225,墨西哥BOLSA,恒生指数,韩国综合指数,荷兰AEX,Costa Rica Indice Accionario,加拿大多伦多S&P/TSX 综合指数,S&P CLX IPSA
L1,0,-0.12521306889845385,0,0,0.19983457956376824,0,0,0.016204075181158482,0.12556546124340603
L2,0,-0.23203510676344274,0,0,-0.017998190801483537,0,0,0.10589904617411484,0.02025964418231102
L3,0,-0.0031588373222522607,0,0,0.14314411651360773,0,0,0.13197367020358933,0.19143365196272233
L4,0,-0.16978981181281347,0,0,-0.13549931345658475,0,0,0.0,0.0
