,比利时BFX,日经225,墨西哥BOLSA,恒生指数,韩国综合指数,荷兰AEX,Costa Rica Indice Accionario,加拿大多伦多S&P/TSX 综合指数,S&P CLX IPSA
L1,0,0,0,0,0.2296590349855841,0,0,0.07872235197494121,0.17894172213202864
L2,0,0,0,0,0.0,0,0,0.04499771793723658,-0.030137582231967087
L3,0,0,0,0,0.0,0,0,0.1580087724058687,0.23102068129249043
L4,0,0,0,0,0.0,0,0,0.0,0.0
