,比利时BFX,日经225,墨西哥BOLSA,恒生指数,韩国综合指数,荷兰AEX,Costa Rica Indice Accionario,加拿大多伦多S&P/TSX 综合指数,S&P CLX IPSA
L1,0,-0.11888263005337647,0,0,0,0,0,0,0.13370196150732863
L2,0,-0.2127243332242369,0,0,0,0,0,0,-0.003872809452338498
L3,0,0.00013277866533733043,0,0,0,0,0,0,0.1966913008090232
L4,0,-0.15657038343319177,0,0,0,0,0,0,0.0
