,比利时BFX,日经225,墨西哥BOLSA,恒生指数,韩国综合指数,荷兰AEX,Costa Rica Indice Accionario,加拿大多伦多S&P/TSX 综合指数,S&P CLX IPSA
L1,0,0,0,0,0,0,-0.06316722143261903,0.08136911420026165,0.1752465537462646
L2,0,0,0,0,0,0,0.14428450156294353,0.0331217200593083,-0.03234031637532735
L3,0,0,0,0,0,0,0.0,0.16446657483061072,0.22629833030379717
L4,0,0,0,0,0,0,0.0,0.0,0.0
