,比利时BFX,日经225,墨西哥BOLSA,恒生指数,韩国综合指数,荷兰AEX,Costa Rica Indice Accionario,加拿大多伦多S&P/TSX 综合指数,S&P CLX IPSA
L1,0,0,0,0,0,0,0,0,0.12841918987739265
L2,0,0,0,0,0,0,0,0,-0.0032187029697772
L3,0,0,0,0,0,0,0,0,0.20192985945162217
L4,0,0,0,0,0,0,0,0,0.0
