,比利时BFX,日经225,墨西哥BOLSA,恒生指数,韩国综合指数,荷兰AEX,Costa Rica Indice Accionario,加拿大多伦多S&P/TSX 综合指数,S&P CLX IPSA
L1,0,0,0,0,0,0,0,0,0.13747974406807503
L2,0,0,0,0,0,0,0,0,-0.05107737908176936
L3,0,0,0,0,0,0,0,0,0.16722626079491495
L4,0,0,0,0,0,0,0,0,0.0
