,比利时BFX,日经225,墨西哥BOLSA,恒生指数,韩国综合指数,荷兰AEX,Costa Rica Indice Accionario,加拿大多伦多S&P/TSX 综合指数,S&P CLX IPSA
L1,0,-0.12170883226411133,0,0,0.17414792764659512,0,0,0,0.13096622776919709
L2,0,-0.21159172977073978,0,0,0.0,0,0,0,-0.014425533782830506
L3,0,0.00023693375823758897,0,0,0.0,0,0,0,0.19613845176605108
L4,0,-0.1578356772774278,0,0,0.0,0,0,0,0.0
