,比利时BFX,日经225,墨西哥BOLSA,恒生指数,韩国综合指数,荷兰AEX,Costa Rica Indice Accionario,加拿大多伦多S&P/TSX 综合指数,S&P CLX IPSA
L1,0,0,0,0,0.22434671388687838,0,0,0.0735030070593686,0.17251546711809118
L2,0,0,0,0,0.0,0,0,0.045134602994149585,-0.028993102824369836
L3,0,0,0,0,0.0,0,0,0.15902936866950954,0.23182657019913094
L4,0,0,0,0,0.0,0,0,0.0,0.0
