,比利时BFX,日经225,墨西哥BOLSA,恒生指数,韩国综合指数,荷兰AEX,Costa Rica Indice Accionario,加拿大多伦多S&P/TSX 综合指数,S&P CLX IPSA
L1,0,0,0,0,0,0,0,0,0.12473102202626778
L2,0,0,0,0,0,0,0,0,-0.0013938255509443158
L3,0,0,0,0,0,0,0,0,0.20418211358033164
L4,0,0,0,0,0,0,0,0,0.0
