,比利时BFX,日经225,墨西哥BOLSA,恒生指数,韩国综合指数,荷兰AEX,Costa Rica Indice Accionario,加拿大多伦多S&P/TSX 综合指数,S&P CLX IPSA
L1,0,0,0,0,0,0,-0.0504436757970075,0,0.1391162396843448
L2,0,0,0,0,0,0,0.12984397916118068,0,-0.004691503730349721
L3,0,0,0,0,0,0,0.0,0,0.19480189920830832
L4,0,0,0,0,0,0,0.0,0,0.0
