,比利时BFX,日经225,墨西哥BOLSA,恒生指数,韩国综合指数,荷兰AEX,Costa Rica Indice Accionario,加拿大多伦多S&P/TSX 综合指数,S&P CLX IPSA
L1,0,0,0,0,0,0,-0.053692332428298704,0,0.15653709148480532
L2,0,0,0,0,0,0,0.16188677194432927,0,-0.02928384253415424
L3,0,0,0,0,0,0,0.0,0,0.20875661415724983
L4,0,0,0,0,0,0,0.0,0,0.0
