,比利时BFX,日经225,墨西哥BOLSA,恒生指数,韩国综合指数,荷兰AEX,Costa Rica Indice Accionario,加拿大多伦多S&P/TSX 综合指数,S&P CLX IPSA
L1,0,-0.25819291564411606,0,0,0,0,0,0,0.09303971384340724
L2,0,-0.16456072476061973,0,0,0,0,0,0,-0.015216962898049254
L3,0,-0.034339095209022084,0,0,0,0,0,0,0.15779245999665703
L4,0,-0.17358799464376795,0,0,0,0,0,0,0.0
