,比利时BFX,日经225,墨西哥BOLSA,恒生指数,韩国综合指数,荷兰AEX,Costa Rica Indice Accionario,加拿大多伦多S&P/TSX 综合指数,S&P CLX IPSA
L1,0,-0.12272668730801813,0,0,0.16694314272420097,0,0,0,0.12620356800576926
L2,0,-0.21247751267086862,0,0,0.0,0,0,0,-0.01484569654782132
L3,0,0.0004255665705594665,0,0,0.0,0,0,0,0.19665254319148626
L4,0,-0.15859978287787424,0,0,0.0,0,0,0,0.0
