,比利时BFX,日经225,墨西哥BOLSA,恒生指数,韩国综合指数,荷兰AEX,Costa Rica Indice Accionario,加拿大多伦多S&P/TSX 综合指数,S&P CLX IPSA
L1,0,0,0,0,0,0,0,0,0.13010774175186457
L2,0,0,0,0,0,0,0,0,0.001343455439775633
L3,0,0,0,0,0,0,0,0,0.20418709241913724
L4,0,0,0,0,0,0,0,0,0.0
