,比利时BFX,日经225,墨西哥BOLSA,恒生指数,韩国综合指数,荷兰AEX,Costa Rica Indice Accionario,加拿大多伦多S&P/TSX 综合指数,S&P CLX IPSA
L1,0,0,0,0,0,0,0,0,0.12510243476792748
L2,0,0,0,0,0,0,0,0,-0.0033937197045591262
L3,0,0,0,0,0,0,0,0,0.20539702575857843
L4,0,0,0,0,0,0,0,0,0.0
