,比利时BFX,日经225,墨西哥BOLSA,恒生指数,韩国综合指数,荷兰AEX,Costa Rica Indice Accionario,加拿大多伦多S&P/TSX 综合指数,S&P CLX IPSA
L1,0,-0.12108516695286053,0,0,0.19270192395183117,0,0,0,0.13157898975728505
L2,0,-0.2127701984210713,0,0,-0.010584142641386034,0,0,0,0.006584981950342149
L3,0,0.0037322574054084005,0,0,0.13740783288984557,0,0,0,0.1903357146346943
L4,0,-0.15603846056925783,0,0,-0.1307300674266762,0,0,0,0.0
