,比利时BFX,日经225,墨西哥BOLSA,恒生指数,韩国综合指数,荷兰AEX,Costa Rica Indice Accionario,加拿大多伦多S&P/TSX 综合指数,S&P CLX IPSA
L1,-0.2996574540804238,-0.4691561986117925,0,-0.4337418298375199,-0.04092223770496964,-0.3445685831421381,0,-0.16572858947117866,0.011066314970671119
L2,-0.14713274665607193,-0.1594524365046006,0,-0.26000114148489384,-0.04394128117048031,-0.21502231877403583,0,0.10633208035651304,-0.0012684743158165221
L3,0.2606571491279259,0.09185552653788323,0,0.1919655942772187,0.20217899355400162,0.2613669646436561,0,0.2562443129599745,0.3604772617674008
L4,-0.1419022138151594,-0.29053079703138746,0,0.0,-0.14121447765132106,0.0,0,0.0,0.0
