,比利时BFX,日经225,墨西哥BOLSA,恒生指数,韩国综合指数,荷兰AEX,Costa Rica Indice Accionario,加拿大多伦多S&P/TSX 综合指数,S&P CLX IPSA
L1,-0.09002188842742945,-0.20193097201895782,0,0,0,0,0,0,0.12946940617893338
L2,-0.005411793376554515,-0.14231998710264557,0,0,0,0,0,0,-0.02447680808008391
L3,0.14572506263657597,0.0,0,0,0,0,0,0,0.19757245894861244
L4,0.0,0.0,0,0,0,0,0,0,0.0
