,比利时BFX,日经225,墨西哥BOLSA,恒生指数,韩国综合指数,荷兰AEX,Costa Rica Indice Accionario,加拿大多伦多S&P/TSX 综合指数,S&P CLX IPSA
L1,-0.08988130085106392,-0.20288790006777524,0,0,0,0,0.10942062305557504,0,0.13224822214690515
L2,-0.009128140051487547,-0.13971824486386056,0,0,0,0,0.0,0,-0.020068388448869823
L3,0.16011770503626055,0.0,0,0,0,0,0.0,0,0.19728484523255757
L4,0.0,0.0,0,0,0,0,0.0,0,0.0
