,比利时BFX,日经225,墨西哥BOLSA,恒生指数,韩国综合指数,荷兰AEX,Costa Rica Indice Accionario,加拿大多伦多S&P/TSX 综合指数,S&P CLX IPSA
L1,0,-0.11928975135020203,0,0,0.19804354076304462,0,0,0,0.1291102152206921
L2,0,-0.21297399988938404,0,0,-0.020545426010863815,0,0,0,-0.002619775800898748
L3,0,0.0002813015274285881,0,0,0.14101144446514527,0,0,0,0.201702138961853
L4,0,-0.1565706827320675,0,0,-0.12921875584446282,0,0,0,0.0
