,比利时BFX,日经225,墨西哥BOLSA,恒生指数,韩国综合指数,荷兰AEX,Costa Rica Indice Accionario,加拿大多伦多S&P/TSX 综合指数,S&P CLX IPSA
L1,0,-0.11166153149445535,0,0,0,0,0,0,0.12888878078113375
L2,0,-0.2130634364521329,0,0,0,0,0,0,-0.014112331447154049
L3,0,0.0025376312502453507,0,0,0,0,0,0,0.2039892725708351
L4,0,-0.15772149476855057,0,0,0,0,0,0,0.0
