,比利时BFX,日经225,墨西哥BOLSA,恒生指数,韩国综合指数,荷兰AEX,Costa Rica Indice Accionario,加拿大多伦多S&P/TSX 综合指数,S&P CLX IPSA
L1,0,0,0,0,0.21913806684131762,0,-0.06097021227069828,0.06407272394474783,0.16938292328399962
L2,0,0,0,0,0.0,0,0.16099054136926969,0.043810680573100245,-0.030139240897440505
L3,0,0,0,0,0.0,0,0.0,0.16422237297495765,0.22302093187488842
L4,0,0,0,0,0.0,0,0.0,0.0,0.0
