,比利时BFX,日经225,墨西哥BOLSA,恒生指数,韩国综合指数,荷兰AEX,Costa Rica Indice Accionario,加拿大多伦多S&P/TSX 综合指数,S&P CLX IPSA
L1,0,-0.13173715543431375,0,0,0.20196438877914336,0,0,0.015711913412789033,0.12597447684007396
L2,0,-0.23408129965089727,0,0,-0.020109248156719415,0,0,0.10831801032667657,0.020077600723169928
L3,0,-0.006177656144838128,0,0,0.1447649333417443,0,0,0.1322699046739377,0.19094577532073295
L4,0,-0.1741173149366244,0,0,-0.13484100513239844,0,0,0.0,0.0
