,比利时BFX,日经225,墨西哥BOLSA,恒生指数,韩国综合指数,荷兰AEX,Costa Rica Indice Accionario,加拿大多伦多S&P/TSX 综合指数,S&P CLX IPSA
L1,0,0,0,0,0,0,0,0.07713317004701552,0.17635304742322597
L2,0,0,0,0,0,0,0,0.03966478117990904,-0.03113555550330674
L3,0,0,0,0,0,0,0,0.15617349320767712,0.22649835041722366
L4,0,0,0,0,0,0,0,0.0,0.0
