,比利时BFX,日经225,墨西哥BOLSA,恒生指数,韩国综合指数,荷兰AEX,Costa Rica Indice Accionario,加拿大多伦多S&P/TSX 综合指数,S&P CLX IPSA
L1,0,0,0,0,0,0,0,0,0.1282035361364845
L2,0,0,0,0,0,0,0,0,-0.03630703897115235
L3,0,0,0,0,0,0,0,0,0.17553917724874557
L4,0,0,0,0,0,0,0,0,0.0
