,比利时BFX,日经225,墨西哥BOLSA,恒生指数,韩国综合指数,荷兰AEX,Costa Rica Indice Accionario,加拿大多伦多S&P/TSX 综合指数,S&P CLX IPSA
L1,0,-0.19541024463369178,0,0,0,0,0,0,0.12050610643732776
L2,0,-0.13581232074683314,0,0,0,0,0,0,-0.03679023325190557
L3,0,0.0,0,0,0,0,0,0,0.20514977613158103
L4,0,0.0,0,0,0,0,0,0,0.0
