,比利时BFX,日经225,墨西哥BOLSA,恒生指数,韩国综合指数,荷兰AEX,Costa Rica Indice Accionario,加拿大多伦多S&P/TSX 综合指数,S&P CLX IPSA
L1,0,0,0,-0.14498581483528447,0,0,0,0,-0.023044509378898247
L2,0,0,0,-0.17132374213765642,0,0,0,0,-0.04694236177121759
L3,0,0,0,0.0,0,0,0,0,0.1653354794663037
L4,0,0,0,0.0,0,0,0,0,0.0
