,比利时BFX,日经225,墨西哥BOLSA,恒生指数,韩国综合指数,荷兰AEX,Costa Rica Indice Accionario,加拿大多伦多S&P/TSX 综合指数,S&P CLX IPSA
L1,-0.08637252691174109,-0.19503249573508527,0,0,0,0,0,0,0.12020984169532903
L2,-0.009700642393882233,-0.13846164988724755,0,0,0,0,0,0,-0.036065115448772
L3,0.14897626252828922,0.0,0,0,0,0,0,0,0.20684497305840818
L4,0.0,0.0,0,0,0,0,0,0,0.0
