,比利时BFX,日经225,墨西哥BOLSA,恒生指数,韩国综合指数,荷兰AEX,Costa Rica Indice Accionario,加拿大多伦多S&P/TSX 综合指数,S&P CLX IPSA
L1,-0.016672904474352723,0,0.23166091577340708,-0.12709406377254354,-0.17044882932381747,-0.02663392195758439,0,0,0
L2,-0.005855613639759145,0,-0.119708570001931,-0.16719322930586875,-0.05558948481344497,-0.00023546543195814473,0,0,0
L3,0.17148356830498418,0,0.14910122708127657,0.0,0.10612947020867709,0.1733311156798544,0,0,0
L4,0.104089193957688,0,0.0,0.0,0.1557441625501151,0.1273238257377618,0,0,0
