,比利时BFX,日经225,墨西哥BOLSA,恒生指数,韩国综合指数,荷兰AEX,Costa Rica Indice Accionario,加拿大多伦多S&P/TSX 综合指数,S&P CLX IPSA
L1,0.08633794657475001,-0.11241899360080876,0,-0.10722320334347205,-0.14293956775400504,0.08058233650871476,0,0,-0.09228160309980339
L2,-0.03881468006439257,0.0,0,-0.05193607457422733,0.0,-0.048294235209707916,0,0,-0.12387707896384696
L3,0.14837035598791085,0.0,0,0.09110782707460191,0.0,0.13249874564010444,0,0,0.0
L4,0.11811113751069519,0.0,0,0.2065845284716617,0.0,0.11885612744987731,0,0,0.0
