,比利时BFX,日经225,墨西哥BOLSA,恒生指数,韩国综合指数,荷兰AEX,Costa Rica Indice Accionario,加拿大多伦多S&P/TSX 综合指数,S&P CLX IPSA
L1,0,0,0,-0.0793522223909128,-0.15071072697191645,-0.0013815786991049593,0,0,0
L2,0,0,0,-0.17116496559931818,-0.0771982628380366,-0.00943434265744173,0,0,0
L3,0,0,0,0.08036808679749201,0.0896943814761374,0.16112098587324886,0,0,0
L4,0,0,0,0.1665404996167703,0.17543557205488627,0.1281455818380309,0,0,0
