,比利时BFX,日经225,墨西哥BOLSA,恒生指数,韩国综合指数,荷兰AEX,Costa Rica Indice Accionario,加拿大多伦多S&P/TSX 综合指数,S&P CLX IPSA
L1,0.08795387110731481,-0.11610951130146407,0,-0.12498071360566083,-0.13784070913805496,0.07498807521793167,0,0,-0.09728160588897902
L2,-0.04131249743530192,0.0,0,-0.06647672081449656,0.0,-0.05415276738935049,0,0,-0.14060109317688646
L3,0.1524075961427909,0.0,0,0.07631042138189864,0.0,0.13621350002025545,0,0,0.0
L4,0.1086665696032184,0.0,0,0.19003702823504154,0.0,0.10796510215391104,0,0,0.0
