,比利时BFX,日经225,墨西哥BOLSA,恒生指数,韩国综合指数,荷兰AEX,Costa Rica Indice Accionario,加拿大多伦多S&P/TSX 综合指数,S&P CLX IPSA
L1,0.08611246481604096,-0.11273098799692276,0,-0.10268485663911978,-0.13884730982338891,0.08123000300548296,0,0,0
L2,-0.03611067142857462,0.0,0,-0.052584634484279684,0.0,-0.04590537807029469,0,0,0
L3,0.14710268886392888,0.0,0,0.08903909209454847,0.0,0.13048221336006757,0,0,0
L4,0.11844139000567741,0.0,0,0.19877623496245278,0.0,0.11935778325919415,0,0,0
