,比利时BFX,日经225,墨西哥BOLSA,恒生指数,韩国综合指数,荷兰AEX,Costa Rica Indice Accionario,加拿大多伦多S&P/TSX 综合指数,S&P CLX IPSA
L1,-0.08610196423324683,-0.1966810120156671,0,0,0,0,0,0,0.1157058918284164
L2,-0.005943426630007699,-0.13958785511163535,0,0,0,0,0,0,-0.04399147052996073
L3,0.153097271753015,0.0,0,0,0,0,0,0,0.20713817913613644
L4,0.0,0.0,0,0,0,0,0,0,0.0
