,比利时BFX,日经225,墨西哥BOLSA,恒生指数,韩国综合指数,荷兰AEX,Costa Rica Indice Accionario,加拿大多伦多S&P/TSX 综合指数,S&P CLX IPSA
L1,0.0842693925525594,0,0,-0.11501662140127956,-0.14132641659460604,0.07672492758159252,0,0,-0.09669354858198902
L2,-0.03697920365461463,0,0,-0.061347752086025276,0.0,-0.05234564714863416,0,0,-0.1379670424034129
L3,0.14560476091738234,0,0,0.07387209785703809,0.0,0.1294789499293876,0,0,0.0
L4,0.1144329120776727,0,0,0.19410367203669865,0.0,0.1150913111976453,0,0,0.0
