,比利时BFX,日经225,墨西哥BOLSA,恒生指数,韩国综合指数,荷兰AEX,Costa Rica Indice Accionario,加拿大多伦多S&P/TSX 综合指数,S&P CLX IPSA
L1,-0.010993512873032452,0,0.23385912464684067,-0.1342025424306068,-0.1706667790953692,-0.021852334369244462,0,0,0.0072966577189057125
L2,0.0008844441229012083,0,-0.12208791322490399,-0.17514612643454605,-0.05875948368309685,0.002764378531534203,0,0,-0.03937826038836964
L3,0.17795157190627564,0,0.1510740575799923,0.0,0.09994238687637527,0.17720840281315836,0,0,0.1728556523166502
L4,0.10448347593020471,0,0.0,0.0,0.1532829921527836,0.12497389484298753,0,0,0.0
