,比利时BFX,日经225,墨西哥BOLSA,恒生指数,韩国综合指数,荷兰AEX,Costa Rica Indice Accionario,加拿大多伦多S&P/TSX 综合指数,S&P CLX IPSA
L1,0.08679958165682362,-0.11239861875694147,0,-0.10139810322896682,-0.13688422959474356,0.08143150653207085,0,0,0
L2,-0.03542848299708536,0.0,0,-0.05169053347800341,0.0,-0.04563017017620493,0,0,0
L3,0.14638221314787658,0.0,0,0.09092345756059127,0.0,0.13027974670262515,0,0,0
L4,0.11995523668674818,0.0,0,0.19943858641759082,0.0,0.11958520236667668,0,0,0
