,比利时BFX,日经225,墨西哥BOLSA,恒生指数,韩国综合指数,荷兰AEX,Costa Rica Indice Accionario,加拿大多伦多S&P/TSX 综合指数,S&P CLX IPSA
L1,0.08510372854649188,-0.11226673364767663,0,-0.10430204719917775,-0.13734553632427787,0.07882576654951626,0,0,0
L2,-0.036425316414515393,0.0,0,-0.04926423879155307,0.0,-0.04631127301582281,0,0,0
L3,0.14797022703590357,0.0,0,0.09088482324545673,0.0,0.13363192595437404,0,0,0
L4,0.11695842392006832,0.0,0,0.19628930156509938,0.0,0.11642592176940243,0,0,0
