,比利时BFX,日经225,墨西哥BOLSA,恒生指数,韩国综合指数,荷兰AEX,Costa Rica Indice Accionario,加拿大多伦多S&P/TSX 综合指数,S&P CLX IPSA
L1,-0.08776485033654739,-0.19687121454208953,0,0,0,0,0,0,0.1158484842629551
L2,-0.006602412866364017,-0.13627626501529347,0,0,0,0,0,0,-0.036810370231242964
L3,0.1479183689743521,0.0,0,0,0,0,0,0,0.2067137691805983
L4,0.0,0.0,0,0,0,0,0,0,0.0
