,比利时BFX,日经225,墨西哥BOLSA,恒生指数,韩国综合指数,荷兰AEX,Costa Rica Indice Accionario,加拿大多伦多S&P/TSX 综合指数,S&P CLX IPSA
L1,0.07852733202888139,-0.10856110060010582,0,-0.09405973644469431,-0.1276009299310059,0,0,0,0
L2,-0.04207394156203676,0.0,0,-0.020061808898306353,0.0,0,0,0,0
L3,0.15072765987311038,0.0,0,0.09898260771513115,0.0,0,0,0,0
L4,0.10587348760881825,0.0,0,0.21212852973172233,0.0,0,0,0,0
