,比利时BFX,日经225,墨西哥BOLSA,恒生指数,韩国综合指数,荷兰AEX,Costa Rica Indice Accionario,加拿大多伦多S&P/TSX 综合指数,S&P CLX IPSA
L1,-0.011988167786740833,0,0.2276443881110486,-0.13575607474808424,-0.1734533268111612,-0.024176619157529753,0,0,0.004183000445808464
L2,7.720105876845635e-05,0,-0.12942120646919708,-0.16189897544583848,-0.05811438123793572,0.0017167900392699833,0,0,-0.04084873295137014
L3,0.18004452082398792,0,0.15375586625208704,0.0,0.09826858367274006,0.17737087473854904,0,0,0.16746081285069597
L4,0.10509013365797897,0,0.0,0.0,0.1526457607013343,0.12501952528581206,0,0,0.0
