,比利时BFX,日经225,墨西哥BOLSA,恒生指数,韩国综合指数,荷兰AEX,Costa Rica Indice Accionario,加拿大多伦多S&P/TSX 综合指数,S&P CLX IPSA
L1,0.0815218489909469,-0.10748578241777916,0,-0.10463381368805467,-0.13292279684907687,0,0,0,0
L2,-0.038828055465809704,0.0,0,-0.04005249613517478,0.0,0,0,0,0
L3,0.1470534876753759,0.0,0,0.08278155647026088,0.0,0,0,0,0
L4,0.11023602104324531,0.0,0,0.19806225829510582,0.0,0,0,0,0
