,比利时BFX,日经225,墨西哥BOLSA,恒生指数,韩国综合指数,荷兰AEX,Costa Rica Indice Accionario,加拿大多伦多S&P/TSX 综合指数,S&P CLX IPSA
L1,-0.011316426468474144,0,0.2244420196842003,-0.12874546279782131,-0.17083048136415785,-0.02284097357117302,0,0,-0.021566130651680903
L2,0.009315655577928681,0,-0.12904463146630668,-0.15232442642238517,-0.05190060100045262,0.00892529104298425,0,0,-0.03297118698675094
L3,0.18422442143842,0,0.14861198164823014,0.0,0.10233226670087382,0.1833861017192291,0,0,0.18154717981311558
L4,0.1132436610017129,0,0.0,0.0,0.15622458920253401,0.12897624930637563,0,0,0.1174807968474842
