,比利时BFX,日经225,墨西哥BOLSA,恒生指数,韩国综合指数,荷兰AEX,Costa Rica Indice Accionario,加拿大多伦多S&P/TSX 综合指数,S&P CLX IPSA
L1,-0.08663273261589526,-0.19695030135871724,0,0,0,0,0,0,0.1151571529220766
L2,-0.005332452034038851,-0.13644505887738806,0,0,0,0,0,0,-0.036763710722919334
L3,0.14949388187664214,0.0,0,0,0,0,0,0,0.20537076923113934
L4,0.0,0.0,0,0,0,0,0,0,0.0
