,比利时BFX,日经225,墨西哥BOLSA,恒生指数,韩国综合指数,荷兰AEX,Costa Rica Indice Accionario,加拿大多伦多S&P/TSX 综合指数,S&P CLX IPSA
L1,0.08516101824162413,-0.11332224109846015,0,-0.12039716146909772,-0.14220720100720563,0.07432654581304467,0,0,-0.09899446599043525
L2,-0.037458774919697804,0.0,0,-0.06335293690634546,0.0,-0.05059764371396209,0,0,-0.1376485689789697
L3,0.14786838655651,0.0,0,0.07161584946441933,0.0,0.12883936377059851,0,0,0.0
L4,0.11242768518800532,0.0,0,0.19136049387725615,0.0,0.11497232889367988,0,0,0.0
