,比利时BFX,日经225,墨西哥BOLSA,恒生指数,韩国综合指数,荷兰AEX,Costa Rica Indice Accionario,加拿大多伦多S&P/TSX 综合指数,S&P CLX IPSA
L1,-0.10284918895378488,-0.19516596623525526,0,0,0,0,0,0,0.119514647112145
L2,-0.005310646006184899,-0.13647116362578676,0,0,0,0,0,0,-0.03594037527033944
L3,0.17209752642825824,0.0,0,0,0,0,0,0,0.20881047890034174
L4,0.11683838467124504,0.0,0,0,0,0,0,0,0.0
