,比利时BFX,日经225,墨西哥BOLSA,恒生指数,韩国综合指数,荷兰AEX,Costa Rica Indice Accionario,加拿大多伦多S&P/TSX 综合指数,S&P CLX IPSA
L1,0,-0.20078118075713014,0,0,0,0,0,0,0.11899320025578441
L2,0,-0.14211266061198624,0,0,0,0,0,0,-0.025333279333500675
L3,0,0.0,0,0,0,0,0,0,0.19203674625449135
L4,0,0.0,0,0,0,0,0,0,0.0
