,比利时BFX,日经225,墨西哥BOLSA,恒生指数,韩国综合指数,荷兰AEX,Costa Rica Indice Accionario,加拿大多伦多S&P/TSX 综合指数,S&P CLX IPSA
L1,0.084293807633322,-0.11149391114769593,0,-0.10851886854280082,-0.1385447984683669,0.07958867448677459,0,0,-0.08900492030564569
L2,-0.03590656788044895,0.0,0,-0.051652699197635946,0.0,-0.04678257152500209,0,0,-0.13570945259564293
L3,0.1459449932582021,0.0,0,0.08761493850470103,0.0,0.13185910839151097,0,0,0.0
L4,0.11763670459416992,0.0,0,0.2060754599051677,0.0,0.11865351987483796,0,0,0.0
