,比利时BFX,日经225,墨西哥BOLSA,恒生指数,韩国综合指数,荷兰AEX,Costa Rica Indice Accionario,加拿大多伦多S&P/TSX 综合指数,S&P CLX IPSA
L1,-0.012079700107654042,0,0.22415248559647805,-0.12924703212161184,-0.17062152397787558,-0.024085336214668802,0,0,-0.016496927574970753
L2,0.005583673550362981,0,-0.12917778467840502,-0.15348542351361727,-0.05175135094369241,0.006348219363041425,0,0,-0.03539664075553038
L3,0.1831832133565408,0,0.15008529922704017,0.0,0.10260141721070784,0.18213819599068912,0,0,0.1735469078718614
L4,0.11415700313861858,0,0.0,0.0,0.1557587247051238,0.12872614494015455,0,0,0.1042133727627704
