,比利时BFX,日经225,墨西哥BOLSA,恒生指数,韩国综合指数,荷兰AEX,Costa Rica Indice Accionario,加拿大多伦多S&P/TSX 综合指数,S&P CLX IPSA
L1,0.08579862460149076,-0.11186578683774999,0,-0.10190850068705155,-0.13672912156096245,0.08063168667224868,0,0,0
L2,-0.03619989011286091,0.0,0,-0.05146626900102339,0.0,-0.045653140581323824,0,0,0
L3,0.1456072312722629,0.0,0,0.09128077330723205,0.0,0.13016901123938143,0,0,0
L4,0.1203899912597777,0.0,0,0.19956962663626918,0.0,0.11984882297612078,0,0,0
