,比利时BFX,日经225,墨西哥BOLSA,恒生指数,韩国综合指数,荷兰AEX,Costa Rica Indice Accionario,加拿大多伦多S&P/TSX 综合指数,S&P CLX IPSA
L1,-0.08688111087252286,-0.19874616950144863,0,0,0,0,0,0,0.11653516085856638
L2,-0.005731067663844748,-0.13802961117180929,0,0,0,0,0,0,-0.04583001088423014
L3,0.14982023686126877,0.0,0,0,0,0,0,0,0.20943854814568277
L4,0.0,0.0,0,0,0,0,0,0,0.0
