,比利时BFX,日经225,墨西哥BOLSA,恒生指数,韩国综合指数,荷兰AEX,Costa Rica Indice Accionario,加拿大多伦多S&P/TSX 综合指数,S&P CLX IPSA
L1,0.08301223772833849,0,0,-0.1143790483841604,-0.1408016544534444,0.07723626701237807,0,0,-0.09787476424042964
L2,-0.036177496168822994,0,0,-0.056296438623744144,0.0,-0.05163722385740914,0,0,-0.13807439717884704
L3,0.145255145480927,0,0,0.07779897841021671,0.0,0.12955433759537835,0,0,0.0
L4,0.11626017424901687,0,0,0.2003089438568583,0.0,0.11615859359934531,0,0,0.0
