,比利时BFX,日经225,墨西哥BOLSA,恒生指数,韩国综合指数,荷兰AEX,Costa Rica Indice Accionario,加拿大多伦多S&P/TSX 综合指数,S&P CLX IPSA
L1,0,0,0.2823764882618916,-0.07319562306459568,0,0,0,0,0
L2,0,0,-0.005085454560890004,-0.10342597109321991,0,0,0,0,0
L3,0,0,0.19332083824923782,0.093991379830174,0,0,0,0,0
L4,0,0,0.0,0.12383062691196232,0,0,0,0,0
