,比利时BFX,日经225,墨西哥BOLSA,恒生指数,韩国综合指数,荷兰AEX,Costa Rica Indice Accionario,加拿大多伦多S&P/TSX 综合指数,S&P CLX IPSA
L1,0,-0.20036677160289856,0,0,0,0,0,0,0.1182619026029073
L2,0,-0.14162962769259382,0,0,0,0,0,0,-0.02515597902248666
L3,0,0.0,0,0,0,0,0,0,0.1849930839641049
L4,0,0.0,0,0,0,0,0,0,0.0
