,比利时BFX,日经225,墨西哥BOLSA,恒生指数,韩国综合指数,荷兰AEX,Costa Rica Indice Accionario,加拿大多伦多S&P/TSX 综合指数,S&P CLX IPSA
L1,-0.08690986343481025,-0.1957377127173283,0,0,0,0,0,0,0.12127912713308067
L2,-0.006066395986081429,-0.13614404008413258,0,0,0,0,0,0,-0.03589845036773463
L3,0.1464841917984998,0.0,0,0,0,0,0,0,0.20649251654161171
L4,0.0,0.0,0,0,0,0,0,0,0.0
