,比利时BFX,日经225,墨西哥BOLSA,恒生指数,韩国综合指数,荷兰AEX,Costa Rica Indice Accionario,加拿大多伦多S&P/TSX 综合指数,S&P CLX IPSA
L1,0.08470282454757502,-0.11303657090013805,0,-0.1128977352729743,-0.14243198093194354,0.07993169429601929,0,0,-0.09809313355230953
L2,-0.03521731015646669,0.0,0,-0.05617414074764356,0.0,-0.04714283654371929,0,0,-0.14197701963204423
L3,0.14520522030737593,0.0,0,0.08361572790376964,0.0,0.13018489334680525,0,0,0.0
L4,0.11590022879434614,0.0,0,0.2008919458473931,0.0,0.11661071997175816,0,0,0.0
