,比利时BFX,日经225,墨西哥BOLSA,恒生指数,韩国综合指数,荷兰AEX,Costa Rica Indice Accionario,加拿大多伦多S&P/TSX 综合指数,S&P CLX IPSA
L1,-0.012094727349267805,0,0.23118483361302997,-0.13673788682868487,-0.17285642992277753,-0.023545917283038936,0,0,0.006059859842675919
L2,0.0004236689660950218,0,-0.12384900177364636,-0.16310830897393055,-0.05745300593274901,0.002092432941439442,0,0,-0.04208950095221098
L3,0.17857690723318503,0,0.15101175825470461,0.0,0.0986230166745512,0.17699301503731993,0,0,0.16836718733108955
L4,0.10496203282936051,0,0.0,0.0,0.15312410216249825,0.12521306683706404,0,0,0.0
