,比利时BFX,日经225,墨西哥BOLSA,恒生指数,韩国综合指数,荷兰AEX,Costa Rica Indice Accionario,加拿大多伦多S&P/TSX 综合指数,S&P CLX IPSA
L1,-0.019886659204953153,0,0,-0.12461595374379049,-0.13814634829468458,-0.03254527971834356,0,0,-0.0031389368638863784
L2,0.02559106710426628,0,0,-0.13130348664643013,-0.015372275475280214,0.031947234677398954,0,0,-0.03579722199427704
L3,0.20360752277695493,0,0,0.0,0.11748397099469078,0.20342003103184056,0,0,0.18871815495107525
L4,0.10573103245749867,0,0,0.0,0.1796908596642643,0.12285493856652463,0,0,0.0
