,比利时BFX,日经225,墨西哥BOLSA,恒生指数,韩国综合指数,荷兰AEX,Costa Rica Indice Accionario,加拿大多伦多S&P/TSX 综合指数,S&P CLX IPSA
L1,0.08413863118082053,-0.11232999242997535,0,-0.11126365414042638,-0.14034369713665182,0.07905436756146961,0,0,-0.08727682821333367
L2,-0.035737631241025136,0.0,0,-0.05269956592220116,0.0,-0.04700304449090395,0,0,-0.13788086731156352
L3,0.1461737547837328,0.0,0,0.08787180028795269,0.0,0.1316374330388408,0,0,0.0
L4,0.11737601754617188,0.0,0,0.20366562710873157,0.0,0.1188288536954871,0,0,0.0
