,比利时BFX,日经225,墨西哥BOLSA,恒生指数,韩国综合指数,荷兰AEX,Costa Rica Indice Accionario,加拿大多伦多S&P/TSX 综合指数,S&P CLX IPSA
L1,0.08904736524195092,-0.11539247179330812,0,-0.1259124075674429,-0.133828296637964,0.0769706869501256,0,0,-0.09733231589257556
L2,-0.04217862464157984,0.0,0,-0.06357873174805287,0.0,-0.053991726024392214,0,0,-0.1347914938369782
L3,0.15135826593490953,0.0,0,0.06488420856221283,0.0,0.13436258328491976,0,0,0.0
L4,0.11465478270394354,0.0,0,0.18507618765197173,0.0,0.11547540318526935,0,0,0.0
