,比利时BFX,日经225,墨西哥BOLSA,恒生指数,韩国综合指数,荷兰AEX,Costa Rica Indice Accionario,加拿大多伦多S&P/TSX 综合指数,S&P CLX IPSA
L1,-0.09010517400665391,-0.19600678977104172,0,0,0,0,0,0,0.12274715091482716
L2,-0.008741067821988895,-0.13606465405981705,0,0,0,0,0,0,-0.035624608392333265
L3,0.14545381499179613,0.0,0,0,0,0,0,0,0.20631306613702
L4,0.0,0.0,0,0,0,0,0,0,0.0
