,比利时BFX,日经225,墨西哥BOLSA,恒生指数,韩国综合指数,荷兰AEX,Costa Rica Indice Accionario,加拿大多伦多S&P/TSX 综合指数,S&P CLX IPSA
L1,-0.08679516697788424,-0.19829588541886103,0,0,0,0,0,0,0.1133856200964098
L2,-0.005871213686791891,-0.13737375237996147,0,0,0,0,0,0,-0.04575464948004315
L3,0.1498763776392242,0.0,0,0,0,0,0,0,0.2093469742870591
L4,0.0,0.0,0,0,0,0,0,0,0.0
