,比利时BFX,日经225,墨西哥BOLSA,恒生指数,韩国综合指数,荷兰AEX,Costa Rica Indice Accionario,加拿大多伦多S&P/TSX 综合指数,S&P CLX IPSA
L1,0.08359274409805609,-0.11282872941255173,0,-0.11206843812791377,-0.14013823975568998,0.07814631365261078,0,0,-0.09759759241397918
L2,-0.03638893727474163,0.0,0,-0.055524959684442765,0.0,-0.05051722912975857,0,0,-0.1389255182341429
L3,0.14530193068519517,0.0,0,0.07885045851187752,0.0,0.12930551503206528,0,0,0.0
L4,0.11620171144772509,0.0,0,0.20132877229530516,0.0,0.11606687764790334,0,0,0.0
