,比利时BFX,日经225,墨西哥BOLSA,恒生指数,韩国综合指数,荷兰AEX,Costa Rica Indice Accionario,加拿大多伦多S&P/TSX 综合指数,S&P CLX IPSA
L1,-0.11972677027165965,-0.0729413138381951,0,-0.14241687348794574,0,-0.13255438987626741,0,0,0.006520326790639911
L2,0.10186750957995144,-0.06816460136968427,0,-0.1387144847062436,0,0.07475640428781646,0,0,0.06790295617983397
L3,0.18704196970337028,0.02950446193020998,0,0.0,0,0.17356806526768642,0,0,0.15049918009974328
L4,0.0,0.22722204836843415,0,0.0,0,0.0,0,0,0.1425825796704596
