,比利时BFX,日经225,墨西哥BOLSA,恒生指数,韩国综合指数,荷兰AEX,Costa Rica Indice Accionario,加拿大多伦多S&P/TSX 综合指数,S&P CLX IPSA
L1,0.08677082169951045,-0.11054223359864765,0,-0.10331611051991231,-0.13856204883109194,0.08120050681192405,0,0,0
L2,-0.03756221447233152,0.0,0,-0.05365897811935848,0.0,-0.04698520911659817,0,0,0
L3,0.14721216487903907,0.0,0,0.09015853484801972,0.0,0.1305359520240122,0,0,0
L4,0.11847573074683998,0.0,0,0.2024211637390077,0.0,0.1204794802896771,0,0,0
