,比利时BFX,日经225,墨西哥BOLSA,恒生指数,韩国综合指数,荷兰AEX,Costa Rica Indice Accionario,加拿大多伦多S&P/TSX 综合指数,S&P CLX IPSA
L1,-0.012470278904104902,0,0.2244654150716826,-0.12911536870358506,-0.17054216561663618,-0.02430522133927906,0,0,-0.015810488948529294
L2,0.006986972760375739,0,-0.13021584252111434,-0.15316094258517418,-0.05190198558059707,0.006749331882130378,0,0,-0.03446645290073177
L3,0.18205277798513314,0,0.15052367930101207,0.0,0.10259805028619064,0.18213549825334235,0,0,0.17392417538021024
L4,0.11464888084945646,0,0.0,0.0,0.1556067627993213,0.1289552412187069,0,0,0.10411287090755186
