,比利时BFX,日经225,墨西哥BOLSA,恒生指数,韩国综合指数,荷兰AEX,Costa Rica Indice Accionario,加拿大多伦多S&P/TSX 综合指数,S&P CLX IPSA
L1,-0.011950289357366035,0,0.22471933231508023,-0.12970858781369965,-0.17003160785483326,-0.023966922775127696,0,0,-0.020111067553484515
L2,0.005197709809716311,0,-0.1294930246761117,-0.1537192297414568,-0.05192408503312294,0.006045198864857865,0,0,-0.03408008853552328
L3,0.18332221650859234,0,0.14872704350966728,0.0,0.10242041827188339,0.18219365136792404,0,0,0.18059731715231336
L4,0.11419577200120903,0,0.0,0.0,0.15637535709908082,0.12915916486458723,0,0,0.1159116577875156
