,比利时BFX,日经225,墨西哥BOLSA,恒生指数,韩国综合指数,荷兰AEX,Costa Rica Indice Accionario,加拿大多伦多S&P/TSX 综合指数,S&P CLX IPSA
L1,0,0,0,-0.06451675740649548,0,0,-0.1141780307166937,0.0239014385765704,0
L2,0,0,0,-0.04793809988941412,0,0,-0.12962808501084624,-0.28996690602342334,0
L3,0,0,0,0.26710818300620787,0,0,0.10579044669172943,0.23285262604493268,0
L4,0,0,0,0.0,0,0,0.0,0.0,0
