,比利时BFX,日经225,墨西哥BOLSA,恒生指数,韩国综合指数,荷兰AEX,Costa Rica Indice Accionario,加拿大多伦多S&P/TSX 综合指数,S&P CLX IPSA
L1,0,0.010947834690321508,0,0,0,0,0,0.04960865168217155,0
L2,0,-0.23625180779085067,0,0,0,0,0,-0.2039022032780051,0
L3,0,0.0,0,0,0,0,0,0.1647365777152138,0
L4,0,0.0,0,0,0,0,0,0.0,0
