,比利时BFX,日经225,墨西哥BOLSA,恒生指数,韩国综合指数,荷兰AEX,Costa Rica Indice Accionario,加拿大多伦多S&P/TSX 综合指数,S&P CLX IPSA
L1,0,0.01838472398589224,0,0,0,0,0,0.042137435242380866,0
L2,0,-0.23879472335629273,0,0,0,0,0,-0.209468908700258,0
L3,0,0.0,0,0,0,0,0,0.1616059166366736,0
L4,0,0.0,0,0,0,0,0,0.0,0
