,比利时BFX,日经225,墨西哥BOLSA,恒生指数,韩国综合指数,荷兰AEX,Costa Rica Indice Accionario,加拿大多伦多S&P/TSX 综合指数,S&P CLX IPSA
L1,0,0.02032453437313283,0,0,0,0,0,0.043840100781003526,0
L2,0,-0.2477813844297826,0,0,0,0,0,-0.21526997984935983,0
L3,0,0.0,0,0,0,0,0,0.15508435774283286,0
L4,0,0.0,0,0,0,0,0,0.0,0
