,比利时BFX,日经225,墨西哥BOLSA,恒生指数,韩国综合指数,荷兰AEX,Costa Rica Indice Accionario,加拿大多伦多S&P/TSX 综合指数,S&P CLX IPSA
L1,0,0.04649096918488865,-0.14018798398541887,-0.09194268198384987,0,0,0,-0.011326246103288772,0
L2,0,-0.14795455821140135,0.03850235247333128,-0.07956324792898802,0,0,0,-0.19078617073105805,0
L3,0,0.0,-0.13412342208385505,0.14461285743099433,0,0,0,0.0,0
L4,0,0.0,0.0,0.0,0,0,0,0.0,0
