,比利时BFX,日经225,墨西哥BOLSA,恒生指数,韩国综合指数,荷兰AEX,Costa Rica Indice Accionario,加拿大多伦多S&P/TSX 综合指数,S&P CLX IPSA
L1,0,0.013171403858169235,0,0,0,0,0,0.04195080271289427,0
L2,0,-0.24895020773908802,0,0,0,0,0,-0.21557070983806867,0
L3,0,0.0,0,0,0,0,0,0.15573451646464703,0
L4,0,0.0,0,0,0,0,0,0.0,0
