,比利时BFX,日经225,墨西哥BOLSA,恒生指数,韩国综合指数,荷兰AEX,Costa Rica Indice Accionario,加拿大多伦多S&P/TSX 综合指数,S&P CLX IPSA
L1,0,0.016148694309747566,0,-0.0749184948765518,-0.17840788492846146,0,0,0.04468511859113841,0
L2,0,-0.2372138362113317,0,-0.07136112940037814,-0.13986139360634983,0,0,-0.2218909478762931,0
L3,0,0.0,0,0.1322332738030936,0.0,0,0,0.16855079854074378,0
L4,0,0.0,0,0.0,0.0,0,0,0.0,0
