,比利时BFX,日经225,墨西哥BOLSA,恒生指数,韩国综合指数,荷兰AEX,Costa Rica Indice Accionario,加拿大多伦多S&P/TSX 综合指数,S&P CLX IPSA
L1,0,0.04929444814454764,-0.10605839250482277,-0.09249721287843266,0,0,0,0.013651441694812598,0
L2,0,-0.14635952850235281,0.06429515716274127,-0.07910302853906578,0,0,0,-0.19480077710093383,0
L3,0,0.0,-0.12062285758947018,0.14695459047950687,0,0,0,0.10231591151836006,0
L4,0,0.0,0.0,0.0,0,0,0,0.0,0
