,比利时BFX,日经225,墨西哥BOLSA,恒生指数,韩国综合指数,荷兰AEX,Costa Rica Indice Accionario,加拿大多伦多S&P/TSX 综合指数,S&P CLX IPSA
L1,0,0,0,-0.08604163644288935,-0.1365783646661383,0,-0.11722244962540292,0.026695515785433593,0
L2,0,0,0,-0.08374944897031528,-0.12088557562388573,0,-0.12053413508670223,-0.2476133097594732,0
L3,0,0,0,0.11895767464003255,0.0,0,0.0,0.1736349368948799,0
L4,0,0,0,0.0,0.0,0,0.0,0.0,0
