,比利时BFX,日经225,墨西哥BOLSA,恒生指数,韩国综合指数,荷兰AEX,Costa Rica Indice Accionario,加拿大多伦多S&P/TSX 综合指数,S&P CLX IPSA
L1,0,-0.014413558473724896,-0.13097949873289172,-0.08864151643442744,-0.12211660488140912,0,-0.1788153902119946,0.045261892223933925,0
L2,0,-0.2407710494970207,0.0,-0.07608580491933839,-0.13247694841405452,0,0.0,-0.23481570747126965,0
L3,0,0.0,0.0,0.13320756487381036,0.0,0,0.0,0.16818214685253333,0
L4,0,0.0,0.0,0.0,0.0,0,0.0,0.0,0
