,比利时BFX,日经225,墨西哥BOLSA,恒生指数,韩国综合指数,荷兰AEX,Costa Rica Indice Accionario,加拿大多伦多S&P/TSX 综合指数,S&P CLX IPSA
L1,0.10374894392446984,-0.16952175220682683,0.06086886577306644,0,0,0,-0.10685506707885303,0.06296514001377156,0
L2,-0.13518356698309023,-0.13559341677335926,-0.09776102884646315,0,0,0,-0.11951348125571884,-0.19273203207311784,0
L3,0.016928642500228634,0.0,0.15825241815291058,0,0,0,0.10139075072119395,0.0,0
L4,-0.19804700879769863,0.0,0.0,0,0,0,0.0,0.0,0
