,比利时BFX,日经225,墨西哥BOLSA,恒生指数,韩国综合指数,荷兰AEX,Costa Rica Indice Accionario,加拿大多伦多S&P/TSX 综合指数,S&P CLX IPSA
L1,0,0,0,-0.08545314652558036,-0.13266611708386478,0,-0.11854552499554184,0.044021539898836025,0
L2,0,0,0,-0.08804090590826218,-0.12694607132023045,0,-0.13141798017532955,-0.24868182696925756,0
L3,0,0,0,0.1213615938210597,0.0,0,0.0,0.1754448791572808,0
L4,0,0,0,0.0,0.0,0,0.0,0.0,0
