,比利时BFX,日经225,墨西哥BOLSA,恒生指数,韩国综合指数,荷兰AEX,Costa Rica Indice Accionario,加拿大多伦多S&P/TSX 综合指数,S&P CLX IPSA
L1,0.10305539203030693,-0.165924632315526,0.05661081277938652,0,0,0,-0.1069728593798356,0.06166449302939541,0
L2,-0.13526594828817998,-0.12990635231978676,-0.09984514019653937,0,0,0,-0.11995027340076875,-0.19943806772667572,0
L3,0.017802745745178847,0.0,0.1577954340415549,0,0,0,0.10104470562744938,0.0,0
L4,-0.1943148897596233,0.0,0.0,0,0,0,0.0,0.0,0
