,比利时BFX,日经225,墨西哥BOLSA,恒生指数,韩国综合指数,荷兰AEX,Costa Rica Indice Accionario,加拿大多伦多S&P/TSX 综合指数,S&P CLX IPSA
L1,0,-0.02664160035468115,-0.1334630593291702,0,0,0,0,0.0374996876945831,0
L2,0,-0.19999242035968468,0.0,0,0,0,0,-0.25601561304768283,0
L3,0,0.0,0.0,0,0,0,0,0.17966929886107022,0
L4,0,0.0,0.0,0,0,0,0,0.0,0
