,比利时BFX,日经225,墨西哥BOLSA,恒生指数,韩国综合指数,荷兰AEX,Costa Rica Indice Accionario,加拿大多伦多S&P/TSX 综合指数,S&P CLX IPSA
L1,0,-0.0013849547308637205,-0.10482330408088676,-0.05628036047808746,0,0,-0.12463551966445716,0.013046016327598317,0
L2,0,-0.24783233394810578,0.0,-0.07825597254281243,0,0,0.0,-0.23194739731161043,0
L3,0,0.0,0.0,0.14989224927659922,0,0,0.0,0.14589642239885325,0
L4,0,0.0,0.0,0.0,0,0,0.0,0.0,0
