,比利时BFX,日经225,墨西哥BOLSA,恒生指数,韩国综合指数,荷兰AEX,Costa Rica Indice Accionario,加拿大多伦多S&P/TSX 综合指数,S&P CLX IPSA
L1,0,0.03907462400267468,-0.129287733501497,0,0,0,0,-0.0017100990971522549,0
L2,0,-0.14197546980389664,0.0,0,0,0,0,-0.20578716637705471,0
L3,0,0.0,0.0,0,0,0,0,0.0,0
L4,0,0.0,0.0,0,0,0,0,0.0,0
