,比利时BFX,日经225,墨西哥BOLSA,恒生指数,韩国综合指数,荷兰AEX,Costa Rica Indice Accionario,加拿大多伦多S&P/TSX 综合指数,S&P CLX IPSA
L1,0,0.011112010101416502,0,0,0,0,0,0.04694758941167703,0
L2,0,-0.23627245007578668,0,0,0,0,0,-0.20497654908407661,0
L3,0,0.0,0,0,0,0,0,0.1628966147749232,0
L4,0,0.0,0,0,0,0,0,0.0,0
