,比利时BFX,日经225,墨西哥BOLSA,恒生指数,韩国综合指数,荷兰AEX,Costa Rica Indice Accionario,加拿大多伦多S&P/TSX 综合指数,S&P CLX IPSA
L1,0,-0.0005982346686461496,-0.10891850172381407,-0.05608499115849695,0,0,-0.12455125214533372,0.01028964518042879,0
L2,0,-0.2508862414231455,0.0,-0.07904668848636232,0,0,0.0,-0.22795030307139136,0
L3,0,0.0,0.0,0.15125807898796115,0,0,0.0,0.14450085908343796,0
L4,0,0.0,0.0,0.0,0,0,0.0,0.0,0
