,比利时BFX,日经225,墨西哥BOLSA,恒生指数,韩国综合指数,荷兰AEX,Costa Rica Indice Accionario,加拿大多伦多S&P/TSX 综合指数,S&P CLX IPSA
L1,0,0,-0.1286527962299767,-0.0867497181381264,-0.1237895837069006,0,-0.14759240721048575,0.04026081108208184,0
L2,0,0,0.0,-0.08290385417512429,-0.13343318304430352,0,0.0,-0.2354012707100442,0
L3,0,0,0.0,0.1359195057607024,0.0,0,0.0,0.1726821294309601,0
L4,0,0,0.0,0.0,0.0,0,0.0,0.0,0
