,比利时BFX,日经225,墨西哥BOLSA,恒生指数,韩国综合指数,荷兰AEX,Costa Rica Indice Accionario,加拿大多伦多S&P/TSX 综合指数,S&P CLX IPSA
L1,0.0894245411304366,0,0.027941317168674686,0,0,0,-0.08781355908327092,0.08273251628075641,0
L2,-0.14876026081871352,0,-0.1139984130535397,0,0,0,-0.10987621747163133,-0.19035640275226,0
L3,0.01162633906980566,0,0.13286797772485556,0,0,0,0.10799392569494823,0.0,0
L4,-0.19518244278654423,0,0.0,0,0,0,0.0,0.0,0
