,比利时BFX,日经225,墨西哥BOLSA,恒生指数,韩国综合指数,荷兰AEX,Costa Rica Indice Accionario,加拿大多伦多S&P/TSX 综合指数,S&P CLX IPSA
L1,0,0.006608244593570654,-0.11221690481524862,-0.043454017229167585,0,0,-0.13158734955347076,0.005062545611914743,0.06008939655938506
L2,0,-0.24040518161588675,0.0,-0.08207636946358081,0,0,0.0,-0.2353933843817908,-0.1127761874587401
L3,0,0.0,0.0,0.1641040912467237,0,0,0.0,0.14229959319418065,0.1387510805042964
L4,0,0.0,0.0,0.0,0,0,0.0,0.0,0.0
