,比利时BFX,日经225,墨西哥BOLSA,恒生指数,韩国综合指数,荷兰AEX,Costa Rica Indice Accionario,加拿大多伦多S&P/TSX 综合指数,S&P CLX IPSA
L1,0,0.005783362324073529,-0.11164372035362442,-0.04615889862877538,0,0,-0.12462347550349567,-0.002303795758992512,0
L2,0,-0.23819567899158478,0.0,-0.07989637116391379,0,0,0.0,-0.22848134949063262,0
L3,0,0.0,0.0,0.15652580743581818,0,0,0.0,0.14150707618426045,0
L4,0,0.0,0.0,0.0,0,0,0.0,0.0,0
