,比利时BFX,日经225,墨西哥BOLSA,恒生指数,韩国综合指数,荷兰AEX,Costa Rica Indice Accionario,加拿大多伦多S&P/TSX 综合指数,S&P CLX IPSA
L1,0,-0.0017102013061813558,-0.11059449444106596,-0.07211475572597749,0,0,0,0.03372822634948666,-0.30960812547021344
L2,0,-0.2514332634298063,0.0,-0.07128057572631337,0,0,0,-0.20301391076637854,0.0
L3,0,0.0,0.0,0.14537502850594636,0,0,0,0.17095307935909843,0.0
L4,0,0.0,0.0,0.0,0,0,0,0.0,0.0
