,比利时BFX,日经225,墨西哥BOLSA,恒生指数,韩国综合指数,荷兰AEX,Costa Rica Indice Accionario,加拿大多伦多S&P/TSX 综合指数,S&P CLX IPSA
L1,0,-0.0006163286570375103,-0.10412524447834468,-0.0684103525945754,0,0,0,0.03664088923147203,0
L2,0,-0.2521317635683079,0.0,-0.07187407210712367,0,0,0,-0.20494670546200602,0
L3,0,0.0,0.0,0.13450593286737375,0,0,0,0.16335678202378404,0
L4,0,0.0,0.0,0.0,0,0,0,0.0,0
