,比利时BFX,日经225,墨西哥BOLSA,恒生指数,韩国综合指数,荷兰AEX,Costa Rica Indice Accionario,加拿大多伦多S&P/TSX 综合指数,S&P CLX IPSA
L1,0,-0.002316808176481069,-0.10626428894683032,-0.056319850173228284,0,0,-0.12443255168797052,0.017646673876106238,0
L2,0,-0.25492815839220995,0.0,-0.06754461127689165,0,0,0.0,-0.22197750498912358,0
L3,0,0.0,0.0,0.1514979176635546,0,0,0.0,0.15267694039896473,0
L4,0,0.0,0.0,0.0,0,0,0.0,0.0,0
