,比利时BFX,日经225,墨西哥BOLSA,恒生指数,韩国综合指数,荷兰AEX,Costa Rica Indice Accionario,加拿大多伦多S&P/TSX 综合指数,S&P CLX IPSA
L1,0,0.010709422621575483,0,0,0,0,0,0.05119288273633284,0
L2,0,-0.2365378125379572,0,0,0,0,0,-0.20474192320367757,0
L3,0,0.0,0,0,0,0,0,0.16602334324571466,0
L4,0,0.0,0,0,0,0,0,0.0,0
