,比利时BFX,日经225,墨西哥BOLSA,恒生指数,韩国综合指数,荷兰AEX,Costa Rica Indice Accionario,加拿大多伦多S&P/TSX 综合指数,S&P CLX IPSA
L1,0,0,-0.13027264767056312,0,0,0,0,-0.002598522805568708,0
L2,0,0,0.0,0,0,0,0,-0.20420781236202348,0
L3,0,0,0.0,0,0,0,0,0.0,0
L4,0,0,0.0,0,0,0,0,0.0,0
