,比利时BFX,日经225,墨西哥BOLSA,恒生指数,韩国综合指数,荷兰AEX,Costa Rica Indice Accionario,加拿大多伦多S&P/TSX 综合指数,S&P CLX IPSA
L1,0,0.007133609561697674,0,0,0,0,0,0.042731741274838794,0
L2,0,-0.23964343030041257,0,0,0,0,0,-0.2062666822817078,0
L3,0,0.0,0,0,0,0,0,0.16094121656889707,0
L4,0,0.0,0,0,0,0,0,0.0,0
