,比利时BFX,日经225,墨西哥BOLSA,恒生指数,韩国综合指数,荷兰AEX,Costa Rica Indice Accionario,加拿大多伦多S&P/TSX 综合指数,S&P CLX IPSA
L1,0.07036402296584919,0,0,-0.12484635460969043,-0.1308150731458918,0,0,0,0
L2,-0.03721137554624898,0,0,-0.018322377638434036,0.0,0,0,0,0
L3,0.1477590143765731,0,0,0.10137600686890538,0.0,0,0,0,0
L4,0.10916938726115506,0,0,0.21648876797335412,0.0,0,0,0,0
