,比利时BFX,日经225,墨西哥BOLSA,恒生指数,韩国综合指数,荷兰AEX,Costa Rica Indice Accionario,加拿大多伦多S&P/TSX 综合指数,S&P CLX IPSA
L1,0,0.041676407243026514,-0.13044931915408717,-0.10110518942470512,0,0,0,-0.0026766801358791004,0
L2,0,-0.1494227443772672,0.0,-0.07829710142357309,0,0,0,-0.2010866625811965,0
L3,0,0.0,0.0,0.14619394115251397,0,0,0,0.0,0
L4,0,0.0,0.0,0.0,0,0,0,0.0,0
