,比利时BFX,日经225,墨西哥BOLSA,恒生指数,韩国综合指数,荷兰AEX,Costa Rica Indice Accionario,加拿大多伦多S&P/TSX 综合指数,S&P CLX IPSA
L1,0,0.047050907996607785,-0.1379525630739871,-0.09261899708818688,0,0,0,0.010995552845308175,0
L2,0,-0.146322060916548,0.03548176626245878,-0.07947981450439426,0,0,0,-0.1971515719430571,0
L3,0,0.0,-0.13637504492098698,0.14602104305489857,0,0,0,0.10477640187882997,0
L4,0,0.0,0.0,0.0,0,0,0,0.0,0
