,比利时BFX,日经225,墨西哥BOLSA,恒生指数,韩国综合指数,荷兰AEX,Costa Rica Indice Accionario,加拿大多伦多S&P/TSX 综合指数,S&P CLX IPSA
L1,0,0.018652238159716797,-0.09996468720104346,-0.07588684513991163,-0.1793597010930321,0,0,0.046579054084691214,0
L2,0,-0.23981583427942502,0.0,-0.07136320948284837,-0.13948028711147403,0,0,-0.22330205262617003,0
L3,0,0.0,0.0,0.13254672169514845,0.0,0,0,0.1675059401961264,0
L4,0,0.0,0.0,0.0,0.0,0,0,0.0,0
