,比利时BFX,日经225,墨西哥BOLSA,恒生指数,韩国综合指数,荷兰AEX,Costa Rica Indice Accionario,加拿大多伦多S&P/TSX 综合指数,S&P CLX IPSA
L1,0,0,-0.11270288702026279,0,0,0,0,0.057186731671224816,0
L2,0,0,0.0,0,0,0,0,-0.26210796083757015,0
L3,0,0,0.0,0,0,0,0,0.12680745778424476,0
L4,0,0,0.0,0,0,0,0,0.0,0
