,比利时BFX,日经225,墨西哥BOLSA,恒生指数,韩国综合指数,荷兰AEX,Costa Rica Indice Accionario,加拿大多伦多S&P/TSX 综合指数,S&P CLX IPSA
L1,0,-0.05592907411222542,-0.12192153742462662,0,0,0,0,0.0488946921099549,0
L2,0,-0.13953454775487822,0.0,0,0,0,0,-0.26566057402133225,0
L3,0,-0.1188909208813913,0.0,0,0,0,0,0.13603976730108508,0
L4,0,0.0,0.0,0,0,0,0,0.0,0
