,比利时BFX,日经225,墨西哥BOLSA,恒生指数,韩国综合指数,荷兰AEX,Costa Rica Indice Accionario,加拿大多伦多S&P/TSX 综合指数,S&P CLX IPSA
L1,0,0.007356626217996486,-0.10977558013533256,-0.043518867586692336,0,0,-0.13157335265304335,-0.000592989994784604,0.0659333282273775
L2,0,-0.2409072221890828,0.0,-0.08000339120333962,0,0,0.0,-0.2382203820909467,-0.1357123836304299
L3,0,0.0,0.0,0.16200136231443837,0,0,0.0,0.150631882536147,0.16090555184529753
L4,0,0.0,0.0,0.0,0,0,0.0,0.0,0.0
