,比利时BFX,日经225,墨西哥BOLSA,恒生指数,韩国综合指数,荷兰AEX,Costa Rica Indice Accionario,加拿大多伦多S&P/TSX 综合指数,S&P CLX IPSA
L1,0,0,-0.1118422670947526,0,0,0,0,0.057068618490015655,0
L2,0,0,0.0,0,0,0,0,-0.2617492857251482,0
L3,0,0,0.0,0,0,0,0,0.12483632259778116,0
L4,0,0,0.0,0,0,0,0,0.0,0
