,比利时BFX,日经225,墨西哥BOLSA,恒生指数,韩国综合指数,荷兰AEX,Costa Rica Indice Accionario,加拿大多伦多S&P/TSX 综合指数,S&P CLX IPSA
L1,0,0.02036189723132355,0,-0.07412394778597128,0,0,0,0.039526339722059545,0
L2,0,-0.23871666504505876,0,-0.06954079591589765,0,0,0,-0.21477682805921341,0
L3,0,0.0,0,0.1315696027606442,0,0,0,0.16091148646837453,0
L4,0,0.0,0,0.0,0,0,0,0.0,0
