,比利时BFX,日经225,墨西哥BOLSA,恒生指数,韩国综合指数,荷兰AEX,Costa Rica Indice Accionario,加拿大多伦多S&P/TSX 综合指数,S&P CLX IPSA
L1,0,0,-0.10328433000258984,0,0,0,0,0.06271882747029775,0
L2,0,0,0.0,0,0,0,0,-0.268236542638266,0
L3,0,0,0.0,0,0,0,0,0.11818126215525582,0
L4,0,0,0.0,0,0,0,0,0.0,0
