,比利时BFX,日经225,墨西哥BOLSA,恒生指数,韩国综合指数,荷兰AEX,Costa Rica Indice Accionario,加拿大多伦多S&P/TSX 综合指数,S&P CLX IPSA
L1,0,0.009239354200201366,0,0,0,0,0,0.05026179353316192,0
L2,0,-0.2382311395104165,0,0,0,0,0,-0.2160879407199039,0
L3,0,0.0,0,0,0,0,0,0.1603053248412186,0
L4,0,0.0,0,0,0,0,0,0.0,0
