,比利时BFX,日经225,墨西哥BOLSA,恒生指数,韩国综合指数,荷兰AEX,Costa Rica Indice Accionario,加拿大多伦多S&P/TSX 综合指数,S&P CLX IPSA
L1,0.07849751726882007,0,0,0,-0.18231849671214828,0.11690497604329489,0,-0.022422308190442795,0
L2,-0.28744395602737777,0,0,0,0.0,-0.24523796615202467,0,-0.18245224992972264,0
L3,0.0,0,0,0,0.0,0.0,0,0.0,0
L4,0.0,0,0,0,0.0,0.0,0,0.0,0
