,比利时BFX,日经225,墨西哥BOLSA,恒生指数,韩国综合指数,荷兰AEX,Costa Rica Indice Accionario,加拿大多伦多S&P/TSX 综合指数,S&P CLX IPSA
L1,0,-0.0018251815579821478,-0.10765359723623626,-0.06287923885320253,0,0,-0.1193908432586035,0.03607015433888568,0
L2,0,-0.25085298919323656,0.0,-0.07558968787233171,0,0,0.0,-0.20922897308089813,0
L3,0,0.0,0.0,0.14822278814314033,0,0,0.0,0.1747333669700093,0
L4,0,0.0,0.0,0.0,0,0,0.0,0.0,0
