,比利时BFX,日经225,墨西哥BOLSA,恒生指数,韩国综合指数,荷兰AEX,Costa Rica Indice Accionario,加拿大多伦多S&P/TSX 综合指数,S&P CLX IPSA
L1,0,0.00953585023665417,0,0,0,0,0,0.050416492404806806,0
L2,0,-0.2379907821732594,0,0,0,0,0,-0.21671605789609835,0
L3,0,0.0,0,0,0,0,0,0.16019264368164865,0
L4,0,0.0,0,0,0,0,0,0.0,0
