,比利时BFX,日经225,墨西哥BOLSA,恒生指数,韩国综合指数,荷兰AEX,Costa Rica Indice Accionario,加拿大多伦多S&P/TSX 综合指数,S&P CLX IPSA
L1,0,0,-0.11161597579091241,0,0,0,0,0.05788940647874199,0
L2,0,0,0.0,0,0,0,0,-0.2612239553408092,0
L3,0,0,0.0,0,0,0,0,0.12702612275218506,0
L4,0,0,0.0,0,0,0,0,0.0,0
