,比利时BFX,日经225,墨西哥BOLSA,恒生指数,韩国综合指数,荷兰AEX,Costa Rica Indice Accionario,加拿大多伦多S&P/TSX 综合指数,S&P CLX IPSA
L1,0,-0.00655994573952484,-0.11186968667633386,-0.06855131663130568,-0.10746947441819187,0,-0.13018468039875486,0.056063537607450545,0.07892174035095842
L2,0,-0.2563468062728596,0.0,-0.08450584953037787,-0.13340355045537822,0,0.0,-0.24437148814179246,-0.15137359100632744
L3,0,0.0,0.0,0.1538687664118299,0.0,0,0.0,0.16506528874948537,0.11030352646913609
L4,0,0.0,0.0,0.0,0.0,0,0.0,0.0,0.0
