,比利时BFX,日经225,墨西哥BOLSA,恒生指数,韩国综合指数,荷兰AEX,Costa Rica Indice Accionario,加拿大多伦多S&P/TSX 综合指数,S&P CLX IPSA
L1,0,0.0031703423947542636,-0.10471552949562295,-0.055364685636343,0,0,-0.1250083881834547,0.003347339427503409,0
L2,0,-0.24522372763274214,0.0,-0.07657207098777297,0,0,0.0,-0.2253067229174796,0
L3,0,0.0,0.0,0.15371624944078047,0,0,0.0,0.1423249422770517,0
L4,0,0.0,0.0,0.0,0,0,0.0,0.0,0
