,比利时BFX,日经225,墨西哥BOLSA,恒生指数,韩国综合指数,荷兰AEX,Costa Rica Indice Accionario,加拿大多伦多S&P/TSX 综合指数,S&P CLX IPSA
L1,0,0.015836008151366855,0,-0.07520333209534287,-0.1780640153946212,0,0,0.04571650256819297,0
L2,0,-0.23695856102127288,0,-0.07258211028928029,-0.140338787918434,0,0,-0.22315628806180854,0
L3,0,0.0,0,0.1312658495619458,0.0,0,0,0.1702378523664104,0
L4,0,0.0,0,0.0,0.0,0,0,0.0,0
