,比利时BFX,日经225,墨西哥BOLSA,恒生指数,韩国综合指数,荷兰AEX,Costa Rica Indice Accionario,加拿大多伦多S&P/TSX 综合指数,S&P CLX IPSA
L1,0,0.006522211004332864,-0.11417701777184085,-0.04351983678419595,0,0,-0.13106466082933912,0.001103956909050248,0.09199889910788674
L2,0,-0.23827807364807158,0.0,-0.08157309639661758,0,0,0.0,-0.22791046139889115,-0.11829639466728674
L3,0,0.0,0.0,0.1599021618003311,0,0,0.0,0.1459869661004759,0.13241375859969967
L4,0,0.0,0.0,0.0,0,0,0.0,0.0,0.0
