,比利时BFX,日经225,墨西哥BOLSA,恒生指数,韩国综合指数,荷兰AEX,Costa Rica Indice Accionario,加拿大多伦多S&P/TSX 综合指数,S&P CLX IPSA
L1,0,-0.15753766177121695,0.030615623983244654,-0.12827476185664288,0,0,-0.08647856632923012,0,0
L2,0,-0.1259379880167351,-0.1204319372894298,-0.11949750012782906,0,0,-0.11183982527361969,0,0
L3,0,0.0,0.12958198456288592,0.0,0,0,0.10865378810115597,0,0
L4,0,0.0,0.0,0.0,0,0,0.0,0,0
