,比利时BFX,日经225,墨西哥BOLSA,恒生指数,韩国综合指数,荷兰AEX,Costa Rica Indice Accionario,加拿大多伦多S&P/TSX 综合指数,S&P CLX IPSA
L1,0,-0.003644639081238929,-0.10589435545077602,-0.07245497808994576,0,0,0,0.03504674904302929,0
L2,0,-0.2516051104189165,0.0,-0.07145989363845354,0,0,0,-0.20328315496447363,0
L3,0,0.0,0.0,0.14547293929273533,0,0,0,0.1712198820890564,0
L4,0,0.0,0.0,0.0,0,0,0,0.0,0
