,比利时BFX,日经225,墨西哥BOLSA,恒生指数,韩国综合指数,荷兰AEX,Costa Rica Indice Accionario,加拿大多伦多S&P/TSX 综合指数,S&P CLX IPSA
L1,0,-0.004142170944632084,-0.1065319797100205,-0.07241551889905534,0,0,0,0.03464056207936913,0
L2,0,-0.25153736538739335,0.0,-0.07106851856846612,0,0,0,-0.20590734455830179,0
L3,0,0.0,0.0,0.14657588824232778,0,0,0,0.17201894805824092,0
L4,0,0.0,0.0,0.0,0,0,0,0.0,0
