,比利时BFX,日经225,墨西哥BOLSA,恒生指数,韩国综合指数,荷兰AEX,Costa Rica Indice Accionario,加拿大多伦多S&P/TSX 综合指数,S&P CLX IPSA
L1,0,0.0021852154564820656,-0.10515315938678702,-0.056554005203661994,0,0,-0.12483986177390245,0.0008079745603861224,0
L2,0,-0.24439428277143632,0.0,-0.07601739676750215,0,0,0.0,-0.22556849721854322,0
L3,0,0.0,0.0,0.15135163637523225,0,0,0.0,0.1408836035209973,0
L4,0,0.0,0.0,0.0,0,0,0.0,0.0,0
