,比利时BFX,日经225,墨西哥BOLSA,恒生指数,韩国综合指数,荷兰AEX,Costa Rica Indice Accionario,加拿大多伦多S&P/TSX 综合指数,S&P CLX IPSA
L1,0,0.01570071605159512,0,-0.0761583962888206,-0.1778269867529782,0,0,0.04807555020133194,0
L2,0,-0.23453520189736882,0,-0.07245966815503016,-0.13984325397991562,0,0,-0.22225066871555946,0
L3,0,0.0,0,0.1315126670955233,0.0,0,0,0.17093005329985458,0
L4,0,0.0,0,0.0,0.0,0,0,0.0,0
