,比利时BFX,日经225,墨西哥BOLSA,恒生指数,韩国综合指数,荷兰AEX,Costa Rica Indice Accionario,加拿大多伦多S&P/TSX 综合指数,S&P CLX IPSA
L1,0,0.009584626203537778,0,0,0,0,0,0.0497108777677528,0
L2,0,-0.23785294813889907,0,0,0,0,0,-0.217371817528835,0
L3,0,0.0,0,0,0,0,0,0.15971742339369996,0
L4,0,0.0,0,0,0,0,0,0.0,0
