,比利时BFX,日经225,墨西哥BOLSA,恒生指数,韩国综合指数,荷兰AEX,Costa Rica Indice Accionario,加拿大多伦多S&P/TSX 综合指数,S&P CLX IPSA
L1,0,0.022868483220076594,0,0,0,0,0,0.04434392942392849,0
L2,0,-0.23848164072540531,0,0,0,0,0,-0.21139501344730566,0
L3,0,0.0,0,0,0,0,0,0.15828175334364036,0
L4,0,0.0,0,0,0,0,0,0.0,0
