,比利时BFX,日经225,墨西哥BOLSA,恒生指数,韩国综合指数,荷兰AEX,Costa Rica Indice Accionario,加拿大多伦多S&P/TSX 综合指数,S&P CLX IPSA
L1,0,0.046201201295110184,-0.1404653223508126,-0.09154893734939168,0,0,0,0.009208454790968535,0
L2,0,-0.14627844030150147,0.03583710643470543,-0.07887043414133993,0,0,0,-0.19533388272801208,0
L3,0,0.0,-0.1363860034094966,0.1449578000351805,0,0,0,0.10339299223556317,0
L4,0,0.0,0.0,0.0,0,0,0,0.0,0
