,比利时BFX,日经225,墨西哥BOLSA,恒生指数,韩国综合指数,荷兰AEX,Costa Rica Indice Accionario,加拿大多伦多S&P/TSX 综合指数,S&P CLX IPSA
L1,0,0.010965396626639371,0,0,0,0,0,0.04936980170375109,0
L2,0,-0.2364431753023673,0,0,0,0,0,-0.20366454722578528,0
L3,0,0.0,0,0,0,0,0,0.1646150505901953,0
L4,0,0.0,0,0,0,0,0,0.0,0
