,比利时BFX,日经225,墨西哥BOLSA,恒生指数,韩国综合指数,荷兰AEX,Costa Rica Indice Accionario,加拿大多伦多S&P/TSX 综合指数,S&P CLX IPSA
L1,0,0.002593321914339505,-0.1043818711759134,-0.05604890421502265,0,0,-0.1249140213620585,0.0017744895547831506,0
L2,0,-0.24453147864842595,0.0,-0.07603875115271909,0,0,0.0,-0.226383556818616,0
L3,0,0.0,0.0,0.152542390935448,0,0,0.0,0.13983661522734475,0
L4,0,0.0,0.0,0.0,0,0,0.0,0.0,0
