,比利时BFX,日经225,墨西哥BOLSA,恒生指数,韩国综合指数,荷兰AEX,Costa Rica Indice Accionario,加拿大多伦多S&P/TSX 综合指数,S&P CLX IPSA
L1,0,-0.023888562565690462,-0.1248278450148809,-0.08790173830163356,-0.1217951322209509,0,-0.1677530213395603,0.04037708621124138,0
L2,0,-0.23711090548687394,0.0,-0.07762025740058486,-0.12558022114140469,0,0.0,-0.23807610084838482,0
L3,0,0.0,0.0,0.1317412702047147,0.0,0,0.0,0.1756432089669337,0
L4,0,0.0,0.0,0.0,0.0,0,0.0,0.0,0
