,比利时BFX,日经225,墨西哥BOLSA,恒生指数,韩国综合指数,荷兰AEX,Costa Rica Indice Accionario,加拿大多伦多S&P/TSX 综合指数,S&P CLX IPSA
L1,0,0.07668809554362323,-0.07662197150494296,0,0,0,0,0,0.0627812228105341
L2,0,-0.14331126422179116,-0.19967777639518738,0,0,0,0,0,0.08918043742007284
L3,0,0.0,0.0,0,0,0,0,0,-0.03294983630647917
L4,0,0.0,0.0,0,0,0,0,0,0.1895737833902122
