,比利时BFX,日经225,墨西哥BOLSA,恒生指数,韩国综合指数,荷兰AEX,Costa Rica Indice Accionario,加拿大多伦多S&P/TSX 综合指数,S&P CLX IPSA
L1,0,0,-0.0117483660434919,-0.07671392919260843,0,0,-0.10029349146692564,0,0
L2,0,0,-0.09876904480595321,-0.14128004081622625,0,0,-0.11863070871778346,0,0
L3,0,0,0.13627512612240572,0.1457040526416501,0,0,0.0,0,0
L4,0,0,0.0,0.0,0,0,0.0,0,0
