,比利时BFX,日经225,墨西哥BOLSA,恒生指数,韩国综合指数,荷兰AEX,Costa Rica Indice Accionario,加拿大多伦多S&P/TSX 综合指数,S&P CLX IPSA
L1,0,0,-0.008771260712217857,-0.06946645669475231,0,0,0.027029811004065846,0,0
L2,0,0,-0.129749114113245,-0.14110587067478425,0,0,-0.13965219339067228,0,0
L3,0,0,0.11655665752086898,0.10915336732125845,0,0,0.1378178838129268,0,0
L4,0,0,0.0,0.0,0,0,0.0,0,0
