,比利时BFX,日经225,墨西哥BOLSA,恒生指数,韩国综合指数,荷兰AEX,Costa Rica Indice Accionario,加拿大多伦多S&P/TSX 综合指数,S&P CLX IPSA
L1,0,0,-0.009893036903406743,-0.09543815577694367,0.02810331273930314,0,0,0,0
L2,0,0,-0.10973492889697885,-0.15034953359662415,-0.1597905114585838,0,0,0,0
L3,0,0,0.15915708621946334,0.15301288528567888,0.1230895436328462,0,0,0,0
L4,0,0,0.0,0.0,0.0,0,0,0,0
