,比利时BFX,日经225,墨西哥BOLSA,恒生指数,韩国综合指数,荷兰AEX,Costa Rica Indice Accionario,加拿大多伦多S&P/TSX 综合指数,S&P CLX IPSA
L1,0,0,0,-0.07163397555190666,0,0,-0.10406626594647281,0,0
L2,0,0,0,-0.11506004272364607,0,0,-0.1228237927203642,0,0
L3,0,0,0,0.12639042380625337,0,0,0.0,0,0
L4,0,0,0,0.0,0,0,0.0,0,0
