,比利时BFX,日经225,墨西哥BOLSA,恒生指数,韩国综合指数,荷兰AEX,Costa Rica Indice Accionario,加拿大多伦多S&P/TSX 综合指数,S&P CLX IPSA
L1,0,0,-0.012213637863583086,-0.09756567057032514,0.037632358093451536,0,0.019577728243806918,0,0
L2,0,0,-0.1251007873647164,-0.15108566734820125,-0.12731811859293818,0,-0.12981480528290823,0,0
L3,0,0,0.1490507669580425,0.1049430282651127,0.12116826986992613,0,0.12881765099286355,0,0
L4,0,0,0.0,0.0,0.0,0,0.0,0,0
