,比利时BFX,日经225,墨西哥BOLSA,恒生指数,韩国综合指数,荷兰AEX,Costa Rica Indice Accionario,加拿大多伦多S&P/TSX 综合指数,S&P CLX IPSA
L1,0,0,-0.011327432068804676,-0.08264429178134823,0.02578471303380541,0,0,0,0
L2,0,0,-0.10883496559201479,-0.1614850784868766,-0.14098367692317873,0,0,0,0
L3,0,0,0.15899298662898942,0.1154829910854403,0.11052965529147078,0,0,0,0
L4,0,0,0.0,0.0,0.0,0,0,0,0
