,比利时BFX,日经225,墨西哥BOLSA,恒生指数,韩国综合指数,荷兰AEX,Costa Rica Indice Accionario,加拿大多伦多S&P/TSX 综合指数,S&P CLX IPSA
L1,0,0,-0.011305488733422294,-0.0955763734796088,0.03277190442750547,0,0.02256424810734635,0,0
L2,0,0,-0.12474647196084758,-0.15204562621819223,-0.13438092183888758,0,-0.14392906682229822,0,0
L3,0,0,0.14440432298133776,0.12048740118570782,0.11616058636258288,0,0.17734538574424358,0,0
L4,0,0,0.0,0.0,0.0,0,0.0,0,0
