,比利时BFX,日经225,墨西哥BOLSA,恒生指数,韩国综合指数,荷兰AEX,Costa Rica Indice Accionario,加拿大多伦多S&P/TSX 综合指数,S&P CLX IPSA
L1,0,0,0.0021083165830053045,-0.08350857304001708,0.020224006515643607,0,-0.04906046899363774,0,0
L2,0,0,-0.11368253080300567,-0.139456263077387,-0.15167547106208656,0,-0.12347316048556023,0,0
L3,0,0,0.13547460168310554,0.1439158953957766,0.1097166177632011,0,0.10248625689424938,0,0
L4,0,0,0.0,0.0,0.0,0,0.0,0,0
