,比利时BFX,日经225,墨西哥BOLSA,恒生指数,韩国综合指数,荷兰AEX,Costa Rica Indice Accionario,加拿大多伦多S&P/TSX 综合指数,S&P CLX IPSA
L1,0,0,-0.01123815059696558,-0.0952634198472602,0,0,0.018871113573478458,0,0
L2,0,0,-0.12614836685606723,-0.15058038051019929,0,0,-0.12998241081805484,0,0
L3,0,0,0.14852409483288948,0.10541964630548942,0,0,0.1296225511560032,0,0
L4,0,0,0.0,0.0,0,0,0.0,0,0
