,比利时BFX,日经225,墨西哥BOLSA,恒生指数,韩国综合指数,荷兰AEX,Costa Rica Indice Accionario,加拿大多伦多S&P/TSX 综合指数,S&P CLX IPSA
L1,0,0,-0.009576274557420529,0.03731116265541164,0,0,0.016089183268375884,0,0
L2,0,0,-0.13052437971528175,-0.13299922648018148,0,0,-0.13842210105124586,0,0
L3,0,0,0.11616464519668428,0.13157038886756642,0,0,0.12976888322221963,0,0
L4,0,0,0.0,0.0,0,0,0.0,0,0
