,比利时BFX,日经225,墨西哥BOLSA,恒生指数,韩国综合指数,荷兰AEX,Costa Rica Indice Accionario,加拿大多伦多S&P/TSX 综合指数,S&P CLX IPSA
L1,0,0,-0.019656918758870795,-0.09378352460237653,0.03279390610870571,0,0.01936125130308026,0,0
L2,0,0,-0.12632961402824297,-0.18064235151727803,-0.17066784872782031,0,-0.13066588074410795,0,0
L3,0,0,0.14981756736549554,0.14148351668238499,0.1490504603737448,0,0.12719982043120034,0,0
L4,0,0,0.0,0.0,0.0,0,0.0,0,0
