,比利时BFX,日经225,墨西哥BOLSA,恒生指数,韩国综合指数,荷兰AEX,Costa Rica Indice Accionario,加拿大多伦多S&P/TSX 综合指数,S&P CLX IPSA
L1,0,0,0,-0.07840069841720437,0,0,-0.10280685285911581,0,0
L2,0,0,0,-0.1272741921222867,0,0,-0.12318327512596954,0,0
L3,0,0,0,0.13660388278566782,0,0,0.0,0,0
L4,0,0,0,0.0,0,0,0.0,0,0
