,比利时BFX,日经225,墨西哥BOLSA,恒生指数,韩国综合指数,荷兰AEX,Costa Rica Indice Accionario,加拿大多伦多S&P/TSX 综合指数,S&P CLX IPSA
L1,0,0,-0.008850139405052686,-0.0975684529816499,0.02744595014049452,0,0,0,0
L2,0,0,-0.10894866321255192,-0.15494427505664077,-0.16184273137958124,0,0,0,0
L3,0,0,0.16070008227555987,0.1498349267919393,0.12206883310887309,0,0,0,0
L4,0,0,0.0,0.0,0.0,0,0,0,0
