,比利时BFX,日经225,墨西哥BOLSA,恒生指数,韩国综合指数,荷兰AEX,Costa Rica Indice Accionario,加拿大多伦多S&P/TSX 综合指数,S&P CLX IPSA
L1,0,0,0,0,0,0,0,-0.11708027895944863,0.07117409871800036
L2,0,0,0,0,0,0,0,0.025467488423653737,0.12140830541844339
L3,0,0,0,0,0,0,0,-0.06197707956057627,0.0
L4,0,0,0,0,0,0,0,0.2228621933456945,0.0
