,比利时BFX,日经225,墨西哥BOLSA,恒生指数,韩国综合指数,荷兰AEX,Costa Rica Indice Accionario,加拿大多伦多S&P/TSX 综合指数,S&P CLX IPSA
L1,0,0.07514878157516089,0,0,0,0,0,0,0.05922525843138601
L2,0,-0.14154238052617168,0,0,0,0,0,0,0.08966853562644972
L3,0,0.0,0,0,0,0,0,0,0.011835022230041035
L4,0,0.0,0,0,0,0,0,0,0.18790123113679572
