,比利时BFX,日经225,墨西哥BOLSA,恒生指数,韩国综合指数,荷兰AEX,Costa Rica Indice Accionario,加拿大多伦多S&P/TSX 综合指数,S&P CLX IPSA
L1,0,0.09499538848104627,-0.04202549386855231,0,0,0,0,0,0
L2,0,-0.1719186494622481,-0.09540781347712185,0,0,0,0,0,0
L3,0,0.0,0.14401998960676252,0,0,0,0,0,0
L4,0,0.0,0.0,0,0,0,0,0,0
