,比利时BFX,日经225,墨西哥BOLSA,恒生指数,韩国综合指数,荷兰AEX,Costa Rica Indice Accionario,加拿大多伦多S&P/TSX 综合指数,S&P CLX IPSA
L1,0,0,-0.009299643829883637,-0.09763459385662798,0.02797052031968187,0,0,0,0
L2,0,0,-0.10928365398356762,-0.15183897247662026,-0.159744357333035,0,0,0,0
L3,0,0,0.15957922527941976,0.15237825299755736,0.12358669712509547,0,0,0,0
L4,0,0,0.0,0.0,0.0,0,0,0,0
