,比利时BFX,日经225,墨西哥BOLSA,恒生指数,韩国综合指数,荷兰AEX,Costa Rica Indice Accionario,加拿大多伦多S&P/TSX 综合指数,S&P CLX IPSA
L1,0,0,-0.0066810896516301885,-0.08092860021779676,0.03720959628745416,0,0,0,0
L2,0,0,-0.12051628922199434,-0.15159270558164756,-0.13504060702410833,0,0,0,0
L3,0,0,0.1489768722955396,0.12087927280242405,0.1140415537585007,0,0,0,0
L4,0,0,0.0,0.0,0.0,0,0,0,0
