,比利时BFX,日经225,墨西哥BOLSA,恒生指数,韩国综合指数,荷兰AEX,Costa Rica Indice Accionario,加拿大多伦多S&P/TSX 综合指数,S&P CLX IPSA
L1,0,0,-0.01220243591979241,-0.09487759496321062,0,0,0.018927311375395516,0,0
L2,0,0,-0.12632322263580112,-0.1498298797172922,0,0,-0.13015539940961723,0,0
L3,0,0,0.14872685142602482,0.10547750265534547,0,0,0.12913829325847098,0,0
L4,0,0,0.0,0.0,0,0,0.0,0,0
