,比利时BFX,日经225,墨西哥BOLSA,恒生指数,韩国综合指数,荷兰AEX,Costa Rica Indice Accionario,加拿大多伦多S&P/TSX 综合指数,S&P CLX IPSA
L1,0,0,-0.01158941217290158,-0.0816284658525279,0,0,-0.09756582199325595,0,0
L2,0,0,-0.09960704003528495,-0.1413134921901724,0,0,-0.11755136135483232,0,0
L3,0,0,0.1394325588569886,0.14707203575304395,0,0,0.0,0,0
L4,0,0,0.0,0.0,0,0,0.0,0,0
