,比利时BFX,日经225,墨西哥BOLSA,恒生指数,韩国综合指数,荷兰AEX,Costa Rica Indice Accionario,加拿大多伦多S&P/TSX 综合指数,S&P CLX IPSA
L1,0,0,-0.005651150881818428,-0.08932710548972658,0.021036657868827364,0,-0.046630513283663654,0,0
L2,0,0,-0.10823655967438116,-0.14966160469434905,-0.1608040280673491,0,-0.12257694904466883,0,0
L3,0,0,0.1402180945272689,0.14981425407669588,0.10994729811229137,0,0.10189277996764212,0,0
L4,0,0,0.0,0.0,0.0,0,0.0,0,0
