,比利时BFX,日经225,墨西哥BOLSA,恒生指数,韩国综合指数,荷兰AEX,Costa Rica Indice Accionario,加拿大多伦多S&P/TSX 综合指数,S&P CLX IPSA
L1,0,0.03650688116275553,-0.012759675993783082,-0.09598219213837658,0.037403302061083596,0,0.019599730614545334,0,0
L2,0,-0.13987623086885026,-0.12505235732100897,-0.14970727359681846,-0.12618524728788763,0,-0.12998346824443507,0,0
L3,0,0.0,0.14956835658440246,0.1054590134270562,0.12179346269625253,0,0.12884636238149053,0,0
L4,0,0.0,0.0,0.0,0.0,0,0.0,0,0
