,比利时BFX,日经225,墨西哥BOLSA,恒生指数,韩国综合指数,荷兰AEX,Costa Rica Indice Accionario,加拿大多伦多S&P/TSX 综合指数,S&P CLX IPSA
L1,0,0,0.002510280446003193,-0.08528529979236132,0,0,0,0,0
L2,0,0,-0.1305976897604356,-0.15719606446707168,0,0,0,0,0
L3,0,0,0.17006117897203926,0.12268128678876318,0,0,0,0,0
L4,0,0,0.0,0.0,0,0,0,0,0
