,比利时BFX,日经225,墨西哥BOLSA,恒生指数,韩国综合指数,荷兰AEX,Costa Rica Indice Accionario,加拿大多伦多S&P/TSX 综合指数,S&P CLX IPSA
L1,0,0,-0.01086558090603439,-0.09520440891673777,0.03267823406828621,0,0.01797960567064654,0,0
L2,0,0,-0.12299761449589765,-0.14987250919714318,-0.13616461940838864,0,-0.13003924893784763,0,0
L3,0,0,0.141538663099425,0.11003712247281193,0.116133782720527,0,0.13017520764911186,0,0
L4,0,0,0.0,0.0,0.0,0,0.0,0,0
