,比利时BFX,日经225,墨西哥BOLSA,恒生指数,韩国综合指数,荷兰AEX,Costa Rica Indice Accionario,加拿大多伦多S&P/TSX 综合指数,S&P CLX IPSA
L1,0,0,-0.0063300841906482365,-0.08098996389605519,0.037684054985091635,0,0,0,0
L2,0,0,-0.12158676096025314,-0.15101722981536586,-0.13400455001542413,0,0,0,0
L3,0,0,0.14742902815356765,0.1190057516987522,0.11511051663546855,0,0,0,0
L4,0,0,0.0,0.0,0.0,0,0,0,0
