,比利时BFX,日经225,墨西哥BOLSA,恒生指数,韩国综合指数,荷兰AEX,Costa Rica Indice Accionario,加拿大多伦多S&P/TSX 综合指数,S&P CLX IPSA
L1,0,0.07341375183429574,0,0,0,0,0,0,0.06161895378000706
L2,0,-0.141268837349836,0,0,0,0,0,0,0.08842435316431438
L3,0,0.0,0,0,0,0,0,0,-0.03243591632256704
L4,0,0.0,0,0,0,0,0,0,0.18548562310349057
