,比利时BFX,日经225,墨西哥BOLSA,恒生指数,韩国综合指数,荷兰AEX,Costa Rica Indice Accionario,加拿大多伦多S&P/TSX 综合指数,S&P CLX IPSA
L1,0,0,0,-0.08379125483445492,0,0,-0.10017213278513055,0,0
L2,0,0,0,-0.12383768916345325,0,0,-0.11892994520172133,0,0
L3,0,0,0,0.14571156559944232,0,0,0.0,0,0
L4,0,0,0,0.0,0,0,0.0,0,0
