,比利时BFX,日经225,墨西哥BOLSA,恒生指数,韩国综合指数,荷兰AEX,Costa Rica Indice Accionario,加拿大多伦多S&P/TSX 综合指数,S&P CLX IPSA
L1,0,0,-0.012098261231240536,-0.08962028549770593,0.025372826209348054,0,0,0,0
L2,0,0,-0.10864086018477431,-0.15461191515296907,-0.14952423004036455,0,0,0,0
L3,0,0,0.1596374968984331,0.14119838539462973,0.11800367655543964,0,0,0,0
L4,0,0,0.0,0.0,0.0,0,0,0,0
