,比利时BFX,日经225,墨西哥BOLSA,恒生指数,韩国综合指数,荷兰AEX,Costa Rica Indice Accionario,加拿大多伦多S&P/TSX 综合指数,S&P CLX IPSA
L1,0,0,-0.012120876183762331,-0.08537696317527904,0.02621715331364315,0,0,0,0
L2,0,0,-0.10876119525467581,-0.15630604296762496,-0.14960898790758534,0,0,0,0
L3,0,0,0.15952515356729602,0.13751942430885836,0.11871168073252006,0,0,0,0
L4,0,0,0.0,0.0,0.0,0,0,0,0
