,比利时BFX,日经225,墨西哥BOLSA,恒生指数,韩国综合指数,荷兰AEX,Costa Rica Indice Accionario,加拿大多伦多S&P/TSX 综合指数,S&P CLX IPSA
L1,0,0,-0.008359865817982919,-0.09549712993622483,0.016466096078584024,0,0,0,0
L2,0,0,-0.10831840597487846,-0.1531304401558021,-0.15975779594813622,0,0,0,0
L3,0,0,0.1473786108956457,0.1481681692348984,0.11464689604227139,0,0,0,0
L4,0,0,0.0,0.0,0.0,0,0,0,0
