,比利时BFX,日经225,墨西哥BOLSA,恒生指数,韩国综合指数,荷兰AEX,Costa Rica Indice Accionario,加拿大多伦多S&P/TSX 综合指数,S&P CLX IPSA
L1,0,0,-0.011510380032346276,-0.08876256117231257,0.03650814052373973,0,0.11195011381841918,0,0
L2,0,0,-0.12436975520738189,-0.15552698998361805,-0.1369397952437094,0,-0.17333321290907447,0,0
L3,0,0,0.14407653753955849,0.12232845434284702,0.11871089584767198,0,0.18508914149567793,0,0
L4,0,0,0.0,0.0,0.0,0,0.0,0,0
