,比利时BFX,日经225,墨西哥BOLSA,恒生指数,韩国综合指数,荷兰AEX,Costa Rica Indice Accionario,加拿大多伦多S&P/TSX 综合指数,S&P CLX IPSA
L1,0,0,0,-0.08097788962919565,0,0,-0.10262142280054315,0,0
L2,0,0,0,-0.11613359720851806,0,0,-0.12342444197659493,0,0
L3,0,0,0,0.13296124341824211,0,0,0.0,0,0
L4,0,0,0,0.0,0,0,0.0,0,0
