,比利时BFX,日经225,墨西哥BOLSA,恒生指数,韩国综合指数,荷兰AEX,Costa Rica Indice Accionario,加拿大多伦多S&P/TSX 综合指数,S&P CLX IPSA
L1,0.08749908373578515,0,0.14190235184253383,0,-0.045422455822524126,-0.06834766633303574,0,-0.3201820592354475,-0.08832920090784024
L2,-0.06614030481189316,0,-0.18982998495453796,0,0.01988381606328761,-0.1022535444661736,0,-0.027434031402318038,0.17531924543747815
L3,0.2496844441767125,0,0.24344111112471328,0,-0.2094735287918835,0.21765278059836926,0,0.1759478382668318,0.29224080744329434
L4,-0.38198727744728916,0,0.0,0,0.0,0.0,0,0.0,0.0
