,比利时BFX,日经225,墨西哥BOLSA,恒生指数,韩国综合指数,荷兰AEX,Costa Rica Indice Accionario,加拿大多伦多S&P/TSX 综合指数,S&P CLX IPSA
L1,0.09814991302621254,0,0.16448297626602237,0,-0.056936866151920465,-0.07081916401909617,0,-0.3307344451135148,-0.1811767312752859
L2,-0.06528996799898104,0,-0.20540647316787372,0,0.007475463892644623,-0.1006556021423308,0,-0.026313708667737704,0.17241114787287437
L3,0.26262418328863585,0,0.26248541519800184,0,-0.22811848737919357,0.23057476017698486,0,0.19035958596612995,0.37689953394754294
L4,-0.41001877622825894,0,0.0,0,0.0,0.0,0,0.0,0.12273753031056064
