,比利时BFX,日经225,墨西哥BOLSA,恒生指数,韩国综合指数,荷兰AEX,Costa Rica Indice Accionario,加拿大多伦多S&P/TSX 综合指数,S&P CLX IPSA
L1,0.08911119007322965,0,0.14333615928316823,0,-0.04512284915445789,-0.06633522378167933,0,-0.31960847693133104,-0.08792976934043642
L2,-0.0673260506108502,0,-0.19126455151210042,0,0.020214045823679378,-0.10304947904155914,0,-0.02709762887700764,0.17580859703903956
L3,0.2507994744898337,0,0.24463361100739897,0,-0.20971286344252366,0.21888584295697172,0,0.17651979050558986,0.2925519828438824
L4,-0.38290908077247077,0,0.0,0,0.0,0.0,0,0.0,0.0
