,比利时BFX,日经225,墨西哥BOLSA,恒生指数,韩国综合指数,荷兰AEX,Costa Rica Indice Accionario,加拿大多伦多S&P/TSX 综合指数,S&P CLX IPSA
L1,0.09829595072384881,0,0,0,-0.06389274034078238,-0.0700357212555053,0,-0.33168371883145276,-0.1852252075294205
L2,-0.06750128998571522,0,0,0,0.007781869621888392,-0.10544284257242066,0,-0.025814143553197333,0.17859002682023006
L3,0.2647510033065405,0,0,0,-0.23427890062019477,0.2341035526066469,0,0.19362919429114794,0.38398809794995276
L4,-0.4135898517448022,0,0,0,0.0,0.0,0,0.0,0.12258320081684397
