,比利时BFX,日经225,墨西哥BOLSA,恒生指数,韩国综合指数,荷兰AEX,Costa Rica Indice Accionario,加拿大多伦多S&P/TSX 综合指数,S&P CLX IPSA
L1,0.09873819323325365,0,0,0,-0.05693672225121363,-0.07126060551968756,0,-0.33070783574909823,-0.1825254784583064
L2,-0.06624888008247871,0,0,0,0.007720601985395436,-0.10216923588598599,0,-0.026178470276442087,0.17260404802503623
L3,0.2633389440573639,0,0,0,-0.2290301240373076,0.23208691237671603,0,0.1911762489455753,0.3789802339190013
L4,-0.41126108380880955,0,0,0,0.0,0.0,0,0.0,0.12353269063398337
