,比利时BFX,日经225,墨西哥BOLSA,恒生指数,韩国综合指数,荷兰AEX,Costa Rica Indice Accionario,加拿大多伦多S&P/TSX 综合指数,S&P CLX IPSA
L1,0.08020493529155695,0,0.1528371542873169,0,-0.054929522386381435,-0.07923090979579919,0,-0.3222519663249035,-0.10074915324425043
L2,-0.05093830421293258,0,-0.19507727536207925,0,0.01720970839958834,-0.0894084960192583,0,-0.026943363227433563,0.18479273736360083
L3,0.2495454154902798,0,0.24768360981773715,0,-0.2191653887723974,0.21875205925131266,0,0.1777457286265579,0.31775489278790875
L4,-0.38543421546172335,0,0.0,0,0.0,0.0,0,0.0,0.0
