,比利时BFX,日经225,墨西哥BOLSA,恒生指数,韩国综合指数,荷兰AEX,Costa Rica Indice Accionario,加拿大多伦多S&P/TSX 综合指数,S&P CLX IPSA
L1,0.09944593023933765,0,0.16591710793138847,0,-0.056352306315304176,-0.06992130402516336,0,-0.33007292946155575,-0.18100864813076173
L2,-0.06564997680677782,0,-0.20621226823624028,0,0.006734892974851201,-0.10124454951566497,0,-0.0261708746206403,0.17239382167222608
L3,0.26382491357906207,0,0.264175348244665,0,-0.22779268929766067,0.23162432896074092,0,0.19076984951389087,0.37669501435034913
L4,-0.4107455337273178,0,0.0,0,0.0,0.0,0,0.0,0.12312255822412818
