,比利时BFX,日经225,墨西哥BOLSA,恒生指数,韩国综合指数,荷兰AEX,Costa Rica Indice Accionario,加拿大多伦多S&P/TSX 综合指数,S&P CLX IPSA
L1,0.09919292865574585,0,0,0,-0.05667029559044249,-0.07123735171824289,0,-0.3314584185330398,-0.18357224433032543
L2,-0.06614314312037314,0,0,0,0.009307518766022836,-0.10231988028971256,0,-0.026714853847563613,0.1742654133540314
L3,0.26370587884941726,0,0,0,-0.23173611027885627,0.23237093442943935,0,0.1921463056067206,0.3795863148073571
L4,-0.4122778997174049,0,0,0,0.0,0.0,0,0.0,0.12373655964118498
