,比利时BFX,日经225,墨西哥BOLSA,恒生指数,韩国综合指数,荷兰AEX,Costa Rica Indice Accionario,加拿大多伦多S&P/TSX 综合指数,S&P CLX IPSA
L1,0.08855804141152748,0,0.14264730334779444,0,-0.045328547719289895,-0.06731651152350429,0,-0.31989903826038363,-0.08823733378521303
L2,-0.06700166074846248,0,-0.1910287440305739,0,0.019839123525080507,-0.10298340367037137,0,-0.0274548979787271,0.17556721119378038
L3,0.25010030490759805,0,0.2441500789548867,0,-0.20940625878879043,0.21840147222048667,0,0.17623071273664892,0.2924968178051885
L4,-0.3828905201463185,0,0.0,0,0.0,0.0,0,0.0,0.0
