,比利时BFX,日经225,墨西哥BOLSA,恒生指数,韩国综合指数,荷兰AEX,Costa Rica Indice Accionario,加拿大多伦多S&P/TSX 综合指数,S&P CLX IPSA
L1,0.0978077831459697,0,0.16408906922448144,0,-0.056731281624512714,-0.0708466827253143,0,-0.33087189954041396,-0.18146428632519465
L2,-0.06517422740833499,0,-0.20530555515998417,0,0.007453760397108766,-0.10069497022979898,0,-0.026436359147599342,0.17212842918982346
L3,0.2624985612981972,0,0.2620656140129004,0,-0.22836668533871207,0.230449872071318,0,0.190146361863679,0.3771278061707664
L4,-0.40975114803345875,0,0.0,0,0.0,0.0,0,0.0,0.12418157306389013
