,比利时BFX,日经225,墨西哥BOLSA,恒生指数,韩国综合指数,荷兰AEX,Costa Rica Indice Accionario,加拿大多伦多S&P/TSX 综合指数,S&P CLX IPSA
L1,0.08638598440801872,0,0.14027245480683762,0,-0.046298707793535586,-0.07051030847598587,0,-0.32049405778538287,-0.08860124167786135
L2,-0.06581656096118654,0,-0.19008123895412557,0,0.016511012011879482,-0.1030811659058957,0,-0.02877369402913791,0.18141854271299326
L3,0.24755647506862846,0,0.24036012144271143,0,-0.21517849322249033,0.2173559214525301,0,0.1748442400196498,0.2996322717933325
L4,-0.3843935332913525,0,0.0,0,0.0,0.0,0,0.0,0.0
