,比利时BFX,日经225,墨西哥BOLSA,恒生指数,韩国综合指数,荷兰AEX,Costa Rica Indice Accionario,加拿大多伦多S&P/TSX 综合指数,S&P CLX IPSA
L1,0.0951006553927839,0,0,0,-0.06709484664917796,-0.07476554759841138,0,-0.3378992504950524,-0.19205828895955923
L2,-0.06284567473551822,0,0,0,0.01581954737298587,-0.10225513619244625,0,-0.02492818787155357,0.1904412682951726
L3,0.27277374741226773,0,0,0,-0.24354061982921538,0.24581808496547186,0,0.2002491631344261,0.39897876292280593
L4,-0.4181121482575844,0,0,0,0.0,0.0,0,0.0,0.12307790065559206
