,比利时BFX,日经225,墨西哥BOLSA,恒生指数,韩国综合指数,荷兰AEX,Costa Rica Indice Accionario,加拿大多伦多S&P/TSX 综合指数,S&P CLX IPSA
L1,0.09877440270274428,0,0,0,-0.057392089659054825,-0.07198747356596595,0,-0.33130264518534136,-0.18472211479353573
L2,-0.06629103378912349,0,0,0,0.009112123683764423,-0.10316945990729959,0,-0.02606296103075756,0.17528095448867204
L3,0.2644188618333239,0,0,0,-0.23095274397028207,0.23235466510832586,0,0.19279087118212507,0.380426647377264
L4,-0.4123474198694115,0,0,0,0.0,0.0,0,0.0,0.12382263752022392
