,比利时BFX,日经225,墨西哥BOLSA,恒生指数,韩国综合指数,荷兰AEX,Costa Rica Indice Accionario,加拿大多伦多S&P/TSX 综合指数,S&P CLX IPSA
L1,0.0802388249613298,0,0.14832196200029601,0,-0.054966838202760916,-0.07956736383983207,0,-0.3224529595560653,-0.10108829192702637
L2,-0.050935197652302505,0,-0.1945994168443701,0,0.01720470437583034,-0.08963580275315004,0,-0.02711105132867203,0.18446105654640638
L3,0.2493149514087569,0,0.24730011377387157,0,-0.21916378975882894,0.21839349573261205,0,0.17763909342228795,0.31739296159775626
L4,-0.3856247036147771,0,0.0,0,0.0,0.0,0,0.0,0.0
