,比利时BFX,日经225,墨西哥BOLSA,恒生指数,韩国综合指数,荷兰AEX,Costa Rica Indice Accionario,加拿大多伦多S&P/TSX 综合指数,S&P CLX IPSA
L1,0.09672342939329656,0,0.16525487645841713,0,-0.0571550506831014,-0.06965159875491872,0,-0.32588298681705846,-0.14450035512142867
L2,-0.0642077515945389,0,-0.20062457533712513,0,0.00904095413983798,-0.0996517422747463,0,-0.021281017057549992,0.1629614293618457
L3,0.26157170617810405,0,0.26187100532655133,0,-0.22773270641417898,0.23083502156820973,0,0.19253308213997952,0.35896183416505745
L4,-0.406129884564664,0,0.0,0,0.0,0.0,0,0.0,0.118442316470339
