,比利时BFX,日经225,墨西哥BOLSA,恒生指数,韩国综合指数,荷兰AEX,Costa Rica Indice Accionario,加拿大多伦多S&P/TSX 综合指数,S&P CLX IPSA
L1,0.09605013135858632,0,0.1629421134580356,0,-0.05812537124143499,-0.07139385843657026,0,-0.3298931079714927,-0.1774571641961984
L2,-0.06478504172906303,0,-0.20348868870382525,0,0.006281538360631021,-0.1008240188017715,0,-0.025020614216096235,0.1695137328296843
L3,0.2615577698100183,0,0.2608401672183516,0,-0.22952452899737935,0.2305670628018695,0,0.19106236423272865,0.3766355109334262
L4,-0.40776043817759233,0,0.0,0,0.0,0.0,0,0.0,0.12794119147657532
