,比利时BFX,日经225,墨西哥BOLSA,恒生指数,韩国综合指数,荷兰AEX,Costa Rica Indice Accionario,加拿大多伦多S&P/TSX 综合指数,S&P CLX IPSA
L1,0.0989855559548393,0,0.1977787251269606,0,-0.057368343149065734,-0.07098044565823233,0,-0.33122673895054183,-0.18352533229340495
L2,-0.0658281878073051,0,-0.23180591358566388,0,0.008553839618181548,-0.10175011489008758,0,-0.02622909301008662,0.17455501678371
L3,0.26386318362147143,0,0.2903037508281058,0,-0.23116874642979884,0.23263376234168176,0,0.19154700607595146,0.3801929540269711
L4,-0.4109515067426713,0,-0.09945398907943552,0,0.0,0.0,0,0.0,0.12359850173955239
