,比利时BFX,日经225,墨西哥BOLSA,恒生指数,韩国综合指数,荷兰AEX,Costa Rica Indice Accionario,加拿大多伦多S&P/TSX 综合指数,S&P CLX IPSA
L1,0.09587483352515631,0,0.16339207073699127,0,-0.0574766503299491,-0.07029026946238578,0,-0.3289061366917211,-0.17472668391670798
L2,-0.06455511507616629,0,-0.20282410827564634,0,0.006887776672151659,-0.09963690764438327,0,-0.023593686005713307,0.1713560030224875
L3,0.26171312194968716,0,0.26141587957362555,0,-0.22895587188985173,0.23148893053962555,0,0.19199176379420402,0.3737918089407657
L4,-0.40714530570151664,0,0.0,0,0.0,0.0,0,0.0,0.12581642198716403
