,比利时BFX,日经225,墨西哥BOLSA,恒生指数,韩国综合指数,荷兰AEX,Costa Rica Indice Accionario,加拿大多伦多S&P/TSX 综合指数,S&P CLX IPSA
L1,0.13318516854447904,0,0.2977989407731469,0,-0.054609795341642425,-0.08626526418055477,0,-0.39649041723660405,-0.3051684669168704
L2,-0.02506543077492731,0,-0.28782879226812785,0,-0.006442244046190119,-0.053004529173396944,0,0.04495834539265288,0.22028499550981173
L3,0.3413060844095208,0,0.5660898254907114,0,-0.3198921870401848,0.37473449382207613,0,0.3945975735357559,0.6157650752997315
L4,-0.5863977719018288,0,-0.25360497812583466,0,0.0,0.0,0,0.14663252000277852,0.24730400412737055
