,比利时BFX,日经225,墨西哥BOLSA,恒生指数,韩国综合指数,荷兰AEX,Costa Rica Indice Accionario,加拿大多伦多S&P/TSX 综合指数,S&P CLX IPSA
L1,0.08102712788972674,0,0.15260773935109484,0,-0.054624302244807944,-0.07940765604279132,0,-0.3220270024623255,-0.10425833900615261
L2,-0.053785216579649124,0,-0.19298346586670856,0,0.01631117732146201,-0.08975353819802974,0,-0.026685476060740634,0.18543715803206884
L3,0.2506670434810547,0,0.2490801636135398,0,-0.22210510426874686,0.22014203655311373,0,0.17850726971295927,0.3214138236049771
L4,-0.3905808564181846,0,0.0,0,0.0,0.0,0,0.0,0.0
