,比利时BFX,日经225,墨西哥BOLSA,恒生指数,韩国综合指数,荷兰AEX,Costa Rica Indice Accionario,加拿大多伦多S&P/TSX 综合指数,S&P CLX IPSA
L1,0.09949981468769961,0,0,0,-0.05653873033982877,-0.0702974317626309,0,-0.33028549766560017,-0.18246547752025286
L2,-0.06551377529889751,0,0,0,0.007187659973460754,-0.10115200632500503,0,-0.026153378950155806,0.1711588971961359
L3,0.26379221890465654,0,0,0,-0.22786964217974612,0.23145272203166764,0,0.1906154998950263,0.37621244908511603
L4,-0.41083177038620544,0,0,0,0.0,0.0,0,0.0,0.12350763883532885
