,比利时BFX,日经225,墨西哥BOLSA,恒生指数,韩国综合指数,荷兰AEX,Costa Rica Indice Accionario,加拿大多伦多S&P/TSX 综合指数,S&P CLX IPSA
L1,0.0804791044303323,0,0,0,-0.06419855631223259,-0.10669990410953209,0,-0.3953527077324961,-0.2273366927854498
L2,-0.054592323472398264,0,0,0,0.01466846877283877,-0.09973758003698008,0,-0.046503142236122896,0.21017388873158244
L3,0.25761795732441733,0,0,0,-0.24398885639700071,0.23385922116390365,0,0.19245536877603062,0.4213234289912119
L4,-0.4500719656479943,0,0,0,0.0,0.0,0,0.0,0.11913847841799022
