,比利时BFX,日经225,墨西哥BOLSA,恒生指数,韩国综合指数,荷兰AEX,Costa Rica Indice Accionario,加拿大多伦多S&P/TSX 综合指数,S&P CLX IPSA
L1,0.08187965835136914,0,0.14103651130286493,0,-0.0566816208315237,-0.07833816264978477,0,-0.322785072414353,-0.09772356126824305
L2,-0.05023048874636724,0,-0.18935845825160208,0,0.016767083955226022,-0.08976292329032001,0,-0.027435242266321,0.18232560146955087
L3,0.24930946789664046,0,0.24033045674370265,0,-0.22018774006133424,0.21991044010798716,0,0.17734461166318796,0.3148017143858197
L4,-0.38835261463917314,0,0.0,0,0.0,0.0,0,0.0,0.0
