,比利时BFX,日经225,墨西哥BOLSA,恒生指数,韩国综合指数,荷兰AEX,Costa Rica Indice Accionario,加拿大多伦多S&P/TSX 综合指数,S&P CLX IPSA
L1,0.10034150321062538,0,0,0,-0.06257790118664154,-0.06745815686488531,0,-0.3311915565792482,-0.184466323894883
L2,-0.06646101979217342,0,0,0,0.010375897258648119,-0.10415588101249047,0,-0.02571861169911259,0.17511799475258488
L3,0.26543210013000823,0,0,0,-0.23033925196270882,0.2340774001543736,0,0.19332726346490992,0.38214174673915113
L4,-0.41356726527928106,0,0,0,0.0,0.0,0,0.0,0.12482996286607181
