,比利时BFX,日经225,墨西哥BOLSA,恒生指数,韩国综合指数,荷兰AEX,Costa Rica Indice Accionario,加拿大多伦多S&P/TSX 综合指数,S&P CLX IPSA
L1,0.08620093091583059,0,0.14117662350276902,0,-0.04544579264776727,-0.06901933922447234,0,-0.32012229017056915,-0.08809311021045634
L2,-0.0659371771109305,0,-0.1899043617429622,0,0.019831516439052656,-0.10258300116978736,0,-0.028259358039959145,0.17567939757768894
L3,0.24832263600584184,0,0.2415960356363435,0,-0.2093087819161684,0.21614195152097201,0,0.1746021156872984,0.29274667999378456
L4,-0.38078197691724625,0,0.0,0,0.0,0.0,0,0.0,0.0
