,比利时BFX,日经225,墨西哥BOLSA,恒生指数,韩国综合指数,荷兰AEX,Costa Rica Indice Accionario,加拿大多伦多S&P/TSX 综合指数,S&P CLX IPSA
L1,0.09862619221793037,0,0.16456150547798074,0,-0.056693054537198376,-0.07063089091065383,0,-0.3306192479548,-0.18154354228768496
L2,-0.06520142275207297,0,-0.20542984630917632,0,0.007467320865624589,-0.10035216560758639,0,-0.026257527712353013,0.17280897893162936
L3,0.26364579467856253,0,0.2626464332149775,0,-0.22750158715178942,0.23183991325244585,0,0.190602678353781,0.37743602525825565
L4,-0.41065527392910106,0,0.0,0,0.0,0.0,0,0.0,0.12319114858775501
