,比利时BFX,日经225,墨西哥BOLSA,恒生指数,韩国综合指数,荷兰AEX,Costa Rica Indice Accionario,加拿大多伦多S&P/TSX 综合指数,S&P CLX IPSA
L1,0.03411610081924986,0.024463856229413022,0.05863663708111805,0.0571949615578624,0.021060120529171812,0.02801677680262639,0,-0.29507205154538363,0.05035448554049592
L2,-0.2894538256158544,-0.061761803066508456,-0.036680673403133766,-0.09928397292714543,-0.03981720354033797,-0.2957114011651753,0,-0.15676680419400701,-0.03515742462588899
L3,0.6652033084084727,0.3919898050020465,0.44116397057225415,0.19996898644693584,0.3532719002330958,0.6632966566491425,0,0.6459830608922346,0.5165659042884744
L4,-0.18243910834028748,-0.48158365923329804,-0.2132917051621695,-0.12601809085379437,-0.1432201864066741,-0.16398358198894789,0,0.0,0.0
