,比利时BFX,日经225,墨西哥BOLSA,恒生指数,韩国综合指数,荷兰AEX,Costa Rica Indice Accionario,加拿大多伦多S&P/TSX 综合指数,S&P CLX IPSA
L1,-0.1556443488920816,-0.05275587496495229,0.21641506831053747,0,-0.07675042010607427,-0.10660248861784247,0,-0.252569022887416,-0.03353149166653009
L2,-0.010179893039856183,0.07207585443197671,-0.09254470525071729,0,0.11366391098250521,-0.09833786881687741,0,0.061378497671607586,0.15804151286775314
L3,0.3198348098491289,0.31971528878980676,0.34441767723819855,0,0.2570983455256447,0.32195690834552115,0,0.4033263587259269,0.32858913344597745
L4,0.0,-0.45834557319084607,-0.26726975139088455,0,-0.12355019259870999,0.0,0,-0.26845390811273795,0.0
