,比利时BFX,日经225,墨西哥BOLSA,恒生指数,韩国综合指数,荷兰AEX,Costa Rica Indice Accionario,加拿大多伦多S&P/TSX 综合指数,S&P CLX IPSA
L1,0.08820333101031524,0,0.15395035209433225,0,-0.057265529736471595,-0.07298853663738147,0,-0.3188510385068322,-0.10255657767964382
L2,-0.061960811586903294,0,-0.19160898239785873,0,0.010571994535896377,-0.09935615281321791,0,-0.027324903937321385,0.18552947250325963
L3,0.25349656469789256,0,0.2485585379111149,0,-0.225046339234625,0.22383252778508292,0,0.18039550640082638,0.3205931384075286
L4,-0.39827908669602374,0,0.0,0,0.0,0.0,0,0.0,0.0
