,比利时BFX,日经225,墨西哥BOLSA,恒生指数,韩国综合指数,荷兰AEX,Costa Rica Indice Accionario,加拿大多伦多S&P/TSX 综合指数,S&P CLX IPSA
L1,0.09946380845113355,0,0,0,-0.06416581066976497,-0.0710489055171475,0,-0.3332514773290494,-0.1912115589482945
L2,-0.06686181926006547,0,0,0,0.004574377371799363,-0.10626218404591574,0,-0.02660893822620862,0.1799865323116143
L3,0.27090763170179094,0,0,0,-0.23859066666798506,0.24491413068685267,0,0.19788137965862143,0.39390071887850037
L4,-0.41641231502406734,0,0,0,0.0,0.0,0,0.0,0.12443518280449753
