,比利时BFX,日经225,墨西哥BOLSA,恒生指数,韩国综合指数,荷兰AEX,Costa Rica Indice Accionario,加拿大多伦多S&P/TSX 综合指数,S&P CLX IPSA
L1,0.0984458594379892,0,0,0,-0.057040946617065415,-0.07171164431749438,0,-0.3309666281104225,-0.18234967691629175
L2,-0.0663961864631353,0,0,0,0.008013734019801592,-0.10227553424606255,0,-0.02633304816305139,0.172610391869277
L3,0.2631080619374119,0,0,0,-0.2266240094904403,0.23174548555711036,0,0.19112373198658564,0.37787890224713344
L4,-0.41122376268872823,0,0,0,0.0,0.0,0,0.0,0.12388948417811342
