,比利时BFX,日经225,墨西哥BOLSA,恒生指数,韩国综合指数,荷兰AEX,Costa Rica Indice Accionario,加拿大多伦多S&P/TSX 综合指数,S&P CLX IPSA
L1,0.09874275763487392,0,0,0,-0.05691699771970161,-0.0712264456162954,0,-0.33064176371432624,-0.18257254376939444
L2,-0.06623301304835127,0,0,0,0.007790827217313912,-0.10224985673656577,0,-0.025931879084987286,0.17262158433287556
L3,0.2633399505370805,0,0,0,-0.22902770559484054,0.2321422060342505,0,0.19133959192605815,0.37884333890797034
L4,-0.4112413026197841,0,0,0,0.0,0.0,0,0.0,0.12324694855578301
