,比利时BFX,日经225,墨西哥BOLSA,恒生指数,韩国综合指数,荷兰AEX,Costa Rica Indice Accionario,加拿大多伦多S&P/TSX 综合指数,S&P CLX IPSA
L1,0.10115629746004137,0,0,0,-0.06514124290300567,-0.06997360665652076,0,-0.3324438948615883,-0.18375614460189751
L2,-0.06774946090420797,0,0,0,0.005289737848165239,-0.10774821016799839,0,-0.028154272220032986,0.18206512297221
L3,0.2640865525345845,0,0,0,-0.23413964684161884,0.23478489775716513,0,0.19292089228000722,0.38469716174964835
L4,-0.4193357695775729,0,0,0,0.0,0.0,0,0.0,0.11748938702428482
