,比利时BFX,日经225,墨西哥BOLSA,恒生指数,韩国综合指数,荷兰AEX,Costa Rica Indice Accionario,加拿大多伦多S&P/TSX 综合指数,S&P CLX IPSA
L1,0.08325828505501831,0,0.13922125733562685,0,-0.05486275522345031,-0.07475773371894218,0,-0.32696340363108534,-0.09425663938992257
L2,-0.06370531643148766,0,-0.1912255618322226,0,0.013468882851058102,-0.10046642248663093,0,-0.03273569833624029,0.17940763268774593
L3,0.24748642266732476,0,0.2395922132398058,0,-0.21696990125138685,0.218904921484195,0,0.171903310915153,0.29904663214225774
L4,-0.38787209704106834,0,0.0,0,0.0,0.0,0,0.0,0.0
