,比利时BFX,日经225,墨西哥BOLSA,恒生指数,韩国综合指数,荷兰AEX,Costa Rica Indice Accionario,加拿大多伦多S&P/TSX 综合指数,S&P CLX IPSA
L1,0.09938412009921876,0,0,0,-0.05669498375255832,-0.07014138843373321,0,-0.33022067523452997,-0.18126497947908968
L2,-0.06559624152512128,0,0,0,0.007013199872507847,-0.10124695986897417,0,-0.026090370023505546,0.1719668771461441
L3,0.26383246887124595,0,0,0,-0.22763960788559776,0.23150708945896414,0,0.19070346152731493,0.37649402815951094
L4,-0.41066329453171824,0,0,0,0.0,0.0,0,0.0,0.12258954798737139
