,比利时BFX,日经225,墨西哥BOLSA,恒生指数,韩国综合指数,荷兰AEX,Costa Rica Indice Accionario,加拿大多伦多S&P/TSX 综合指数,S&P CLX IPSA
L1,0.13528967771297615,0,0,0.12008242742537989,0,0,0,0,0.16377098158237402
L2,-0.19590243631237927,0,0,-0.1343833365364685,0,0,0,0,0.0
L3,0.0,0,0,-0.21424077572704867,0,0,0,0,0.0
L4,0.0,0,0,0.0,0,0,0,0,0.0
