,比利时BFX,日经225,墨西哥BOLSA,恒生指数,韩国综合指数,荷兰AEX,Costa Rica Indice Accionario,加拿大多伦多S&P/TSX 综合指数,S&P CLX IPSA
L1,0.10053822825738633,0,0.20229975031056133,-0.005696159392053118,-0.03788604522820099,-0.18165001164163302,0,0,-0.37095231597584244
L2,0.11605310655797876,0,-0.2566999032788271,0.16519082098999913,0.17484732392663022,0.022267945053432037,0,0,0.470066871534757
L3,0.14295389382323112,0,0.1959926816195234,-0.13188472990794692,-0.5228579748422074,0.1905405428724042,0,0,0.2102766941603923
L4,-0.5384825102231089,0,0.0,0.0,0.0,0.13406742214184322,0,0,0.2888318503142003
