,比利时BFX,日经225,墨西哥BOLSA,恒生指数,韩国综合指数,荷兰AEX,Costa Rica Indice Accionario,加拿大多伦多S&P/TSX 综合指数,S&P CLX IPSA
L1,0.09836160867667101,0,0,0,-0.05686951189525041,-0.07201539159735082,0,-0.3310101340722154,-0.18197200455837578
L2,-0.06636628139163073,0,0,0,0.007980542354900292,-0.10219783009153595,0,-0.02644404415613734,0.1726693419523325
L3,0.2630865770702803,0,0,0,-0.22663143827326793,0.23158079458089872,0,0.19089197106697497,0.3777479922858911
L4,-0.41118452828978425,0,0,0,0.0,0.0,0,0.0,0.12325725071098655
