,比利时BFX,日经225,墨西哥BOLSA,恒生指数,韩国综合指数,荷兰AEX,Costa Rica Indice Accionario,加拿大多伦多S&P/TSX 综合指数,S&P CLX IPSA
L1,0.15747921723236913,-0.03813505105862554,0.40523433679415977,-0.008159707371648298,0.05822457884673758,0,0,0,-0.1802166518369013
L2,-0.2062135457304674,-0.16824023882721426,-0.5275428160827882,0.020706849568273407,0.021783181897906657,0,0,0,0.06094696218617946
L3,0.15810769356079055,-0.17461053455173595,0.47127740964107134,-0.38447326624230826,-0.5546220110280236,0,0,0,0.15828712636133918
L4,-0.8792316263248862,0.0,0.0,0.21291461411985918,0.28736342755193733,0,0,0,-0.3487407668158325
