,比利时BFX,日经225,墨西哥BOLSA,恒生指数,韩国综合指数,荷兰AEX,Costa Rica Indice Accionario,加拿大多伦多S&P/TSX 综合指数,S&P CLX IPSA
L1,0.09975005806374017,0,0,0,-0.05720271772437941,-0.07136427056734226,0,-0.3314401370269146,-0.184184327196469
L2,-0.06639396199736125,0,0,0,0.009001935370796878,-0.10388100491392005,0,-0.026219204164197832,0.1755453745363452
L3,0.26613344227417557,0,0,0,-0.23113597588191287,0.2345197590556739,0,0.1930849906390807,0.3819485635041949
L4,-0.41384601301607316,0,0,0,0.0,0.0,0,0.0,0.12216009288041926
