,比利时BFX,日经225,墨西哥BOLSA,恒生指数,韩国综合指数,荷兰AEX,Costa Rica Indice Accionario,加拿大多伦多S&P/TSX 综合指数,S&P CLX IPSA
L1,0.081374921575249,0,0.14625981989901862,0,-0.054137731985031724,-0.07929049269344764,0,-0.32313831969688034,-0.10223684406844538
L2,-0.051118962162128745,0,-0.19077087829411207,0,0.018217799256825797,-0.08997178940714408,0,-0.02775046849278759,0.18375847615237373
L3,0.2506436206895713,0,0.2465997247651405,0,-0.21900201773611788,0.21919315114398438,0,0.17804541951366007,0.31778613456022947
L4,-0.3884419346579334,0,0.0,0,0.0,0.0,0,0.0,0.0
