,比利时BFX,日经225,墨西哥BOLSA,恒生指数,韩国综合指数,荷兰AEX,Costa Rica Indice Accionario,加拿大多伦多S&P/TSX 综合指数,S&P CLX IPSA
L1,0.09886108959603626,0,0,0,-0.057418723115839766,-0.07173655700284365,0,-0.33076371598292165,-0.1834888499691194
L2,-0.06598278627845644,0,0,0,0.009656743473486917,-0.10270132448904787,0,-0.025887922622632467,0.17426199116267715
L3,0.26439746157626914,0,0,0,-0.23119728079144877,0.2321893512846205,0,0.19310874927393182,0.3794529145318375
L4,-0.4120713312681099,0,0,0,0.0,0.0,0,0.0,0.12338913519275954
