,比利时BFX,日经225,墨西哥BOLSA,恒生指数,韩国综合指数,荷兰AEX,Costa Rica Indice Accionario,加拿大多伦多S&P/TSX 综合指数,S&P CLX IPSA
L1,0.16416915943999372,-0.1770497954774247,0.44107359066218277,-0.03362860671262789,0.025684361031072703,0.2650237528027205,0,-0.4472475041864632,-0.3618930154951135
L2,-0.20060190913080606,-0.11560024540916773,-0.32500324517645496,0.027569073726378988,0.014115714223531039,0.06781245109069793,0,-0.08818811764343615,0.0
L3,0.3066982517757696,-0.33528673524963815,0.15949245265583212,-0.5698553314122927,-0.5922959153828958,-0.42343938674970416,0,-0.6024160645368523,0.0
L4,-0.8176914717162193,0.1733271404903041,0.279856242925494,0.17976305349108118,0.22662881359709589,0.341875016794556,0,0.0,0.0
