,比利时BFX,日经225,墨西哥BOLSA,恒生指数,韩国综合指数,荷兰AEX,Costa Rica Indice Accionario,加拿大多伦多S&P/TSX 综合指数,S&P CLX IPSA
L1,0.10961215823838324,-0.11776183907062082,0.12951513652691252,-0.10585292519698711,-0.29387097382097244,-0.08634137040896996,0,-0.3600006297405637,-0.12383862667815235
L2,-0.022985833655127928,0.07126808174916786,-0.13771740745808272,0.14045510264743208,0.18444208110177773,-0.0725872340768137,0,0.023808851590919167,0.17929071345243872
L3,0.3720959397400054,0.15848752119619258,0.30193111354105273,0.0,0.07235570390749012,0.3322198848882026,0,0.24540148080921764,0.24196036304448248
L4,-0.3680802483130571,-0.1331566351348442,-0.10962985204526694,0.0,0.27474658300857635,0.0,0,0.0,0.17632617490954886
