,比利时BFX,日经225,墨西哥BOLSA,恒生指数,韩国综合指数,荷兰AEX,Costa Rica Indice Accionario,加拿大多伦多S&P/TSX 综合指数,S&P CLX IPSA
L1,0.09863815555275639,0,0.19736884044612435,0,-0.05723929236004717,-0.07108095111876901,0,-0.3304990420206354,-0.18265986369431164
L2,-0.06602786152246998,0,-0.23162323576791857,0,0.008690974079597277,-0.1018616431558357,0,-0.025811994670425345,0.1746834954054824
L3,0.2636875528983184,0,0.2899842125228631,0,-0.2310782292366887,0.2325853155315179,0,0.1918993334746966,0.3802004537416379
L4,-0.41087370655532135,0,-0.09936927561704062,0,0.0,0.0,0,0.0,0.1233948188254062
