,比利时BFX,日经225,墨西哥BOLSA,恒生指数,韩国综合指数,荷兰AEX,Costa Rica Indice Accionario,加拿大多伦多S&P/TSX 综合指数,S&P CLX IPSA
L1,0.08146731539373156,0,0.1382950382773476,0,-0.05357393459701116,-0.07929393704303464,0,-0.3242216520628436,-0.1015423894687176
L2,-0.05745173005780199,0,-0.188730792000117,0,0.020039985738167274,-0.09566368683369403,0,-0.029767502280368223,0.1821370350690716
L3,0.24927475528851029,0,0.23981119082580593,0,-0.21863195409309766,0.21961280084089513,0,0.1764181254683728,0.29833588518505144
L4,-0.39069603151001464,0,0.0,0,0.0,0.0,0,0.0,0.0
