,比利时BFX,日经225,墨西哥BOLSA,恒生指数,韩国综合指数,荷兰AEX,Costa Rica Indice Accionario,加拿大多伦多S&P/TSX 综合指数,S&P CLX IPSA
L1,0.08134036438003242,0,0.13828576461391798,0,-0.052771510595685064,-0.08111991380642988,0,-0.32439767627804683,-0.10134302424287046
L2,-0.05740228453724715,0,-0.1880274649319512,0,0.020428791941975187,-0.09539127631427696,0,-0.029980029760831202,0.18256558284215504
L3,0.24793256368656327,0,0.23925564457472426,0,-0.2199347894459278,0.2190758188747382,0,0.1758607039432373,0.296993945685408
L4,-0.39101160194092444,0,0.0,0,0.0,0.0,0,0.0,0.0
