,比利时BFX,日经225,墨西哥BOLSA,恒生指数,韩国综合指数,荷兰AEX,Costa Rica Indice Accionario,加拿大多伦多S&P/TSX 综合指数,S&P CLX IPSA
L1,0.0994359090373922,0,0,0,-0.056521219487571654,-0.07109751125413147,0,-0.33133581174631077,-0.18354640386156534
L2,-0.06564700535345223,0,0,0,0.009729520774245456,-0.10220922489860572,0,-0.026680667602852218,0.17398740145209893
L3,0.2644732681700105,0,0,0,-0.2310276970380554,0.23249407835833696,0,0.19260404905903064,0.3795317697597703
L4,-0.4121595655545887,0,0,0,0.0,0.0,0,0.0,0.12385207864674559
