,比利时BFX,日经225,墨西哥BOLSA,恒生指数,韩国综合指数,荷兰AEX,Costa Rica Indice Accionario,加拿大多伦多S&P/TSX 综合指数,S&P CLX IPSA
L1,0.09630218078868166,0,0.16306622840658822,0,-0.05753649897183549,-0.07179714886942908,0,-0.33053911498726934,-0.1805305729516425
L2,-0.06448223862539648,0,-0.20481147887210177,0,0.007403950602225503,-0.10077448299534755,0,-0.025754340887930022,0.17394879035704636
L3,0.26166678015435707,0,0.26053748491723594,0,-0.22888305324287897,0.2302064895187468,0,0.1903872983714946,0.3824956652012455
L4,-0.40843418270935394,0,0.0,0,0.0,0.0,0,0.0,0.1274397478255671
