,比利时BFX,日经225,墨西哥BOLSA,恒生指数,韩国综合指数,荷兰AEX,Costa Rica Indice Accionario,加拿大多伦多S&P/TSX 综合指数,S&P CLX IPSA
L1,0.08124434407137925,0,0.1480509086352614,0,-0.05593936839773687,-0.07855068757602789,0,-0.32287624882485483,-0.09979347827311509
L2,-0.049513343901108356,0,-0.1902653378606994,0,0.017686860680779286,-0.08946663114549884,0,-0.02682647281956689,0.1848496015747886
L3,0.2493047066187722,0,0.24610100863174045,0,-0.21990798903841835,0.21918350761255623,0,0.17797743159958207,0.3146045252696201
L4,-0.38805128544711615,0,0.0,0,0.0,0.0,0,0.0,0.0
