,比利时BFX,日经225,墨西哥BOLSA,恒生指数,韩国综合指数,荷兰AEX,Costa Rica Indice Accionario,加拿大多伦多S&P/TSX 综合指数,S&P CLX IPSA
L1,0.08143020710101435,0,0.13855620578128536,0,-0.0529402381719956,-0.07975552259096341,0,-0.32457054502338306,-0.10112351841899314
L2,-0.05782466361148693,0,-0.1899607674133368,0,0.019932647436186217,-0.09631900747432251,0,-0.030924965991347038,0.18140531147167932
L3,0.24838595350994813,0,0.23962809220508935,0,-0.22009853781146999,0.2193050219748246,0,0.17394752968144142,0.2937036886700363
L4,-0.3909324856507798,0,0.0,0,0.0,0.0,0,0.0,0.0
