,比利时BFX,日经225,墨西哥BOLSA,恒生指数,韩国综合指数,荷兰AEX,Costa Rica Indice Accionario,加拿大多伦多S&P/TSX 综合指数,S&P CLX IPSA
L1,0.09663848048944965,0,0.16506063377961272,0,-0.05667989757098452,-0.07055574966267425,0,-0.32300056700915447,-0.10240757766609015
L2,-0.06307179920802805,0,-0.20169899383295226,0,0.009025048943431025,-0.09846557234627551,0,-0.01711928286200172,0.18049595155902456
L3,0.26189451488771004,0,0.2618639121773803,0,-0.226558201179184,0.23080998197844987,0,0.19760405428832,0.32122262316025524
L4,-0.40607579107199987,0,0.0,0,0.0,0.0,0,0.0,0.0
