,比利时BFX,日经225,墨西哥BOLSA,恒生指数,韩国综合指数,荷兰AEX,Costa Rica Indice Accionario,加拿大多伦多S&P/TSX 综合指数,S&P CLX IPSA
L1,0.08050006533544235,0,0.1529504200190185,0,-0.05468630629599878,-0.07951323720524787,0,-0.32205805119042835,-0.10328682194948713
L2,-0.05102817771898819,0,-0.19303858629442358,0,0.017509359751211366,-0.08952294374522284,0,-0.026442367259955947,0.18369970388302903
L3,0.24961012085467638,0,0.24760420533543478,0,-0.21882616161172658,0.2191207289008438,0,0.17817637317429527,0.3193734935276001
L4,-0.3856223687393646,0,0.0,0,0.0,0.0,0,0.0,0.0
