,比利时BFX,日经225,墨西哥BOLSA,恒生指数,韩国综合指数,荷兰AEX,Costa Rica Indice Accionario,加拿大多伦多S&P/TSX 综合指数,S&P CLX IPSA
L1,0.1489196064775177,0.19238198111431495,0.07994193636096791,0.13323477229369513,0.13144218372694547,0.11499635637976865,0,0.14384200048486617,0.17515623452606166
L2,-0.31392669734230266,-0.05779250558059177,-0.03444818006498192,-0.10468766632212273,-0.02104021727987226,-0.31370923815289753,0,-0.2611326675144525,-0.04138733891008651
L3,0.6512350580257475,0.32213522499467057,0.41599966462493687,0.19474075382755507,0.3083171135821024,0.6462226040565844,0,0.6703729770158527,0.4744364662747926
L4,0.0,0.0,0.0,0.0,0.14826204581555918,0.0,0,0.0,0.14578094451672483
