,比利时BFX,日经225,墨西哥BOLSA,恒生指数,韩国综合指数,荷兰AEX,Costa Rica Indice Accionario,加拿大多伦多S&P/TSX 综合指数,S&P CLX IPSA
L1,0.18280299762885643,0.07849439656647728,0,0,0,0.08943924417216353,0,0.11836940005990705,0.15827294611276446
L2,-0.048616516571874484,0.1475505373880268,0,0,0,-0.02625263778393286,0,0.057831126715347576,0.0
L3,0.11559648667869879,0.0,0,0,0,0.16660642678579585,0,0.13988498804074656,0.0
L4,0.21057410420275804,0.0,0,0,0,0.24248933546621448,0,0.2950282559382632,0.0
