,比利时BFX,日经225,墨西哥BOLSA,恒生指数,韩国综合指数,荷兰AEX,Costa Rica Indice Accionario,加拿大多伦多S&P/TSX 综合指数,S&P CLX IPSA
L1,0.09934377722665577,0,0,0,-0.05595865273043758,-0.07029231085449306,0,-0.32978112060500336,-0.18189260013828173
L2,-0.06592057166308302,0,0,0,0.008258017738633373,-0.10135867509710438,0,-0.025374886043650166,0.17296343993646549
L3,0.2632122106253336,0,0,0,-0.22640578328531372,0.23157745010173786,0,0.19139777550166168,0.37809780353537953
L4,-0.4112402132186413,0,0,0,0.0,0.0,0,0.0,0.1237007597933412
