,比利时BFX,日经225,墨西哥BOLSA,恒生指数,韩国综合指数,荷兰AEX,Costa Rica Indice Accionario,加拿大多伦多S&P/TSX 综合指数,S&P CLX IPSA
L1,0.010876705079343407,-0.06785164475713513,0.11152327234450463,0,0.0724478888012269,0,-0.1581464039531571,0,0
L2,-0.012597604431916237,-0.20108333436473097,-0.28959019683111553,0,-0.10446066799056491,0,0.0,0,0
L3,0.06414010404810266,-0.1438920644019014,0.15202374095961652,0,-0.36901548335589635,0,0.0,0,0
L4,-0.3902279212125962,0.0,0.0,0,0.0,0,0.0,0,0
