,比利时BFX,日经225,墨西哥BOLSA,恒生指数,韩国综合指数,荷兰AEX,Costa Rica Indice Accionario,加拿大多伦多S&P/TSX 综合指数,S&P CLX IPSA
L1,-0.1478192888316651,0.060661743371913254,0,0,0,-0.20201311196781557,-0.5080395991593838,0,0
L2,-0.11687298912151106,-0.018460423948318965,0,0,0,0.04151599872573807,0.0,0,0
L3,0.13085887051052586,0.28391612207878014,0,0,0,0.14701460729070148,0.0,0,0
L4,0.0,-0.11917778253655698,0,0,0,-0.13904323475905947,0.0,0,0
