,比利时BFX,日经225,墨西哥BOLSA,恒生指数,韩国综合指数,荷兰AEX,Costa Rica Indice Accionario,加拿大多伦多S&P/TSX 综合指数,S&P CLX IPSA
L1,0.010212443935688303,-0.066370048335496,0.10804070185436843,0.020026742327312306,0.0714153516326331,0,-0.15865095847576147,0,0
L2,-0.009948538794063037,-0.19873316646855202,-0.28907755014804226,0.008743853462992276,-0.10354770912724853,0,0.0,0,0
L3,0.06357730362357795,-0.13982066761024847,0.14822821836034542,-0.17049288168862614,-0.3680621100798915,0,0.0,0,0
L4,-0.38813593263597745,0.0,0.0,0.0,0.0,0,0.0,0,0
