,比利时BFX,日经225,墨西哥BOLSA,恒生指数,韩国综合指数,荷兰AEX,Costa Rica Indice Accionario,加拿大多伦多S&P/TSX 综合指数,S&P CLX IPSA
L1,0.02969118516659502,-0.0945353491702054,0,0.05506319574718441,0.072781296741121,0,-0.14294596551513275,0,-0.3553950139775881
L2,-0.007583377440022394,-0.2513668097967593,0,-0.008402878889345718,-0.11247911683097678,0,0.0,0,0.23144430205901867
L3,0.06100808322523431,-0.2237508174073743,0,-0.18547649188637869,-0.39590759245320384,0,0.0,0,0.24735715804211011
L4,-0.4422412279308181,0.0,0,0.0,0.0,0,0.0,0,0.0
