,比利时BFX,日经225,墨西哥BOLSA,恒生指数,韩国综合指数,荷兰AEX,Costa Rica Indice Accionario,加拿大多伦多S&P/TSX 综合指数,S&P CLX IPSA
L1,0.015280637852294072,-0.07609286696133724,0.1187956011851593,0.044032787320974064,0.07005682487828446,0,-0.16059649040022592,0,-0.29818907775992043
L2,-0.011978084533621893,-0.20975256205193685,-0.2901943372626179,0.021104965398842015,-0.10659757490291098,0,0.0,0,0.20432255905675145
L3,0.06737557868324458,-0.1546424694661149,0.15882771919941885,-0.1868932735575499,-0.37348705653748415,0,0.0,0,0.19149637168573527
L4,-0.39154980668760553,0.0,0.0,0.0,0.0,0,0.0,0,0.0
