,比利时BFX,日经225,墨西哥BOLSA,恒生指数,韩国综合指数,荷兰AEX,Costa Rica Indice Accionario,加拿大多伦多S&P/TSX 综合指数,S&P CLX IPSA
L1,0.004521328671475075,-0.06743346169771192,0,0,0.06770026094345802,0,-0.15877551008764557,0,0
L2,-0.016795147803743863,-0.1981483448906489,0,0,-0.10271848961625588,0,0.0,0,0
L3,0.05827436846478278,-0.13962160418887443,0,0,-0.36720417213007817,0,0.0,0,0
L4,-0.393127128260977,0.0,0,0,0.0,0,0.0,0,0
