,比利时BFX,日经225,墨西哥BOLSA,恒生指数,韩国综合指数,荷兰AEX,Costa Rica Indice Accionario,加拿大多伦多S&P/TSX 综合指数,S&P CLX IPSA
L1,-0.022311542691637716,-0.07775196188521943,0.021488646115004145,-0.016305708120764588,0.046896737568425204,0,-0.15627089815367007,0,0
L2,-0.0216685892510659,-0.19532503941357032,-0.24303001534556415,0.0021670361240561475,-0.10059185921543912,0,0.0,0,0
L3,0.0485191950914016,-0.14306441322317048,0.0,-0.17494040471380393,-0.3711205009068164,0,0.0,0,0
L4,-0.35686054019335733,0.0,0.0,0.0,0.0,0,0.0,0,0
