,比利时BFX,日经225,墨西哥BOLSA,恒生指数,韩国综合指数,荷兰AEX,Costa Rica Indice Accionario,加拿大多伦多S&P/TSX 综合指数,S&P CLX IPSA
L1,0.007030433124623647,-0.06598464980058874,0,0,0.07024501123394594,0,-0.15877914362212533,0,0
L2,-0.016332667315895565,-0.19854929176856087,0,0,-0.10254581800268482,0,0.0,0,0
L3,0.0597394898272181,-0.13914171892883945,0,0,-0.3666150047540205,0,0.0,0,0
L4,-0.39202796475881846,0.0,0,0,0.0,0,0.0,0,0
