,比利时BFX,日经225,墨西哥BOLSA,恒生指数,韩国综合指数,荷兰AEX,Costa Rica Indice Accionario,加拿大多伦多S&P/TSX 综合指数,S&P CLX IPSA
L1,0.01369316833581364,-0.0687067621924492,0.11298272486760709,0,0.07287418801527132,0,-0.15985878499841544,0,0
L2,-0.013112819173689342,-0.20208790834033888,-0.2885925949601012,0,-0.10407832213091031,0,0.0,0,0
L3,0.06626662163364129,-0.14335618838749,0.15479470323980532,0,-0.36848022721795304,0,0.0,0,0
L4,-0.3906346923294385,0.0,0.0,0,0.0,0,0.0,0,0
