,比利时BFX,日经225,墨西哥BOLSA,恒生指数,韩国综合指数,荷兰AEX,Costa Rica Indice Accionario,加拿大多伦多S&P/TSX 综合指数,S&P CLX IPSA
L1,0.013728195139460277,-0.06785422126577587,0.11357173636969001,0,0.07313381197375432,0,-0.1600622001446171,0,0
L2,-0.01352242938650249,-0.2010244467244828,-0.28901049812374185,0,-0.1041703015633331,0,0.0,0,0
L3,0.0660888225280003,-0.14324817974320359,0.1549159023413784,0,-0.3681911633268221,0,0.0,0,0
L4,-0.39059420827821306,0.0,0.0,0,0.0,0,0.0,0,0
