,比利时BFX,日经225,墨西哥BOLSA,恒生指数,韩国综合指数,荷兰AEX,Costa Rica Indice Accionario,加拿大多伦多S&P/TSX 综合指数,S&P CLX IPSA
L1,0.0360734184542638,-0.10123013125984529,0,0.0789377030469563,0.13040608280083552,0,-0.1462974392553966,0,-0.325459177344966
L2,0.0002215556189466742,-0.28706426619982844,0,0.005381434719287205,-0.09050345745528358,0,0.0,0,0.298845826337979
L3,0.06284692208349116,-0.2758206744983433,0,-0.20902571627614536,-0.48335108549007744,0,0.0,0,0.22972210329380668
L4,-0.4957989622328299,-0.12014998964296217,0,0.0,0.10990024121456163,0,0.0,0,-0.10641706899858773
