,比利时BFX,日经225,墨西哥BOLSA,恒生指数,韩国综合指数,荷兰AEX,Costa Rica Indice Accionario,加拿大多伦多S&P/TSX 综合指数,S&P CLX IPSA
L1,0.030687357030702904,-0.08621999767599856,0,0.07241697575101463,0.07242267345514644,0,-0.22781859857929992,0,-0.30888836968769595
L2,-0.009131663522381123,-0.23965209219615882,0,-0.010070765554789217,-0.11136079347590598,0,0.0,0,0.27717643862522773
L3,0.054030094325390715,-0.20875085433994076,0,-0.18635188669977554,-0.3999258848936054,0,0.0,0,0.2065508283245605
L4,-0.44224487816065716,0.0,0,0.09912019301757506,0.0,0,0.0,0,-0.12383604522328268
