,比利时BFX,日经225,墨西哥BOLSA,恒生指数,韩国综合指数,荷兰AEX,Costa Rica Indice Accionario,加拿大多伦多S&P/TSX 综合指数,S&P CLX IPSA
L1,0.009703198105125991,-0.06639309395286129,0.10827316754248865,0.021083084295477044,0.07167478507824665,0,-0.15857592284362407,0,0
L2,-0.01028581362669932,-0.19878377816275392,-0.28724395116691687,0.010761359583466872,-0.10342343046885431,0,0.0,0,0
L3,0.06291965869149739,-0.13989034378930554,0.14800109411211632,-0.1708102387375872,-0.3684494285628878,0,0.0,0,0
L4,-0.38857873849809565,0.0,0.0,0.0,0.0,0,0.0,0,0
