,比利时BFX,日经225,墨西哥BOLSA,恒生指数,韩国综合指数,荷兰AEX,Costa Rica Indice Accionario,加拿大多伦多S&P/TSX 综合指数,S&P CLX IPSA
L1,-0.021453600612388643,-0.07621003863316056,0.022646924285655602,-0.017386210524833523,0.04692267131008898,0,-0.15643208047894802,0,0
L2,-0.025160124179344608,-0.1944268453833741,-0.24425368511063253,0.0011208742630541193,-0.10132601470704963,0,0.0,0,0
L3,0.04662110547099593,-0.14169255342234785,0.0,-0.17736200947980688,-0.3740104676143735,0,0.0,0,0
L4,-0.3558131493512092,0.0,0.0,0.0,0.0,0,0.0,0,0
