,比利时BFX,日经225,墨西哥BOLSA,恒生指数,韩国综合指数,荷兰AEX,Costa Rica Indice Accionario,加拿大多伦多S&P/TSX 综合指数,S&P CLX IPSA
L1,0.012475599437036251,-0.06788462253930472,0.1138203466333694,0,0.07294559933276079,0,-0.15798611039377788,0,0
L2,-0.013111111503248887,-0.20094382336624228,-0.2890460832342879,0,-0.10388979149529456,0,0.0,0,0
L3,0.06547432490766503,-0.143772925588562,0.15313207203417453,0,-0.36842596832493096,0,0.0,0,0
L4,-0.3908016087975708,0.0,0.0,0,0.0,0,0.0,0,0
