,比利时BFX,日经225,墨西哥BOLSA,恒生指数,韩国综合指数,荷兰AEX,Costa Rica Indice Accionario,加拿大多伦多S&P/TSX 综合指数,S&P CLX IPSA
L1,0,-0.05914086363180018,-0.11049904447575813,0,-0.05583692198966462,0,-0.23727742690938336,0,0
L2,0,0.0007241371934956706,0.0,0,-0.004101056933361285,0,0.015734180677107787,0,0
L3,0,0.20524095140053134,0.0,0,0.18518324238658176,0,0.15736219114761127,0,0
L4,0,0.0,0.0,0,0.0,0,0.0,0,0
