,比利时BFX,日经225,墨西哥BOLSA,恒生指数,韩国综合指数,荷兰AEX,Costa Rica Indice Accionario,加拿大多伦多S&P/TSX 综合指数,S&P CLX IPSA
L1,0.0048879970062757246,-0.0670607343076223,0,0,0.06464421990069648,0,-0.15762406566105502,0,0
L2,-0.016189998401156612,-0.19998452705851336,0,0,-0.10450984503513097,0,0.0,0,0
L3,0.059609890513958944,-0.1384924990404354,0,0,-0.3648170926175482,0,0.0,0,0
L4,-0.3826509717024888,0.0,0,0,0.0,0,0.0,0,0
