,比利时BFX,日经225,墨西哥BOLSA,恒生指数,韩国综合指数,荷兰AEX,Costa Rica Indice Accionario,加拿大多伦多S&P/TSX 综合指数,S&P CLX IPSA
L1,0.033169051015898926,-0.08951482149344356,0,0.07006124636795066,0.07669933767973361,0,-0.14328982056161413,0,-0.3570092564834094
L2,-0.012966385607087481,-0.2530870365917893,0,-0.0022720267226155697,-0.11365927843588723,0,0.0,0,0.2331824315917259
L3,0.07061175366741164,-0.20244117650040766,0,-0.17443630396776227,-0.3916349564090252,0,0.0,0,0.2434408484644129
L4,-0.4725131059832861,0.0,0,0.0,0.0,0,0.0,0,0.0
