,比利时BFX,日经225,墨西哥BOLSA,恒生指数,韩国综合指数,荷兰AEX,Costa Rica Indice Accionario,加拿大多伦多S&P/TSX 综合指数,S&P CLX IPSA
L1,-0.12859091735552317,-0.012282789509322479,-0.11907193117923286,0,0,0,-0.25843172256071,0,0
L2,0.0,0.07689590824672714,0.19147008416316594,0,0,0,0.012100489867111722,0,0
L3,0.0,0.16937231264349875,0.0,0,0,0,0.15925820100896426,0,0
L4,0.0,0.0,0.0,0,0,0,0.0,0,0
