,比利时BFX,日经225,墨西哥BOLSA,恒生指数,韩国综合指数,荷兰AEX,Costa Rica Indice Accionario,加拿大多伦多S&P/TSX 综合指数,S&P CLX IPSA
L1,0.009454464016134378,-0.06515138536097581,0.10833094454943107,0,0.07179998396052117,0,-0.15823925709873013,0,0
L2,-0.011616083599619409,-0.20078517600270246,-0.28727050256003667,0,-0.10394258721805963,0,0.0,0,0
L3,0.0633908719234197,-0.14291301635765868,0.14801857073195707,0,-0.3689982357377934,0,0.0,0,0
L4,-0.3898374060279725,0.0,0.0,0,0.0,0,0.0,0,0
