,比利时BFX,日经225,墨西哥BOLSA,恒生指数,韩国综合指数,荷兰AEX,Costa Rica Indice Accionario,加拿大多伦多S&P/TSX 综合指数,S&P CLX IPSA
L1,-0.022278720971045614,-0.0763111016991221,0.02136524814753578,-0.01641385194794906,0.04672521797877257,0,-0.15633935182066927,0,0
L2,-0.02221197061720245,-0.1956790920882223,-0.24334072813849314,0.0016708853225701871,-0.1008393972385058,0,0.0,0,0
L3,0.048304129348464356,-0.14268491152333612,0.0,-0.17580076739402617,-0.37177740050293195,0,0.0,0,0
L4,-0.35741491425228433,0.0,0.0,0.0,0.0,0,0.0,0,0
