,比利时BFX,日经225,墨西哥BOLSA,恒生指数,韩国综合指数,荷兰AEX,Costa Rica Indice Accionario,加拿大多伦多S&P/TSX 综合指数,S&P CLX IPSA
L1,0,0,-0.1064807460586071,0,-0.030824507938751952,-0.17938751024483202,-0.23405568971058477,0,0
L2,0,0,0.0,0,-0.17281333413782354,0.0,0.0,0,0
L3,0,0,0.0,0,0.0,0.0,0.0,0,0
L4,0,0,0.0,0,0.0,0.0,0.0,0,0
