,比利时BFX,日经225,墨西哥BOLSA,恒生指数,韩国综合指数,荷兰AEX,Costa Rica Indice Accionario,加拿大多伦多S&P/TSX 综合指数,S&P CLX IPSA
L1,0.028943085760741824,-0.10293292178200325,0,0.06333413855486987,0.07464353994074599,0,-0.14290942198821513,0,-0.35256324507389686
L2,-0.011971791408333779,-0.25096319774373543,0,-0.007172022364406939,-0.11573495916418966,0,0.0,0,0.22164193417750955
L3,0.05817921868989163,-0.22715086259206937,0,-0.18765556156545196,-0.3945321973484115,0,0.0,0,0.2304841429323608
L4,-0.44992058118434736,0.0,0,0.0,0.0,0,0.0,0,0.0
