,比利时BFX,日经225,墨西哥BOLSA,恒生指数,韩国综合指数,荷兰AEX,Costa Rica Indice Accionario,加拿大多伦多S&P/TSX 综合指数,S&P CLX IPSA
L1,0.013961490009095003,-0.0687460913188224,0.11295823221848818,0,0.07294763500480453,0,-0.1598687492381204,0,0
L2,-0.013196368730791153,-0.2020995258206119,-0.2884911371792785,0,-0.10417728967675452,0,0.0,0,0
L3,0.06608425360403965,-0.14342439692884237,0.15500194148616991,0,-0.368437113613492,0,0.0,0,0
L4,-0.3909834212186964,0.0,0.0,0,0.0,0,0.0,0,0
