,比利时BFX,日经225,墨西哥BOLSA,恒生指数,韩国综合指数,荷兰AEX,Costa Rica Indice Accionario,加拿大多伦多S&P/TSX 综合指数,S&P CLX IPSA
L1,0.002206525447657176,-0.06540209064851121,0,0.012279051974096605,0.06303554999755429,0,-0.15744661952488975,0,0
L2,-0.0141823618403166,-0.19865045243241605,0,0.00455322813342496,-0.10755844965941133,0,0.0,0,0
L3,0.05555827838025503,-0.14061533037967858,0,-0.176192041824898,-0.3696801916508024,0,0.0,0,0
L4,-0.3802224607396878,0.0,0,0.0,0.0,0,0.0,0,0
