,比利时BFX,日经225,墨西哥BOLSA,恒生指数,韩国综合指数,荷兰AEX,Costa Rica Indice Accionario,加拿大多伦多S&P/TSX 综合指数,S&P CLX IPSA
L1,0.017822741235933703,-0.07997070003817826,0.11538057859161584,0.049375154276002885,0.06783917401913164,0,-0.1714006539245118,0,-0.28693987565373125
L2,-0.014569290791913481,-0.21305807448984024,-0.2941190938043407,0.021132752589333198,-0.1122111895737446,0,0.0,0,0.23383469388874023
L3,0.06948679450856762,-0.15889939311817455,0.1590821000427406,-0.1884077113322466,-0.3802808860870215,0,0.0,0,0.16241650076618416
L4,-0.39148809577803817,0.0,0.0,0.0,0.0,0,0.0,0,-0.10362596421446224
