,比利时BFX,日经225,墨西哥BOLSA,恒生指数,韩国综合指数,荷兰AEX,Costa Rica Indice Accionario,加拿大多伦多S&P/TSX 综合指数,S&P CLX IPSA
L1,-0.018300870900740035,-0.07723379492007294,0.028319295560081163,-0.01508896793660278,0.04890821575435495,0,-0.15796436776276063,0,0
L2,-0.021256638029618045,-0.19372794788269493,-0.23400176101623174,0.0004254558648809268,-0.10173402007532796,0,0.0,0,0
L3,0.04412494288969071,-0.14050343081148037,0.0,-0.1739755367026192,-0.3706740134414213,0,0.0,0,0
L4,-0.37356963120696746,0.0,0.0,0.0,0.0,0,0.0,0,0
