,比利时BFX,日经225,墨西哥BOLSA,恒生指数,韩国综合指数,荷兰AEX,Costa Rica Indice Accionario,加拿大多伦多S&P/TSX 综合指数,S&P CLX IPSA
L1,-0.14201085819484782,0.003282865387529494,0,-0.07601145659142798,0,0,-0.33380304034602104,0,0
L2,0.0,0.06688129638218633,0,0.1445876290180068,0,0,0.0664593467478619,0,0
L3,0.0,0.19474422898016086,0,0.10392026467193237,0,0,0.274718055213261,0,0
L4,0.0,-0.1548685542875591,0,-0.14235888089119317,0,0,0.0,0,0
