,比利时BFX,日经225,墨西哥BOLSA,恒生指数,韩国综合指数,荷兰AEX,Costa Rica Indice Accionario,加拿大多伦多S&P/TSX 综合指数,S&P CLX IPSA
L1,0,-0.025830715643351175,-0.1018169774807003,0,0,0,-0.25858063498944645,0,0
L2,0,0.07963480142310023,0.11102323365250164,0,0,0,0.013285667157798671,0,0
L3,0,0.15666279524409996,0.0,0,0,0,0.15907679567631627,0,0
L4,0,0.0,0.0,0,0,0,0.0,0,0
