,比利时BFX,日经225,墨西哥BOLSA,恒生指数,韩国综合指数,荷兰AEX,Costa Rica Indice Accionario,加拿大多伦多S&P/TSX 综合指数,S&P CLX IPSA
L1,0.041286859078010385,-0.08869863283236488,0.21785697596635473,0.0736672051738291,0.07657238317077227,0,-0.14343124370903357,0,-0.3552929772091694
L2,-0.010750898703065922,-0.2519151366824891,-0.36899846852404977,-0.003917848521278635,-0.11329029609902527,0,0.0,0,0.23196548157381763
L3,0.07162693870395755,-0.20136482709583567,0.22172940825806797,-0.16830535117329234,-0.3924533385540231,0,0.0,0,0.24122010017450968
L4,-0.4787036679967998,0.0,0.0,0.0,0.0,0,0.0,0,0.0
