,比利时BFX,日经225,墨西哥BOLSA,恒生指数,韩国综合指数,荷兰AEX,Costa Rica Indice Accionario,加拿大多伦多S&P/TSX 综合指数,S&P CLX IPSA
L1,0.010694697263577978,-0.06792446597879015,0.11118252246418056,0,0.07200640712951759,0,-0.15821381485055466,0,0
L2,-0.012469996470372136,-0.2006527915107545,-0.28792201762588343,0,-0.1042622888247832,0,0.0,0,0
L3,0.06415064390496114,-0.1439631655590668,0.15115457192865614,0,-0.368626537669068,0,0.0,0,0
L4,-0.390389681741453,0.0,0.0,0,0.0,0,0.0,0,0
