,比利时BFX,日经225,墨西哥BOLSA,恒生指数,韩国综合指数,荷兰AEX,Costa Rica Indice Accionario,加拿大多伦多S&P/TSX 综合指数,S&P CLX IPSA
L1,0.005961516927433748,-0.06459988202026201,0,0,0.0650308875713253,0,-0.15784023473738687,0,0
L2,-0.01568427931578527,-0.19759633741416702,0,0,-0.10422927884120851,0,0.0,0,0
L3,0.05901087584097133,-0.13933576799025654,0,0,-0.3655392259422712,0,0.0,0,0
L4,-0.38321331115866636,0.0,0,0,0.0,0,0.0,0,0
