,比利时BFX,日经225,墨西哥BOLSA,恒生指数,韩国综合指数,荷兰AEX,Costa Rica Indice Accionario,加拿大多伦多S&P/TSX 综合指数,S&P CLX IPSA
L1,0.009596251160913769,-0.06605033571848293,0.10831717174396577,0,0.07131275046619796,0,-0.15844445701494206,0,0
L2,-0.010508381170223902,-0.19814774203824886,-0.2872306048758759,0,-0.10383438103182169,0,0.0,0,0
L3,0.06345406413026879,-0.14018778142530838,0.14814059300674048,0,-0.3686114604505311,0,0.0,0,0
L4,-0.38873061255453206,0.0,0.0,0,0.0,0,0.0,0,0
