,比利时BFX,日经225,墨西哥BOLSA,恒生指数,韩国综合指数,荷兰AEX,Costa Rica Indice Accionario,加拿大多伦多S&P/TSX 综合指数,S&P CLX IPSA
L1,0,-0.09488093729619715,-0.10327048387729755,0,-0.02553135453502167,0,-0.23837762642962781,0,0
L2,0,0.014378244833713572,0.0,0,-0.007400977970545393,0,0.01127911586507446,0,0
L3,0,0.20892891679563333,0.0,0,0.18662542674822985,0,0.15629296733209383,0,0
L4,0,0.0,0.0,0,0.0,0,0.0,0,0
