,比利时BFX,日经225,墨西哥BOLSA,恒生指数,韩国综合指数,荷兰AEX,Costa Rica Indice Accionario,加拿大多伦多S&P/TSX 综合指数,S&P CLX IPSA
L1,0.029574144354999,-0.097457904613822,0.2039454568337102,0.07230367592005822,0.13556477975255177,0,-0.14328264549737751,0,-0.3548293498244224
L2,-0.006051606184017094,-0.2617722400143236,-0.3831919191925127,0.004323837788662023,-0.0960120274025215,0,0.0,0,0.23828252663427504
L3,0.07070130033178632,-0.2083050599428869,0.23043836145642246,-0.17720978343336763,-0.427991789685806,0,0.0,0,0.24256022290306412
L4,-0.479131857466955,0.0,0.0,0.0,0.12096133233418806,0,0.0,0,0.0
