,比利时BFX,日经225,墨西哥BOLSA,恒生指数,韩国综合指数,荷兰AEX,Costa Rica Indice Accionario,加拿大多伦多S&P/TSX 综合指数,S&P CLX IPSA
L1,0.02597041683177028,-0.09807665987439337,0.11764198545926528,0.0529999786344941,0.06436014820626716,0,-0.1742165095326864,0,-0.3071405721570015
L2,-0.01311063705766838,-0.21419730843156112,-0.2969576990367948,0.03829181394539396,-0.09729746438518325,0,0.0,0,0.21562844075201149
L3,0.0595919667204957,-0.2168641004440925,0.15894935043588948,-0.223623216723095,-0.4044730104149129,0,0.0,0,0.19060053597773338
L4,-0.42535693850796374,0.0,0.0,0.0,0.0,0,0.0,0,0.0
