,比利时BFX,日经225,墨西哥BOLSA,恒生指数,韩国综合指数,荷兰AEX,Costa Rica Indice Accionario,加拿大多伦多S&P/TSX 综合指数,S&P CLX IPSA
L1,0.03736376512254197,-0.08005109915517877,0,0.07627969248712653,0.06986429022234011,0,-0.18486974043946752,0,-0.2887932635354482
L2,-0.007391085335194342,-0.22935727723545346,0,0.035212406121961574,-0.10505209739038929,0,0.0,0,0.23358733970745804
L3,0.06255827796801963,-0.20337369709658126,0,-0.21080517621742093,-0.4013856833236906,0,0.0,0,0.14792705105347342
L4,-0.445821318523222,0.0,0,0.0,0.0,0,0.0,0,-0.12361010264586475
