,比利时BFX,日经225,墨西哥BOLSA,恒生指数,韩国综合指数,荷兰AEX,Costa Rica Indice Accionario,加拿大多伦多S&P/TSX 综合指数,S&P CLX IPSA
L1,0.018010542946296535,-0.07707332166224613,0.11512905360706986,0.04895136669302772,0.07200848112684298,0,-0.16955830249979587,0,-0.28693130129770034
L2,-0.013868692725538626,-0.21103559118478768,-0.29333426089675246,0.021419722339071877,-0.1069940976650311,0,0.0,0,0.23337875040395364
L3,0.0687441534358231,-0.15702058207712974,0.15912068800058518,-0.1887372219485822,-0.37492864254991737,0,0.0,0,0.16205179844333653
L4,-0.3920556250274185,0.0,0.0,0.0,0.0,0,0.0,0,-0.10356089545990256
