,比利时BFX,日经225,墨西哥BOLSA,恒生指数,韩国综合指数,荷兰AEX,Costa Rica Indice Accionario,加拿大多伦多S&P/TSX 综合指数,S&P CLX IPSA
L1,0.034622586898334556,-0.07958339339237869,0,0.10645758756916253,0.07520040610292242,0,-0.23650681313477165,0,-0.29064838405598625
L2,-0.007607881821593799,-0.2291212743817747,0,0.029652294093388258,-0.10383304644471189,0,0.0,0,0.2322339512215073
L3,0.06598026763424616,-0.2006928389738008,0,-0.21585679789392997,-0.3984418957235398,0,0.0,0,0.15732103148859644
L4,-0.44100114154420106,0.0,0,0.11359720135997896,0.0,0,0.0,0,-0.11041230134119644
