,比利时BFX,日经225,墨西哥BOLSA,恒生指数,韩国综合指数,荷兰AEX,Costa Rica Indice Accionario,加拿大多伦多S&P/TSX 综合指数,S&P CLX IPSA
L1,0.013628046379766615,-0.0683954567691884,0.11312631173055371,0,0.0729880768062108,0,-0.15989609706851113,0,0
L2,-0.013467755224894386,-0.20313010441198476,-0.2889441558898003,0,-0.10429962908711018,0,0.0,0,0
L3,0.0660884631199429,-0.14342601187934642,0.1545074139090356,0,-0.36821333826269,0,0.0,0,0
L4,-0.3902293240418144,0.0,0.0,0,0.0,0,0.0,0,0
