,比利时BFX,日经225,墨西哥BOLSA,恒生指数,韩国综合指数,荷兰AEX,Costa Rica Indice Accionario,加拿大多伦多S&P/TSX 综合指数,S&P CLX IPSA
L1,0.004793771124690087,-0.06513649850385508,0,0,0.06515414804406484,0,-0.15775724583282544,0,0
L2,-0.016241901535216638,-0.1966563248422161,0,0,-0.10427720246256932,0,0.0,0,0
L3,0.05948610438871949,-0.13841898335811667,0,0,-0.3648300388430742,0,0.0,0,0
L4,-0.382983204683164,0.0,0,0,0.0,0,0.0,0,0
