,比利时BFX,日经225,墨西哥BOLSA,恒生指数,韩国综合指数,荷兰AEX,Costa Rica Indice Accionario,加拿大多伦多S&P/TSX 综合指数,S&P CLX IPSA
L1,0.03562660707136129,-0.10238631199902695,0,0.07393695756766583,0.1307248723956211,0,-0.1465812978806965,0,-0.32711859213757466
L2,-0.00010279779806885621,-0.24535360003023507,0,0.0025666286949202824,-0.09044894314614711,0,0.0,0,0.29427818268684747
L3,0.06385972566254491,-0.2660113323524087,0,-0.20549089288454864,-0.4835754526090101,0,0.0,0,0.23132145537443508
L4,-0.49555561243297624,0.0,0,0.0,0.11616780770852489,0,0.0,0,-0.10078852098721404
