,比利时BFX,日经225,墨西哥BOLSA,恒生指数,韩国综合指数,荷兰AEX,Costa Rica Indice Accionario,加拿大多伦多S&P/TSX 综合指数,S&P CLX IPSA
L1,0.02503690735713419,-0.08414145117894796,0,0.07487934905920812,0.07788995926622176,0,-0.23640940663158302,0,-0.2943356753233122
L2,-0.007052927440077723,-0.2326516099959226,0,-0.00607266732257135,-0.10505078370153499,0,0.0,0,0.23499711388873673
L3,0.06004187173477535,-0.20336495477501998,0,-0.23435137009759097,-0.3985094923619904,0,0.0,0,0.15967020916322544
L4,-0.4498818132534717,0.0,0,0.1095795784566085,0.0,0,0.0,0,-0.11277806027292055
