,比利时BFX,日经225,墨西哥BOLSA,恒生指数,韩国综合指数,荷兰AEX,Costa Rica Indice Accionario,加拿大多伦多S&P/TSX 综合指数,S&P CLX IPSA
L1,0.03113477812549421,-0.09034102248958546,0,0.05414186573131955,0.07168917692791407,0,-0.14287252832862168,0,-0.3588095442015413
L2,-0.007437205015017774,-0.24254538523501845,0,-0.01087261103175409,-0.11228047253327053,0,0.0,0,0.2372893526561724
L3,0.061425315379445844,-0.21657289827522297,0,-0.18440055106494893,-0.3967647261544131,0,0.0,0,0.2541135596573828
L4,-0.4426038958837193,0.0,0,0.0,0.0,0,0.0,0,0.0
