,比利时BFX,日经225,墨西哥BOLSA,恒生指数,韩国综合指数,荷兰AEX,Costa Rica Indice Accionario,加拿大多伦多S&P/TSX 综合指数,S&P CLX IPSA
L1,0.01929719498806373,-0.08041043244502706,0.11509817701899125,0.04887519206390274,0.06449737401523478,0,-0.1717862569862697,0,-0.28734852449112
L2,-0.01484282061362538,-0.21338914880338777,-0.2939133717005209,0.02089797031623351,-0.11263135660056353,0,0.0,0,0.23432214155911738
L3,0.06815184726493857,-0.15934066574433906,0.15898176471486158,-0.1884921314115886,-0.38105547756176106,0,0.0,0,0.1624559661750525
L4,-0.3949773142576406,0.0,0.0,0.0,0.0,0,0.0,0,-0.10347141336233864
