,比利时BFX,日经225,墨西哥BOLSA,恒生指数,韩国综合指数,荷兰AEX,Costa Rica Indice Accionario,加拿大多伦多S&P/TSX 综合指数,S&P CLX IPSA
L1,-0.021651603165445208,-0.07678684021485059,0.022201057891126162,-0.016527998100423283,0.04711970007533425,0,-0.1561732746750226,0,0
L2,-0.02428914094283425,-0.19478601160546224,-0.2420127396799628,0.0013936259146707015,-0.09930095720095758,0,0.0,0,0
L3,0.06212122609395769,-0.14246108731752127,0.0,-0.17579987917070355,-0.3729233685525202,0,0.0,0,0
L4,-0.37041788225863603,0.0,0.0,0.0,0.0,0,0.0,0,0
