,比利时BFX,日经225,墨西哥BOLSA,恒生指数,韩国综合指数,荷兰AEX,Costa Rica Indice Accionario,加拿大多伦多S&P/TSX 综合指数,S&P CLX IPSA
L1,0,0,-0.09294258871606147,0,0,-0.15127129590409855,-0.3602894355055626,-0.05293855591433959,0
L2,0,0,0.1726047474000848,0,0,0.0,0.0,0.14017143336965113,0
L3,0,0,0.0,0,0,0.0,0.0,0.0,0
L4,0,0,0.0,0,0,0.0,0.0,0.0,0
