,比利时BFX,日经225,墨西哥BOLSA,恒生指数,韩国综合指数,荷兰AEX,Costa Rica Indice Accionario,加拿大多伦多S&P/TSX 综合指数,S&P CLX IPSA
L1,0,0,-0.06906744513748724,0,0,-0.20097849649699775,-0.5032163405494334,0,0
L2,0,0,0.12312712845839889,0,0,0.0,0.0,0,0
L3,0,0,0.0,0,0,0.0,0.0,0,0
L4,0,0,0.0,0,0,0.0,0.0,0,0
