,比利时BFX,日经225,墨西哥BOLSA,恒生指数,韩国综合指数,荷兰AEX,Costa Rica Indice Accionario,加拿大多伦多S&P/TSX 综合指数,S&P CLX IPSA
L1,0,0,-0.05912789713691019,0,0,-0.1983748459210624,-0.6065551013949656,0,0
L2,0,0,0.1419988859670678,0,0,0.0,0.0,0,0
L3,0,0,0.0,0,0,0.0,0.0,0,0
L4,0,0,0.0,0,0,0.0,0.0,0,0
