,比利时BFX,日经225,墨西哥BOLSA,恒生指数,韩国综合指数,荷兰AEX,Costa Rica Indice Accionario,加拿大多伦多S&P/TSX 综合指数,S&P CLX IPSA
L1,0,0,-0.10054362056017996,0,0,-0.17006075275122884,-0.36398452175016427,0,0
L2,0,0,0.14427212054360708,0,0,-0.0045454189860627894,0.0,0,0
L3,0,0,0.0,0,0,0.0479367251981382,0.0,0,0
L4,0,0,0.0,0,0,-0.15511254208822303,0.0,0,0
