,比利时BFX,日经225,墨西哥BOLSA,恒生指数,韩国综合指数,荷兰AEX,Costa Rica Indice Accionario,加拿大多伦多S&P/TSX 综合指数,S&P CLX IPSA
L1,0,0,-0.07218811220195967,0,0,-0.20844230070220945,-0.5931684802817376,0,0
L2,0,0,0.13011967004295505,0,0,0.0,0.0,0,0
L3,0,0,0.0,0,0,0.0,0.0,0,0
L4,0,0,0.0,0,0,0.0,0.0,0,0
