,比利时BFX,日经225,墨西哥BOLSA,恒生指数,韩国综合指数,荷兰AEX,Costa Rica Indice Accionario,加拿大多伦多S&P/TSX 综合指数,S&P CLX IPSA
L1,0,0,-0.10168098248131949,0,0,-0.15972638950708126,-0.3600217477597508,0,0
L2,0,0,0.153036492064295,0,0,0.0,0.0,0,0
L3,0,0,0.0,0,0,0.0,0.0,0,0
L4,0,0,0.0,0,0,0.0,0.0,0,0
