,比利时BFX,日经225,墨西哥BOLSA,恒生指数,韩国综合指数,荷兰AEX,Costa Rica Indice Accionario,加拿大多伦多S&P/TSX 综合指数,S&P CLX IPSA
L1,0,0,-0.09943721109753784,0,0,-0.17210103960593093,-0.36494508627273653,-0.06169555936091745,0
L2,0,0,0.16042335766909638,0,0,0.0,0.0,0.13951894266697443,0
L3,0,0,0.0,0,0,0.0,0.0,0.0,0
L4,0,0,0.0,0,0,0.0,0.0,0.0,0
