,比利时BFX,日经225,墨西哥BOLSA,恒生指数,韩国综合指数,荷兰AEX,Costa Rica Indice Accionario,加拿大多伦多S&P/TSX 综合指数,S&P CLX IPSA
L1,0,0,-0.10319292316282944,0,0,-0.17163394003612734,-0.364453524207615,-0.057623819704541564,0
L2,0,0,0.14853856715522498,0,0,0.0,0.0,0.13114465859490446,0
L3,0,0,0.0,0,0,0.0,0.0,0.0,0
L4,0,0,0.0,0,0,0.0,0.0,0.0,0
