,比利时BFX,日经225,墨西哥BOLSA,恒生指数,韩国综合指数,荷兰AEX,Costa Rica Indice Accionario,加拿大多伦多S&P/TSX 综合指数,S&P CLX IPSA
L1,0,0,-0.10106540034099484,0,0,-0.16765016524395546,-0.3645261867666087,0,0
L2,0,0,0.14389688963110364,0,0,-0.004395586212247786,0.0,0,0
L3,0,0,0.0,0,0,0.04760185877590589,0.0,0,0
L4,0,0,0.0,0,0,-0.15545404855089193,0.0,0,0
