,比利时BFX,日经225,墨西哥BOLSA,恒生指数,韩国综合指数,荷兰AEX,Costa Rica Indice Accionario,加拿大多伦多S&P/TSX 综合指数,S&P CLX IPSA
L1,0,0,-0.1121104928846057,0,0,-0.1829459278170377,-0.36430920978160614,-0.07825714501099457,0
L2,0,0,0.13688520969225193,0,0,0.0,0.0,0.13009301342108395,0
L3,0,0,0.0,0,0,0.0,0.0,0.0,0
L4,0,0,0.0,0,0,0.0,0.0,0.0,0
