,比利时BFX,日经225,墨西哥BOLSA,恒生指数,韩国综合指数,荷兰AEX,Costa Rica Indice Accionario,加拿大多伦多S&P/TSX 综合指数,S&P CLX IPSA
L1,0,0,-0.09977195548427469,0,0,-0.15958146309510124,-0.36237405419817353,-0.04984050399870347,0
L2,0,0,0.16697501637830356,0,0,0.0,0.0,0.13606501282689398,0
L3,0,0,0.0,0,0,0.0,0.0,0.0,0
L4,0,0,0.0,0,0,0.0,0.0,0.0,0
