,比利时BFX,日经225,墨西哥BOLSA,恒生指数,韩国综合指数,荷兰AEX,Costa Rica Indice Accionario,加拿大多伦多S&P/TSX 综合指数,S&P CLX IPSA
L1,0,0,-0.10166602428526092,0,0,-0.16083542095628023,-0.36002999261382684,-0.058693255477798315,0
L2,0,0,0.16413980572630096,0,0,0.0,0.0,0.1363358453404422,0
L3,0,0,0.0,0,0,0.0,0.0,0.0,0
L4,0,0,0.0,0,0,0.0,0.0,0.0,0
