,比利时BFX,日经225,墨西哥BOLSA,恒生指数,韩国综合指数,荷兰AEX,Costa Rica Indice Accionario,加拿大多伦多S&P/TSX 综合指数,S&P CLX IPSA
比利时BFX,0.0,0.3133590146658001,0.3673982567996482,0.32240238876962435,0.32960517094015396,0.5664880263326105,0.26747453861581494,0.329282895939692,0.35103910686769885
日经225,0.3133590146658001,0.0,0.2979135617705831,0.38912816072978473,0.4358401427533181,0.32154268144245696,0.2604477885533404,0.28648574238149765,0.30107926166122995
墨西哥BOLSA,0.3673982567996482,0.2979135617705831,0.0,0.3099693926322639,0.31310956737587164,0.368159104006991,0.24880975437160338,0.3852501047569347,0.3182601595915652
恒生指数,0.32240238876962435,0.38912816072978473,0.3099693926322639,0.0,0.4205866748310904,0.32277999635039,0.26949868735304455,0.3016740796583473,0.2927162806403324
韩国综合指数,0.32960517094015396,0.4358401427533181,0.31310956737587164,0.4205866748310904,0.0,0.3291426879734762,0.268606368578274,0.28687955634613366,0.2903589561607302
荷兰AEX,0.5664880263326105,0.32154268144245696,0.368159104006991,0.32277999635039,0.3291426879734762,0.0,0.25784681448496355,0.34524762484194566,0.3419675407242195
Costa Rica Indice Accionario,0.26747453861581494,0.2604477885533404,0.24880975437160338,0.26949868735304455,0.268606368578274,0.25784681448496355,0.0,0.2582042228460366,0.27484361867016643
加拿大多伦多S&P/TSX 综合指数,0.329282895939692,0.28648574238149765,0.3852501047569347,0.3016740796583473,0.28687955634613366,0.34524762484194566,0.2582042228460366,0.0,0.3103416355066163
S&P CLX IPSA,0.35103910686769885,0.30107926166122995,0.3182601595915652,0.2927162806403324,0.2903589561607302,0.3419675407242195,0.27484361867016643,0.3103416355066163,0.0
