,比利时BFX,日经225,墨西哥BOLSA,恒生指数,韩国综合指数,荷兰AEX,Costa Rica Indice Accionario,加拿大多伦多S&P/TSX 综合指数,S&P CLX IPSA
比利时BFX,0.0,0.3190445208527369,0.37583251515154953,0.31684368058821083,0.3321945565779864,0.5758926253556372,0.2762097523669378,0.33371003134007554,0.3545688585971839
日经225,0.3190445208527369,0.0,0.3029969573361164,0.37567675451564486,0.43062050685497505,0.3239560021244329,0.2562718055690677,0.28907734068500957,0.3072398866352568
墨西哥BOLSA,0.37583251515154953,0.3029969573361164,0.0,0.3130432391297234,0.3164296044982617,0.369465267501518,0.2537317808730632,0.38917225063905436,0.32096000776159644
恒生指数,0.31684368058821083,0.37567675451564486,0.3130432391297234,0.0,0.40813046326628394,0.3146739845670463,0.270684698890213,0.3007356645489173,0.2970607140110965
韩国综合指数,0.3321945565779864,0.43062050685497505,0.3164296044982617,0.40813046326628394,0.0,0.32856672163382306,0.2723046688814844,0.2898133597588568,0.2934164804766518
荷兰AEX,0.5758926253556372,0.3239560021244329,0.369465267501518,0.3146739845670463,0.32856672163382306,0.0,0.260951360383061,0.34856517561012706,0.347537239356363
Costa Rica Indice Accionario,0.2762097523669378,0.2562718055690677,0.2537317808730632,0.270684698890213,0.2723046688814844,0.260951360383061,0.0,0.2610355756623341,0.26995143231236507
加拿大多伦多S&P/TSX 综合指数,0.33371003134007554,0.28907734068500957,0.38917225063905436,0.3007356645489173,0.2898133597588568,0.34856517561012706,0.2610355756623341,0.0,0.31203660422478896
S&P CLX IPSA,0.3545688585971839,0.3072398866352568,0.32096000776159644,0.2970607140110965,0.2934164804766518,0.347537239356363,0.26995143231236507,0.31203660422478896,0.0
