,比利时BFX,日经225,墨西哥BOLSA,恒生指数,韩国综合指数,荷兰AEX,Costa Rica Indice Accionario,加拿大多伦多S&P/TSX 综合指数,S&P CLX IPSA
比利时BFX,0.0,0.31291949901955346,0.3765800097429777,0.30692342401152495,0.3276460591276956,0.5760633021821436,0.2659561477237456,0.3377643330383902,0.3438794222447745
日经225,0.31291949901955346,0.0,0.30658501101385266,0.36522091978697296,0.4240880949711985,0.3162212008157061,0.25191292012824285,0.2947443909709922,0.3021629950361125
墨西哥BOLSA,0.3765800097429777,0.30658501101385266,0.0,0.31891233454579765,0.3207187067310159,0.3660082757576932,0.2601969236378419,0.38934208834095685,0.31641433116010576
恒生指数,0.30692342401152495,0.36522091978697296,0.31891233454579765,0.0,0.40026450494109844,0.30426167954202415,0.2655372597988572,0.3013664449999049,0.2894362730784926
韩国综合指数,0.3276460591276956,0.4240880949711985,0.3207187067310159,0.40026450494109844,0.0,0.3235260364069051,0.2611954974202738,0.29206330585221746,0.28933797984451604
荷兰AEX,0.5760633021821436,0.3162212008157061,0.3660082757576932,0.30426167954202415,0.3235260364069051,0.0,0.2483779555503643,0.35194055205810393,0.3336886752574165
Costa Rica Indice Accionario,0.2659561477237456,0.25191292012824285,0.2601969236378419,0.2655372597988572,0.2611954974202738,0.2483779555503643,0.0,0.2592138189300509,0.2629649113131187
加拿大多伦多S&P/TSX 综合指数,0.3377643330383902,0.2947443909709922,0.38934208834095685,0.3013664449999049,0.29206330585221746,0.35194055205810393,0.2592138189300509,0.0,0.307146668098813
S&P CLX IPSA,0.3438794222447745,0.3021629950361125,0.31641433116010576,0.2894362730784926,0.28933797984451604,0.3336886752574165,0.2629649113131187,0.307146668098813,0.0
