,比利时BFX,日经225,墨西哥BOLSA,恒生指数,韩国综合指数,荷兰AEX,Costa Rica Indice Accionario,加拿大多伦多S&P/TSX 综合指数,S&P CLX IPSA
比利时BFX,0.0,0.31128417104403455,0.3662537087327364,0.31992842912426217,0.32925240599866135,0.562789046441166,0.2650276284061584,0.3297757204570318,0.3494824699865138
日经225,0.31128417104403455,0.0,0.29816593884370945,0.3910445072540012,0.4358474946580567,0.32067868485742657,0.26041482890830786,0.2866532264084707,0.30078928821073814
墨西哥BOLSA,0.3662537087327364,0.29816593884370945,0.0,0.3092998423309745,0.31251442434239013,0.3695056195995765,0.2510532651055902,0.38610621576174553,0.3167180772386684
恒生指数,0.31992842912426217,0.3910445072540012,0.3092998423309745,0.0,0.42279446779860064,0.322638294371509,0.26477342327322045,0.30142289809179384,0.29137639117769254
韩国综合指数,0.32925240599866135,0.4358474946580567,0.31251442434239013,0.42279446779860064,0.0,0.32858077754188264,0.2673970058317227,0.2856009728432433,0.29412518148693
荷兰AEX,0.562789046441166,0.32067868485742657,0.3695056195995765,0.322638294371509,0.32858077754188264,0.0,0.2609949989737475,0.3462194751059631,0.3439656992946645
Costa Rica Indice Accionario,0.2650276284061584,0.26041482890830786,0.2510532651055902,0.26477342327322045,0.2673970058317227,0.2609949989737475,0.0,0.26089162712042613,0.27297140634918765
加拿大多伦多S&P/TSX 综合指数,0.3297757204570318,0.2866532264084707,0.38610621576174553,0.30142289809179384,0.2856009728432433,0.3462194751059631,0.26089162712042613,0.0,0.31316989578485194
S&P CLX IPSA,0.3494824699865138,0.30078928821073814,0.3167180772386684,0.29137639117769254,0.29412518148693,0.3439656992946645,0.27297140634918765,0.31316989578485194,0.0
