,比利时BFX,日经225,墨西哥BOLSA,恒生指数,韩国综合指数,荷兰AEX,Costa Rica Indice Accionario,加拿大多伦多S&P/TSX 综合指数,S&P CLX IPSA
比利时BFX,0.0,0.31777118681014216,0.3777139993475811,0.31083842114828253,0.33050739499152426,0.5774424189778092,0.26930020056928045,0.3377033323192338,0.3471499540546877
日经225,0.31777118681014216,0.0,0.3061374712108505,0.36779726610306973,0.4283403221305877,0.32288613089844215,0.24968859522762546,0.29448468576018083,0.3016597786756254
墨西哥BOLSA,0.3777139993475811,0.3061374712108505,0.0,0.3194167524427906,0.3204746552486958,0.3689693917688305,0.2598666039309943,0.38895694643554085,0.3178799874728407
恒生指数,0.31083842114828253,0.36779726610306973,0.3194167524427906,0.0,0.4020675991709858,0.3087043514343602,0.2664834497619729,0.30223892981474365,0.29267376098868647
韩国综合指数,0.33050739499152426,0.4283403221305877,0.3204746552486958,0.4020675991709858,0.0,0.3267773126829542,0.2616199138271141,0.2909962206724459,0.29054670048605385
荷兰AEX,0.5774424189778092,0.32288613089844215,0.3689693917688305,0.3087043514343602,0.3267773126829542,0.0,0.25216337661430044,0.3518929889414359,0.3378605642482836
Costa Rica Indice Accionario,0.26930020056928045,0.24968859522762546,0.2598666039309943,0.2664834497619729,0.2616199138271141,0.25216337661430044,0.0,0.2607645348190698,0.2626166957131459
加拿大多伦多S&P/TSX 综合指数,0.3377033323192338,0.29448468576018083,0.38895694643554085,0.30223892981474365,0.2909962206724459,0.3518929889414359,0.2607645348190698,0.0,0.3079010193038973
S&P CLX IPSA,0.3471499540546877,0.3016597786756254,0.3178799874728407,0.29267376098868647,0.29054670048605385,0.3378605642482836,0.2626166957131459,0.3079010193038973,0.0
