,比利时BFX,日经225,墨西哥BOLSA,恒生指数,韩国综合指数,荷兰AEX,Costa Rica Indice Accionario,加拿大多伦多S&P/TSX 综合指数,S&P CLX IPSA
比利时BFX,0.0,0.3131918588458652,0.37672629652995543,0.30683729532861376,0.32739734152145034,0.576008747269303,0.2665105474855435,0.3379609762316145,0.3443831343415655
日经225,0.3131918588458652,0.0,0.30588400319929065,0.3657615650463372,0.42479387064811935,0.31639979916007266,0.25094363536860953,0.29387722804309185,0.29929387110314937
墨西哥BOLSA,0.37672629652995543,0.30588400319929065,0.0,0.31892002658154855,0.3198670459351655,0.3662562891547108,0.26032891326220736,0.38990688298726145,0.31751094693117515
恒生指数,0.30683729532861376,0.3657615650463372,0.31892002658154855,0.0,0.4000379055563194,0.30417791209077866,0.2660036169989947,0.30140772832470464,0.28968794309532786
韩国综合指数,0.32739734152145034,0.42479387064811935,0.3198670459351655,0.4000379055563194,0.0,0.32318818845833824,0.2610022082085441,0.2912707984115347,0.2875693585238145
荷兰AEX,0.576008747269303,0.31639979916007266,0.3662562891547108,0.30417791209077866,0.32318818845833824,0.0,0.24882610279558667,0.35224248830780425,0.3344579996402964
Costa Rica Indice Accionario,0.2665105474855435,0.25094363536860953,0.26032891326220736,0.2660036169989947,0.2610022082085441,0.24882610279558667,0.0,0.25926302052882827,0.2621682099334335
加拿大多伦多S&P/TSX 综合指数,0.3379609762316145,0.29387722804309185,0.38990688298726145,0.30140772832470464,0.2912707984115347,0.35224248830780425,0.25926302052882827,0.0,0.30841306742325275
S&P CLX IPSA,0.3443831343415655,0.29929387110314937,0.31751094693117515,0.28968794309532786,0.2875693585238145,0.3344579996402964,0.2621682099334335,0.30841306742325275,0.0
