,比利时BFX,日经225,墨西哥BOLSA,恒生指数,韩国综合指数,荷兰AEX,Costa Rica Indice Accionario,加拿大多伦多S&P/TSX 综合指数,S&P CLX IPSA
比利时BFX,0.0,0.31106150171860014,0.37815947620111545,0.3050237899292061,0.3249463303426015,0.575875675991199,0.26629844408440206,0.3409272140591362,0.3422421322307932
日经225,0.31106150171860014,0.0,0.30685275238573556,0.36431880732776234,0.42232027639872466,0.3124771014767394,0.2511421979627569,0.297353475234962,0.30154285611583337
墨西哥BOLSA,0.37815947620111545,0.30685275238573556,0.0,0.3183522995395329,0.3207076735472914,0.3695025737723188,0.2606025002977252,0.389525021012438,0.31582089060412877
恒生指数,0.3050237899292061,0.36431880732776234,0.3183522995395329,0.0,0.39988126806169383,0.3008647087634847,0.2647866590934909,0.30323004325882535,0.28940049375233073
韩国综合指数,0.3249463303426015,0.42232027639872466,0.3207076735472914,0.39988126806169383,0.0,0.3179253646010189,0.2593909190557213,0.29494317621902977,0.2887112835362977
荷兰AEX,0.575875675991199,0.3124771014767394,0.3695025737723188,0.3008647087634847,0.3179253646010189,0.0,0.24896309222154886,0.35832820696681084,0.3309307921929256
Costa Rica Indice Accionario,0.26629844408440206,0.2511421979627569,0.2606025002977252,0.2647866590934909,0.2593909190557213,0.24896309222154886,0.0,0.25929824786005534,0.26202188368707346
加拿大多伦多S&P/TSX 综合指数,0.3409272140591362,0.297353475234962,0.389525021012438,0.30323004325882535,0.29494317621902977,0.35832820696681084,0.25929824786005534,0.0,0.30850363638967787
S&P CLX IPSA,0.3422421322307932,0.30154285611583337,0.31582089060412877,0.28940049375233073,0.2887112835362977,0.3309307921929256,0.26202188368707346,0.30850363638967787,0.0
