,比利时BFX,日经225,墨西哥BOLSA,恒生指数,韩国综合指数,荷兰AEX,Costa Rica Indice Accionario,加拿大多伦多S&P/TSX 综合指数,S&P CLX IPSA
比利时BFX,0.0,0.30689481770413474,0.3714183432159344,0.32268855598060975,0.3244365143879421,0.5719257682110671,0.2546693176274374,0.32997317851263286,0.3454141056713819
日经225,0.30689481770413474,0.0,0.2969235504662552,0.3884688917594176,0.4361099199378414,0.31559078930721846,0.2579948431539298,0.28201879438895294,0.2939598480117183
墨西哥BOLSA,0.3714183432159344,0.2969235504662552,0.0,0.3111469520481873,0.3123751194215967,0.3709202891355567,0.25384862712696943,0.3842420357774753,0.3241776632947166
恒生指数,0.32268855598060975,0.3884688917594176,0.3111469520481873,0.0,0.4164479573034033,0.32399846249700165,0.25755482484581155,0.2997880818467523,0.29466118298407107
韩国综合指数,0.3244365143879421,0.4361099199378414,0.3123751194215967,0.4164479573034033,0.0,0.32491230941853955,0.26309777292011977,0.2848584363548501,0.2951141774939186
荷兰AEX,0.5719257682110671,0.31559078930721846,0.3709202891355567,0.32399846249700165,0.32491230941853955,0.0,0.2530825485267287,0.3440602973649647,0.34592303373464967
Costa Rica Indice Accionario,0.2546693176274374,0.2579948431539298,0.25384862712696943,0.25755482484581155,0.26309777292011977,0.2530825485267287,0.0,0.2609383380688929,0.26470100348033704
加拿大多伦多S&P/TSX 综合指数,0.32997317851263286,0.28201879438895294,0.3842420357774753,0.2997880818467523,0.2848584363548501,0.3440602973649647,0.2609383380688929,0.0,0.3160243540631706
S&P CLX IPSA,0.3454141056713819,0.2939598480117183,0.3241776632947166,0.29466118298407107,0.2951141774939186,0.34592303373464967,0.26470100348033704,0.3160243540631706,0.0
