,比利时BFX,日经225,墨西哥BOLSA,恒生指数,韩国综合指数,荷兰AEX,Costa Rica Indice Accionario,加拿大多伦多S&P/TSX 综合指数,S&P CLX IPSA
比利时BFX,0.0,0.31432254038892476,0.37296233751456087,0.3231510817443074,0.33112372926811406,0.5720996527649789,0.26589339630604697,0.32873854442488204,0.3517913508170331
日经225,0.31432254038892476,0.0,0.300340588588781,0.39206454460240525,0.43316461518840604,0.32093601536003447,0.2594426097692902,0.28667837652773626,0.30167938245143167
墨西哥BOLSA,0.37296233751456087,0.300340588588781,0.0,0.31123266120551757,0.31334397859950996,0.3679727017654918,0.24836793158847964,0.3822544730213699,0.3187152258102132
恒生指数,0.3231510817443074,0.39206454460240525,0.31123266120551757,0.0,0.42153402033676335,0.32288448305227785,0.2682001842564703,0.30017781828080126,0.29289329483006227
韩国综合指数,0.33112372926811406,0.43316461518840604,0.31334397859950996,0.42153402033676335,0.0,0.32859706471918027,0.26819406556491543,0.28757256159653805,0.2910516558703143
荷兰AEX,0.5720996527649789,0.32093601536003447,0.3679727017654918,0.32288448305227785,0.32859706471918027,0.0,0.25730141062884787,0.3453155177849346,0.3423272861462385
Costa Rica Indice Accionario,0.26589339630604697,0.2594426097692902,0.24836793158847964,0.2682001842564703,0.26819406556491543,0.25730141062884787,0.0,0.25874673049669583,0.2742895202131457
加拿大多伦多S&P/TSX 综合指数,0.32873854442488204,0.28667837652773626,0.3822544730213699,0.30017781828080126,0.28757256159653805,0.3453155177849346,0.25874673049669583,0.0,0.3104620690815619
S&P CLX IPSA,0.3517913508170331,0.30167938245143167,0.3187152258102132,0.29289329483006227,0.2910516558703143,0.3423272861462385,0.2742895202131457,0.3104620690815619,0.0
