,比利时BFX,日经225,墨西哥BOLSA,恒生指数,韩国综合指数,荷兰AEX,Costa Rica Indice Accionario,加拿大多伦多S&P/TSX 综合指数,S&P CLX IPSA
比利时BFX,0.0,0.307169052989159,0.3719054134937116,0.32379504072490933,0.3245931899830084,0.5727800564915941,0.25462843846732147,0.33067174209355543,0.34590508577470913
日经225,0.307169052989159,0.0,0.29732395303444425,0.39102067947651775,0.43614310781818605,0.31601579986308503,0.25785269736971633,0.28266136575549994,0.29455312043990833
墨西哥BOLSA,0.3719054134937116,0.29732395303444425,0.0,0.31051456515602727,0.31354660421379016,0.372449217369774,0.253880639850893,0.38374405706464465,0.3260265115604839
恒生指数,0.32379504072490933,0.39102067947651775,0.31051456515602727,0.0,0.4220939319605965,0.32672479321498554,0.2576633561759374,0.2985048834404369,0.29793784803974804
韩国综合指数,0.3245931899830084,0.43614310781818605,0.31354660421379016,0.4220939319605965,0.0,0.3244461328190643,0.26305299294150963,0.28633896689019817,0.29430038088282373
荷兰AEX,0.5727800564915941,0.31601579986308503,0.372449217369774,0.32672479321498554,0.3244461328190643,0.0,0.2530042623024051,0.34618046165522415,0.3454943616878059
Costa Rica Indice Accionario,0.25462843846732147,0.25785269736971633,0.253880639850893,0.2576633561759374,0.26305299294150963,0.2530042623024051,0.0,0.2610376640873909,0.26462997172532143
加拿大多伦多S&P/TSX 综合指数,0.33067174209355543,0.28266136575549994,0.38374405706464465,0.2985048834404369,0.28633896689019817,0.34618046165522415,0.2610376640873909,0.0,0.3187325854308265
S&P CLX IPSA,0.34590508577470913,0.29455312043990833,0.3260265115604839,0.29793784803974804,0.29430038088282373,0.3454943616878059,0.26462997172532143,0.3187325854308265,0.0
