,比利时BFX,日经225,墨西哥BOLSA,恒生指数,韩国综合指数,荷兰AEX,Costa Rica Indice Accionario,加拿大多伦多S&P/TSX 综合指数,S&P CLX IPSA
比利时BFX,0.0,0.3163445103476552,0.37801463516630035,0.3118052431828393,0.32969459322346656,0.5771699242953293,0.2711662707861697,0.3344956310072347,0.35267535507066494
日经225,0.3163445103476552,0.0,0.3049410365875767,0.3702126909256777,0.42889227878122815,0.32065057376294,0.25232592787842295,0.2910990760575933,0.3065862895577247
墨西哥BOLSA,0.37801463516630035,0.3049410365875767,0.0,0.31910622578276543,0.31939402614291484,0.3709959234968384,0.26091227260925826,0.3871221939017654,0.32062938004623026
恒生指数,0.3118052431828393,0.3702126909256777,0.31910622578276543,0.0,0.40223366319785553,0.3103684712341818,0.2665329828449819,0.30348775421283186,0.29218804529562453
韩国综合指数,0.32969459322346656,0.42889227878122815,0.31939402614291484,0.40223366319785553,0.0,0.32621582253885745,0.2622639409354224,0.29092656764386937,0.2910952466817241
荷兰AEX,0.5771699242953293,0.32065057376294,0.3709959234968384,0.3103684712341818,0.32621582253885745,0.0,0.25426157745845757,0.34791475868554117,0.34503338854458093
Costa Rica Indice Accionario,0.2711662707861697,0.25232592787842295,0.26091227260925826,0.2665329828449819,0.2622639409354224,0.25426157745845757,0.0,0.2627020803550281,0.2614587325083011
加拿大多伦多S&P/TSX 综合指数,0.3344956310072347,0.2910990760575933,0.3871221939017654,0.30348775421283186,0.29092656764386937,0.34791475868554117,0.2627020803550281,0.0,0.3113817359308587
S&P CLX IPSA,0.35267535507066494,0.3065862895577247,0.32062938004623026,0.29218804529562453,0.2910952466817241,0.34503338854458093,0.2614587325083011,0.3113817359308587,0.0
