,比利时BFX,日经225,墨西哥BOLSA,恒生指数,韩国综合指数,荷兰AEX,Costa Rica Indice Accionario,加拿大多伦多S&P/TSX 综合指数,S&P CLX IPSA
比利时BFX,0.0,0.34308941377295205,0.30630544416041666,0.3060750172526974,0.33505266580315696,0.5053587200812789,0.2540791768849871,0.2904795736315119,0.29171027399985894
日经225,0.34308941377295205,0.0,0.2835444944730048,0.38772803260421507,0.40514771327047877,0.3413466162077523,0.25880571183229,0.2658204144415651,0.25734971420683056
墨西哥BOLSA,0.30630544416041666,0.2835444944730048,0.0,0.28874876439211467,0.30468936116109224,0.3221968939191469,0.2384306494065011,0.36361752298856576,0.2968764472369125
恒生指数,0.3060750172526974,0.38772803260421507,0.28874876439211467,0.0,0.39436606579980493,0.3074676568352083,0.23909460697560897,0.28129110631671267,0.27460125229672167
韩国综合指数,0.33505266580315696,0.40514771327047877,0.30468936116109224,0.39436606579980493,0.0,0.3220536957423268,0.25434939379359056,0.28860586846257597,0.28526377428908223
荷兰AEX,0.5053587200812789,0.3413466162077523,0.3221968939191469,0.3074676568352083,0.3220536957423268,0.0,0.25284393683956813,0.30323931216588057,0.2968636434930512
Costa Rica Indice Accionario,0.2540791768849871,0.25880571183229,0.2384306494065011,0.23909460697560897,0.25434939379359056,0.25284393683956813,0.0,0.2383180845478826,0.25017341159103457
加拿大多伦多S&P/TSX 综合指数,0.2904795736315119,0.2658204144415651,0.36361752298856576,0.28129110631671267,0.28860586846257597,0.30323931216588057,0.2383180845478826,0.0,0.30395034869323767
S&P CLX IPSA,0.29171027399985894,0.25734971420683056,0.2968764472369125,0.27460125229672167,0.28526377428908223,0.2968636434930512,0.25017341159103457,0.30395034869323767,0.0
