,比利时BFX,日经225,墨西哥BOLSA,恒生指数,韩国综合指数,荷兰AEX,Costa Rica Indice Accionario,加拿大多伦多S&P/TSX 综合指数,S&P CLX IPSA
比利时BFX,0.0,0.2802440896478754,0.30490054252637777,0.28518009943161593,0.295989437853633,0.5004222178055652,0.25012936550095005,0.2869352294600314,0.29813541928590653
日经225,0.2802440896478754,0.0,0.2600437291042055,0.3624476442988491,0.38128133071102144,0.31887132468147233,0.2614472383120095,0.27491822496168544,0.25877925242432465
墨西哥BOLSA,0.30490054252637777,0.2600437291042055,0.0,0.27530878455044716,0.26854144516446565,0.3248061855779382,0.25811583386712184,0.343456270534945,0.2883079617737513
恒生指数,0.28518009943161593,0.3624476442988491,0.27530878455044716,0.0,0.3779863750517877,0.298571950627579,0.2468590205733774,0.264835064643615,0.2795578238824988
韩国综合指数,0.295989437853633,0.38128133071102144,0.26854144516446565,0.3779863750517877,0.0,0.30869446589365923,0.26002042320844615,0.2748814564360001,0.26922164925974695
荷兰AEX,0.5004222178055652,0.31887132468147233,0.3248061855779382,0.298571950627579,0.30869446589365923,0.0,0.2517059224501575,0.31628416930058,0.30482101805317996
Costa Rica Indice Accionario,0.25012936550095005,0.2614472383120095,0.25811583386712184,0.2468590205733774,0.26002042320844615,0.2517059224501575,0.0,0.25861454242262294,0.2607333648877022
加拿大多伦多S&P/TSX 综合指数,0.2869352294600314,0.27491822496168544,0.343456270534945,0.264835064643615,0.2748814564360001,0.31628416930058,0.25861454242262294,0.0,0.26760906450062705
S&P CLX IPSA,0.29813541928590653,0.25877925242432465,0.2883079617737513,0.2795578238824988,0.26922164925974695,0.30482101805317996,0.2607333648877022,0.26760906450062705,0.0
