,比利时BFX,日经225,墨西哥BOLSA,恒生指数,韩国综合指数,荷兰AEX,Costa Rica Indice Accionario,加拿大多伦多S&P/TSX 综合指数,S&P CLX IPSA
比利时BFX,0.0,0.33583730774967574,0.29674224554232165,0.3107676408539632,0.3342705639597366,0.5139927121604095,0.24865987445145984,0.29170942538593486,0.28321730307806353
日经225,0.33583730774967574,0.0,0.28101110495963266,0.38814673838859576,0.3761884056246685,0.33198300839193257,0.23958668338164296,0.26544360200133704,0.2482667652220471
墨西哥BOLSA,0.29674224554232165,0.28101110495963266,0.0,0.28817072946809075,0.2980030984805005,0.3137075550521017,0.23423701143202724,0.35353994676942646,0.2898303874541954
恒生指数,0.3107676408539632,0.38814673838859576,0.28817072946809075,0.0,0.3805511529410859,0.3109122820240773,0.2497075391287795,0.286518663562153,0.28012564844989496
韩国综合指数,0.3342705639597366,0.3761884056246685,0.2980030984805005,0.3805511529410859,0.0,0.32061037085602895,0.25064407533963157,0.2886326306832721,0.27925721765079486
荷兰AEX,0.5139927121604095,0.33198300839193257,0.3137075550521017,0.3109122820240773,0.32061037085602895,0.0,0.24894645517874164,0.2989653372855796,0.2964075369192618
Costa Rica Indice Accionario,0.24865987445145984,0.23958668338164296,0.23423701143202724,0.2497075391287795,0.25064407533963157,0.24894645517874164,0.0,0.23607736349927144,0.24248054397192548
加拿大多伦多S&P/TSX 综合指数,0.29170942538593486,0.26544360200133704,0.35353994676942646,0.286518663562153,0.2886326306832721,0.2989653372855796,0.23607736349927144,0.0,0.3002249989934125
S&P CLX IPSA,0.28321730307806353,0.2482667652220471,0.2898303874541954,0.28012564844989496,0.27925721765079486,0.2964075369192618,0.24248054397192548,0.3002249989934125,0.0
