,比利时BFX,日经225,墨西哥BOLSA,恒生指数,韩国综合指数,荷兰AEX,Costa Rica Indice Accionario,加拿大多伦多S&P/TSX 综合指数,S&P CLX IPSA
比利时BFX,0.0,0.32105299110727337,0.2976694025245892,0.31033467661911374,0.30535146392310963,0.4986750740200365,0.25164626161644277,0.27559715896015663,0.2985993196758858
日经225,0.32105299110727337,0.0,0.26583540578349907,0.3622232787081888,0.4171316816425504,0.33393017870072994,0.26361360692115715,0.26996876867565545,0.2658523225010524
墨西哥BOLSA,0.2976694025245892,0.26583540578349907,0.0,0.27914874813805873,0.2764507670611216,0.3123068249296245,0.25367658588029185,0.3564592768487407,0.2873379818582213
恒生指数,0.31033467661911374,0.3622232787081888,0.27914874813805873,0.0,0.3580869479662243,0.3051491997916003,0.24519936738766018,0.265068704584559,0.2843909496843652
韩国综合指数,0.30535146392310963,0.4171316816425504,0.2764507670611216,0.3580869479662243,0.0,0.30808552366903835,0.2620508281362051,0.27140768949049465,0.28165229453141266
荷兰AEX,0.4986750740200365,0.33393017870072994,0.3123068249296245,0.3051491997916003,0.30808552366903835,0.0,0.25123516920372463,0.2830856672741932,0.30064610178088
Costa Rica Indice Accionario,0.25164626161644277,0.26361360692115715,0.25367658588029185,0.24519936738766018,0.2620508281362051,0.25123516920372463,0.0,0.25206133217615806,0.2613343948630913
加拿大多伦多S&P/TSX 综合指数,0.27559715896015663,0.26996876867565545,0.3564592768487407,0.265068704584559,0.27140768949049465,0.2830856672741932,0.25206133217615806,0.0,0.2943618360217529
S&P CLX IPSA,0.2985993196758858,0.2658523225010524,0.2873379818582213,0.2843909496843652,0.28165229453141266,0.30064610178088,0.2613343948630913,0.2943618360217529,0.0
