,比利时BFX,日经225,墨西哥BOLSA,恒生指数,韩国综合指数,荷兰AEX,Costa Rica Indice Accionario,加拿大多伦多S&P/TSX 综合指数,S&P CLX IPSA
比利时BFX,0.0,0.3181701735303226,0.31391877323494827,0.3040109736319101,0.3104853526977144,0.496486740570327,0.25023788486912346,0.28601517487075834,0.30425510112708787
日经225,0.3181701735303226,0.0,0.27095290101949954,0.37232936990943044,0.41552217626103205,0.346851200482825,0.2613194192713472,0.28459746436436634,0.2633484043378754
墨西哥BOLSA,0.31391877323494827,0.27095290101949954,0.0,0.2843577835276393,0.2809372357956723,0.329482479569108,0.25213764444739795,0.36333118822426125,0.291268301633644
恒生指数,0.3040109736319101,0.37232936990943044,0.2843577835276393,0.0,0.36053810636165773,0.30978243781332987,0.24485547446123487,0.2726399830022344,0.2820601612229693
韩国综合指数,0.3104853526977144,0.41552217626103205,0.2809372357956723,0.36053810636165773,0.0,0.3253116984007058,0.25982834347398176,0.2846193077286911,0.28392781512599186
荷兰AEX,0.496486740570327,0.346851200482825,0.329482479569108,0.30978243781332987,0.3253116984007058,0.0,0.2538648635424936,0.2984829582178198,0.30378983137373944
Costa Rica Indice Accionario,0.25023788486912346,0.2613194192713472,0.25213764444739795,0.24485547446123487,0.25982834347398176,0.2538648635424936,0.0,0.2547866591183648,0.2620935030665347
加拿大多伦多S&P/TSX 综合指数,0.28601517487075834,0.28459746436436634,0.36333118822426125,0.2726399830022344,0.2846193077286911,0.2984829582178198,0.2547866591183648,0.0,0.2928155173884638
S&P CLX IPSA,0.30425510112708787,0.2633484043378754,0.291268301633644,0.2820601612229693,0.28392781512599186,0.30378983137373944,0.2620935030665347,0.2928155173884638,0.0
