,比利时BFX,日经225,墨西哥BOLSA,恒生指数,韩国综合指数,荷兰AEX,Costa Rica Indice Accionario,加拿大多伦多S&P/TSX 综合指数,S&P CLX IPSA
比利时BFX,0.0,0.2766466727715911,0.30562559749442836,0.2916371678204871,0.29341461801383534,0.5189143171512305,0.24363918244738028,0.2779113554830844,0.3061375313751439
日经225,0.2766466727715911,0.0,0.27054138673945605,0.3931913429991039,0.42776335979081737,0.30372415336835057,0.25428999958989185,0.28068123457655547,0.2739219603769068
墨西哥BOLSA,0.30562559749442836,0.27054138673945605,0.0,0.29082382609064,0.27951535189157006,0.3246803619889233,0.2530710248720833,0.3473900806169265,0.2903562265649081
恒生指数,0.2916371678204871,0.3931913429991039,0.29082382609064,0.0,0.4212894984795166,0.3156677523131508,0.24887573366423066,0.28668211772850666,0.29661028264159056
韩国综合指数,0.29341461801383534,0.42776335979081737,0.27951535189157006,0.4212894984795166,0.0,0.30388145252314974,0.251979896280265,0.2829834131465044,0.28501171245727025
荷兰AEX,0.5189143171512305,0.30372415336835057,0.3246803619889233,0.3156677523131508,0.30388145252314974,0.0,0.24765818590631647,0.30495855084766665,0.3104897971568238
Costa Rica Indice Accionario,0.24363918244738028,0.25428999958989185,0.2530710248720833,0.24887573366423066,0.251979896280265,0.24765818590631647,0.0,0.2579546752468109,0.25490197377329665
加拿大多伦多S&P/TSX 综合指数,0.2779113554830844,0.28068123457655547,0.3473900806169265,0.28668211772850666,0.2829834131465044,0.30495855084766665,0.2579546752468109,0.0,0.27107630381936754
S&P CLX IPSA,0.3061375313751439,0.2739219603769068,0.2903562265649081,0.29661028264159056,0.28501171245727025,0.3104897971568238,0.25490197377329665,0.27107630381936754,0.0
