,比利时BFX,日经225,墨西哥BOLSA,恒生指数,韩国综合指数,荷兰AEX,Costa Rica Indice Accionario,加拿大多伦多S&P/TSX 综合指数,S&P CLX IPSA
比利时BFX,0.0,0.3298543878472076,0.3007914413692433,0.31013606284694795,0.3125926674125429,0.5040695830041669,0.2506431657016389,0.2843356242840288,0.3018646179806137
日经225,0.3298543878472076,0.0,0.2685237925764273,0.36618706429973874,0.42906632984855436,0.3440240142218945,0.26048133996318973,0.2793027183714391,0.2706323050176881
墨西哥BOLSA,0.3007914413692433,0.2685237925764273,0.0,0.2810062564009985,0.2783044219168496,0.31626380314445307,0.25380422300443245,0.36148858016533036,0.2900419855544533
恒生指数,0.31013606284694795,0.36618706429973874,0.2810062564009985,0.0,0.36304196832984725,0.3054092184710751,0.24394045760102764,0.2693311897106084,0.2829627385915754
韩国综合指数,0.3125926674125429,0.42906632984855436,0.2783044219168496,0.36304196832984725,0.0,0.31563747994817287,0.2600763526760087,0.2787023136787606,0.2840320266311973
荷兰AEX,0.5040695830041669,0.3440240142218945,0.31626380314445307,0.3054092184710751,0.31563747994817287,0.0,0.25310069912402217,0.29001851299979975,0.30590711025055867
Costa Rica Indice Accionario,0.2506431657016389,0.26048133996318973,0.25380422300443245,0.24394045760102764,0.2600763526760087,0.25310069912402217,0.0,0.25455204014877486,0.2635220477633814
加拿大多伦多S&P/TSX 综合指数,0.2843356242840288,0.2793027183714391,0.36148858016533036,0.2693311897106084,0.2787023136787606,0.29001851299979975,0.25455204014877486,0.0,0.30025665091673326
S&P CLX IPSA,0.3018646179806137,0.2706323050176881,0.2900419855544533,0.2829627385915754,0.2840320266311973,0.30590711025055867,0.2635220477633814,0.30025665091673326,0.0
