,比利时BFX,日经225,墨西哥BOLSA,恒生指数,韩国综合指数,荷兰AEX,Costa Rica Indice Accionario,加拿大多伦多S&P/TSX 综合指数,S&P CLX IPSA
比利时BFX,0.0,0.30424029006826253,0.33508147091211554,0.30886815081811053,0.31828389698547405,0.5336496877353223,0.24536518175262806,0.3009322134306613,0.3348270277047448
日经225,0.30424029006826253,0.0,0.2944406059574362,0.40654741289895174,0.44609983391659047,0.32117768940903574,0.2548004172535407,0.2972006204281289,0.29160476977884414
墨西哥BOLSA,0.33508147091211554,0.2944406059574362,0.0,0.3095182982684132,0.30258902088417194,0.343625151726767,0.25555758540385454,0.3651347506419859,0.3110242331213432
恒生指数,0.30886815081811053,0.40654741289895174,0.3095182982684132,0.0,0.4252063818893581,0.32226047188266616,0.24998723558791497,0.30006380559755486,0.3049145868801817
韩国综合指数,0.31828389698547405,0.44609983391659047,0.30258902088417194,0.4252063818893581,0.0,0.32108404589257306,0.2528025528056055,0.29459948242678397,0.2996582360371856
荷兰AEX,0.5336496877353223,0.32117768940903574,0.343625151726767,0.32226047188266616,0.32108404589257306,0.0,0.24824252710499758,0.3166629046376193,0.3293723359483127
Costa Rica Indice Accionario,0.24536518175262806,0.2548004172535407,0.25555758540385454,0.24998723558791497,0.2528025528056055,0.24824252710499758,0.0,0.2584565686361874,0.2533032852122773
加拿大多伦多S&P/TSX 综合指数,0.3009322134306613,0.2972006204281289,0.3651347506419859,0.30006380559755486,0.29459948242678397,0.3166629046376193,0.2584565686361874,0.0,0.2893456885529337
S&P CLX IPSA,0.3348270277047448,0.29160476977884414,0.3110242331213432,0.3049145868801817,0.2996582360371856,0.3293723359483127,0.2533032852122773,0.2893456885529337,0.0
