,比利时BFX,日经225,墨西哥BOLSA,恒生指数,韩国综合指数,荷兰AEX,Costa Rica Indice Accionario,加拿大多伦多S&P/TSX 综合指数,S&P CLX IPSA
比利时BFX,0.0,0.34428332847506987,0.30669534948673555,0.30619216247405645,0.3353127880454708,0.5051366172039337,0.25411956462508306,0.29063698504957236,0.29316889492725207
日经225,0.34428332847506987,0.0,0.2840174421471378,0.38981045799973724,0.40706661342357786,0.34232635709516157,0.2581455393005803,0.26648377918505795,0.2634963678583204
墨西哥BOLSA,0.30669534948673555,0.2840174421471378,0.0,0.2892180160020976,0.30582125402695426,0.3220360278389693,0.23823113282041586,0.36410784532595064,0.30187495499846156
恒生指数,0.30619216247405645,0.38981045799973724,0.2892180160020976,0.0,0.39454064967357017,0.30738699289397753,0.23918201757020532,0.28143287751359325,0.2751112281945807
韩国综合指数,0.3353127880454708,0.40706661342357786,0.30582125402695426,0.39454064967357017,0.0,0.32179414051513666,0.25424594132586437,0.2890445941409369,0.28830306843275066
荷兰AEX,0.5051366172039337,0.34232635709516157,0.3220360278389693,0.30738699289397753,0.32179414051513666,0.0,0.2529584381638209,0.3031709086994424,0.29730717698204856
Costa Rica Indice Accionario,0.25411956462508306,0.2581455393005803,0.23823113282041586,0.23918201757020532,0.25424594132586437,0.2529584381638209,0.0,0.2383544581678114,0.2517889128803938
加拿大多伦多S&P/TSX 综合指数,0.29063698504957236,0.26648377918505795,0.36410784532595064,0.28143287751359325,0.2890445941409369,0.3031709086994424,0.2383544581678114,0.0,0.30588976248048994
S&P CLX IPSA,0.29316889492725207,0.2634963678583204,0.30187495499846156,0.2751112281945807,0.28830306843275066,0.29730717698204856,0.2517889128803938,0.30588976248048994,0.0
