,比利时BFX,日经225,墨西哥BOLSA,恒生指数,韩国综合指数,荷兰AEX,Costa Rica Indice Accionario,加拿大多伦多S&P/TSX 综合指数,S&P CLX IPSA
比利时BFX,0.0,0.3174100251266519,0.3004382382212592,0.29524350807322897,0.2916888961549152,0.48743068667800904,0.24908705047781657,0.29114560293732455,0.2851037916630773
日经225,0.3174100251266519,0.0,0.277816294219246,0.3289465465793951,0.39026387852984656,0.3257428814202035,0.25331299893681286,0.2780521018473336,0.256123556522971
墨西哥BOLSA,0.3004382382212592,0.277816294219246,0.0,0.28797885893504055,0.29262723445438416,0.3208030854614754,0.2517070937127741,0.356990609274217,0.28698594199494626
恒生指数,0.29524350807322897,0.3289465465793951,0.28797885893504055,0.0,0.33270773556049277,0.28553029006951536,0.23504168449919427,0.28534700413132924,0.26734501682789086
韩国综合指数,0.2916888961549152,0.39026387852984656,0.29262723445438416,0.33270773556049277,0.0,0.28763007747742525,0.2467629566108563,0.2871369233110835,0.2738368454279646
荷兰AEX,0.48743068667800904,0.3257428814202035,0.3208030854614754,0.28553029006951536,0.28763007747742525,0.0,0.25159802915711255,0.30052833876680757,0.28839173018050857
Costa Rica Indice Accionario,0.24908705047781657,0.25331299893681286,0.2517070937127741,0.23504168449919427,0.2467629566108563,0.25159802915711255,0.0,0.24707761994172614,0.24104209318488742
加拿大多伦多S&P/TSX 综合指数,0.29114560293732455,0.2780521018473336,0.356990609274217,0.28534700413132924,0.2871369233110835,0.30052833876680757,0.24707761994172614,0.0,0.29344158288280475
S&P CLX IPSA,0.2851037916630773,0.256123556522971,0.28698594199494626,0.26734501682789086,0.2738368454279646,0.28839173018050857,0.24104209318488742,0.29344158288280475,0.0
