,比利时BFX,日经225,墨西哥BOLSA,恒生指数,韩国综合指数,荷兰AEX,Costa Rica Indice Accionario,加拿大多伦多S&P/TSX 综合指数,S&P CLX IPSA
比利时BFX,0.0,0.2862489802428783,0.30570633302865086,0.2951059712298866,0.3025193342728708,0.5182074801212765,0.2437724421033703,0.27766166111385876,0.30847529599221807
日经225,0.2862489802428783,0.0,0.2743335550404739,0.39350049534655096,0.41673720756962057,0.32489120414440126,0.2564216502228563,0.2815854951235147,0.2729416573487449
墨西哥BOLSA,0.30570633302865086,0.2743335550404739,0.0,0.2928729469251718,0.2823034886035344,0.326556568601655,0.2542438354670083,0.3470983233041695,0.2919133575403085
恒生指数,0.2951059712298866,0.39350049534655096,0.2928729469251718,0.0,0.4222446374759173,0.32191254239642286,0.24886022356331602,0.2865193684111515,0.2952298225262756
韩国综合指数,0.3025193342728708,0.41673720756962057,0.2823034886035344,0.4222446374759173,0.0,0.32238418271032315,0.25357906506276096,0.28448149367116404,0.2845432663992121
荷兰AEX,0.5182074801212765,0.32489120414440126,0.326556568601655,0.32191254239642286,0.32238418271032315,0.0,0.24596583544188427,0.30458663944269787,0.3143048761287936
Costa Rica Indice Accionario,0.2437724421033703,0.2564216502228563,0.2542438354670083,0.24886022356331602,0.25357906506276096,0.24596583544188427,0.0,0.25674986530274285,0.25455357285057745
加拿大多伦多S&P/TSX 综合指数,0.27766166111385876,0.2815854951235147,0.3470983233041695,0.2865193684111515,0.28448149367116404,0.30458663944269787,0.25674986530274285,0.0,0.26985363383272054
S&P CLX IPSA,0.30847529599221807,0.2729416573487449,0.2919133575403085,0.2952298225262756,0.2845432663992121,0.3143048761287936,0.25455357285057745,0.26985363383272054,0.0
