,比利时BFX,日经225,墨西哥BOLSA,恒生指数,韩国综合指数,荷兰AEX,Costa Rica Indice Accionario,加拿大多伦多S&P/TSX 综合指数,S&P CLX IPSA
比利时BFX,0.0,0.3114615385018801,0.30082626859362005,0.2920718975184622,0.29272542625789405,0.4854598839523863,0.2434532561630548,0.28407607794233714,0.28764334283673726
日经225,0.3114615385018801,0.0,0.2737477776577435,0.3410310141473245,0.3964419808977906,0.3181911506445341,0.2583046483630064,0.28108623321482384,0.25221624785861346
墨西哥BOLSA,0.30082626859362005,0.2737477776577435,0.0,0.28595896622532674,0.2869188530005414,0.3175957619680565,0.25348036007973557,0.3556182614352338,0.2880289438437029
恒生指数,0.2920718975184622,0.3410310141473245,0.28595896622532674,0.0,0.332149746757284,0.28722795183008565,0.23314758001301572,0.2790495916208644,0.2667824908835918
韩国综合指数,0.29272542625789405,0.3964419808977906,0.2869188530005414,0.332149746757284,0.0,0.29017662690306373,0.24905432230792246,0.28047098470726595,0.2729414704256838
荷兰AEX,0.4854598839523863,0.3181911506445341,0.3175957619680565,0.28722795183008565,0.29017662690306373,0.0,0.24868343778379173,0.2932321872687024,0.2869038164624363
Costa Rica Indice Accionario,0.2434532561630548,0.2583046483630064,0.25348036007973557,0.23314758001301572,0.24905432230792246,0.24868343778379173,0.0,0.25128852971527804,0.24759384065735027
加拿大多伦多S&P/TSX 综合指数,0.28407607794233714,0.28108623321482384,0.3556182614352338,0.2790495916208644,0.28047098470726595,0.2932321872687024,0.25128852971527804,0.0,0.3001061170836615
S&P CLX IPSA,0.28764334283673726,0.25221624785861346,0.2880289438437029,0.2667824908835918,0.2729414704256838,0.2869038164624363,0.24759384065735027,0.3001061170836615,0.0
