,比利时BFX,日经225,墨西哥BOLSA,恒生指数,韩国综合指数,荷兰AEX,Costa Rica Indice Accionario,加拿大多伦多S&P/TSX 综合指数,S&P CLX IPSA
比利时BFX,0.0,0.32447750847286183,0.31322360229923546,0.306934297758773,0.31306538575095766,0.5051579844102799,0.24951490187002315,0.2866150335381641,0.30160444058768604
日经225,0.32447750847286183,0.0,0.27151996849502336,0.3716351277347614,0.4002244835186582,0.3479145297465053,0.26056221348098657,0.28026186544543913,0.2627072830753391
墨西哥BOLSA,0.31322360229923546,0.27151996849502336,0.0,0.2851823368958257,0.28009934416471366,0.3224828225205024,0.25214020457702074,0.3638450795753536,0.2922830450629821
恒生指数,0.306934297758773,0.3716351277347614,0.2851823368958257,0.0,0.35856630785577537,0.30919914513240826,0.24476698378613473,0.26932130441147006,0.2777031629430177
韩国综合指数,0.31306538575095766,0.4002244835186582,0.28009934416471366,0.35856630785577537,0.0,0.324849946460641,0.2586970735770252,0.2836126587959617,0.2797124669874439
荷兰AEX,0.5051579844102799,0.3479145297465053,0.3224828225205024,0.30919914513240826,0.324849946460641,0.0,0.25335423530115764,0.29335708422481654,0.2986583161097506
Costa Rica Indice Accionario,0.24951490187002315,0.26056221348098657,0.25214020457702074,0.24476698378613473,0.2586970735770252,0.25335423530115764,0.0,0.2542014169233382,0.26198295990721593
加拿大多伦多S&P/TSX 综合指数,0.2866150335381641,0.28026186544543913,0.3638450795753536,0.26932130441147006,0.2836126587959617,0.29335708422481654,0.2542014169233382,0.0,0.29131335286177434
S&P CLX IPSA,0.30160444058768604,0.2627072830753391,0.2922830450629821,0.2777031629430177,0.2797124669874439,0.2986583161097506,0.26198295990721593,0.29131335286177434,0.0
