,比利时BFX,日经225,墨西哥BOLSA,恒生指数,韩国综合指数,荷兰AEX,Costa Rica Indice Accionario,加拿大多伦多S&P/TSX 综合指数,S&P CLX IPSA
比利时BFX,0.0,0.3188206964773183,0.30004122462644844,0.3074020457403433,0.30274947961957094,0.49631149082494924,0.252167899960629,0.2766799869599208,0.29997794231087405
日经225,0.3188206964773183,0.0,0.2664539963135407,0.35806490271211316,0.41239791485459004,0.3309375852359933,0.26330567201381483,0.2679463941854843,0.2622799386994754
墨西哥BOLSA,0.30004122462644844,0.2664539963135407,0.0,0.27697981774499214,0.2782264595433766,0.3136310268389826,0.25441766236044283,0.3594594902945695,0.28620561314199816
恒生指数,0.3074020457403433,0.35806490271211316,0.27697981774499214,0.0,0.355789393339183,0.3015231610602325,0.24591277062361055,0.264451925858344,0.2818927851925024
韩国综合指数,0.30274947961957094,0.41239791485459004,0.2782264595433766,0.355789393339183,0.0,0.3040468310071218,0.26274715950636207,0.27057200590240416,0.279352216604326
荷兰AEX,0.49631149082494924,0.3309375852359933,0.3136310268389826,0.3015231610602325,0.3040468310071218,0.0,0.25145571774378034,0.28294751226953424,0.2995092762289637
Costa Rica Indice Accionario,0.252167899960629,0.26330567201381483,0.25441766236044283,0.24591277062361055,0.26274715950636207,0.25145571774378034,0.0,0.2531292454801673,0.2629379420847844
加拿大多伦多S&P/TSX 综合指数,0.2766799869599208,0.2679463941854843,0.3594594902945695,0.264451925858344,0.27057200590240416,0.28294751226953424,0.2531292454801673,0.0,0.29409948968472593
S&P CLX IPSA,0.29997794231087405,0.2622799386994754,0.28620561314199816,0.2818927851925024,0.279352216604326,0.2995092762289637,0.2629379420847844,0.29409948968472593,0.0
