,比利时BFX,日经225,墨西哥BOLSA,恒生指数,韩国综合指数,荷兰AEX,Costa Rica Indice Accionario,加拿大多伦多S&P/TSX 综合指数,S&P CLX IPSA
比利时BFX,0.0,0.3068394038556069,0.3476638036280553,0.3092550785666063,0.3213225232845406,0.5437504452449241,0.2510486282884232,0.3018845124082805,0.34038297229687836
日经225,0.3068394038556069,0.0,0.2896619702025544,0.3995858689268055,0.4351431570373078,0.32135007697222645,0.25699387521358197,0.2863087408672409,0.29567412632668666
墨西哥BOLSA,0.3476638036280553,0.2896619702025544,0.0,0.31360400368872626,0.3088640997624836,0.3563356982320132,0.26058532024975145,0.3803921692000206,0.32337938179663056
恒生指数,0.3092550785666063,0.3995858689268055,0.31360400368872626,0.0,0.4230530979144141,0.32244938470646767,0.25425968663395493,0.2953015767719103,0.30882795088465465
韩国综合指数,0.3213225232845406,0.4351431570373078,0.3088640997624836,0.4230530979144141,0.0,0.32626275801186955,0.2581208542765383,0.28805750798631435,0.2970318180025147
荷兰AEX,0.5437504452449241,0.32135007697222645,0.3563356982320132,0.32244938470646767,0.32626275801186955,0.0,0.25402025716871757,0.3139388682827116,0.3306122653374805
Costa Rica Indice Accionario,0.2510486282884232,0.25699387521358197,0.26058532024975145,0.25425968663395493,0.2581208542765383,0.25402025716871757,0.0,0.2599530432617539,0.25483062333502843
加拿大多伦多S&P/TSX 综合指数,0.3018845124082805,0.2863087408672409,0.3803921692000206,0.2953015767719103,0.28805750798631435,0.3139388682827116,0.2599530432617539,0.0,0.30098700043580756
S&P CLX IPSA,0.34038297229687836,0.29567412632668666,0.32337938179663056,0.30882795088465465,0.2970318180025147,0.3306122653374805,0.25483062333502843,0.30098700043580756,0.0
