,比利时BFX,日经225,墨西哥BOLSA,恒生指数,韩国综合指数,荷兰AEX,Costa Rica Indice Accionario,加拿大多伦多S&P/TSX 综合指数,S&P CLX IPSA
比利时BFX,0.0,0.3190198973105642,0.31317913502448586,0.304126265784338,0.3122908895312066,0.4960231132389637,0.25032132350258623,0.2848090577510462,0.30472371642932106
日经225,0.3190198973105642,0.0,0.27170634672063737,0.3730532237959062,0.41723556989318944,0.3463327197678282,0.2616502876981341,0.28534000013734195,0.2649418071544849
墨西哥BOLSA,0.31317913502448586,0.27170634672063737,0.0,0.28558250818357733,0.2809963116019858,0.3279918833602128,0.2522294669040902,0.36627765880803664,0.2903379616704814
恒生指数,0.304126265784338,0.3730532237959062,0.28558250818357733,0.0,0.36186247964350815,0.30875101901120605,0.24591405866595226,0.27327490510029584,0.2832921127103455
韩国综合指数,0.3122908895312066,0.41723556989318944,0.2809963116019858,0.36186247964350815,0.0,0.3261133656905252,0.26022595650417074,0.28465545345670534,0.28437605008370326
荷兰AEX,0.4960231132389637,0.3463327197678282,0.3279918833602128,0.30875101901120605,0.3261133656905252,0.0,0.2537165705798458,0.29733125432224444,0.3034354821522163
Costa Rica Indice Accionario,0.25032132350258623,0.2616502876981341,0.2522294669040902,0.24591405866595226,0.26022595650417074,0.2537165705798458,0.0,0.2550461366912722,0.262353389225628
加拿大多伦多S&P/TSX 综合指数,0.2848090577510462,0.28534000013734195,0.36627765880803664,0.27327490510029584,0.28465545345670534,0.29733125432224444,0.2550461366912722,0.0,0.2946454130782301
S&P CLX IPSA,0.30472371642932106,0.2649418071544849,0.2903379616704814,0.2832921127103455,0.28437605008370326,0.3034354821522163,0.262353389225628,0.2946454130782301,0.0
