,比利时BFX,日经225,墨西哥BOLSA,恒生指数,韩国综合指数,荷兰AEX,Costa Rica Indice Accionario,加拿大多伦多S&P/TSX 综合指数,S&P CLX IPSA
比利时BFX,0.0,0.31763633821217246,0.31285034315280813,0.30449231222867,0.3113397037792614,0.4961180135493438,0.25019716440324574,0.28392256082343753,0.30349848435985094
日经225,0.31763633821217246,0.0,0.2709146259663509,0.3726645454444531,0.4152261359681097,0.3463761659634166,0.2613228476953925,0.28437663582829303,0.26326211526416865
墨西哥BOLSA,0.31285034315280813,0.2709146259663509,0.0,0.2844717186470756,0.28048576440185724,0.3285357357793681,0.25214737775475343,0.3637350243478318,0.2913187133832734
恒生指数,0.30449231222867,0.3726645454444531,0.2844717186470756,0.0,0.3603144630663072,0.310291524168198,0.2448625666729628,0.2729126182043352,0.2822380040112317
韩国综合指数,0.3113397037792614,0.4152261359681097,0.28048576440185724,0.3603144630663072,0.0,0.3261025954196617,0.2597898682997553,0.28375096679185097,0.2837271384272963
荷兰AEX,0.4961180135493438,0.3463761659634166,0.3285357357793681,0.310291524168198,0.3261025954196617,0.0,0.2538370597623678,0.2965488689146325,0.3031605223319223
Costa Rica Indice Accionario,0.25019716440324574,0.2613228476953925,0.25214737775475343,0.2448625666729628,0.2597898682997553,0.2538370597623678,0.0,0.25479218721703534,0.26210077039118557
加拿大多伦多S&P/TSX 综合指数,0.28392256082343753,0.28437663582829303,0.3637350243478318,0.2729126182043352,0.28375096679185097,0.2965488689146325,0.25479218721703534,0.0,0.292768201017197
S&P CLX IPSA,0.30349848435985094,0.26326211526416865,0.2913187133832734,0.2822380040112317,0.2837271384272963,0.3031605223319223,0.26210077039118557,0.292768201017197,0.0
