,比利时BFX,日经225,墨西哥BOLSA,恒生指数,韩国综合指数,荷兰AEX,Costa Rica Indice Accionario,加拿大多伦多S&P/TSX 综合指数,S&P CLX IPSA
比利时BFX,0.0,0.32639560555932906,0.3049225690175901,0.29747458822920625,0.3025833817712317,0.4895205784764051,0.2670062944217545,0.2948403072159883,0.28448647100716923
日经225,0.32639560555932906,0.0,0.28274774392555985,0.3484012272693045,0.3821084370209314,0.3234007309104372,0.2567369764859434,0.27498998067558433,0.2539252532548888
墨西哥BOLSA,0.3049225690175901,0.28274774392555985,0.0,0.2889852616347603,0.3076043989283949,0.31387180672424536,0.2511290856431446,0.35814704370592515,0.2836604824824087
恒生指数,0.29747458822920625,0.3484012272693045,0.2889852616347603,0.0,0.34932344512817165,0.28771148045639766,0.24553276082411934,0.28212377058800303,0.26628777720849806
韩国综合指数,0.3025833817712317,0.3821084370209314,0.3076043989283949,0.34932344512817165,0.0,0.2897439812169355,0.2534138334304394,0.2891975600266216,0.2755687736897443
荷兰AEX,0.4895205784764051,0.3234007309104372,0.31387180672424536,0.28771148045639766,0.2897439812169355,0.0,0.2636810516188175,0.2982635307522747,0.2811679904543638
Costa Rica Indice Accionario,0.2670062944217545,0.2567369764859434,0.2511290856431446,0.24553276082411934,0.2534138334304394,0.2636810516188175,0.0,0.24298369024594046,0.24922806040210496
加拿大多伦多S&P/TSX 综合指数,0.2948403072159883,0.27498998067558433,0.35814704370592515,0.28212377058800303,0.2891975600266216,0.2982635307522747,0.24298369024594046,0.0,0.28430048913398087
S&P CLX IPSA,0.28448647100716923,0.2539252532548888,0.2836604824824087,0.26628777720849806,0.2755687736897443,0.2811679904543638,0.24922806040210496,0.28430048913398087,0.0
