,比利时BFX,日经225,墨西哥BOLSA,恒生指数,韩国综合指数,荷兰AEX,Costa Rica Indice Accionario,加拿大多伦多S&P/TSX 综合指数,S&P CLX IPSA
比利时BFX,0.0,0.30769389812950165,0.3149025517078128,0.29972159936622306,0.3024193920904641,0.5128746598430389,0.25044642084309404,0.28731770013078567,0.30034098796510006
日经225,0.30769389812950165,0.0,0.2725148762151893,0.36701466070472955,0.39411231555187487,0.33273124887316674,0.26081677294257016,0.2803670157454656,0.26108911999087253
墨西哥BOLSA,0.3149025517078128,0.2725148762151893,0.0,0.2842084589727562,0.275820834148071,0.327143096416221,0.2543010498310464,0.3591353542319261,0.28979296737368576
恒生指数,0.29972159936622306,0.36701466070472955,0.2842084589727562,0.0,0.3637807660169952,0.3020749137971466,0.24479277830760843,0.26303733677374475,0.2769877943494111
韩国综合指数,0.3024193920904641,0.39411231555187487,0.275820834148071,0.3637807660169952,0.0,0.3161967865407743,0.25941196667703975,0.2708928985134002,0.2788619789146335
荷兰AEX,0.5128746598430389,0.33273124887316674,0.327143096416221,0.3020749137971466,0.3161967865407743,0.0,0.25499860948002406,0.30821576491820046,0.2993036586727675
Costa Rica Indice Accionario,0.25044642084309404,0.26081677294257016,0.2543010498310464,0.24479277830760843,0.25941196667703975,0.25499860948002406,0.0,0.2558784221160476,0.26416243748429485
加拿大多伦多S&P/TSX 综合指数,0.28731770013078567,0.2803670157454656,0.3591353542319261,0.26303733677374475,0.2708928985134002,0.30821576491820046,0.2558784221160476,0.0,0.28558152670621206
S&P CLX IPSA,0.30034098796510006,0.26108911999087253,0.28979296737368576,0.2769877943494111,0.2788619789146335,0.2993036586727675,0.26416243748429485,0.28558152670621206,0.0
