,比利时BFX,日经225,墨西哥BOLSA,恒生指数,韩国综合指数,荷兰AEX,Costa Rica Indice Accionario,加拿大多伦多S&P/TSX 综合指数,S&P CLX IPSA
比利时BFX,0.0,0.30908693142057697,0.3100635459578856,0.30123642492103064,0.29789657862257285,0.5151771900503168,0.2504009423705025,0.2819251120588484,0.2984496467920094
日经225,0.30908693142057697,0.0,0.27548486354527735,0.375859182355598,0.40620134263051705,0.3332722487535078,0.2610550927312822,0.2811698121791209,0.26105495304032
墨西哥BOLSA,0.3100635459578856,0.27548486354527735,0.0,0.284754405726128,0.27229055057380375,0.3232858897937405,0.254617746171817,0.3480849723383597,0.2939294255104925
恒生指数,0.30123642492103064,0.375859182355598,0.284754405726128,0.0,0.378218431859407,0.3056828435076458,0.24516909772046958,0.26593291944239,0.2758975695887159
韩国综合指数,0.29789657862257285,0.40620134263051705,0.27229055057380375,0.378218431859407,0.0,0.31432036513188966,0.2589814767576625,0.2710080916023635,0.2746107399896705
荷兰AEX,0.5151771900503168,0.3332722487535078,0.3232858897937405,0.3056828435076458,0.31432036513188966,0.0,0.2546842985278396,0.3071627702317094,0.29795580724877363
Costa Rica Indice Accionario,0.2504009423705025,0.2610550927312822,0.254617746171817,0.24516909772046958,0.2589814767576625,0.2546842985278396,0.0,0.25639457049715203,0.2639537002531429
加拿大多伦多S&P/TSX 综合指数,0.2819251120588484,0.2811698121791209,0.3480849723383597,0.26593291944239,0.2710080916023635,0.3071627702317094,0.25639457049715203,0.0,0.27893164843863555
S&P CLX IPSA,0.2984496467920094,0.26105495304032,0.2939294255104925,0.2758975695887159,0.2746107399896705,0.29795580724877363,0.2639537002531429,0.27893164843863555,0.0
