,比利时BFX,日经225,墨西哥BOLSA,恒生指数,韩国综合指数,荷兰AEX,Costa Rica Indice Accionario,加拿大多伦多S&P/TSX 综合指数,S&P CLX IPSA
比利时BFX,0.0,0.3369037622006006,0.2957335075236902,0.3109057890354479,0.33540555018868357,0.5121925739471594,0.24852976717338526,0.2918447373425848,0.28253806266531006
日经225,0.3369037622006006,0.0,0.28169996506497996,0.3883770170809553,0.3743538629557323,0.3349973605966161,0.23837311816555468,0.26657696031924905,0.24848530710312589
墨西哥BOLSA,0.2957335075236902,0.28169996506497996,0.0,0.28838247433449177,0.29848111534629196,0.3126194938545457,0.2343545462725495,0.3537245251995745,0.2903327708025567
恒生指数,0.3109057890354479,0.3883770170809553,0.28838247433449177,0.0,0.3804517230402776,0.31234312069754405,0.249487731980948,0.28685083457025956,0.28007598238003206
韩国综合指数,0.33540555018868357,0.3743538629557323,0.29848111534629196,0.3804517230402776,0.0,0.3219107092901074,0.24902720215803045,0.29009088485790524,0.2797098000009747
荷兰AEX,0.5121925739471594,0.3349973605966161,0.3126194938545457,0.31234312069754405,0.3219107092901074,0.0,0.24889614171985908,0.29993470147153445,0.29923111940545744
Costa Rica Indice Accionario,0.24852976717338526,0.23837311816555468,0.2343545462725495,0.249487731980948,0.24902720215803045,0.24889614171985908,0.0,0.23693829113811551,0.2431856295597956
加拿大多伦多S&P/TSX 综合指数,0.2918447373425848,0.26657696031924905,0.3537245251995745,0.28685083457025956,0.29009088485790524,0.29993470147153445,0.23693829113811551,0.0,0.29934088047999874
S&P CLX IPSA,0.28253806266531006,0.24848530710312589,0.2903327708025567,0.28007598238003206,0.2797098000009747,0.29923111940545744,0.2431856295597956,0.29934088047999874,0.0
