,比利时BFX,日经225,墨西哥BOLSA,恒生指数,韩国综合指数,荷兰AEX,Costa Rica Indice Accionario,加拿大多伦多S&P/TSX 综合指数,S&P CLX IPSA
比利时BFX,0.0,0.33677034205296796,0.3066362611602433,0.30046351383331465,0.31008425757135105,0.49421199989520376,0.266374404915523,0.2965093783543744,0.2862068435214484
日经225,0.33677034205296796,0.0,0.28625198119157197,0.3687387724359329,0.4012252543096802,0.33778408709684205,0.2526201563652626,0.2764745972459922,0.2557283436447216
墨西哥BOLSA,0.3066362611602433,0.28625198119157197,0.0,0.2998407480328302,0.3105789810088267,0.32221457340236104,0.24946344513232951,0.36870740924260686,0.28717388835142377
恒生指数,0.30046351383331465,0.3687387724359329,0.2998407480328302,0.0,0.3578213844319579,0.2983951464507339,0.24396336374997765,0.29853495660455465,0.2733714125296376
韩国综合指数,0.31008425757135105,0.4012252543096802,0.3105789810088267,0.3578213844319579,0.0,0.3035606513361731,0.25021708244369645,0.2952038936145005,0.27608763337111336
荷兰AEX,0.49421199989520376,0.33778408709684205,0.32221457340236104,0.2983951464507339,0.3035606513361731,0.0,0.2630820563661795,0.310444389656034,0.288157310505496
Costa Rica Indice Accionario,0.266374404915523,0.2526201563652626,0.24946344513232951,0.24396336374997765,0.25021708244369645,0.2630820563661795,0.0,0.24109299161677775,0.24845197166707567
加拿大多伦多S&P/TSX 综合指数,0.2965093783543744,0.2764745972459922,0.36870740924260686,0.29853495660455465,0.2952038936145005,0.310444389656034,0.24109299161677775,0.0,0.29099061558218753
S&P CLX IPSA,0.2862068435214484,0.2557283436447216,0.28717388835142377,0.2733714125296376,0.27608763337111336,0.288157310505496,0.24845197166707567,0.29099061558218753,0.0
