,比利时BFX,日经225,墨西哥BOLSA,恒生指数,韩国综合指数,荷兰AEX,Costa Rica Indice Accionario,加拿大多伦多S&P/TSX 综合指数,S&P CLX IPSA
比利时BFX,0.0,0.34044524038013074,0.30499249621979463,0.30514606166058134,0.3298797874638855,0.5001651812706881,0.25431185863836353,0.2880680337591335,0.29037225246479814
日经225,0.34044524038013074,0.0,0.28195265541001213,0.3791293812604817,0.40201333397519523,0.3378827427441067,0.25836098669193197,0.2672287078226512,0.2595472974211803
墨西哥BOLSA,0.30499249621979463,0.28195265541001213,0.0,0.2913501370243568,0.30660814482044696,0.31968235475676143,0.2381855825207414,0.3764018291663889,0.2913614438248086
恒生指数,0.30514606166058134,0.3791293812604817,0.2913501370243568,0.0,0.37725279038001064,0.30494639793027195,0.23963005646325128,0.28395032085178845,0.2718516147954877
韩国综合指数,0.3298797874638855,0.40201333397519523,0.30660814482044696,0.37725279038001064,0.0,0.31678847571785107,0.25501306894777254,0.28544147395082503,0.27821649507669177
荷兰AEX,0.5001651812706881,0.3378827427441067,0.31968235475676143,0.30494639793027195,0.31678847571785107,0.0,0.2531738602313019,0.3004978718349555,0.29046946707914745
Costa Rica Indice Accionario,0.25431185863836353,0.25836098669193197,0.2381855825207414,0.23963005646325128,0.25501306894777254,0.2531738602313019,0.0,0.238026127560718,0.2525275351455739
加拿大多伦多S&P/TSX 综合指数,0.2880680337591335,0.2672287078226512,0.3764018291663889,0.28395032085178845,0.28544147395082503,0.3004978718349555,0.238026127560718,0.0,0.3024190194024542
S&P CLX IPSA,0.29037225246479814,0.2595472974211803,0.2913614438248086,0.2718516147954877,0.27821649507669177,0.29046946707914745,0.2525275351455739,0.3024190194024542,0.0
