,比利时BFX,日经225,墨西哥BOLSA,恒生指数,韩国综合指数,荷兰AEX,Costa Rica Indice Accionario,加拿大多伦多S&P/TSX 综合指数,S&P CLX IPSA
比利时BFX,0.0,0.3234043348647302,0.31684266497698976,0.30852433107183913,0.3129423317220055,0.5086977694405072,0.24988157438936856,0.28785966516354755,0.2988205362403821
日经225,0.3234043348647302,0.0,0.2736774664816977,0.3668282873190998,0.3974338138968734,0.34578036675968393,0.26075855572996365,0.2785666031536424,0.26569932209747404
墨西哥BOLSA,0.31684266497698976,0.2736774664816977,0.0,0.2855972649485905,0.280461250999228,0.32821500328551706,0.25287523632442627,0.36881664175258416,0.2931848364036791
恒生指数,0.30852433107183913,0.3668282873190998,0.2855972649485905,0.0,0.35945955926485357,0.3101295222797105,0.24439229484672712,0.26613047500448705,0.2828970800941886
韩国综合指数,0.3129423317220055,0.3974338138968734,0.280461250999228,0.35945955926485357,0.0,0.3250717519934132,0.25878308279400336,0.279045485808955,0.28501616383373474
荷兰AEX,0.5086977694405072,0.34578036675968393,0.32821500328551706,0.3101295222797105,0.3250717519934132,0.0,0.2539860877664643,0.299424213643473,0.29393211402906216
Costa Rica Indice Accionario,0.24988157438936856,0.26075855572996365,0.25287523632442627,0.24439229484672712,0.25878308279400336,0.2539860877664643,0.0,0.2551776587974427,0.2624676867933523
加拿大多伦多S&P/TSX 综合指数,0.28785966516354755,0.2785666031536424,0.36881664175258416,0.26613047500448705,0.279045485808955,0.299424213643473,0.2551776587974427,0.0,0.2908490324223756
S&P CLX IPSA,0.2988205362403821,0.26569932209747404,0.2931848364036791,0.2828970800941886,0.28501616383373474,0.29393211402906216,0.2624676867933523,0.2908490324223756,0.0
