,比利时BFX,日经225,墨西哥BOLSA,恒生指数,韩国综合指数,荷兰AEX,Costa Rica Indice Accionario,加拿大多伦多S&P/TSX 综合指数,S&P CLX IPSA
比利时BFX,0.0,0.3202143125030441,0.30368733167861856,0.2991608907087575,0.29716480775922743,0.49900921653171365,0.24930996274436887,0.2927166851971473,0.2860149195343078
日经225,0.3202143125030441,0.0,0.276593588780978,0.3374368477559533,0.38954573027812467,0.319883834449364,0.25155203774503426,0.2786201604214807,0.2532933805336178
墨西哥BOLSA,0.30368733167861856,0.276593588780978,0.0,0.29073807471449004,0.3020279597641317,0.31722283901825027,0.25017740143575,0.3523960814806671,0.28990094847827935
恒生指数,0.2991608907087575,0.3374368477559533,0.29073807471449004,0.0,0.34089800481438326,0.28649476310072625,0.23716345645513945,0.28850988135769373,0.26293319564740647
韩国综合指数,0.29716480775922743,0.38954573027812467,0.3020279597641317,0.34089800481438326,0.0,0.28739409074224664,0.24963664190958476,0.29293861812263317,0.27290279681355906
荷兰AEX,0.49900921653171365,0.319883834449364,0.31722283901825027,0.28649476310072625,0.28739409074224664,0.0,0.24692842225877937,0.30058332883994554,0.28929161465371467
Costa Rica Indice Accionario,0.24930996274436887,0.25155203774503426,0.25017740143575,0.23716345645513945,0.24963664190958476,0.24692842225877937,0.0,0.2436689274335055,0.24229795051775926
加拿大多伦多S&P/TSX 综合指数,0.2927166851971473,0.2786201604214807,0.3523960814806671,0.28850988135769373,0.29293861812263317,0.30058332883994554,0.2436689274335055,0.0,0.29078430795667853
S&P CLX IPSA,0.2860149195343078,0.2532933805336178,0.28990094847827935,0.26293319564740647,0.27290279681355906,0.28929161465371467,0.24229795051775926,0.29078430795667853,0.0
