,比利时BFX,日经225,墨西哥BOLSA,恒生指数,韩国综合指数,荷兰AEX,Costa Rica Indice Accionario,加拿大多伦多S&P/TSX 综合指数,S&P CLX IPSA
比利时BFX,0.0,0.3195532579443994,0.31132381018543753,0.30506220607763074,0.312302854270118,0.49985260274155346,0.25009344864296623,0.28236194037209683,0.3017507366014476
日经225,0.3195532579443994,0.0,0.27150546048666957,0.3735931246554044,0.4171028388932528,0.3487010117596253,0.2615240550302767,0.2845250692421699,0.2637418816500608
墨西哥BOLSA,0.31132381018543753,0.27150546048666957,0.0,0.28637453395101603,0.28166646916470583,0.32134945634274986,0.25214274212548676,0.36336450127226744,0.2890567599132021
恒生指数,0.30506220607763074,0.3735931246554044,0.28637453395101603,0.0,0.3617096268386589,0.31178160018207307,0.24589532594455607,0.2730319067596586,0.2826796703989519
韩国综合指数,0.312302854270118,0.4171028388932528,0.28166646916470583,0.3617096268386589,0.0,0.3277534223479767,0.2602892673705888,0.28487225362471286,0.28445907594678826
荷兰AEX,0.49985260274155346,0.3487010117596253,0.32134945634274986,0.31178160018207307,0.3277534223479767,0.0,0.2534047059116326,0.291139397047209,0.29765405119186616
Costa Rica Indice Accionario,0.25009344864296623,0.2615240550302767,0.25214274212548676,0.24589532594455607,0.2602892673705888,0.2534047059116326,0.0,0.25494307248473624,0.2621988188216202
加拿大多伦多S&P/TSX 综合指数,0.28236194037209683,0.2845250692421699,0.36336450127226744,0.2730319067596586,0.28487225362471286,0.291139397047209,0.25494307248473624,0.0,0.2947554661624716
S&P CLX IPSA,0.3017507366014476,0.2637418816500608,0.2890567599132021,0.2826796703989519,0.28445907594678826,0.29765405119186616,0.2621988188216202,0.2947554661624716,0.0
