,比利时BFX,日经225,墨西哥BOLSA,恒生指数,韩国综合指数,荷兰AEX,Costa Rica Indice Accionario,加拿大多伦多S&P/TSX 综合指数,S&P CLX IPSA
比利时BFX,0.0,0.3171439653662723,0.30241656576160536,0.2954403150169485,0.2930765745025584,0.4958933896545899,0.24867588866696455,0.29168694688988644,0.2847302044542576
日经225,0.3171439653662723,0.0,0.27464588017783315,0.3317724430936063,0.3939410041566871,0.32451528232092236,0.253669541508016,0.2756686879443974,0.25583961714510745
墨西哥BOLSA,0.30241656576160536,0.27464588017783315,0.0,0.2862553293889748,0.2896022510136281,0.3169825452369858,0.251686708768738,0.3520954203133043,0.2921882945754113
恒生指数,0.2954403150169485,0.3317724430936063,0.2862553293889748,0.0,0.3362667760162017,0.28487851272725034,0.23536210392156376,0.2829654581978558,0.26787141267587755
韩国综合指数,0.2930765745025584,0.3939410041566871,0.2896022510136281,0.3362667760162017,0.0,0.2851353853857956,0.2474048398782634,0.2827822415818576,0.27605489372505665
荷兰AEX,0.4958933896545899,0.32451528232092236,0.3169825452369858,0.28487851272725034,0.2851353853857956,0.0,0.2521257979527164,0.3000668867595578,0.2877064402623378
Costa Rica Indice Accionario,0.24867588866696455,0.253669541508016,0.251686708768738,0.23536210392156376,0.2474048398782634,0.2521257979527164,0.0,0.24723636573883828,0.24065978817962858
加拿大多伦多S&P/TSX 综合指数,0.29168694688988644,0.2756686879443974,0.3520954203133043,0.2829654581978558,0.2827822415818576,0.3000668867595578,0.24723636573883828,0.0,0.2908795898305642
S&P CLX IPSA,0.2847302044542576,0.25583961714510745,0.2921882945754113,0.26787141267587755,0.27605489372505665,0.2877064402623378,0.24065978817962858,0.2908795898305642,0.0
