,比利时BFX,日经225,墨西哥BOLSA,恒生指数,韩国综合指数,荷兰AEX,Costa Rica Indice Accionario,加拿大多伦多S&P/TSX 综合指数,S&P CLX IPSA
比利时BFX,0.0,0.34600353683335566,0.30000332882547887,0.30780942747805096,0.3315179146110708,0.49428496881699757,0.2543454653595389,0.2888800832429839,0.28644031694565664
日经225,0.34600353683335566,0.0,0.2849671501376177,0.37458708644976624,0.4064032727722424,0.344316346569445,0.25824990906178746,0.2694663979429466,0.2632489612425508
墨西哥BOLSA,0.30000332882547887,0.2849671501376177,0.0,0.2932722818961525,0.3104747519278882,0.31724458586647203,0.23806212528771564,0.3748210276320614,0.29110414493337466
恒生指数,0.30780942747805096,0.37458708644976624,0.2932722818961525,0.0,0.3704359976660704,0.3068570616893016,0.2396807664321054,0.28329461119220295,0.2722048782981779
韩国综合指数,0.3315179146110708,0.4064032727722424,0.3104747519278882,0.3704359976660704,0.0,0.3225717359055199,0.25482869638984645,0.28443284253214063,0.28088213789097227
荷兰AEX,0.49428496881699757,0.344316346569445,0.31724458586647203,0.3068570616893016,0.3225717359055199,0.0,0.25314752962676434,0.30228958968627995,0.2900919650271135
Costa Rica Indice Accionario,0.2543454653595389,0.25824990906178746,0.23806212528771564,0.2396807664321054,0.25482869638984645,0.25314752962676434,0.0,0.23793422610014356,0.2524689299377351
加拿大多伦多S&P/TSX 综合指数,0.2888800832429839,0.2694663979429466,0.3748210276320614,0.28329461119220295,0.28443284253214063,0.30228958968627995,0.23793422610014356,0.0,0.301335704840205
S&P CLX IPSA,0.28644031694565664,0.2632489612425508,0.29110414493337466,0.2722048782981779,0.28088213789097227,0.2900919650271135,0.2524689299377351,0.301335704840205,0.0
