,比利时BFX,日经225,墨西哥BOLSA,恒生指数,韩国综合指数,荷兰AEX,Costa Rica Indice Accionario,加拿大多伦多S&P/TSX 综合指数,S&P CLX IPSA
比利时BFX,0.0,0.34126438806192766,0.30419133894306055,0.3051918180926988,0.32833136381668154,0.499368635895565,0.2543218932026492,0.28788919911275157,0.29035666059123283
日经225,0.34126438806192766,0.0,0.283424019280013,0.37780008683906313,0.40594930404327717,0.34058556999047107,0.25833995708528057,0.2679980216208559,0.2637757060513559
墨西哥BOLSA,0.30419133894306055,0.283424019280013,0.0,0.28919539918681986,0.3095550352559586,0.32045540359545543,0.23817554460172236,0.3769698646156682,0.2931983664988083
恒生指数,0.3051918180926988,0.37780008683906313,0.28919539918681986,0.0,0.37186659267533045,0.3041631540708553,0.2396526034354167,0.28315018082740484,0.27157983476108555
韩国综合指数,0.32833136381668154,0.40594930404327717,0.3095550352559586,0.37186659267533045,0.0,0.3173587548508705,0.254856689383587,0.28643901685160955,0.2792734831443583
荷兰AEX,0.499368635895565,0.34058556999047107,0.32045540359545543,0.3041631540708553,0.3173587548508705,0.0,0.2531726073573878,0.3009052829568153,0.2904133639678037
Costa Rica Indice Accionario,0.2543218932026492,0.25833995708528057,0.23817554460172236,0.2396526034354167,0.254856689383587,0.2531726073573878,0.0,0.23801614469464366,0.25267019540524677
加拿大多伦多S&P/TSX 综合指数,0.28788919911275157,0.2679980216208559,0.3769698646156682,0.28315018082740484,0.28643901685160955,0.3009052829568153,0.23801614469464366,0.0,0.3035804161534794
S&P CLX IPSA,0.29035666059123283,0.2637757060513559,0.2931983664988083,0.27157983476108555,0.2792734831443583,0.2904133639678037,0.25267019540524677,0.3035804161534794,0.0
