,比利时BFX,日经225,墨西哥BOLSA,恒生指数,韩国综合指数,荷兰AEX,Costa Rica Indice Accionario,加拿大多伦多S&P/TSX 综合指数,S&P CLX IPSA
比利时BFX,0.0,0.31941804498632753,0.31176328991991564,0.3048888248267501,0.31221446262176134,0.49842234046522266,0.25005945702242527,0.28303397646708994,0.3022375462090983
日经225,0.31941804498632753,0.0,0.2711863526063436,0.37356149393440663,0.4170680353675154,0.34740817689242964,0.26148332657114104,0.284401524961225,0.2639284260440048
墨西哥BOLSA,0.31176328991991564,0.2711863526063436,0.0,0.2858604976255405,0.2814000393257065,0.3242596843199732,0.25220538808748943,0.3652727784858788,0.28888480371340575
恒生指数,0.3048888248267501,0.37356149393440663,0.2858604976255405,0.0,0.36165456596073936,0.3107593909283085,0.24582984307761213,0.27297384059349145,0.2830438484355141
韩国综合指数,0.31221446262176134,0.4170680353675154,0.2814000393257065,0.36165456596073936,0.0,0.32689214649766923,0.26024703896008583,0.28487793351567176,0.28475962803898225
荷兰AEX,0.49842234046522266,0.34740817689242964,0.3242596843199732,0.3107593909283085,0.32689214649766923,0.0,0.25328899005690103,0.2936679199403654,0.29837256004274976
Costa Rica Indice Accionario,0.25005945702242527,0.26148332657114104,0.25220538808748943,0.24582984307761213,0.26024703896008583,0.25328899005690103,0.0,0.2551206036183135,0.26246300984214815
加拿大多伦多S&P/TSX 综合指数,0.28303397646708994,0.284401524961225,0.3652727784858788,0.27297384059349145,0.28487793351567176,0.2936679199403654,0.2551206036183135,0.0,0.2942190376519564
S&P CLX IPSA,0.3022375462090983,0.2639284260440048,0.28888480371340575,0.2830438484355141,0.28475962803898225,0.29837256004274976,0.26246300984214815,0.2942190376519564,0.0
