,比利时BFX,日经225,墨西哥BOLSA,恒生指数,韩国综合指数,荷兰AEX,Costa Rica Indice Accionario,加拿大多伦多S&P/TSX 综合指数,S&P CLX IPSA
比利时BFX,0.0,0.3003101779034422,0.3304516027839473,0.3129695570362442,0.31272496019957774,0.5280492432622713,0.2452529733923586,0.298265387119149,0.3308719370553246
日经225,0.3003101779034422,0.0,0.2913548267769314,0.41064904260063534,0.4431162985075057,0.31768203032836856,0.25472610748972657,0.29712632974136277,0.28967877268029407
墨西哥BOLSA,0.3304516027839473,0.2913548267769314,0.0,0.31013015080508566,0.29691783069052496,0.34122368341565007,0.25339381824733465,0.36728371812342153,0.31170947310199165
恒生指数,0.3129695570362442,0.41064904260063534,0.31013015080508566,0.0,0.433873373666834,0.32814678544710046,0.2494886448110862,0.30016856207086773,0.3094793018051309
韩国综合指数,0.31272496019957774,0.4431162985075057,0.29691783069052496,0.433873373666834,0.0,0.3158023106309783,0.2526289991129769,0.29303624470426337,0.2967050986646179
荷兰AEX,0.5280492432622713,0.31768203032836856,0.34122368341565007,0.32814678544710046,0.3158023106309783,0.0,0.24865594710248254,0.3146046355544392,0.32503699766881716
Costa Rica Indice Accionario,0.2452529733923586,0.25472610748972657,0.25339381824733465,0.2494886448110862,0.2526289991129769,0.24865594710248254,0.0,0.25807793219665437,0.25470290966474574
加拿大多伦多S&P/TSX 综合指数,0.298265387119149,0.29712632974136277,0.36728371812342153,0.30016856207086773,0.29303624470426337,0.3146046355544392,0.25807793219665437,0.0,0.2881785414696046
S&P CLX IPSA,0.3308719370553246,0.28967877268029407,0.31170947310199165,0.3094793018051309,0.2967050986646179,0.32503699766881716,0.25470290966474574,0.2881785414696046,0.0
