,比利时BFX,日经225,墨西哥BOLSA,恒生指数,韩国综合指数,荷兰AEX,Costa Rica Indice Accionario,加拿大多伦多S&P/TSX 综合指数,S&P CLX IPSA
比利时BFX,0.0,0.32427815911172925,0.30761016064415286,0.3000633496224951,0.3148885885661086,0.497927491172207,0.24953558839151505,0.28862860490174547,0.3021295459232329
日经225,0.32427815911172925,0.0,0.2690119630487779,0.3681399862766946,0.424038624174043,0.34555581889409087,0.260576565045952,0.2803764321834508,0.26898850086858017
墨西哥BOLSA,0.30761016064415286,0.2690119630487779,0.0,0.2808065633912165,0.2807914469664507,0.3244803095362081,0.2527057353719724,0.3670097931691753,0.2921047179807526
恒生指数,0.3000633496224951,0.3681399862766946,0.2808065633912165,0.0,0.35739698466635494,0.3017223825060019,0.24384440598027946,0.27084915439538115,0.279053884283833
韩国综合指数,0.3148885885661086,0.424038624174043,0.2807914469664507,0.35739698466635494,0.0,0.3247920620996399,0.26001006209285615,0.28195419407687317,0.28509760789930205
荷兰AEX,0.497927491172207,0.34555581889409087,0.3244803095362081,0.3017223825060019,0.3247920620996399,0.0,0.2526556233147689,0.29530314504341065,0.3051853283091169
Costa Rica Indice Accionario,0.24953558839151505,0.260576565045952,0.2527057353719724,0.24384440598027946,0.26001006209285615,0.2526556233147689,0.0,0.25406335827885146,0.2617898844483597
加拿大多伦多S&P/TSX 综合指数,0.28862860490174547,0.2803764321834508,0.3670097931691753,0.27084915439538115,0.28195419407687317,0.29530314504341065,0.25406335827885146,0.0,0.29765286008415764
S&P CLX IPSA,0.3021295459232329,0.26898850086858017,0.2921047179807526,0.279053884283833,0.28509760789930205,0.3051853283091169,0.2617898844483597,0.29765286008415764,0.0
