,比利时BFX,日经225,墨西哥BOLSA,恒生指数,韩国综合指数,荷兰AEX,Costa Rica Indice Accionario,加拿大多伦多S&P/TSX 综合指数,S&P CLX IPSA
比利时BFX,0.0,0.2766186656669936,0.30934974874719207,0.29185618229086246,0.29249130676225915,0.5199006262730338,0.24417153621629747,0.2817251447588967,0.31216681402619667
日经225,0.2766186656669936,0.0,0.2705155788371615,0.39330508898720173,0.42771838672736834,0.3036987220068413,0.25433934753303267,0.28077731897113994,0.27378316298936356
墨西哥BOLSA,0.30934974874719207,0.2705155788371615,0.0,0.290764065080997,0.2787108718968261,0.32660593506933683,0.2533360557329481,0.3515777680635418,0.29646362775589874
恒生指数,0.29185618229086246,0.39330508898720173,0.290764065080997,0.0,0.42151166410706475,0.31581067441774574,0.24872897638971406,0.28646409243739335,0.2957395321919801
韩国综合指数,0.29249130676225915,0.42771838672736834,0.2787108718968261,0.42151166410706475,0.0,0.3034261824992049,0.2521137590330876,0.28277750738296153,0.2840274613705972
荷兰AEX,0.5199006262730338,0.3036987220068413,0.32660593506933683,0.31581067441774574,0.3034261824992049,0.0,0.24790400620281192,0.30717618696152726,0.31337025377791783
Costa Rica Indice Accionario,0.24417153621629747,0.25433934753303267,0.2533360557329481,0.24872897638971406,0.2521137590330876,0.24790400620281192,0.0,0.2575416659453062,0.25445574480048716
加拿大多伦多S&P/TSX 综合指数,0.2817251447588967,0.28077731897113994,0.3515777680635418,0.28646409243739335,0.28277750738296153,0.30717618696152726,0.2575416659453062,0.0,0.2746968863986613
S&P CLX IPSA,0.31216681402619667,0.27378316298936356,0.29646362775589874,0.2957395321919801,0.2840274613705972,0.31337025377791783,0.25445574480048716,0.2746968863986613,0.0
