,比利时BFX,日经225,墨西哥BOLSA,恒生指数,韩国综合指数,荷兰AEX,Costa Rica Indice Accionario,加拿大多伦多S&P/TSX 综合指数,S&P CLX IPSA
比利时BFX,0.0,0.3263875539370958,0.29765384407758955,0.3110330081447202,0.3104052823247398,0.5016377120141675,0.24914735182741418,0.28208233291524487,0.29788084953335836
日经225,0.3263875539370958,0.0,0.26701403921919686,0.367773191888198,0.4276407359374903,0.3391434928341967,0.25916673094025705,0.2768896858994865,0.2672911155764159
墨西哥BOLSA,0.29765384407758955,0.26701403921919686,0.0,0.28084863979417096,0.2774133263870372,0.3127971159519753,0.25311154649922685,0.35899147693682754,0.28837450711625867
恒生指数,0.3110330081447202,0.367773191888198,0.28084863979417096,0.0,0.3636081096598954,0.3075153657608396,0.24396737884629183,0.2696142518816401,0.28356347987707425
韩国综合指数,0.3104052823247398,0.4276407359374903,0.2774133263870372,0.3636081096598954,0.0,0.3130241500589458,0.25924918000412217,0.2771594623527213,0.2820670769868718
荷兰AEX,0.5016377120141675,0.3391434928341967,0.3127971159519753,0.3075153657608396,0.3130241500589458,0.0,0.2507963009913988,0.2864566567096782,0.2998011375403835
Costa Rica Indice Accionario,0.24914735182741418,0.25916673094025705,0.25311154649922685,0.24396737884629183,0.25924918000412217,0.2507963009913988,0.0,0.2534073664607239,0.2620015942395675
加拿大多伦多S&P/TSX 综合指数,0.28208233291524487,0.2768896858994865,0.35899147693682754,0.2696142518816401,0.2771594623527213,0.2864566567096782,0.2534073664607239,0.0,0.29736676032709053
S&P CLX IPSA,0.29788084953335836,0.2672911155764159,0.28837450711625867,0.28356347987707425,0.2820670769868718,0.2998011375403835,0.2620015942395675,0.29736676032709053,0.0
