,比利时BFX,日经225,墨西哥BOLSA,恒生指数,韩国综合指数,荷兰AEX,Costa Rica Indice Accionario,加拿大多伦多S&P/TSX 综合指数,S&P CLX IPSA
比利时BFX,0.0,0.3140021780470635,0.3136727025048852,0.30043898942642483,0.3081918411474444,0.49308468194159694,0.25021289523091217,0.28660985299143227,0.3029661810272487
日经225,0.3140021780470635,0.0,0.26924726870678145,0.3724825020275709,0.411070397396067,0.3426329789381424,0.2610702902006552,0.2858218137065585,0.26415709663313636
墨西哥BOLSA,0.3136727025048852,0.26924726870678145,0.0,0.28418582385684493,0.2804752661028804,0.32765423481917366,0.25196144439385915,0.36343407213054923,0.29035399375248727
恒生指数,0.30043898942642483,0.3724825020275709,0.28418582385684493,0.0,0.3595479305727415,0.30803971452377665,0.2449877195427579,0.2733111045347371,0.282426168552023
韩国综合指数,0.3081918411474444,0.411070397396067,0.2804752661028804,0.3595479305727415,0.0,0.32182437622907706,0.2598668343377612,0.2856764515945954,0.28446379239486635
荷兰AEX,0.49308468194159694,0.3426329789381424,0.32765423481917366,0.30803971452377665,0.32182437622907706,0.0,0.2536544454263807,0.301235659138523,0.30290645791275805
Costa Rica Indice Accionario,0.25021289523091217,0.2610702902006552,0.25196144439385915,0.2449877195427579,0.2598668343377612,0.2536544454263807,0.0,0.25476604256479324,0.26218578790619523
加拿大多伦多S&P/TSX 综合指数,0.28660985299143227,0.2858218137065585,0.36343407213054923,0.2733111045347371,0.2856764515945954,0.301235659138523,0.25476604256479324,0.0,0.2917058843338715
S&P CLX IPSA,0.3029661810272487,0.26415709663313636,0.29035399375248727,0.282426168552023,0.28446379239486635,0.30290645791275805,0.26218578790619523,0.2917058843338715,0.0
