,比利时BFX,日经225,墨西哥BOLSA,恒生指数,韩国综合指数,荷兰AEX,Costa Rica Indice Accionario,加拿大多伦多S&P/TSX 综合指数,S&P CLX IPSA
比利时BFX,0.0,0.31344135294029796,0.31502242127997854,0.3027250556949319,0.3104949753010925,0.49352081429179034,0.25017759115571414,0.2868921869722756,0.3022912010590869
日经225,0.31344135294029796,0.0,0.2701312918819425,0.37243748216568856,0.41203800630420345,0.3418105733408744,0.26125198973270064,0.2855473067738334,0.26324298911261346
墨西哥BOLSA,0.31502242127997854,0.2701312918819425,0.0,0.2845315521068546,0.28169600109327,0.32888133114931545,0.2521068204346493,0.36229051264494555,0.2907303032077695
恒生指数,0.3027250556949319,0.37243748216568856,0.2845315521068546,0.0,0.36140619873728586,0.3087588909515514,0.2448497526168033,0.274097681274115,0.2826404134776274
韩国综合指数,0.3104949753010925,0.41203800630420345,0.28169600109327,0.36140619873728586,0.0,0.3233929128208607,0.2597814900732907,0.2859060081532426,0.2842989185031006
荷兰AEX,0.49352081429179034,0.3418105733408744,0.32888133114931545,0.3087588909515514,0.3233929128208607,0.0,0.2537955032743428,0.3005693247170943,0.3023986170604334
Costa Rica Indice Accionario,0.25017759115571414,0.26125198973270064,0.2521068204346493,0.2448497526168033,0.2597814900732907,0.2537955032743428,0.0,0.25472540421197526,0.26212378667264
加拿大多伦多S&P/TSX 综合指数,0.2868921869722756,0.2855473067738334,0.36229051264494555,0.274097681274115,0.2859060081532426,0.3005693247170943,0.25472540421197526,0.0,0.2922707020633837
S&P CLX IPSA,0.3022912010590869,0.26324298911261346,0.2907303032077695,0.2826404134776274,0.2842989185031006,0.3023986170604334,0.26212378667264,0.2922707020633837,0.0
