,比利时BFX,日经225,墨西哥BOLSA,恒生指数,韩国综合指数,荷兰AEX,Costa Rica Indice Accionario,加拿大多伦多S&P/TSX 综合指数,S&P CLX IPSA
比利时BFX,0.0,0.32046245980571525,0.2979372857663549,0.30900202633820334,0.306529478731362,0.5000139001247917,0.25224004557991975,0.2772434983995939,0.30066971917399027
日经225,0.32046245980571525,0.0,0.26602155971126445,0.3627218258685702,0.41630003712922853,0.33341800791583176,0.2636500282111216,0.2699994914359799,0.26550796795262344
墨西哥BOLSA,0.2979372857663549,0.26602155971126445,0.0,0.2774269101252924,0.27684223086911336,0.3109982219666612,0.2544170827260029,0.3596902324196673,0.2867881239215991
恒生指数,0.30900202633820334,0.3627218258685702,0.2774269101252924,0.0,0.35726404873117923,0.303525902881303,0.24525756218128467,0.2648778678244183,0.2824890866225391
韩国综合指数,0.306529478731362,0.41630003712922853,0.27684223086911336,0.35726404873117923,0.0,0.3090406812533702,0.2624575501544659,0.272495367459494,0.28307691720643746
荷兰AEX,0.5000139001247917,0.33341800791583176,0.3109982219666612,0.303525902881303,0.3090406812533702,0.0,0.25170369013690763,0.283947715942557,0.30187653474791254
Costa Rica Indice Accionario,0.25224004557991975,0.2636500282111216,0.2544170827260029,0.24525756218128467,0.2624575501544659,0.25170369013690763,0.0,0.25283129095452067,0.26204938321459864
加拿大多伦多S&P/TSX 综合指数,0.2772434983995939,0.2699994914359799,0.3596902324196673,0.2648778678244183,0.272495367459494,0.283947715942557,0.25283129095452067,0.0,0.29619110810589006
S&P CLX IPSA,0.30066971917399027,0.26550796795262344,0.2867881239215991,0.2824890866225391,0.28307691720643746,0.30187653474791254,0.26204938321459864,0.29619110810589006,0.0
