,比利时BFX,日经225,墨西哥BOLSA,恒生指数,韩国综合指数,荷兰AEX,Costa Rica Indice Accionario,加拿大多伦多S&P/TSX 综合指数,S&P CLX IPSA
比利时BFX,0.0,0.34368143213328284,0.30945136242803106,0.3094376107552723,0.33142503230657067,0.5054091985700357,0.2540371303807111,0.29009152762438933,0.2978927187314709
日经225,0.34368143213328284,0.0,0.2836366850504726,0.3863014770360223,0.40744655985011297,0.3419353435819594,0.2581500279546237,0.2664951390366093,0.26313562096004206
墨西哥BOLSA,0.30945136242803106,0.2836366850504726,0.0,0.2905400629779229,0.30523381818522666,0.3241457400840179,0.23826289902649775,0.3666238006616007,0.3016706046933553
恒生指数,0.3094376107552723,0.3863014770360223,0.2905400629779229,0.0,0.3878001365384138,0.30945240454124207,0.2392219807240894,0.28250852238348034,0.27685485482087296
韩国综合指数,0.33142503230657067,0.40744655985011297,0.30523381818522666,0.3878001365384138,0.0,0.3192642358836139,0.2542009338308253,0.2876048095044956,0.28867337321306863
荷兰AEX,0.5054091985700357,0.3419353435819594,0.3241457400840179,0.30945240454124207,0.3192642358836139,0.0,0.2529046949702356,0.30282628667474404,0.30082012883978787
Costa Rica Indice Accionario,0.2540371303807111,0.2581500279546237,0.23826289902649775,0.2392219807240894,0.2542009338308253,0.2529046949702356,0.0,0.23829914278303083,0.25191173591863275
加拿大多伦多S&P/TSX 综合指数,0.29009152762438933,0.2664951390366093,0.3666238006616007,0.28250852238348034,0.2876048095044956,0.30282628667474404,0.23829914278303083,0.0,0.30949538817264655
S&P CLX IPSA,0.2978927187314709,0.26313562096004206,0.3016706046933553,0.27685485482087296,0.28867337321306863,0.30082012883978787,0.25191173591863275,0.30949538817264655,0.0
