,比利时BFX,日经225,墨西哥BOLSA,恒生指数,韩国综合指数,荷兰AEX,Costa Rica Indice Accionario,加拿大多伦多S&P/TSX 综合指数,S&P CLX IPSA
比利时BFX,0.0,0.31111040133183543,0.3004824571163095,0.297601338586706,0.29327027663460337,0.4837640331616003,0.24222070187435674,0.28472450487810175,0.2904265704130522
日经225,0.31111040133183543,0.0,0.27087827049041807,0.34088646363486835,0.39479823129703456,0.3166243279064217,0.25099012073982363,0.2773980414906913,0.2593956753994401
墨西哥BOLSA,0.3004824571163095,0.27087827049041807,0.0,0.28463527507121344,0.2855841430890145,0.31731779296330204,0.255908583462262,0.3574973990953681,0.2893179170792265
恒生指数,0.297601338586706,0.34088646363486835,0.28463527507121344,0.0,0.3357944533334318,0.28737642718916573,0.22711927803146922,0.2733992587058916,0.2763049739111239
韩国综合指数,0.29327027663460337,0.39479823129703456,0.2855841430890145,0.3357944533334318,0.0,0.29165657442701093,0.2481051460525407,0.28059553412618343,0.2772696222795283
荷兰AEX,0.4837640331616003,0.3166243279064217,0.31731779296330204,0.28737642718916573,0.29165657442701093,0.0,0.24471906782722533,0.2919671524552756,0.2945261730074981
Costa Rica Indice Accionario,0.24222070187435674,0.25099012073982363,0.255908583462262,0.22711927803146922,0.2481051460525407,0.24471906782722533,0.0,0.2536546512442886,0.2533092048605216
加拿大多伦多S&P/TSX 综合指数,0.28472450487810175,0.2773980414906913,0.3574973990953681,0.2733992587058916,0.28059553412618343,0.2919671524552756,0.2536546512442886,0.0,0.3057671765356173
S&P CLX IPSA,0.2904265704130522,0.2593956753994401,0.2893179170792265,0.2763049739111239,0.2772696222795283,0.2945261730074981,0.2533092048605216,0.3057671765356173,0.0
