,比利时BFX,日经225,墨西哥BOLSA,恒生指数,韩国综合指数,荷兰AEX,Costa Rica Indice Accionario,加拿大多伦多S&P/TSX 综合指数,S&P CLX IPSA
比利时BFX,0.0,0.3221911061468495,0.30845683950594827,0.3010789112590606,0.312579650503591,0.5012711156944331,0.24961895705687856,0.29140176131835793,0.3059023314512833
日经225,0.3221911061468495,0.0,0.26779837792657013,0.3671480583004071,0.4243388853318028,0.3409288771498222,0.26064643875167387,0.27979422732044906,0.2694359471188594
墨西哥BOLSA,0.30845683950594827,0.26779837792657013,0.0,0.2802742822445563,0.2798982366958159,0.325289266665097,0.2527460549631129,0.36689809401193835,0.2921372426906802
恒生指数,0.3010789112590606,0.3671480583004071,0.2802742822445563,0.0,0.35783979727781445,0.30086787263089715,0.24384382490672554,0.2701337339171237,0.27990967494331914
韩国综合指数,0.312579650503591,0.4243388853318028,0.2798982366958159,0.35783979727781445,0.0,0.32002930677571745,0.2599248048443191,0.2834301747510809,0.2854392508560117
荷兰AEX,0.5012711156944331,0.3409288771498222,0.325289266665097,0.30086787263089715,0.32002930677571745,0.0,0.2527724501941265,0.29747383551859186,0.3063008547275375
Costa Rica Indice Accionario,0.24961895705687856,0.26064643875167387,0.2527460549631129,0.24384382490672554,0.2599248048443191,0.2527724501941265,0.0,0.25406004080256983,0.2615895130957787
加拿大多伦多S&P/TSX 综合指数,0.29140176131835793,0.27979422732044906,0.36689809401193835,0.2701337339171237,0.2834301747510809,0.29747383551859186,0.25406004080256983,0.0,0.30103961994032824
S&P CLX IPSA,0.3059023314512833,0.2694359471188594,0.2921372426906802,0.27990967494331914,0.2854392508560117,0.3063008547275375,0.2615895130957787,0.30103961994032824,0.0
