,比利时BFX,日经225,墨西哥BOLSA,恒生指数,韩国综合指数,荷兰AEX,Costa Rica Indice Accionario,加拿大多伦多S&P/TSX 综合指数,S&P CLX IPSA
比利时BFX,0.0,0.3406722523934725,0.3044863378709059,0.30371573958230513,0.33456819407003463,0.5096632658920793,0.2544715371905863,0.2843857092615757,0.28164460057075236
日经225,0.3406722523934725,0.0,0.2851435038373239,0.3868474586979144,0.40163414360103533,0.341950628498251,0.25966964284861727,0.26717032158046816,0.2648683581813866
墨西哥BOLSA,0.3044863378709059,0.2851435038373239,0.0,0.29122543720492355,0.30706976710640527,0.32097993538306413,0.23873623956006929,0.35976825671811674,0.2990754505104357
恒生指数,0.30371573958230513,0.3868474586979144,0.29122543720492355,0.0,0.3875825137380654,0.3089782796321379,0.2404721791152268,0.28232324046651325,0.28382227728703036
韩国综合指数,0.33456819407003463,0.40163414360103533,0.30706976710640527,0.3875825137380654,0.0,0.3248482477372174,0.2542787375542515,0.2906248890553556,0.28430022230398655
荷兰AEX,0.5096632658920793,0.341950628498251,0.32097993538306413,0.3089782796321379,0.3248482477372174,0.0,0.2536577740233874,0.297217065891232,0.29067764071850494
Costa Rica Indice Accionario,0.2544715371905863,0.25966964284861727,0.23873623956006929,0.2404721791152268,0.2542787375542515,0.2536577740233874,0.0,0.2391867672915049,0.25205630818239844
加拿大多伦多S&P/TSX 综合指数,0.2843857092615757,0.26717032158046816,0.35976825671811674,0.28232324046651325,0.2906248890553556,0.297217065891232,0.2391867672915049,0.0,0.3063595778186589
S&P CLX IPSA,0.28164460057075236,0.2648683581813866,0.2990754505104357,0.28382227728703036,0.28430022230398655,0.29067764071850494,0.25205630818239844,0.3063595778186589,0.0
