,比利时BFX,日经225,墨西哥BOLSA,恒生指数,韩国综合指数,荷兰AEX,Costa Rica Indice Accionario,加拿大多伦多S&P/TSX 综合指数,S&P CLX IPSA
比利时BFX,0.0,0.33847798318813965,0.3063560693644074,0.3060939828312795,0.3306390999715654,0.501594791416225,0.2539635876232887,0.2887758869852774,0.2953277860061938
日经225,0.33847798318813965,0.0,0.28354411770611565,0.3800328460279496,0.3997974569526834,0.336809467582285,0.25822856023817864,0.2658353179852005,0.2597944221775071
墨西哥BOLSA,0.3063560693644074,0.28354411770611565,0.0,0.29035297391376563,0.3035449531415207,0.32309456756831667,0.2382131824302355,0.3703099749242283,0.29840335711301047
恒生指数,0.3060939828312795,0.3800328460279496,0.29035297391376563,0.0,0.3803357618633116,0.3056738121533467,0.23904459104839096,0.2826795258526539,0.27494648601430943
韩国综合指数,0.3306390999715654,0.3997974569526834,0.3035449531415207,0.3803357618633116,0.0,0.31671199613013573,0.25426538143665606,0.2841794651755719,0.28454373215796797
荷兰AEX,0.501594791416225,0.336809467582285,0.32309456756831667,0.3056738121533467,0.31671199613013573,0.0,0.25292543854250377,0.2998606727108723,0.2962572728751055
Costa Rica Indice Accionario,0.2539635876232887,0.25822856023817864,0.2382131824302355,0.23904459104839096,0.25426538143665606,0.25292543854250377,0.0,0.2381512981477228,0.2518852310718103
加拿大多伦多S&P/TSX 综合指数,0.2887758869852774,0.2658353179852005,0.3703099749242283,0.2826795258526539,0.2841794651755719,0.2998606727108723,0.2381512981477228,0.0,0.3041723804226271
S&P CLX IPSA,0.2953277860061938,0.2597944221775071,0.29840335711301047,0.27494648601430943,0.28454373215796797,0.2962572728751055,0.2518852310718103,0.3041723804226271,0.0
