,比利时BFX,日经225,墨西哥BOLSA,恒生指数,韩国综合指数,荷兰AEX,Costa Rica Indice Accionario,加拿大多伦多S&P/TSX 综合指数,S&P CLX IPSA
比利时BFX,0.0,0.32249832681314045,0.31250054101410635,0.30664244488496306,0.3079506905902237,0.5065020974331846,0.2500192817362408,0.28696395576581113,0.29759118488474795
日经225,0.32249832681314045,0.0,0.2711633660342874,0.3689492948540116,0.39392924594881323,0.34536948238760956,0.26098509297099654,0.2762228080688192,0.2647815129872942
墨西哥BOLSA,0.31250054101410635,0.2711633660342874,0.0,0.28652731727349257,0.27898338985530535,0.3202572255411162,0.25269688640592225,0.36584460405005753,0.29025737136453794
恒生指数,0.30664244488496306,0.3689492948540116,0.28652731727349257,0.0,0.3555696942910873,0.3103508688551089,0.24505246410901244,0.26933495416532954,0.27839329371676086
韩国综合指数,0.3079506905902237,0.39392924594881323,0.27898338985530535,0.3555696942910873,0.0,0.32077068198797554,0.2589924129869724,0.2812539897895743,0.2822701963324222
荷兰AEX,0.5065020974331846,0.34536948238760956,0.3202572255411162,0.3103508688551089,0.32077068198797554,0.0,0.25410318574488366,0.295097217297754,0.29496648409645687
Costa Rica Indice Accionario,0.2500192817362408,0.26098509297099654,0.25269688640592225,0.24505246410901244,0.2589924129869724,0.25410318574488366,0.0,0.25472317724599947,0.2618168125444799
加拿大多伦多S&P/TSX 综合指数,0.28696395576581113,0.2762228080688192,0.36584460405005753,0.26933495416532954,0.2812539897895743,0.295097217297754,0.25472317724599947,0.0,0.2905656491575535
S&P CLX IPSA,0.29759118488474795,0.2647815129872942,0.29025737136453794,0.27839329371676086,0.2822701963324222,0.29496648409645687,0.2618168125444799,0.2905656491575535,0.0
