,比利时BFX,日经225,墨西哥BOLSA,恒生指数,韩国综合指数,荷兰AEX,Costa Rica Indice Accionario,加拿大多伦多S&P/TSX 综合指数,S&P CLX IPSA
比利时BFX,0.0,0.27055904901949995,0.2998587081555651,0.2849124911416076,0.2861971943166251,0.5033294454827912,0.2480730094569489,0.27859339921220483,0.29876204937054196
日经225,0.27055904901949995,0.0,0.26662286707196675,0.3719654104630581,0.3979816696804353,0.312712309433985,0.2600772437303391,0.2798105967025207,0.2612143250855203
墨西哥BOLSA,0.2998587081555651,0.26662286707196675,0.0,0.2880167421343906,0.27652761789436436,0.32437036729936175,0.25425326360483685,0.34510860280714484,0.28967027520119176
恒生指数,0.2849124911416076,0.3719654104630581,0.2880167421343906,0.0,0.3935559169716863,0.3059336736662268,0.2479366604660072,0.27247123659344463,0.2866607920102205
韩国综合指数,0.2861971943166251,0.3979816696804353,0.27652761789436436,0.3935559169716863,0.0,0.3034423217483699,0.2584837660770059,0.2797424893251601,0.27959134473844505
荷兰AEX,0.5033294454827912,0.312712309433985,0.32437036729936175,0.3059336736662268,0.3034423217483699,0.0,0.24982430325823562,0.31084571245671144,0.3091751362369988
Costa Rica Indice Accionario,0.2480730094569489,0.2600772437303391,0.25425326360483685,0.2479366604660072,0.2584837660770059,0.24982430325823562,0.0,0.25773451145357296,0.25836436368621285
加拿大多伦多S&P/TSX 综合指数,0.27859339921220483,0.2798105967025207,0.34510860280714484,0.27247123659344463,0.2797424893251601,0.31084571245671144,0.25773451145357296,0.0,0.26893844126750827
S&P CLX IPSA,0.29876204937054196,0.2612143250855203,0.28967027520119176,0.2866607920102205,0.27959134473844505,0.3091751362369988,0.25836436368621285,0.26893844126750827,0.0
