,比利时BFX,日经225,墨西哥BOLSA,恒生指数,韩国综合指数,荷兰AEX,Costa Rica Indice Accionario,加拿大多伦多S&P/TSX 综合指数,S&P CLX IPSA
比利时BFX,0.0,0.318713263587632,0.2990516700284822,0.30001651594875967,0.2917841637386078,0.489084623739544,0.24717849459980426,0.28988227218562784,0.28347489762788575
日经225,0.318713263587632,0.0,0.27817127405679026,0.3298364889385541,0.39213003489298603,0.32487963888425553,0.25025443009360243,0.2785328297258241,0.2549951492155039
墨西哥BOLSA,0.2990516700284822,0.27817127405679026,0.0,0.28967464325612147,0.2918199385733339,0.3203065430527104,0.2522633897173422,0.35613493257965134,0.28665736420754384
恒生指数,0.30001651594875967,0.3298364889385541,0.28967464325612147,0.0,0.33645682529388843,0.2904409211699828,0.2330038689003082,0.2860900071521309,0.26640653448968693
韩国综合指数,0.2917841637386078,0.39213003489298603,0.2918199385733339,0.33645682529388843,0.0,0.28924385506244554,0.24693765729235803,0.2862699218008332,0.27328791968143984
荷兰AEX,0.489084623739544,0.32487963888425553,0.3203065430527104,0.2904409211699828,0.28924385506244554,0.0,0.2507549826478759,0.30047182926323457,0.2864219343745599
Costa Rica Indice Accionario,0.24717849459980426,0.25025443009360243,0.2522633897173422,0.2330038689003082,0.24693765729235803,0.2507549826478759,0.0,0.24837993233891825,0.2431099516662756
加拿大多伦多S&P/TSX 综合指数,0.28988227218562784,0.2785328297258241,0.35613493257965134,0.2860900071521309,0.2862699218008332,0.30047182926323457,0.24837993233891825,0.0,0.2936565003899174
S&P CLX IPSA,0.28347489762788575,0.2549951492155039,0.28665736420754384,0.26640653448968693,0.27328791968143984,0.2864219343745599,0.2431099516662756,0.2936565003899174,0.0
