,比利时BFX,日经225,墨西哥BOLSA,恒生指数,韩国综合指数,荷兰AEX,Costa Rica Indice Accionario,加拿大多伦多S&P/TSX 综合指数,S&P CLX IPSA
比利时BFX,0.0,0.2798389914490067,0.3027658970968219,0.28231069352788424,0.2880431773974497,0.5018893163826775,0.24886335822063693,0.2843300451270808,0.29826774730091227
日经225,0.2798389914490067,0.0,0.2588925497317286,0.363981049326981,0.39417023201231827,0.31796904990801794,0.2599720809644949,0.2738014943364451,0.2609377666754947
墨西哥BOLSA,0.3027658970968219,0.2588925497317286,0.0,0.27137347741703693,0.26180143587222565,0.3214696726720121,0.2578738950962638,0.33583091557240946,0.2875188635388071
恒生指数,0.28231069352788424,0.363981049326981,0.27137347741703693,0.0,0.3850476964403125,0.29317314423157237,0.24668020734336232,0.26054350955283956,0.27647164029275284
韩国综合指数,0.2880431773974497,0.39417023201231827,0.26180143587222565,0.3850476964403125,0.0,0.3051413957277723,0.2593631040590485,0.2682527091869229,0.2709433488174092
荷兰AEX,0.5018893163826775,0.31796904990801794,0.3214696726720121,0.29317314423157237,0.3051413957277723,0.0,0.25103227719152144,0.310033855305271,0.30002190628296366
Costa Rica Indice Accionario,0.24886335822063693,0.2599720809644949,0.2578738950962638,0.24668020734336232,0.2593631040590485,0.25103227719152144,0.0,0.2580885236716357,0.2613644417496744
加拿大多伦多S&P/TSX 综合指数,0.2843300451270808,0.2738014943364451,0.33583091557240946,0.26054350955283956,0.2682527091869229,0.310033855305271,0.2580885236716357,0.0,0.26723338786518147
S&P CLX IPSA,0.29826774730091227,0.2609377666754947,0.2875188635388071,0.27647164029275284,0.2709433488174092,0.30002190628296366,0.2613644417496744,0.26723338786518147,0.0
