,比利时BFX,日经225,墨西哥BOLSA,恒生指数,韩国综合指数,荷兰AEX,Costa Rica Indice Accionario,加拿大多伦多S&P/TSX 综合指数,S&P CLX IPSA
比利时BFX,0.0,0.3421527181165877,0.30597717934106966,0.308278111852713,0.33322596398196264,0.5083796772061162,0.25492546441934877,0.2890260197299968,0.2896411445661147
日经225,0.3421527181165877,0.0,0.2862770072456931,0.38712442204180075,0.3826558092199796,0.34051296315250495,0.25735599107327284,0.26638418982596757,0.26340870936770305
墨西哥BOLSA,0.30597717934106966,0.2862770072456931,0.0,0.28991604497297985,0.30314210991727036,0.32273754537786586,0.2388258985265439,0.3607552153657632,0.2979220117605006
恒生指数,0.308278111852713,0.38712442204180075,0.28991604497297985,0.0,0.37687097609309983,0.3082023446466764,0.23991330277036738,0.28216132362984886,0.28514855102215075
韩国综合指数,0.33322596398196264,0.3826558092199796,0.30314210991727036,0.37687097609309983,0.0,0.317360162008815,0.2561310673128283,0.28608061367626736,0.2805850805999774
荷兰AEX,0.5083796772061162,0.34051296315250495,0.32273754537786586,0.3082023446466764,0.317360162008815,0.0,0.2529874388748022,0.3011135264703013,0.2949573483564946
Costa Rica Indice Accionario,0.25492546441934877,0.25735599107327284,0.2388258985265439,0.23991330277036738,0.2561310673128283,0.2529874388748022,0.0,0.23881004744374687,0.24887215691229586
加拿大多伦多S&P/TSX 综合指数,0.2890260197299968,0.26638418982596757,0.3607552153657632,0.28216132362984886,0.28608061367626736,0.3011135264703013,0.23881004744374687,0.0,0.3034149685480261
S&P CLX IPSA,0.2896411445661147,0.26340870936770305,0.2979220117605006,0.28514855102215075,0.2805850805999774,0.2949573483564946,0.24887215691229586,0.3034149685480261,0.0
