,比利时BFX,日经225,墨西哥BOLSA,恒生指数,韩国综合指数,荷兰AEX,Costa Rica Indice Accionario,加拿大多伦多S&P/TSX 综合指数,S&P CLX IPSA
比利时BFX,0.0,0.3234044965368609,0.31704628847059907,0.305525919638045,0.310216734827373,0.5078001719363855,0.2500677541012148,0.2917835016662778,0.2994274766363641
日经225,0.3234044965368609,0.0,0.2728727332279971,0.3665923748475236,0.39528449260575166,0.3454615007650626,0.26080448232489634,0.27921777591010255,0.2673623045550403
墨西哥BOLSA,0.31704628847059907,0.2728727332279971,0.0,0.2866424977252877,0.2813996449939815,0.3283138761023552,0.2528252060127453,0.37054340512089595,0.2911660250960039
恒生指数,0.305525919638045,0.3665923748475236,0.2866424977252877,0.0,0.35607152225210736,0.3083664852331638,0.24460745939099668,0.27151019547254174,0.28255901766952446
韩国综合指数,0.310216734827373,0.39528449260575166,0.2813996449939815,0.35607152225210736,0.0,0.3233420720507702,0.25902421187198293,0.28385558638324354,0.283398355026664
荷兰AEX,0.5078001719363855,0.3454615007650626,0.3283138761023552,0.3083664852331638,0.3233420720507702,0.0,0.2541161376145671,0.30258010872003427,0.29397070028810707
Costa Rica Indice Accionario,0.2500677541012148,0.26080448232489634,0.2528252060127453,0.24460745939099668,0.25902421187198293,0.2541161376145671,0.0,0.2550811173531798,0.262379440623757
加拿大多伦多S&P/TSX 综合指数,0.2917835016662778,0.27921777591010255,0.37054340512089595,0.27151019547254174,0.28385558638324354,0.30258010872003427,0.2550811173531798,0.0,0.2899515842669924
S&P CLX IPSA,0.2994274766363641,0.2673623045550403,0.2911660250960039,0.28255901766952446,0.283398355026664,0.29397070028810707,0.262379440623757,0.2899515842669924,0.0
