,比利时BFX,日经225,墨西哥BOLSA,恒生指数,韩国综合指数,荷兰AEX,Costa Rica Indice Accionario,加拿大多伦多S&P/TSX 综合指数,S&P CLX IPSA
比利时BFX,0.0,0.31692762106540306,0.3003212077639593,0.2949090564947339,0.2910239395313368,0.4874468570879082,0.24908690566235916,0.29093120129552125,0.285036732504186
日经225,0.31692762106540306,0.0,0.27914375755317183,0.33084904476956906,0.3925132833323499,0.3246966871870139,0.25326830845909043,0.27573422942240183,0.2585904409140617
墨西哥BOLSA,0.3003212077639593,0.27914375755317183,0.0,0.2892457663761478,0.2946446969794477,0.3204940704198499,0.25169128602791474,0.35457297802724724,0.2882134702467617
恒生指数,0.2949090564947339,0.33084904476956906,0.2892457663761478,0.0,0.3355955219305306,0.2849602137621601,0.23508753925485715,0.28300935980847863,0.26960159138931933
韩国综合指数,0.2910239395313368,0.3925132833323499,0.2946446969794477,0.3355955219305306,0.0,0.28633549645096745,0.24673015565791592,0.283079844251026,0.27802596619187814
荷兰AEX,0.4874468570879082,0.3246966871870139,0.3204940704198499,0.2849602137621601,0.28633549645096745,0.0,0.2515987452527689,0.30034097678749594,0.28830488208451105
Costa Rica Indice Accionario,0.24908690566235916,0.25326830845909043,0.25169128602791474,0.23508753925485715,0.24673015565791592,0.2515987452527689,0.0,0.24706272501839965,0.24105807806378174
加拿大多伦多S&P/TSX 综合指数,0.29093120129552125,0.27573422942240183,0.35457297802724724,0.28300935980847863,0.283079844251026,0.30034097678749594,0.24706272501839965,0.0,0.29157723705444244
S&P CLX IPSA,0.285036732504186,0.2585904409140617,0.2882134702467617,0.26960159138931933,0.27802596619187814,0.28830488208451105,0.24105807806378174,0.29157723705444244,0.0
