,比利时BFX,日经225,墨西哥BOLSA,恒生指数,韩国综合指数,荷兰AEX,Costa Rica Indice Accionario,加拿大多伦多S&P/TSX 综合指数,S&P CLX IPSA
比利时BFX,0.0,0.3416664366356032,0.3068881670074758,0.3023765127053933,0.3335689878249158,0.5066204055883672,0.2539981793584827,0.28923531211289977,0.2876917707752886
日经225,0.3416664366356032,0.0,0.28343923711585156,0.38616947281799746,0.404266916362534,0.34132104184993345,0.2589453534836895,0.26597445575627826,0.2592193674000083
墨西哥BOLSA,0.3068881670074758,0.28343923711585156,0.0,0.2875935268809985,0.3044782050338178,0.3233209112493662,0.23849374448122634,0.3642111476001442,0.2964264624587798
恒生指数,0.3023765127053933,0.38616947281799746,0.2875935268809985,0.0,0.39378633689599485,0.305518585482419,0.23905301680007704,0.2805158196105934,0.2801141392922824
韩国综合指数,0.3335689878249158,0.404266916362534,0.3044782050338178,0.39378633689599485,0.0,0.32216783011873873,0.2541864408399524,0.28764220423507525,0.28611666093766647
荷兰AEX,0.5066204055883672,0.34132104184993345,0.3233209112493662,0.305518585482419,0.32216783011873873,0.0,0.25265708813697324,0.3018933930604334,0.29212989726539335
Costa Rica Indice Accionario,0.2539981793584827,0.2589453534836895,0.23849374448122634,0.23905301680007704,0.2541864408399524,0.25265708813697324,0.0,0.2386115575562425,0.2503396513607758
加拿大多伦多S&P/TSX 综合指数,0.28923531211289977,0.26597445575627826,0.3642111476001442,0.2805158196105934,0.28764220423507525,0.3018933930604334,0.2386115575562425,0.0,0.3041399921734399
S&P CLX IPSA,0.2876917707752886,0.2592193674000083,0.2964264624587798,0.2801141392922824,0.28611666093766647,0.29212989726539335,0.2503396513607758,0.3041399921734399,0.0
