,比利时BFX,日经225,墨西哥BOLSA,恒生指数,韩国综合指数,荷兰AEX,Costa Rica Indice Accionario,加拿大多伦多S&P/TSX 综合指数,S&P CLX IPSA
比利时BFX,0.0,0.30511674146167234,0.3374162647173483,0.31034705756210407,0.3206761886270731,0.5373034930554484,0.24658905509349632,0.2962987601436862,0.3328033250628188
日经225,0.30511674146167234,0.0,0.29283432020774086,0.40321403337438794,0.4429668207039592,0.3212870220693235,0.2573385593772151,0.2943156997141143,0.2903708018510515
墨西哥BOLSA,0.3374162647173483,0.29283432020774086,0.0,0.3141475657775162,0.3071615117772159,0.34789551675988506,0.2539662198643824,0.3628129140935007,0.30836901149669943
恒生指数,0.31034705756210407,0.40321403337438794,0.3141475657775162,0.0,0.42646361028940816,0.3229522611783414,0.24969473045533255,0.3024685090526775,0.3059599202946778
韩国综合指数,0.3206761886270731,0.4429668207039592,0.3071615117772159,0.42646361028940816,0.0,0.324203298352527,0.2540116066186718,0.2920835707356193,0.30009618446156516
荷兰AEX,0.5373034930554484,0.3212870220693235,0.34789551675988506,0.3229522611783414,0.324203298352527,0.0,0.24975183514407012,0.3108252751030694,0.3271064616963424
Costa Rica Indice Accionario,0.24658905509349632,0.2573385593772151,0.2539662198643824,0.24969473045533255,0.2540116066186718,0.24975183514407012,0.0,0.25296197911693247,0.25266484508139647
加拿大多伦多S&P/TSX 综合指数,0.2962987601436862,0.2943156997141143,0.3628129140935007,0.3024685090526775,0.2920835707356193,0.3108252751030694,0.25296197911693247,0.0,0.29068484532861355
S&P CLX IPSA,0.3328033250628188,0.2903708018510515,0.30836901149669943,0.3059599202946778,0.30009618446156516,0.3271064616963424,0.25266484508139647,0.29068484532861355,0.0
