,比利时BFX,日经225,墨西哥BOLSA,恒生指数,韩国综合指数,荷兰AEX,Costa Rica Indice Accionario,加拿大多伦多S&P/TSX 综合指数,S&P CLX IPSA
比利时BFX,0.0,0.3105691473964592,0.3112465609757303,0.30366148053894443,0.3040953067352683,0.5188403600241844,0.2507818597715268,0.2885491233833363,0.2996462098388322
日经225,0.3105691473964592,0.0,0.2695788767853859,0.37265151943555674,0.4037849733186542,0.3364109925093809,0.26122821679602126,0.2832137888449682,0.2600589478736524
墨西哥BOLSA,0.3112465609757303,0.2695788767853859,0.0,0.28262402721547614,0.270355932893177,0.3221352948515494,0.25361349504615355,0.3552895076550797,0.2896695674694149
恒生指数,0.30366148053894443,0.37265151943555674,0.28262402721547614,0.0,0.37231355499022856,0.30778891968672123,0.24525373411917292,0.26645359591058754,0.2754592049785699
韩国综合指数,0.3040953067352683,0.4037849733186542,0.270355932893177,0.37231355499022856,0.0,0.3183236505199785,0.2592919067358262,0.2729941963882849,0.27730276435295986
荷兰AEX,0.5188403600241844,0.3364109925093809,0.3221352948515494,0.30778891968672123,0.3183236505199785,0.0,0.2550586376154932,0.31001465539749284,0.2983439914001553
Costa Rica Indice Accionario,0.2507818597715268,0.26122821679602126,0.25361349504615355,0.24525373411917292,0.2592919067358262,0.2550586376154932,0.0,0.256255308880092,0.2642058804926052
加拿大多伦多S&P/TSX 综合指数,0.2885491233833363,0.2832137888449682,0.3552895076550797,0.26645359591058754,0.2729941963882849,0.31001465539749284,0.256255308880092,0.0,0.28468339966870426
S&P CLX IPSA,0.2996462098388322,0.2600589478736524,0.2896695674694149,0.2754592049785699,0.27730276435295986,0.2983439914001553,0.2642058804926052,0.28468339966870426,0.0
