,比利时BFX,日经225,墨西哥BOLSA,恒生指数,韩国综合指数,荷兰AEX,Costa Rica Indice Accionario,加拿大多伦多S&P/TSX 综合指数,S&P CLX IPSA
比利时BFX,0.0,0.2874726590651047,0.2944409752565484,0.286486266233329,0.2890188678019218,0.4981158043472947,0.2498764875218156,0.2872869346151216,0.3044070602531488
日经225,0.2874726590651047,0.0,0.26509170869349313,0.36107847932371706,0.3956874487307451,0.3176050224755225,0.26169670484836016,0.28318891181751765,0.26308519433610644
墨西哥BOLSA,0.2944409752565484,0.26509170869349313,0.0,0.27823013590864504,0.2635894673795537,0.31491996332234,0.25637046807206004,0.33842461674920765,0.28873048533769136
恒生指数,0.286486266233329,0.36107847932371706,0.27823013590864504,0.0,0.37728498483090306,0.2937311839838234,0.2469326701437956,0.27262273851346996,0.2799810932447123
韩国综合指数,0.2890188678019218,0.3956874487307451,0.2635894673795537,0.37728498483090306,0.0,0.3066670690985325,0.2594092322116032,0.2746933805981417,0.2722516339536407
荷兰AEX,0.4981158043472947,0.3176050224755225,0.31491996332234,0.2937311839838234,0.3066670690985325,0.0,0.2532592203778474,0.3114442272958269,0.3002013579787398
Costa Rica Indice Accionario,0.2498764875218156,0.26169670484836016,0.25637046807206004,0.2469326701437956,0.2594092322116032,0.2532592203778474,0.0,0.25810861665841073,0.2646946205702345
加拿大多伦多S&P/TSX 综合指数,0.2872869346151216,0.28318891181751765,0.33842461674920765,0.27262273851346996,0.2746933805981417,0.3114442272958269,0.25810861665841073,0.0,0.2691620702993043
S&P CLX IPSA,0.3044070602531488,0.26308519433610644,0.28873048533769136,0.2799810932447123,0.2722516339536407,0.3002013579787398,0.2646946205702345,0.2691620702993043,0.0
