,比利时BFX,日经225,墨西哥BOLSA,恒生指数,韩国综合指数,荷兰AEX,Costa Rica Indice Accionario,加拿大多伦多S&P/TSX 综合指数,S&P CLX IPSA
比利时BFX,0.0,0.27665565756853966,0.2991676113075223,0.28681614078664897,0.2934263006287714,0.5150558834131946,0.24382328364957048,0.2734112857334687,0.30176797488822454
日经225,0.27665565756853966,0.0,0.2649731243093924,0.38459669543901165,0.407897428101689,0.319087617687129,0.25666637371369877,0.276634997194707,0.26595530042625704
墨西哥BOLSA,0.2991676113075223,0.2649731243093924,0.0,0.2846101552227177,0.2730319195446776,0.32144206641861384,0.25486943982229476,0.3433086334162172,0.28654531317044035
恒生指数,0.28681614078664897,0.38459669543901165,0.2846101552227177,0.0,0.40878819867096394,0.3146160816184907,0.24975605892890756,0.2826251850317072,0.29058522997083164
韩国综合指数,0.2934263006287714,0.407897428101689,0.2730319195446776,0.40878819867096394,0.0,0.31355370896805046,0.25570517191559683,0.2806976658461862,0.27933412649102635
荷兰AEX,0.5150558834131946,0.319087617687129,0.32144206641861384,0.3146160816184907,0.31355370896805046,0.0,0.2473267158822278,0.3023993809262685,0.3116126600157145
Costa Rica Indice Accionario,0.24382328364957048,0.25666637371369877,0.25486943982229476,0.24975605892890756,0.25570517191559683,0.2473267158822278,0.0,0.2564592535367596,0.25392057653626826
加拿大多伦多S&P/TSX 综合指数,0.2734112857334687,0.276634997194707,0.3433086334162172,0.2826251850317072,0.2806976658461862,0.3023993809262685,0.2564592535367596,0.0,0.26656822181373674
S&P CLX IPSA,0.30176797488822454,0.26595530042625704,0.28654531317044035,0.29058522997083164,0.27933412649102635,0.3116126600157145,0.25392057653626826,0.26656822181373674,0.0
