,比利时BFX,日经225,墨西哥BOLSA,恒生指数,韩国综合指数,荷兰AEX,Costa Rica Indice Accionario,加拿大多伦多S&P/TSX 综合指数,S&P CLX IPSA
比利时BFX,0.0,0.3225127076088218,0.310625493294253,0.30771266749297005,0.31511053178267895,0.49826309179410727,0.2496029436419764,0.28371973743204837,0.30037657816070534
日经225,0.3225127076088218,0.0,0.27255790668120733,0.3723421936571796,0.41630115867898143,0.35143987340758853,0.26067741318935894,0.28464727535184714,0.262326724374621
墨西哥BOLSA,0.310625493294253,0.27255790668120733,0.0,0.28647207259366014,0.28231217705664746,0.32138918827833485,0.25205732856178936,0.36266053286078154,0.2905152404537762
恒生指数,0.30771266749297005,0.3723421936571796,0.28647207259366014,0.0,0.36176045376129556,0.3125500264179398,0.2448951814299971,0.27373002848809136,0.278453778367176
韩国综合指数,0.31511053178267895,0.41630115867898143,0.28231217705664746,0.36176045376129556,0.0,0.32941118159948535,0.2591850092676329,0.28565269520483516,0.2820426305198501
荷兰AEX,0.49826309179410727,0.35143987340758853,0.32138918827833485,0.3125500264179398,0.32941118159948535,0.0,0.2532869934300745,0.29120218355968336,0.297974680389971
Costa Rica Indice Accionario,0.2496029436419764,0.26067741318935894,0.25205732856178936,0.2448951814299971,0.2591850092676329,0.2532869934300745,0.0,0.2540762467069874,0.2622084433514792
加拿大多伦多S&P/TSX 综合指数,0.28371973743204837,0.28464727535184714,0.36266053286078154,0.27373002848809136,0.28565269520483516,0.29120218355968336,0.2540762467069874,0.0,0.29139233912986007
S&P CLX IPSA,0.30037657816070534,0.262326724374621,0.2905152404537762,0.278453778367176,0.2820426305198501,0.297974680389971,0.2622084433514792,0.29139233912986007,0.0
