,比利时BFX,日经225,墨西哥BOLSA,恒生指数,韩国综合指数,荷兰AEX,Costa Rica Indice Accionario,加拿大多伦多S&P/TSX 综合指数,S&P CLX IPSA
比利时BFX,0.0,0.3057059296758114,0.3431904921680518,0.3107201803679479,0.3232809434940749,0.5406834712102422,0.2492208142851441,0.30395910723358127,0.3372213423569381
日经225,0.3057059296758114,0.0,0.2929354102332828,0.4034198062368982,0.44325166428414536,0.32142765947756247,0.2576578451130181,0.2924974291349955,0.29079124291822045
墨西哥BOLSA,0.3431904921680518,0.2929354102332828,0.0,0.31446600351371845,0.31125263251761776,0.3522540786152516,0.25908725299750085,0.37972450433214355,0.31604178581747444
恒生指数,0.3107201803679479,0.4034198062368982,0.31446600351371845,0.0,0.4249626302253589,0.32475467364875477,0.2495967297232576,0.2978859669386389,0.30453350686202874
韩国综合指数,0.3232809434940749,0.44325166428414536,0.31125263251761776,0.4249626302253589,0.0,0.32769082322943055,0.2553352826410415,0.2950930740299414,0.30121789490559575
荷兰AEX,0.5406834712102422,0.32142765947756247,0.3522540786152516,0.32475467364875477,0.32769082322943055,0.0,0.2526982344100437,0.31735905830141126,0.3326320330598901
Costa Rica Indice Accionario,0.2492208142851441,0.2576578451130181,0.25908725299750085,0.2495967297232576,0.2553352826410415,0.2526982344100437,0.0,0.2603470412154564,0.255101483928751
加拿大多伦多S&P/TSX 综合指数,0.30395910723358127,0.2924974291349955,0.37972450433214355,0.2978859669386389,0.2950930740299414,0.31735905830141126,0.2603470412154564,0.0,0.2989475746382033
S&P CLX IPSA,0.3372213423569381,0.29079124291822045,0.31604178581747444,0.30453350686202874,0.30121789490559575,0.3326320330598901,0.255101483928751,0.2989475746382033,0.0
