,比利时BFX,日经225,墨西哥BOLSA,恒生指数,韩国综合指数,荷兰AEX,Costa Rica Indice Accionario,加拿大多伦多S&P/TSX 综合指数,S&P CLX IPSA
比利时BFX,0.0,0.3053278929322791,0.34558418266970176,0.31245455008107836,0.3227130603274832,0.5442803342090003,0.250484229754363,0.3040017803395046,0.34047333583758305
日经225,0.3053278929322791,0.0,0.29193063762562754,0.39817990661087305,0.4394403995495935,0.3212423563247933,0.25643592521048925,0.2906668291955699,0.2917399515810494
墨西哥BOLSA,0.34558418266970176,0.29193063762562754,0.0,0.316894014678774,0.30897145065120935,0.35578387040047244,0.26013507317140355,0.38182401826838364,0.3198407303087007
恒生指数,0.31245455008107836,0.39817990661087305,0.316894014678774,0.0,0.42233915728699484,0.32577392229556057,0.2543359087230031,0.29687064272424196,0.306598499757154
韩国综合指数,0.3227130603274832,0.4394403995495935,0.30897145065120935,0.42233915728699484,0.0,0.32677602430166625,0.257744271088304,0.29238389398704623,0.29865161195630746
荷兰AEX,0.5442803342090003,0.3212423563247933,0.35578387040047244,0.32577392229556057,0.32677602430166625,0.0,0.2538341714045767,0.3172188027172772,0.3331521148887904
Costa Rica Indice Accionario,0.250484229754363,0.25643592521048925,0.26013507317140355,0.2543359087230031,0.257744271088304,0.2538341714045767,0.0,0.26101666769769655,0.25437097777833656
加拿大多伦多S&P/TSX 综合指数,0.3040017803395046,0.2906668291955699,0.38182401826838364,0.29687064272424196,0.29238389398704623,0.3172188027172772,0.26101666769769655,0.0,0.30042328967447257
S&P CLX IPSA,0.34047333583758305,0.2917399515810494,0.3198407303087007,0.306598499757154,0.29865161195630746,0.3331521148887904,0.25437097777833656,0.30042328967447257,0.0
