,比利时BFX,日经225,墨西哥BOLSA,恒生指数,韩国综合指数,荷兰AEX,Costa Rica Indice Accionario,加拿大多伦多S&P/TSX 综合指数,S&P CLX IPSA
比利时BFX,0.0,0.31610574474018677,0.29729771989116804,0.3032760295826043,0.32639128821010027,0.49511551103416834,0.2545124631653197,0.2870781467085825,0.29134013964312866
日经225,0.31610574474018677,0.0,0.28291245207873916,0.37613630682495863,0.37257582680049395,0.3129365755404049,0.2346350609937557,0.2610121605725954,0.26290863556306726
墨西哥BOLSA,0.29729771989116804,0.28291245207873916,0.0,0.29454001613625386,0.29677590155085576,0.3018142477942381,0.244314146679679,0.349912642911393,0.29996485728846045
恒生指数,0.3032760295826043,0.37613630682495863,0.29454001613625386,0.0,0.3960673400275329,0.3144673738730444,0.24594518998690634,0.28870993788930177,0.29601208121040734
韩国综合指数,0.32639128821010027,0.37257582680049395,0.29677590155085576,0.3960673400275329,0.0,0.3210940876708253,0.23966347400208213,0.2812684388594252,0.2820399422088441
荷兰AEX,0.49511551103416834,0.3129365755404049,0.3018142477942381,0.3144673738730444,0.3210940876708253,0.0,0.25682958226827873,0.2988711278980227,0.30539002760509076
Costa Rica Indice Accionario,0.2545124631653197,0.2346350609937557,0.244314146679679,0.24594518998690634,0.23966347400208213,0.25682958226827873,0.0,0.24244349672321996,0.24527207985865443
加拿大多伦多S&P/TSX 综合指数,0.2870781467085825,0.2610121605725954,0.349912642911393,0.28870993788930177,0.2812684388594252,0.2988711278980227,0.24244349672321996,0.0,0.28737333169079954
S&P CLX IPSA,0.29134013964312866,0.26290863556306726,0.29996485728846045,0.29601208121040734,0.2820399422088441,0.30539002760509076,0.24527207985865443,0.28737333169079954,0.0
