,比利时BFX,日经225,墨西哥BOLSA,恒生指数,韩国综合指数,荷兰AEX,Costa Rica Indice Accionario,加拿大多伦多S&P/TSX 综合指数,S&P CLX IPSA
比利时BFX,0.0,0.30272526396345645,0.39949104893021753,0.33133199782286654,0.297830173718076,0.623769401672194,0.23896385300422693,0.3296854322813519,0.3850595508226147
日经225,0.30272526396345645,0.0,0.27651510954055414,0.41927486228618066,0.45575038422079595,0.2977001498172246,0.2440373059237614,0.2866861670117076,0.287870795938978
墨西哥BOLSA,0.39949104893021753,0.27651510954055414,0.0,0.305832859377773,0.2701525663275985,0.37410833766756474,0.24397379943114667,0.39028241344669923,0.40182088324759013
恒生指数,0.33133199782286654,0.41927486228618066,0.305832859377773,0.0,0.4686188383495554,0.32251092616369553,0.2392011051447608,0.2924526963473811,0.3152916842983358
韩国综合指数,0.297830173718076,0.45575038422079595,0.2701525663275985,0.4686188383495554,0.0,0.28901791565706175,0.2335904254515589,0.2831074266481549,0.29393543081564605
荷兰AEX,0.623769401672194,0.2977001498172246,0.37410833766756474,0.32251092616369553,0.28901791565706175,0.0,0.238197004640055,0.3400404529366663,0.3885041419299537
Costa Rica Indice Accionario,0.23896385300422693,0.2440373059237614,0.24397379943114667,0.2392011051447608,0.2335904254515589,0.238197004640055,0.0,0.23700622621593828,0.24441122242379942
加拿大多伦多S&P/TSX 综合指数,0.3296854322813519,0.2866861670117076,0.39028241344669923,0.2924526963473811,0.2831074266481549,0.3400404529366663,0.23700622621593828,0.0,0.3647969802580276
S&P CLX IPSA,0.3850595508226147,0.287870795938978,0.40182088324759013,0.3152916842983358,0.29393543081564605,0.3885041419299537,0.24441122242379942,0.3647969802580276,0.0
