,比利时BFX,日经225,墨西哥BOLSA,恒生指数,韩国综合指数,荷兰AEX,Costa Rica Indice Accionario,加拿大多伦多S&P/TSX 综合指数,S&P CLX IPSA
比利时BFX,0.0,0.3033611643744759,0.3364777152757177,0.29154126759640847,0.30816736296104896,0.5288895182916767,0.24040125863412254,0.3196750458558359,0.30273689569499507
日经225,0.3033611643744759,0.0,0.28625844826108116,0.3918500354014289,0.3824942824220051,0.3084076729796672,0.22971127418296522,0.27147653996360305,0.26079893777209695
墨西哥BOLSA,0.3364777152757177,0.28625844826108116,0.0,0.2968517951479637,0.2965887814681037,0.3264121625426123,0.2426229092115442,0.3692838054290716,0.31142620717757913
恒生指数,0.29154126759640847,0.3918500354014289,0.2968517951479637,0.0,0.4190676863617071,0.3009900424625417,0.24829565606212126,0.2908458450601722,0.2880931253968806
韩国综合指数,0.30816736296104896,0.3824942824220051,0.2965887814681037,0.4190676863617071,0.0,0.30812799664253554,0.23623385505119596,0.2900496525725778,0.27610781512089
荷兰AEX,0.5288895182916767,0.3084076729796672,0.3264121625426123,0.3009900424625417,0.30812799664253554,0.0,0.24170476331115984,0.3295138543481778,0.3145037632162499
Costa Rica Indice Accionario,0.24040125863412254,0.22971127418296522,0.2426229092115442,0.24829565606212126,0.23623385505119596,0.24170476331115984,0.0,0.23586578701795705,0.2438851542042767
加拿大多伦多S&P/TSX 综合指数,0.3196750458558359,0.27147653996360305,0.3692838054290716,0.2908458450601722,0.2900496525725778,0.3295138543481778,0.23586578701795705,0.0,0.29811799913363923
S&P CLX IPSA,0.30273689569499507,0.26079893777209695,0.31142620717757913,0.2880931253968806,0.27610781512089,0.3145037632162499,0.2438851542042767,0.29811799913363923,0.0
