,比利时BFX,日经225,墨西哥BOLSA,恒生指数,韩国综合指数,荷兰AEX,Costa Rica Indice Accionario,加拿大多伦多S&P/TSX 综合指数,S&P CLX IPSA
比利时BFX,0.0,0.3238236697855409,0.3042160309154314,0.30663432966927895,0.33570378709055193,0.5049397292311372,0.24579304064867907,0.30602903745672616,0.2875641756664252
日经225,0.3238236697855409,0.0,0.2823644606108981,0.3792932510607861,0.376944691562784,0.32092097302372974,0.23750444521266603,0.26160149922596077,0.26198637667782804
墨西哥BOLSA,0.3042160309154314,0.2823644606108981,0.0,0.2858084879742289,0.30197230448383783,0.31697745811173683,0.23282002354078007,0.3551881106021253,0.30009819077845745
恒生指数,0.30663432966927895,0.3792932510607861,0.2858084879742289,0.0,0.37608301463234917,0.3051836149692875,0.24505925093119774,0.2834252855447185,0.2911181234585774
韩国综合指数,0.33570378709055193,0.376944691562784,0.30197230448383783,0.37608301463234917,0.0,0.32205640582303074,0.25001536908558014,0.2882028922248045,0.28455426168416825
荷兰AEX,0.5049397292311372,0.32092097302372974,0.31697745811173683,0.3051836149692875,0.32205640582303074,0.0,0.24926665944859192,0.31022724652989364,0.3003441767442428
Costa Rica Indice Accionario,0.24579304064867907,0.23750444521266603,0.23282002354078007,0.24505925093119774,0.25001536908558014,0.24926665944859192,0.0,0.23807562163813223,0.2402802261562855
加拿大多伦多S&P/TSX 综合指数,0.30602903745672616,0.26160149922596077,0.3551881106021253,0.2834252855447185,0.2882028922248045,0.31022724652989364,0.23807562163813223,0.0,0.30125016335961846
S&P CLX IPSA,0.2875641756664252,0.26198637667782804,0.30009819077845745,0.2911181234585774,0.28455426168416825,0.3003441767442428,0.2402802261562855,0.30125016335961846,0.0
