,比利时BFX,日经225,墨西哥BOLSA,恒生指数,韩国综合指数,荷兰AEX,Costa Rica Indice Accionario,加拿大多伦多S&P/TSX 综合指数,S&P CLX IPSA
比利时BFX,0.0,0.3407895061183911,0.30071524583144843,0.31645475601819534,0.3455858495471789,0.5233304973317845,0.2494771925419036,0.29656541016791743,0.2800973258853279
日经225,0.3407895061183911,0.0,0.27562920663208085,0.38280372631081483,0.3693756412391456,0.33526263554321917,0.23917257762834737,0.26193984563210665,0.2500279685955088
墨西哥BOLSA,0.30071524583144843,0.27562920663208085,0.0,0.2836484059952052,0.29882341616343283,0.3166336211346695,0.23318285443951872,0.35288845756615433,0.2958027858732367
恒生指数,0.31645475601819534,0.38280372631081483,0.2836484059952052,0.0,0.37674648439517266,0.31678547129270535,0.24872831736312379,0.28095481112564347,0.28484618078038554
韩国综合指数,0.3455858495471789,0.3693756412391456,0.29882341616343283,0.37674648439517266,0.0,0.3259928099091511,0.2486630637659394,0.2893772291893405,0.2806057615224493
荷兰AEX,0.5233304973317845,0.33526263554321917,0.3166336211346695,0.31678547129270535,0.3259928099091511,0.0,0.249782111474355,0.3049921811237296,0.2974878081210222
Costa Rica Indice Accionario,0.2494771925419036,0.23917257762834737,0.23318285443951872,0.24872831736312379,0.2486630637659394,0.249782111474355,0.0,0.23543769750602106,0.2435893081235928
加拿大多伦多S&P/TSX 综合指数,0.29656541016791743,0.26193984563210665,0.35288845756615433,0.28095481112564347,0.2893772291893405,0.3049921811237296,0.23543769750602106,0.0,0.30600006653398026
S&P CLX IPSA,0.2800973258853279,0.2500279685955088,0.2958027858732367,0.28484618078038554,0.2806057615224493,0.2974878081210222,0.2435893081235928,0.30600006653398026,0.0
