,比利时BFX,日经225,墨西哥BOLSA,恒生指数,韩国综合指数,荷兰AEX,Costa Rica Indice Accionario,加拿大多伦多S&P/TSX 综合指数,S&P CLX IPSA
比利时BFX,0.0,0.3122096027996325,0.3912486500909784,0.3361999537011577,0.30258657122386123,0.6076695074920246,0.23556495368909652,0.340730575747159,0.3650585986451326
日经225,0.3122096027996325,0.0,0.28679440968083125,0.42407274101192277,0.4356063041197675,0.3071578510783972,0.22860346046689797,0.2817289100612423,0.28579837666695573
墨西哥BOLSA,0.3912486500909784,0.28679440968083125,0.0,0.30438025689805415,0.27764851351365055,0.3660321914172531,0.24466062960773044,0.3963735187817693,0.37258806191200095
恒生指数,0.3361999537011577,0.42407274101192277,0.30438025689805415,0.0,0.4532858762310628,0.3218894484997192,0.24017657277297247,0.28846465567384894,0.3143803669190965
韩国综合指数,0.30258657122386123,0.4356063041197675,0.27764851351365055,0.4532858762310628,0.0,0.2979825311362469,0.23354639280300313,0.2848726178244608,0.29051220816587914
荷兰AEX,0.6076695074920246,0.3071578510783972,0.3660321914172531,0.3218894484997192,0.2979825311362469,0.0,0.234425607169888,0.3448468479875377,0.36822062116795856
Costa Rica Indice Accionario,0.23556495368909652,0.22860346046689797,0.24466062960773044,0.24017657277297247,0.23354639280300313,0.234425607169888,0.0,0.23405404522994075,0.24205451235202516
加拿大多伦多S&P/TSX 综合指数,0.340730575747159,0.2817289100612423,0.3963735187817693,0.28846465567384894,0.2848726178244608,0.3448468479875377,0.23405404522994075,0.0,0.3609359369715406
S&P CLX IPSA,0.3650585986451326,0.28579837666695573,0.37258806191200095,0.3143803669190965,0.29051220816587914,0.36822062116795856,0.24205451235202516,0.3609359369715406,0.0
