,比利时BFX,日经225,墨西哥BOLSA,恒生指数,韩国综合指数,荷兰AEX,Costa Rica Indice Accionario,加拿大多伦多S&P/TSX 综合指数,S&P CLX IPSA
比利时BFX,0.0,0.31329315298558597,0.3927065656394386,0.3371430926813892,0.3037274323934708,0.6087242314066926,0.2355604538969197,0.3419665826406121,0.3725866528154451
日经225,0.31329315298558597,0.0,0.2861948210721368,0.42191274375229326,0.43675972344991026,0.30670899321157524,0.22835706372286796,0.28068374854048894,0.28315997192774345
墨西哥BOLSA,0.3927065656394386,0.2861948210721368,0.0,0.30371705789018333,0.27730958089585467,0.3663056675962695,0.24452760373701196,0.39539937732631775,0.373138502012775
恒生指数,0.3371430926813892,0.42191274375229326,0.30371705789018333,0.0,0.452929730119305,0.32162733936698684,0.2400178898263772,0.28682308580256155,0.31430625336328266
韩国综合指数,0.3037274323934708,0.43675972344991026,0.27730958089585467,0.452929730119305,0.0,0.29826966986915593,0.2338277345209703,0.28249240384513646,0.28972774774763943
荷兰AEX,0.6087242314066926,0.30670899321157524,0.3663056675962695,0.32162733936698684,0.29826966986915593,0.0,0.23414253247218272,0.34602037269245267,0.3718606516185143
Costa Rica Indice Accionario,0.2355604538969197,0.22835706372286796,0.24452760373701196,0.2400178898263772,0.2338277345209703,0.23414253247218272,0.0,0.23380442338240431,0.2413936219714902
加拿大多伦多S&P/TSX 综合指数,0.3419665826406121,0.28068374854048894,0.39539937732631775,0.28682308580256155,0.28249240384513646,0.34602037269245267,0.23380442338240431,0.0,0.35990949608989264
S&P CLX IPSA,0.3725866528154451,0.28315997192774345,0.373138502012775,0.31430625336328266,0.28972774774763943,0.3718606516185143,0.2413936219714902,0.35990949608989264,0.0
