,比利时BFX,日经225,墨西哥BOLSA,恒生指数,韩国综合指数,荷兰AEX,Costa Rica Indice Accionario,加拿大多伦多S&P/TSX 综合指数,S&P CLX IPSA
比利时BFX,0.0,0.313386010523625,0.36728491614633835,0.3274175409225828,0.31069604379092713,0.590577180847399,0.2353308507884811,0.3357116678771237,0.3508558531897375
日经225,0.313386010523625,0.0,0.2970999289298669,0.42425091799365894,0.4190043042025646,0.31159919458415536,0.22782932283403848,0.28686495234379195,0.28445378067492083
墨西哥BOLSA,0.36728491614633835,0.2970999289298669,0.0,0.30887603367143446,0.28580478425273337,0.3479635695480369,0.24593077995759555,0.40777582351178665,0.3641700295231588
恒生指数,0.3274175409225828,0.42425091799365894,0.30887603367143446,0.0,0.45572990539458674,0.32525753915611344,0.24025608019560282,0.30030952189648663,0.32403882308364895
韩国综合指数,0.31069604379092713,0.4190043042025646,0.28580478425273337,0.45572990539458674,0.0,0.30908990014456333,0.23292984618364443,0.29300597125498884,0.29372307949356696
荷兰AEX,0.590577180847399,0.31159919458415536,0.3479635695480369,0.32525753915611344,0.30908990014456333,0.0,0.23351630766310721,0.3420101717522392,0.35421232990206275
Costa Rica Indice Accionario,0.2353308507884811,0.22782932283403848,0.24593077995759555,0.24025608019560282,0.23292984618364443,0.23351630766310721,0.0,0.2345943356484687,0.24324281859958097
加拿大多伦多S&P/TSX 综合指数,0.3357116678771237,0.28686495234379195,0.40777582351178665,0.30030952189648663,0.29300597125498884,0.3420101717522392,0.2345943356484687,0.0,0.3574384159678059
S&P CLX IPSA,0.3508558531897375,0.28445378067492083,0.3641700295231588,0.32403882308364895,0.29372307949356696,0.35421232990206275,0.24324281859958097,0.3574384159678059,0.0
