,比利时BFX,日经225,墨西哥BOLSA,恒生指数,韩国综合指数,荷兰AEX,Costa Rica Indice Accionario,加拿大多伦多S&P/TSX 综合指数,S&P CLX IPSA
比利时BFX,0.0,0.31103241312002894,0.37104220720056524,0.32921049657898743,0.30927782747786714,0.5962963489345807,0.23588465843932632,0.33460342238129454,0.3514489168630323
日经225,0.31103241312002894,0.0,0.29374192795632975,0.41963525632175513,0.42096567743416013,0.309932716647699,0.2282751754862518,0.2868910185571667,0.2843545294880237
墨西哥BOLSA,0.37104220720056524,0.29374192795632975,0.0,0.3105333308740467,0.2807303536705088,0.3541083308998991,0.2458415700326982,0.40458181882451155,0.3640786129030382
恒生指数,0.32921049657898743,0.41963525632175513,0.3105333308740467,0.0,0.4525137044500837,0.32590721936772654,0.24067717358436866,0.3004672333919137,0.3234716729207167
韩国综合指数,0.30927782747786714,0.42096567743416013,0.2807303536705088,0.4525137044500837,0.0,0.3074459722556637,0.23262820135623596,0.2920146095448694,0.29379042066817507
荷兰AEX,0.5962963489345807,0.309932716647699,0.3541083308998991,0.32590721936772654,0.3074459722556637,0.0,0.23522269606123392,0.3427351702772224,0.35849812716413937
Costa Rica Indice Accionario,0.23588465843932632,0.2282751754862518,0.2458415700326982,0.24067717358436866,0.23262820135623596,0.23522269606123392,0.0,0.23454734567935778,0.24347077597818811
加拿大多伦多S&P/TSX 综合指数,0.33460342238129454,0.2868910185571667,0.40458181882451155,0.3004672333919137,0.2920146095448694,0.3427351702772224,0.23454734567935778,0.0,0.35828468013602294
S&P CLX IPSA,0.3514489168630323,0.2843545294880237,0.3640786129030382,0.3234716729207167,0.29379042066817507,0.35849812716413937,0.24347077597818811,0.35828468013602294,0.0
