,比利时BFX,日经225,墨西哥BOLSA,恒生指数,韩国综合指数,荷兰AEX,Costa Rica Indice Accionario,加拿大多伦多S&P/TSX 综合指数,S&P CLX IPSA
比利时BFX,0.0,0.2999616072864245,0.40167630510678404,0.3288750324036034,0.29834997328592644,0.6294289657224892,0.2364067846149282,0.33092398210938123,0.37818804310170734
日经225,0.2999616072864245,0.0,0.27533614533378975,0.419478994100976,0.45629418420671836,0.2983575546724791,0.24486679152391988,0.27699420767557104,0.29040669911117645
墨西哥BOLSA,0.40167630510678404,0.27533614533378975,0.0,0.30277794478028863,0.2697940491364889,0.38135694098567174,0.2401290370090015,0.3932173268014545,0.4054888607500277
恒生指数,0.3288750324036034,0.419478994100976,0.30277794478028863,0.0,0.46393319883865747,0.32132616250291746,0.2383554398212939,0.28760536165380407,0.3157875647490648
韩国综合指数,0.29834997328592644,0.45629418420671836,0.2697940491364889,0.46393319883865747,0.0,0.2897311578088339,0.23966238262272818,0.27842238247222517,0.29574927748280233
荷兰AEX,0.6294289657224892,0.2983575546724791,0.38135694098567174,0.32132616250291746,0.2897311578088339,0.0,0.23393304744798454,0.34293922583451936,0.3787043994066808
Costa Rica Indice Accionario,0.2364067846149282,0.24486679152391988,0.2401290370090015,0.2383554398212939,0.23966238262272818,0.23393304744798454,0.0,0.23324075590729215,0.2451095500950703
加拿大多伦多S&P/TSX 综合指数,0.33092398210938123,0.27699420767557104,0.3932173268014545,0.28760536165380407,0.27842238247222517,0.34293922583451936,0.23324075590729215,0.0,0.36492092304591095
S&P CLX IPSA,0.37818804310170734,0.29040669911117645,0.4054888607500277,0.3157875647490648,0.29574927748280233,0.3787043994066808,0.2451095500950703,0.36492092304591095,0.0
