,比利时BFX,日经225,墨西哥BOLSA,恒生指数,韩国综合指数,荷兰AEX,Costa Rica Indice Accionario,加拿大多伦多S&P/TSX 综合指数,S&P CLX IPSA
比利时BFX,0.0,0.3127649753327622,0.3045652677178736,0.30212766865986196,0.31872419884963477,0.49794750096396584,0.2563833172996555,0.28849534333239873,0.28615788699019507
日经225,0.3127649753327622,0.0,0.28634975813571045,0.37689372231102286,0.3731561669782806,0.31269296550841075,0.23580432733600518,0.26214426935646745,0.26339770645990906
墨西哥BOLSA,0.3045652677178736,0.28634975813571045,0.0,0.2951897495026265,0.2970733809884637,0.3062454997956176,0.2423749446315695,0.34955101851064335,0.30304727429469114
恒生指数,0.30212766865986196,0.37689372231102286,0.2951897495026265,0.0,0.39961334092097683,0.31535187182175095,0.2500594285527009,0.28555673422609706,0.29396381527633436
韩国综合指数,0.31872419884963477,0.3731561669782806,0.2970733809884637,0.39961334092097683,0.0,0.31761181183208537,0.24073781608660766,0.27812362135240837,0.28132203605979655
荷兰AEX,0.49794750096396584,0.31269296550841075,0.3062454997956176,0.31535187182175095,0.31761181183208537,0.0,0.2595154762719736,0.30258880074650796,0.3046165818885098
Costa Rica Indice Accionario,0.2563833172996555,0.23580432733600518,0.2423749446315695,0.2500594285527009,0.24073781608660766,0.2595154762719736,0.0,0.24446397628299926,0.24524419958260119
加拿大多伦多S&P/TSX 综合指数,0.28849534333239873,0.26214426935646745,0.34955101851064335,0.28555673422609706,0.27812362135240837,0.30258880074650796,0.24446397628299926,0.0,0.2883176328979256
S&P CLX IPSA,0.28615788699019507,0.26339770645990906,0.30304727429469114,0.29396381527633436,0.28132203605979655,0.3046165818885098,0.24524419958260119,0.2883176328979256,0.0
