,比利时BFX,日经225,墨西哥BOLSA,恒生指数,韩国综合指数,荷兰AEX,Costa Rica Indice Accionario,加拿大多伦多S&P/TSX 综合指数,S&P CLX IPSA
比利时BFX,0.0,0.31414616724433886,0.2980921265780222,0.3002095870979922,0.3254806926265344,0.49318081903832034,0.254688685604979,0.28728853308705643,0.29042718644494125
日经225,0.31414616724433886,0.0,0.2843115122596748,0.3775140189035254,0.37350652629305303,0.31275684900208195,0.23433226229879126,0.2590015600125822,0.2626591761326016
墨西哥BOLSA,0.2980921265780222,0.2843115122596748,0.0,0.29220119793651467,0.29512482511178934,0.3024713150584538,0.24342260835761895,0.3447307894719266,0.29900153039632416
恒生指数,0.3002095870979922,0.3775140189035254,0.29220119793651467,0.0,0.400415017349044,0.312350485616719,0.24579562806736605,0.2862133625366498,0.2969339193190854
韩国综合指数,0.3254806926265344,0.37350652629305303,0.29512482511178934,0.400415017349044,0.0,0.32169206395905764,0.2386266148986156,0.27944742732882744,0.281674476687483
荷兰AEX,0.49318081903832034,0.31275684900208195,0.3024713150584538,0.312350485616719,0.32169206395905764,0.0,0.2573921036670957,0.29845697705668467,0.3067998507750166
Costa Rica Indice Accionario,0.254688685604979,0.23433226229879126,0.24342260835761895,0.24579562806736605,0.2386266148986156,0.2573921036670957,0.0,0.2426273478536706,0.24504548457819567
加拿大多伦多S&P/TSX 综合指数,0.28728853308705643,0.2590015600125822,0.3447307894719266,0.2862133625366498,0.27944742732882744,0.29845697705668467,0.2426273478536706,0.0,0.28665804665712247
S&P CLX IPSA,0.29042718644494125,0.2626591761326016,0.29900153039632416,0.2969339193190854,0.281674476687483,0.3067998507750166,0.24504548457819567,0.28665804665712247,0.0
