,比利时BFX,日经225,墨西哥BOLSA,恒生指数,韩国综合指数,荷兰AEX,Costa Rica Indice Accionario,加拿大多伦多S&P/TSX 综合指数,S&P CLX IPSA
比利时BFX,0.0,0.31353848241023113,0.3884068801045564,0.3348141751028701,0.3045542956873136,0.6082223695261113,0.23498553410643763,0.34133303484297867,0.35413191872808786
日经225,0.31353848241023113,0.0,0.2861065519789879,0.41796748737239026,0.4335252306294484,0.30803818039988357,0.2287688023275135,0.2816290390682248,0.282379412099063
墨西哥BOLSA,0.3884068801045564,0.2861065519789879,0.0,0.3004719450109183,0.27449510354480916,0.36313718325478184,0.24436608542522062,0.3934565531500673,0.363127800187132
恒生指数,0.3348141751028701,0.41796748737239026,0.3004719450109183,0.0,0.44981027327149636,0.3222169119382094,0.23983243566858023,0.2896626412174903,0.3195164416783837
韩国综合指数,0.3045542956873136,0.4335252306294484,0.27449510354480916,0.44981027327149636,0.0,0.2997376598328352,0.23291914747200873,0.2853213354663809,0.28643601394082197
荷兰AEX,0.6082223695261113,0.30803818039988357,0.36313718325478184,0.3222169119382094,0.2997376598328352,0.0,0.23387767034737814,0.34545277690644455,0.3587458067812887
Costa Rica Indice Accionario,0.23498553410643763,0.2287688023275135,0.24436608542522062,0.23983243566858023,0.23291914747200873,0.23387767034737814,0.0,0.2340677773032195,0.24149131690876893
加拿大多伦多S&P/TSX 综合指数,0.34133303484297867,0.2816290390682248,0.3934565531500673,0.2896626412174903,0.2853213354663809,0.34545277690644455,0.2340677773032195,0.0,0.35547918070026757
S&P CLX IPSA,0.35413191872808786,0.282379412099063,0.363127800187132,0.3195164416783837,0.28643601394082197,0.3587458067812887,0.24149131690876893,0.35547918070026757,0.0
