,比利时BFX,日经225,墨西哥BOLSA,恒生指数,韩国综合指数,荷兰AEX,Costa Rica Indice Accionario,加拿大多伦多S&P/TSX 综合指数,S&P CLX IPSA
比利时BFX,0.0,0.31066180791822195,0.3840368937136895,0.3364258533398946,0.3063644238782618,0.607637564228381,0.23636844162866433,0.3388037533364319,0.3547020332548931
日经225,0.31066180791822195,0.0,0.2869066201985536,0.42552412148183727,0.4283050587476272,0.3079749816654755,0.22899543301298428,0.2816170833978803,0.28090044517970597
墨西哥BOLSA,0.3840368937136895,0.2869066201985536,0.0,0.2998336057947394,0.272537800995451,0.3626490091771929,0.24462825781506423,0.399175770942922,0.3702271206147707
恒生指数,0.3364258533398946,0.42552412148183727,0.2998336057947394,0.0,0.45821160131218525,0.32368624159487386,0.2398401646483073,0.2854888363909606,0.319662088814989
韩国综合指数,0.3063644238782618,0.4283050587476272,0.272537800995451,0.45821160131218525,0.0,0.3018475489259939,0.23356367583878396,0.28174051558778446,0.2883620547419857
荷兰AEX,0.607637564228381,0.3079749816654755,0.3626490091771929,0.32368624159487386,0.3018475489259939,0.0,0.23503650268303888,0.3405308228703513,0.3583243714939809
Costa Rica Indice Accionario,0.23636844162866433,0.22899543301298428,0.24462825781506423,0.2398401646483073,0.23356367583878396,0.23503650268303888,0.0,0.2344600813298693,0.24230534895450995
加拿大多伦多S&P/TSX 综合指数,0.3388037533364319,0.2816170833978803,0.399175770942922,0.2854888363909606,0.28174051558778446,0.3405308228703513,0.2344600813298693,0.0,0.35946872399088853
S&P CLX IPSA,0.3547020332548931,0.28090044517970597,0.3702271206147707,0.319662088814989,0.2883620547419857,0.3583243714939809,0.24230534895450995,0.35946872399088853,0.0
