,比利时BFX,日经225,墨西哥BOLSA,恒生指数,韩国综合指数,荷兰AEX,Costa Rica Indice Accionario,加拿大多伦多S&P/TSX 综合指数,S&P CLX IPSA
比利时BFX,0.0,0.31456137971559744,0.2973224752608846,0.3044198016197768,0.3272059027009439,0.49410462667185995,0.25276780400455073,0.28781696981604565,0.29078008712203696
日经225,0.31456137971559744,0.0,0.2830069890946664,0.3783761412091293,0.3725610240619593,0.3076182661164098,0.2337635979130705,0.2614296835325309,0.2638305857871615
墨西哥BOLSA,0.2973224752608846,0.2830069890946664,0.0,0.29143249158587936,0.29564324778973744,0.30446754884955196,0.24196148580147553,0.3494341983315428,0.29878252942188926
恒生指数,0.3044198016197768,0.3783761412091293,0.29143249158587936,0.0,0.3960662441675984,0.30920000313399837,0.24477180801177656,0.28774805548756943,0.2935829588553434
韩国综合指数,0.3272059027009439,0.3725610240619593,0.29564324778973744,0.3960662441675984,0.0,0.3153651025522355,0.23844830146661633,0.28176524161617905,0.2806746612926912
荷兰AEX,0.49410462667185995,0.3076182661164098,0.30446754884955196,0.30920000313399837,0.3153651025522355,0.0,0.255593758815183,0.29719562084954554,0.30546951207182416
Costa Rica Indice Accionario,0.25276780400455073,0.2337635979130705,0.24196148580147553,0.24477180801177656,0.23844830146661633,0.255593758815183,0.0,0.2405896042494774,0.2434924041852925
加拿大多伦多S&P/TSX 综合指数,0.28781696981604565,0.2614296835325309,0.3494341983315428,0.28774805548756943,0.28176524161617905,0.29719562084954554,0.2405896042494774,0.0,0.2858670972999714
S&P CLX IPSA,0.29078008712203696,0.2638305857871615,0.29878252942188926,0.2935829588553434,0.2806746612926912,0.30546951207182416,0.2434924041852925,0.2858670972999714,0.0
