,比利时BFX,日经225,墨西哥BOLSA,恒生指数,韩国综合指数,荷兰AEX,Costa Rica Indice Accionario,加拿大多伦多S&P/TSX 综合指数,S&P CLX IPSA
比利时BFX,0.0,0.29983632596121135,0.40499775205812566,0.32972859365224066,0.29839109357201465,0.6335140031149552,0.23005876882723994,0.3340216067773963,0.3821826860355046
日经225,0.29983632596121135,0.0,0.27729679628375636,0.4205001526632005,0.48073645145085475,0.29979724054538504,0.25139387079980674,0.2804570355840235,0.29285489723163843
墨西哥BOLSA,0.40499775205812566,0.27729679628375636,0.0,0.3031499547441107,0.27090338280112236,0.38127760877300243,0.24098511331668676,0.3955537820230296,0.415482506464078
恒生指数,0.32972859365224066,0.4205001526632005,0.3031499547441107,0.0,0.46008715915668674,0.3188194799541245,0.24369078926082785,0.28706617707727256,0.31954916523001525
韩国综合指数,0.29839109357201465,0.48073645145085475,0.27090338280112236,0.46008715915668674,0.0,0.2879622201974188,0.244521507974572,0.2757411638243119,0.2993657258970021
荷兰AEX,0.6335140031149552,0.29979724054538504,0.38127760877300243,0.3188194799541245,0.2879622201974188,0.0,0.22547812033174672,0.3431462429175104,0.3817201008434983
Costa Rica Indice Accionario,0.23005876882723994,0.25139387079980674,0.24098511331668676,0.24369078926082785,0.244521507974572,0.22547812033174672,0.0,0.23723985665062747,0.24341800136945022
加拿大多伦多S&P/TSX 综合指数,0.3340216067773963,0.2804570355840235,0.3955537820230296,0.28706617707727256,0.2757411638243119,0.3431462429175104,0.23723985665062747,0.0,0.37727225357672195
S&P CLX IPSA,0.3821826860355046,0.29285489723163843,0.415482506464078,0.31954916523001525,0.2993657258970021,0.3817201008434983,0.24341800136945022,0.37727225357672195,0.0
