,比利时BFX,日经225,墨西哥BOLSA,恒生指数,韩国综合指数,荷兰AEX,Costa Rica Indice Accionario,加拿大多伦多S&P/TSX 综合指数,S&P CLX IPSA
比利时BFX,0.0,0.3128559149362393,0.29363819612944464,0.30158838762655793,0.32420450981483434,0.49325184761116353,0.2532894178841318,0.2866232312000885,0.2880615908324255
日经225,0.3128559149362393,0.0,0.28054198718557294,0.37670226877418805,0.37087139718577095,0.30666652574398084,0.2340023058656593,0.26069754878863927,0.2622640355045772
墨西哥BOLSA,0.29363819612944464,0.28054198718557294,0.0,0.28705230300498974,0.2912055564239403,0.30252671857770497,0.24254854489335745,0.3480741906328287,0.29446400598236083
恒生指数,0.30158838762655793,0.37670226877418805,0.28705230300498974,0.0,0.39288189521740946,0.3078870723194638,0.24523835700138036,0.28690069047848166,0.2914989182194711
韩国综合指数,0.32420450981483434,0.37087139718577095,0.2912055564239403,0.39288189521740946,0.0,0.31390392348254725,0.23887650923278597,0.28054897818888813,0.2778118249281378
荷兰AEX,0.49325184761116353,0.30666652574398084,0.30252671857770497,0.3078870723194638,0.31390392348254725,0.0,0.2558930876057096,0.296566737439148,0.3041724203636199
Costa Rica Indice Accionario,0.2532894178841318,0.2340023058656593,0.24254854489335745,0.24523835700138036,0.23887650923278597,0.2558930876057096,0.0,0.24079582165905652,0.24393938474782825
加拿大多伦多S&P/TSX 综合指数,0.2866232312000885,0.26069754878863927,0.3480741906328287,0.28690069047848166,0.28054897818888813,0.296566737439148,0.24079582165905652,0.0,0.28501209574676667
S&P CLX IPSA,0.2880615908324255,0.2622640355045772,0.29446400598236083,0.2914989182194711,0.2778118249281378,0.3041724203636199,0.24393938474782825,0.28501209574676667,0.0
