,比利时BFX,日经225,墨西哥BOLSA,恒生指数,韩国综合指数,荷兰AEX,Costa Rica Indice Accionario,加拿大多伦多S&P/TSX 综合指数,S&P CLX IPSA
比利时BFX,0.0,0.3108337544128603,0.3149446995921723,0.29105722863490174,0.3146714493353636,0.49789317218653295,0.2584329031084584,0.2989230105746769,0.2876488027062213
日经225,0.3108337544128603,0.0,0.28834193769020966,0.3855321100538497,0.3752694383341891,0.31642629763531677,0.23638564611315668,0.26820908611199384,0.2634670626430574
墨西哥BOLSA,0.3149446995921723,0.28834193769020966,0.0,0.29844402041667006,0.30022151086952575,0.3108933707593954,0.24880183889670746,0.357267632792016,0.3056364425897371
恒生指数,0.29105722863490174,0.3855321100538497,0.29844402041667006,0.0,0.4038135122881619,0.30914024816020924,0.2504803504868938,0.2871640708430793,0.2923397409094426
韩国综合指数,0.3146714493353636,0.3752694383341891,0.30022151086952575,0.4038135122881619,0.0,0.32067694119756035,0.24578691196964372,0.28658870774085,0.2816512395883997
荷兰AEX,0.49789317218653295,0.31642629763531677,0.3108933707593954,0.30914024816020924,0.32067694119756035,0.0,0.25619968322894876,0.3148165803576241,0.30567036246058044
Costa Rica Indice Accionario,0.2584329031084584,0.23638564611315668,0.24880183889670746,0.2504803504868938,0.24578691196964372,0.25619968322894876,0.0,0.24586150017944028,0.24848841372354183
加拿大多伦多S&P/TSX 综合指数,0.2989230105746769,0.26820908611199384,0.357267632792016,0.2871640708430793,0.28658870774085,0.3148165803576241,0.24586150017944028,0.0,0.2929468661278793
S&P CLX IPSA,0.2876488027062213,0.2634670626430574,0.3056364425897371,0.2923397409094426,0.2816512395883997,0.30567036246058044,0.24848841372354183,0.2929468661278793,0.0
