,比利时BFX,日经225,墨西哥BOLSA,恒生指数,韩国综合指数,荷兰AEX,Costa Rica Indice Accionario,加拿大多伦多S&P/TSX 综合指数,S&P CLX IPSA
比利时BFX,0.0,0.3039437063983788,0.4007241960416279,0.3299767080367734,0.29931011284714065,0.6266459996260695,0.23814581393257178,0.3296268006727644,0.3885388334667564
日经225,0.3039437063983788,0.0,0.27793190797583006,0.4185336656845787,0.45533398919799334,0.29943370862264806,0.24399794097368077,0.287347377506192,0.2902807482843982
墨西哥BOLSA,0.4007241960416279,0.27793190797583006,0.0,0.3040987217289969,0.27153884122777133,0.37373644090246533,0.24424669934464718,0.38970883919221216,0.4042484180863696
恒生指数,0.3299767080367734,0.4185336656845787,0.3040987217289969,0.0,0.4688298481977192,0.3197596323075273,0.2395970290097925,0.2915619488648731,0.31320865203227766
韩国综合指数,0.29931011284714065,0.45533398919799334,0.27153884122777133,0.4688298481977192,0.0,0.29140690624014376,0.23250777965567526,0.2836656126981351,0.2960539221643226
荷兰AEX,0.6266459996260695,0.29943370862264806,0.37373644090246533,0.3197596323075273,0.29140690624014376,0.0,0.2370696244676431,0.33903272072365154,0.38990804815932967
Costa Rica Indice Accionario,0.23814581393257178,0.24399794097368077,0.24424669934464718,0.2395970290097925,0.23250777965567526,0.2370696244676431,0.0,0.23734775402602248,0.24410818272197715
加拿大多伦多S&P/TSX 综合指数,0.3296268006727644,0.287347377506192,0.38970883919221216,0.2915619488648731,0.2836656126981351,0.33903272072365154,0.23734775402602248,0.0,0.3656250863262795
S&P CLX IPSA,0.3885388334667564,0.2902807482843982,0.4042484180863696,0.31320865203227766,0.2960539221643226,0.38990804815932967,0.24410818272197715,0.3656250863262795,0.0
