,比利时BFX,日经225,墨西哥BOLSA,恒生指数,韩国综合指数,荷兰AEX,Costa Rica Indice Accionario,加拿大多伦多S&P/TSX 综合指数,S&P CLX IPSA
比利时BFX,0.0,0.31184634887276463,0.3147453128222729,0.2922898666285391,0.31650285040307,0.49239909908085894,0.2552218138159645,0.2980548489277488,0.28690305783901526
日经225,0.31184634887276463,0.0,0.2868373927172358,0.38193843886625745,0.3766230549980095,0.3152918978151448,0.23549100803030892,0.26725130203576486,0.26163379702929057
墨西哥BOLSA,0.3147453128222729,0.2868373927172358,0.0,0.2988153831249405,0.2997792361199004,0.3096281346473665,0.24492988865050044,0.35509161029196784,0.30346810464844737
恒生指数,0.2922898666285391,0.38193843886625745,0.2988153831249405,0.0,0.40202544824913095,0.3091063538368396,0.25258198188393377,0.2891616121989516,0.2912744294541439
韩国综合指数,0.31650285040307,0.3766230549980095,0.2997792361199004,0.40202544824913095,0.0,0.32223782971264003,0.24491386953897132,0.2875950155696238,0.28288760792360423
荷兰AEX,0.49239909908085894,0.3152918978151448,0.3096281346473665,0.3091063538368396,0.32223782971264003,0.0,0.2565469270213827,0.30957424741996686,0.30192686846309663
Costa Rica Indice Accionario,0.2552218138159645,0.23549100803030892,0.24492988865050044,0.25258198188393377,0.24491386953897132,0.2565469270213827,0.0,0.24540003014087614,0.24954012504236267
加拿大多伦多S&P/TSX 综合指数,0.2980548489277488,0.26725130203576486,0.35509161029196784,0.2891616121989516,0.2875950155696238,0.30957424741996686,0.24540003014087614,0.0,0.29064322739863907
S&P CLX IPSA,0.28690305783901526,0.26163379702929057,0.30346810464844737,0.2912744294541439,0.28288760792360423,0.30192686846309663,0.24954012504236267,0.29064322739863907,0.0
