,比利时BFX,日经225,墨西哥BOLSA,恒生指数,韩国综合指数,荷兰AEX,Costa Rica Indice Accionario,加拿大多伦多S&P/TSX 综合指数,S&P CLX IPSA
比利时BFX,0.0,0.31352532311840026,0.39074088092408465,0.3368533484664352,0.3028591861307899,0.6074328102936665,0.23520006630626164,0.34042598238231,0.3644910703015988
日经225,0.31352532311840026,0.0,0.2876407380348227,0.4240952818196278,0.4360372369252832,0.30796487330299205,0.22891622827978775,0.2822947468689528,0.2865553830720306
墨西哥BOLSA,0.39074088092408465,0.2876407380348227,0.0,0.3047355113596462,0.2778795577396688,0.36552206068739806,0.24439253405845807,0.3964624483048624,0.3725823710446044
恒生指数,0.3368533484664352,0.4240952818196278,0.3047355113596462,0.0,0.4532854361678506,0.32221073589976973,0.24030607444573257,0.288650517275606,0.3146449161301071
韩国综合指数,0.3028591861307899,0.4360372369252832,0.2778795577396688,0.4532854361678506,0.0,0.2980701062292433,0.2335948281336623,0.2850945229492727,0.2907901420845776
荷兰AEX,0.6074328102936665,0.30796487330299205,0.36552206068739806,0.32221073589976973,0.2980701062292433,0.0,0.23418365687469073,0.34435892785805894,0.3674512835614296
Costa Rica Indice Accionario,0.23520006630626164,0.22891622827978775,0.24439253405845807,0.24030607444573257,0.2335948281336623,0.23418365687469073,0.0,0.23390959582351306,0.24183549457057119
加拿大多伦多S&P/TSX 综合指数,0.34042598238231,0.2822947468689528,0.3964624483048624,0.288650517275606,0.2850945229492727,0.34435892785805894,0.23390959582351306,0.0,0.3613104890975748
S&P CLX IPSA,0.3644910703015988,0.2865553830720306,0.3725823710446044,0.3146449161301071,0.2907901420845776,0.3674512835614296,0.24183549457057119,0.3613104890975748,0.0
