,比利时BFX,日经225,墨西哥BOLSA,恒生指数,韩国综合指数,荷兰AEX,Costa Rica Indice Accionario,加拿大多伦多S&P/TSX 综合指数,S&P CLX IPSA
比利时BFX,0.0,0.313443738356597,0.306598258527936,0.30027499105398964,0.323028854257432,0.4974573405594968,0.2567425282829031,0.28702612735668304,0.286809217036304
日经225,0.313443738356597,0.0,0.28485135305095116,0.3744347689844724,0.37303973488549935,0.3126674983553224,0.23552884906260815,0.26094885736370943,0.263375410181696
墨西哥BOLSA,0.306598258527936,0.28485135305095116,0.0,0.29181120513775793,0.2956378735963496,0.306824144922415,0.242276440752514,0.3493748795497252,0.30420386146188444
恒生指数,0.30027499105398964,0.3744347689844724,0.29181120513775793,0.0,0.40018195761228353,0.3125989805437994,0.24955355508450017,0.2826502409455724,0.29357169841997194
韩国综合指数,0.323028854257432,0.37303973488549935,0.2956378735963496,0.40018195761228353,0.0,0.32146576421519896,0.2402578206017731,0.2784793567300468,0.28105971238823374
荷兰AEX,0.4974573405594968,0.3126674983553224,0.306824144922415,0.3125989805437994,0.32146576421519896,0.0,0.25948097444991564,0.29997982974368437,0.30417473408100404
Costa Rica Indice Accionario,0.2567425282829031,0.23552884906260815,0.242276440752514,0.24955355508450017,0.2402578206017731,0.25948097444991564,0.0,0.24462928178259025,0.24576167742573687
加拿大多伦多S&P/TSX 综合指数,0.28702612735668304,0.26094885736370943,0.3493748795497252,0.2826502409455724,0.2784793567300468,0.29997982974368437,0.24462928178259025,0.0,0.2892611368670728
S&P CLX IPSA,0.286809217036304,0.263375410181696,0.30420386146188444,0.29357169841997194,0.28105971238823374,0.30417473408100404,0.24576167742573687,0.2892611368670728,0.0
