,比利时BFX,日经225,墨西哥BOLSA,恒生指数,韩国综合指数,荷兰AEX,Costa Rica Indice Accionario,加拿大多伦多S&P/TSX 综合指数,S&P CLX IPSA
比利时BFX,0.0,0.2958528570010232,0.35340370184302883,0.3061972460111837,0.3035055522296545,0.5618207754995836,0.23716832168752933,0.3181221652817155,0.32948934636548494
日经225,0.2958528570010232,0.0,0.29495741945620685,0.3951697069181701,0.39136634843578594,0.29277755350684137,0.22785699320434524,0.27129252217084315,0.26339060330642755
墨西哥BOLSA,0.35340370184302883,0.29495741945620685,0.0,0.30377936260399135,0.2950403244390858,0.33310467072015815,0.24911980953139407,0.3838688582186288,0.3283601746543056
恒生指数,0.3061972460111837,0.3951697069181701,0.30377936260399135,0.0,0.43079481825814664,0.3021296504394273,0.24035888064807906,0.28223424665574404,0.30790544932900316
韩国综合指数,0.3035055522296545,0.39136634843578594,0.2950403244390858,0.43079481825814664,0.0,0.29936388239607997,0.23538427606974308,0.28523844139021703,0.28643459464050974
荷兰AEX,0.5618207754995836,0.29277755350684137,0.33310467072015815,0.3021296504394273,0.29936388239607997,0.0,0.2359880031465893,0.3264392669173197,0.3404715745795994
Costa Rica Indice Accionario,0.23716832168752933,0.22785699320434524,0.24911980953139407,0.24035888064807906,0.23538427606974308,0.2359880031465893,0.0,0.23514714741978093,0.2477081530253305
加拿大多伦多S&P/TSX 综合指数,0.3181221652817155,0.27129252217084315,0.3838688582186288,0.28223424665574404,0.28523844139021703,0.3264392669173197,0.23514714741978093,0.0,0.3158981848531052
S&P CLX IPSA,0.32948934636548494,0.26339060330642755,0.3283601746543056,0.30790544932900316,0.28643459464050974,0.3404715745795994,0.2477081530253305,0.3158981848531052,0.0
