,比利时BFX,日经225,墨西哥BOLSA,恒生指数,韩国综合指数,荷兰AEX,Costa Rica Indice Accionario,加拿大多伦多S&P/TSX 综合指数,S&P CLX IPSA
比利时BFX,0.0,0.3123279716839677,0.38181122980823057,0.3372722668762203,0.30923044250921866,0.6026121128934037,0.23648954633815156,0.3354305913313144,0.35472019976066566
日经225,0.3123279716839677,0.0,0.2869494336327215,0.42061335589168614,0.4284380533089411,0.3100788595839689,0.2291605908230139,0.2817264367648825,0.281033954785057
墨西哥BOLSA,0.38181122980823057,0.2869494336327215,0.0,0.3031285261468605,0.2751332337781866,0.3626798613530543,0.24491811546924583,0.39929559408949417,0.37084621366205756
恒生指数,0.3372722668762203,0.42061335589168614,0.3031285261468605,0.0,0.46006903368804863,0.3280086430540984,0.24018456642017538,0.28845810557995155,0.3213865410007842
韩国综合指数,0.30923044250921866,0.4284380533089411,0.2751332337781866,0.46006903368804863,0.0,0.30676620273966015,0.23381092947763066,0.284556131923366,0.2900358880600839
荷兰AEX,0.6026121128934037,0.3100788595839689,0.3626798613530543,0.3280086430540984,0.30676620273966015,0.0,0.23520258610151035,0.33938131194968457,0.3601875934455076
Costa Rica Indice Accionario,0.23648954633815156,0.2291605908230139,0.24491811546924583,0.24018456642017538,0.23381092947763066,0.23520258610151035,0.0,0.23479126302372202,0.2425257383862646
加拿大多伦多S&P/TSX 综合指数,0.3354305913313144,0.2817264367648825,0.39929559408949417,0.28845810557995155,0.284556131923366,0.33938131194968457,0.23479126302372202,0.0,0.3598884807466991
S&P CLX IPSA,0.35472019976066566,0.281033954785057,0.37084621366205756,0.3213865410007842,0.2900358880600839,0.3601875934455076,0.2425257383862646,0.3598884807466991,0.0
