,比利时BFX,日经225,墨西哥BOLSA,恒生指数,韩国综合指数,荷兰AEX,Costa Rica Indice Accionario,加拿大多伦多S&P/TSX 综合指数,S&P CLX IPSA
比利时BFX,0.0,0.3143502051880868,0.38963191083495663,0.33773738973795275,0.3039761237046526,0.6075643717018006,0.23516697169324177,0.3398913118640889,0.3633375938732213
日经225,0.3143502051880868,0.0,0.28732411374700256,0.4214571138814716,0.43525509469657864,0.3091039678492845,0.22854412964387147,0.2813123722471449,0.2867000147718987
墨西哥BOLSA,0.38963191083495663,0.28732411374700256,0.0,0.30306173192523667,0.27654319246054515,0.36458654359543236,0.2443494328347852,0.3936333732029908,0.3701590617531591
恒生指数,0.33773738973795275,0.4214571138814716,0.30306173192523667,0.0,0.44989059342937754,0.3237489394503411,0.23993466193374793,0.28787375969185297,0.31730058709434755
韩国综合指数,0.3039761237046526,0.43525509469657864,0.27654319246054515,0.44989059342937754,0.0,0.2996781590969114,0.23336159401605752,0.2852117826137095,0.2905234746842656
荷兰AEX,0.6075643717018006,0.3091039678492845,0.36458654359543236,0.3237489394503411,0.2996781590969114,0.0,0.2341828709335844,0.34507947800152333,0.3669270624180317
Costa Rica Indice Accionario,0.23516697169324177,0.22854412964387147,0.2443494328347852,0.23993466193374793,0.23336159401605752,0.2341828709335844,0.0,0.2337499510503254,0.24178584356775826
加拿大多伦多S&P/TSX 综合指数,0.3398913118640889,0.2813123722471449,0.3936333732029908,0.28787375969185297,0.2852117826137095,0.34507947800152333,0.2337499510503254,0.0,0.36118467202460336
S&P CLX IPSA,0.3633375938732213,0.2867000147718987,0.3701590617531591,0.31730058709434755,0.2905234746842656,0.3669270624180317,0.24178584356775826,0.36118467202460336,0.0
