,比利时BFX,日经225,墨西哥BOLSA,恒生指数,韩国综合指数,荷兰AEX,Costa Rica Indice Accionario,加拿大多伦多S&P/TSX 综合指数,S&P CLX IPSA
比利时BFX,0.0,0.3120764421526788,0.3511660278205533,0.3241546304694265,0.3171788389659908,0.5764070845208261,0.23699193780868835,0.3272664058704937,0.3379658595114896
日经225,0.3120764421526788,0.0,0.297688325720388,0.40981731415075906,0.4059574491267542,0.30984672267726404,0.22784173154519788,0.28296372275858234,0.27984257494510234
墨西哥BOLSA,0.3511660278205533,0.297688325720388,0.0,0.3049467940337154,0.2934335732396241,0.33066951922372384,0.2502799445304172,0.39476582484762357,0.32947670532257994
恒生指数,0.3241546304694265,0.40981731415075906,0.3049467940337154,0.0,0.44653172244905615,0.32164413212333387,0.239763113130027,0.29360101614257833,0.3182291537945786
韩国综合指数,0.3171788389659908,0.4059574491267542,0.2934335732396241,0.44653172244905615,0.0,0.31449978130036993,0.2346536155044048,0.29309099901066554,0.2952390839172868
荷兰AEX,0.5764070845208261,0.30984672267726404,0.33066951922372384,0.32164413212333387,0.31449978130036993,0.0,0.2358850702842288,0.33350891332166066,0.3431522061248249
Costa Rica Indice Accionario,0.23699193780868835,0.22784173154519788,0.2502799445304172,0.239763113130027,0.2346536155044048,0.2358850702842288,0.0,0.2360441167293605,0.24846263183901818
加拿大多伦多S&P/TSX 综合指数,0.3272664058704937,0.28296372275858234,0.39476582484762357,0.29360101614257833,0.29309099901066554,0.33350891332166066,0.2360441167293605,0.0,0.33303212523662434
S&P CLX IPSA,0.3379658595114896,0.27984257494510234,0.32947670532257994,0.3182291537945786,0.2952390839172868,0.3431522061248249,0.24846263183901818,0.33303212523662434,0.0
