,比利时BFX,日经225,墨西哥BOLSA,恒生指数,韩国综合指数,荷兰AEX,Costa Rica Indice Accionario,加拿大多伦多S&P/TSX 综合指数,S&P CLX IPSA
比利时BFX,0.0,0.31436772056039625,0.3896897367925869,0.33848758927572953,0.3040190559606389,0.6078009054388237,0.23519563789961223,0.34000658789506893,0.36470139311788474
日经225,0.31436772056039625,0.0,0.28751253648172653,0.4232292170196229,0.43590318796859506,0.3090536019409732,0.22874884196489234,0.2817278353910939,0.2866007816712256
墨西哥BOLSA,0.3896897367925869,0.28751253648172653,0.0,0.30339371452009006,0.27673130375044586,0.36458885681256886,0.24441616118425555,0.393750485105083,0.3710113150740288
恒生指数,0.33848758927572953,0.4232292170196229,0.30339371452009006,0.0,0.45229531554950997,0.3238007298426709,0.2401549853350454,0.2879420429045887,0.3149445256664414
韩国综合指数,0.3040190559606389,0.43590318796859506,0.27673130375044586,0.45229531554950997,0.0,0.29969609571803324,0.23352482468051855,0.28560992923296724,0.29070229330212416
荷兰AEX,0.6078009054388237,0.3090536019409732,0.36458885681256886,0.3238007298426709,0.29969609571803324,0.0,0.23421699758916867,0.3450096549161284,0.36750724619058717
Costa Rica Indice Accionario,0.23519563789961223,0.22874884196489234,0.24441616118425555,0.2401549853350454,0.23352482468051855,0.23421699758916867,0.0,0.23387836956251298,0.24184053445840745
加拿大多伦多S&P/TSX 综合指数,0.34000658789506893,0.2817278353910939,0.393750485105083,0.2879420429045887,0.28560992923296724,0.3450096549161284,0.23387836956251298,0.0,0.3610798018981088
S&P CLX IPSA,0.36470139311788474,0.2866007816712256,0.3710113150740288,0.3149445256664414,0.29070229330212416,0.36750724619058717,0.24184053445840745,0.3610798018981088,0.0
