,比利时BFX,日经225,墨西哥BOLSA,恒生指数,韩国综合指数,荷兰AEX,Costa Rica Indice Accionario,加拿大多伦多S&P/TSX 综合指数,S&P CLX IPSA
比利时BFX,0.0,0.2981272770618124,0.3572279241733391,0.30777401468497967,0.3068297873175664,0.5606699576355912,0.237239935231639,0.32161458200745424,0.3322847953452269
日经225,0.2981272770618124,0.0,0.29232666482351155,0.39298121233675,0.3875277553113136,0.29633223437561995,0.22755760682566448,0.2678619149516863,0.2612739781321384
墨西哥BOLSA,0.3572279241733391,0.29232666482351155,0.0,0.3018764255396544,0.2913962407575571,0.3374035112904505,0.2489304912500394,0.3803251900464886,0.3258389592996283
恒生指数,0.30777401468497967,0.39298121233675,0.3018764255396544,0.0,0.4292244267252005,0.30412496159448005,0.24020163400738775,0.2799856007092179,0.3061410796603425
韩国综合指数,0.3068297873175664,0.3875277553113136,0.2913962407575571,0.4292244267252005,0.0,0.30347080219063605,0.2350142349561721,0.2807962485572454,0.28317682122352833
荷兰AEX,0.5606699576355912,0.29633223437561995,0.3374035112904505,0.30412496159448005,0.30347080219063605,0.0,0.23607432826329516,0.33108762979716366,0.3447492096623089
Costa Rica Indice Accionario,0.237239935231639,0.22755760682566448,0.2489304912500394,0.24020163400738775,0.2350142349561721,0.23607432826329516,0.0,0.23480911095468146,0.2475164158718966
加拿大多伦多S&P/TSX 综合指数,0.32161458200745424,0.2678619149516863,0.3803251900464886,0.2799856007092179,0.2807962485572454,0.33108762979716366,0.23480911095468146,0.0,0.31270517017620897
S&P CLX IPSA,0.3322847953452269,0.2612739781321384,0.3258389592996283,0.3061410796603425,0.28317682122352833,0.3447492096623089,0.2475164158718966,0.31270517017620897,0.0
