,比利时BFX,日经225,墨西哥BOLSA,恒生指数,韩国综合指数,荷兰AEX,Costa Rica Indice Accionario,加拿大多伦多S&P/TSX 综合指数,S&P CLX IPSA
比利时BFX,0.0,0.3145044829010325,0.29811303973791303,0.3014078431882311,0.3256255528278196,0.4922848211091995,0.25501651177681606,0.2861403804586101,0.28953569564859694
日经225,0.3145044829010325,0.0,0.28438047865387245,0.37720633673314496,0.37358499779607096,0.31332521216667325,0.23438319412108088,0.2594483956260593,0.2629873267807735
墨西哥BOLSA,0.29811303973791303,0.28438047865387245,0.0,0.29218480285216525,0.29522358571612173,0.30263147734830165,0.24356421622409402,0.3451916362587198,0.2991806889173762
恒生指数,0.3014078431882311,0.37720633673314496,0.29218480285216525,0.0,0.3999448931168178,0.31379706313380706,0.24523279413803542,0.2870745756907749,0.29799786766333075
韩国综合指数,0.3256255528278196,0.37358499779607096,0.29522358571612173,0.3999448931168178,0.0,0.3221205365106595,0.23884384091489289,0.2800250654309951,0.28201863274355177
荷兰AEX,0.4922848211091995,0.31332521216667325,0.30263147734830165,0.31379706313380706,0.3221205365106595,0.0,0.2579733043861142,0.2973191972936588,0.30583067252462265
Costa Rica Indice Accionario,0.25501651177681606,0.23438319412108088,0.24356421622409402,0.24523279413803542,0.23884384091489289,0.2579733043861142,0.0,0.24350779196869687,0.2456400515363149
加拿大多伦多S&P/TSX 综合指数,0.2861403804586101,0.2594483956260593,0.3451916362587198,0.2870745756907749,0.2800250654309951,0.2973191972936588,0.24350779196869687,0.0,0.2857733152890318
S&P CLX IPSA,0.28953569564859694,0.2629873267807735,0.2991806889173762,0.29799786766333075,0.28201863274355177,0.30583067252462265,0.2456400515363149,0.2857733152890318,0.0
