,比利时BFX,日经225,墨西哥BOLSA,恒生指数,韩国综合指数,荷兰AEX,Costa Rica Indice Accionario,加拿大多伦多S&P/TSX 综合指数,S&P CLX IPSA
比利时BFX,0.0,0.312858264015969,0.2983581854776879,0.30377703876582984,0.3266136484794183,0.4939991242710376,0.25474403813144114,0.28832973123529276,0.29086349685283297
日经225,0.312858264015969,0.0,0.2824490151169404,0.37712096975854487,0.3712230449693562,0.3114352145504747,0.23481536289686547,0.2620956747219982,0.2639123535542824
墨西哥BOLSA,0.2983581854776879,0.2824490151169404,0.0,0.29406024652560797,0.2973587148684819,0.30089053378847,0.2442411887683603,0.3516342014763564,0.29916692279632934
恒生指数,0.30377703876582984,0.37712096975854487,0.29406024652560797,0.0,0.3961433485980612,0.3132553140964034,0.24558456694038455,0.28871708036383403,0.2956079680232199
韩国综合指数,0.3266136484794183,0.3712230449693562,0.2973587148684819,0.3961433485980612,0.0,0.3191800605000526,0.2396165320123113,0.28215121545079314,0.2816426971651939
荷兰AEX,0.4939991242710376,0.3114352145504747,0.30089053378847,0.3132553140964034,0.3191800605000526,0.0,0.2566556453124979,0.29797102590348146,0.3044207038570966
Costa Rica Indice Accionario,0.25474403813144114,0.23481536289686547,0.2442411887683603,0.24558456694038455,0.2396165320123113,0.2566556453124979,0.0,0.24217940049950526,0.24508959278039674
加拿大多伦多S&P/TSX 综合指数,0.28832973123529276,0.2620956747219982,0.3516342014763564,0.28871708036383403,0.28215121545079314,0.29797102590348146,0.24217940049950526,0.0,0.2871856845755223
S&P CLX IPSA,0.29086349685283297,0.2639123535542824,0.29916692279632934,0.2956079680232199,0.2816426971651939,0.3044207038570966,0.24508959278039674,0.2871856845755223,0.0
