,比利时BFX,日经225,墨西哥BOLSA,恒生指数,韩国综合指数,荷兰AEX,Costa Rica Indice Accionario,加拿大多伦多S&P/TSX 综合指数,S&P CLX IPSA
比利时BFX,0.0,0.30942585829297464,0.40408400335678746,0.3394154448641812,0.3030175684889695,0.6196289622267781,0.23795200271533992,0.34070776977599154,0.3890205341612762
日经225,0.30942585829297464,0.0,0.2824947622646595,0.4284544498461779,0.45640219979407287,0.30428780430759444,0.24454791884295438,0.28636788034333704,0.2968932605582895
墨西哥BOLSA,0.40408400335678746,0.2824947622646595,0.0,0.3103068248755783,0.27655275527224066,0.37603662935361754,0.24321485508264357,0.39638349328315775,0.39971402928463007
恒生指数,0.3394154448641812,0.4284544498461779,0.3103068248755783,0.0,0.45927256108066483,0.3257820765381614,0.24305921906829808,0.2956471031689421,0.3210437752962934
韩国综合指数,0.3030175684889695,0.45640219979407287,0.27655275527224066,0.45927256108066483,0.0,0.29691488846888575,0.23743853779430046,0.2853859939440491,0.2975401687076438
荷兰AEX,0.6196289622267781,0.30428780430759444,0.37603662935361754,0.3257820765381614,0.29691488846888575,0.0,0.237990578432034,0.34394810696513534,0.38081101668152284
Costa Rica Indice Accionario,0.23795200271533992,0.24454791884295438,0.24321485508264357,0.24305921906829808,0.23743853779430046,0.237990578432034,0.0,0.23760728677212445,0.24017845330928567
加拿大多伦多S&P/TSX 综合指数,0.34070776977599154,0.28636788034333704,0.39638349328315775,0.2956471031689421,0.2853859939440491,0.34394810696513534,0.23760728677212445,0.0,0.37354138777989854
S&P CLX IPSA,0.3890205341612762,0.2968932605582895,0.39971402928463007,0.3210437752962934,0.2975401687076438,0.38081101668152284,0.24017845330928567,0.37354138777989854,0.0
