,比利时BFX,日经225,墨西哥BOLSA,恒生指数,韩国综合指数,荷兰AEX,Costa Rica Indice Accionario,加拿大多伦多S&P/TSX 综合指数,S&P CLX IPSA
比利时BFX,0.0,0.3008944962426874,0.40228499468553125,0.3293762591085985,0.2957672544975413,0.6226668919428784,0.23933828291775733,0.32910313516950346,0.3837500190811091
日经225,0.3008944962426874,0.0,0.27960591392245515,0.41679774988650353,0.45000663210217634,0.2939708005658997,0.244675348422717,0.28302680007468733,0.2850783578031613
墨西哥BOLSA,0.40228499468553125,0.27960591392245515,0.0,0.3069974502061029,0.2718883768528784,0.37809419420194706,0.24405836931471458,0.39569553770506405,0.4051567909826086
恒生指数,0.3293762591085985,0.41679774988650353,0.3069974502061029,0.0,0.4667754506308269,0.31889199445875277,0.23904384449458133,0.29043070756257333,0.31305897959373596
韩国综合指数,0.2957672544975413,0.45000663210217634,0.2718883768528784,0.4667754506308269,0.0,0.28486629944043784,0.23373218136913831,0.2810306686218762,0.29266959818198646
荷兰AEX,0.6226668919428784,0.2939708005658997,0.37809419420194706,0.31889199445875277,0.28486629944043784,0.0,0.23898629138470204,0.3378698691347396,0.38565688824198724
Costa Rica Indice Accionario,0.23933828291775733,0.244675348422717,0.24405836931471458,0.23904384449458133,0.23373218136913831,0.23898629138470204,0.0,0.23795430204638554,0.2453546814028788
加拿大多伦多S&P/TSX 综合指数,0.32910313516950346,0.28302680007468733,0.39569553770506405,0.29043070756257333,0.2810306686218762,0.3378698691347396,0.23795430204638554,0.0,0.3648266014317319
S&P CLX IPSA,0.3837500190811091,0.2850783578031613,0.4051567909826086,0.31305897959373596,0.29266959818198646,0.38565688824198724,0.2453546814028788,0.3648266014317319,0.0
