,比利时BFX,日经225,墨西哥BOLSA,恒生指数,韩国综合指数,荷兰AEX,Costa Rica Indice Accionario,加拿大多伦多S&P/TSX 综合指数,S&P CLX IPSA
比利时BFX,0.0,0.3111935816873361,0.3705803653305317,0.33259011900251517,0.3080879977182362,0.5968200098381069,0.23651540271996382,0.33073179915179796,0.35168134432067877
日经225,0.3111935816873361,0.0,0.2947747275441296,0.4172937870571725,0.42028160544089105,0.30960912029776055,0.22789710224609921,0.2868572194751475,0.2847167457805213
墨西哥BOLSA,0.3705803653305317,0.2947747275441296,0.0,0.3114748798689437,0.280706204244126,0.3538779223607536,0.24609058008703075,0.4019032942679592,0.36425074194353524
恒生指数,0.33259011900251517,0.4172937870571725,0.3114748798689437,0.0,0.4539013009100437,0.3284924841853672,0.23981094927805469,0.29961046438583383,0.32378068016814077
韩国综合指数,0.3080879977182362,0.42028160544089105,0.280706204244126,0.4539013009100437,0.0,0.30601336734999457,0.23263249699055646,0.29258963491999995,0.2946337284619355
荷兰AEX,0.5968200098381069,0.30960912029776055,0.3538779223607536,0.3284924841853672,0.30601336734999457,0.0,0.23568542426189745,0.33989827720190285,0.3593045340171591
Costa Rica Indice Accionario,0.23651540271996382,0.22789710224609921,0.24609058008703075,0.23981094927805469,0.23263249699055646,0.23568542426189745,0.0,0.23461737309462524,0.24336982761565296
加拿大多伦多S&P/TSX 综合指数,0.33073179915179796,0.2868572194751475,0.4019032942679592,0.29961046438583383,0.29258963491999995,0.33989827720190285,0.23461737309462524,0.0,0.35750853520842785
S&P CLX IPSA,0.35168134432067877,0.2847167457805213,0.36425074194353524,0.32378068016814077,0.2946337284619355,0.3593045340171591,0.24336982761565296,0.35750853520842785,0.0
