,比利时BFX,日经225,墨西哥BOLSA,恒生指数,韩国综合指数,荷兰AEX,Costa Rica Indice Accionario,加拿大多伦多S&P/TSX 综合指数,S&P CLX IPSA
比利时BFX,0.0,0.3052365329739179,0.40399974296081315,0.330679780148549,0.29597329303849834,0.6353299363096685,0.22810899451183714,0.33732866160028274,0.3852403230218539
日经225,0.3052365329739179,0.0,0.2787312336363793,0.41221968552197885,0.4728220892008401,0.3030659151602,0.25336915315896663,0.28574711670952346,0.2931062133049104
墨西哥BOLSA,0.40399974296081315,0.2787312336363793,0.0,0.30557646137771105,0.27052388160355795,0.3828166977951869,0.23972876707352814,0.39797029006804535,0.4181827057231428
恒生指数,0.330679780148549,0.41221968552197885,0.30557646137771105,0.0,0.4531784113350351,0.3188227276880178,0.24651504354960876,0.28905106895584237,0.3179337952410487
韩国综合指数,0.29597329303849834,0.4728220892008401,0.27052388160355795,0.4531784113350351,0.0,0.2867814504847996,0.25063075025763715,0.2803340858158499,0.30286698430023135
荷兰AEX,0.6353299363096685,0.3030659151602,0.3828166977951869,0.3188227276880178,0.2867814504847996,0.0,0.23018414404534615,0.3485389907018829,0.38736800871319704
Costa Rica Indice Accionario,0.22810899451183714,0.25336915315896663,0.23972876707352814,0.24651504354960876,0.25063075025763715,0.23018414404534615,0.0,0.2389690841743677,0.24517756298172505
加拿大多伦多S&P/TSX 综合指数,0.33732866160028274,0.28574711670952346,0.39797029006804535,0.28905106895584237,0.2803340858158499,0.3485389907018829,0.2389690841743677,0.0,0.38795744549131583
S&P CLX IPSA,0.3852403230218539,0.2931062133049104,0.4181827057231428,0.3179337952410487,0.30286698430023135,0.38736800871319704,0.24517756298172505,0.38795744549131583,0.0
