,比利时BFX,日经225,墨西哥BOLSA,恒生指数,韩国综合指数,荷兰AEX,Costa Rica Indice Accionario,加拿大多伦多S&P/TSX 综合指数,S&P CLX IPSA
比利时BFX,0.0,0.3111375875554955,0.38395131958766965,0.33602040754014534,0.3068464104629882,0.6066321617508373,0.2363993801475993,0.33951382405390845,0.3551054271289013
日经225,0.3111375875554955,0.0,0.28725601372359577,0.42331568460912605,0.42711416570277777,0.30947215706717435,0.22910775088292898,0.28112191756707355,0.2808135900487088
墨西哥BOLSA,0.38395131958766965,0.28725601372359577,0.0,0.3029209847263531,0.27459248723564295,0.3648446535413941,0.2448020289431461,0.40129645521883733,0.37152921362447544
恒生指数,0.33602040754014534,0.42331568460912605,0.3029209847263531,0.0,0.46109088012994875,0.3266922717314054,0.24017882624910405,0.28802905167618387,0.3213543504355517
韩国综合指数,0.3068464104629882,0.42711416570277777,0.27459248723564295,0.46109088012994875,0.0,0.30461254937991394,0.23385513190553084,0.2829358369862336,0.28946880335935615
荷兰AEX,0.6066321617508373,0.30947215706717435,0.3648446535413941,0.3266922717314054,0.30461254937991394,0.0,0.23512181227468276,0.3438106151583953,0.3604973200557093
Costa Rica Indice Accionario,0.2363993801475993,0.22910775088292898,0.2448020289431461,0.24017882624910405,0.23385513190553084,0.23512181227468276,0.0,0.23471854524083868,0.24247737660511376
加拿大多伦多S&P/TSX 综合指数,0.33951382405390845,0.28112191756707355,0.40129645521883733,0.28802905167618387,0.2829358369862336,0.3438106151583953,0.23471854524083868,0.0,0.3602990319382365
S&P CLX IPSA,0.3551054271289013,0.2808135900487088,0.37152921362447544,0.3213543504355517,0.28946880335935615,0.3604973200557093,0.24247737660511376,0.3602990319382365,0.0
