,比利时BFX,日经225,墨西哥BOLSA,恒生指数,韩国综合指数,荷兰AEX,Costa Rica Indice Accionario,加拿大多伦多S&P/TSX 综合指数,S&P CLX IPSA
比利时BFX,0.0,0.3109662243731439,0.3842683238270887,0.33649181127558414,0.3075990346460426,0.6028024824936719,0.23654006695648086,0.33755003969295855,0.3548262043442283
日经225,0.3109662243731439,0.0,0.2903038896898763,0.415093535710366,0.42095847481935167,0.3101798730221102,0.22927543438145134,0.2859055350286057,0.28198508553106133
墨西哥BOLSA,0.3842683238270887,0.2903038896898763,0.0,0.30863241480906617,0.27879038436324977,0.3633229827188321,0.24469430779656237,0.39796321174389315,0.3709997248803158
恒生指数,0.33649181127558414,0.415093535710366,0.30863241480906617,0.0,0.4531672477936604,0.3286510217705838,0.24040549918629225,0.2945423190512515,0.3247609367854585
韩国综合指数,0.3075990346460426,0.42095847481935167,0.27879038436324977,0.4531672477936604,0.0,0.30619822770540417,0.23389360429879846,0.2897305055184811,0.29183789527660375
荷兰AEX,0.6028024824936719,0.3101798730221102,0.3633229827188321,0.3286510217705838,0.30619822770540417,0.0,0.23523382468906007,0.3402256330922588,0.35970836645706766
Costa Rica Indice Accionario,0.23654006695648086,0.22927543438145134,0.24469430779656237,0.24040549918629225,0.23389360429879846,0.23523382468906007,0.0,0.23447353266216917,0.24238336079317477
加拿大多伦多S&P/TSX 综合指数,0.33755003969295855,0.2859055350286057,0.39796321174389315,0.2945423190512515,0.2897305055184811,0.3402256330922588,0.23447353266216917,0.0,0.3597299110740187
S&P CLX IPSA,0.3548262043442283,0.28198508553106133,0.3709997248803158,0.3247609367854585,0.29183789527660375,0.35970836645706766,0.24238336079317477,0.3597299110740187,0.0
