,比利时BFX,日经225,墨西哥BOLSA,恒生指数,韩国综合指数,荷兰AEX,Costa Rica Indice Accionario,加拿大多伦多S&P/TSX 综合指数,S&P CLX IPSA
比利时BFX,0.0,0.30534354449809625,0.40288846203607237,0.3334958301017953,0.30051147870962674,0.6274376499351441,0.2375213418568942,0.33520129548862077,0.3953121710087905
日经225,0.30534354449809625,0.0,0.28006476019756443,0.425192969937783,0.4554832491886574,0.2992121780018572,0.24166154170538023,0.2862021021133255,0.29427988386634596
墨西哥BOLSA,0.40288846203607237,0.28006476019756443,0.0,0.30553035421260955,0.27409875752231333,0.3763115422428979,0.242842290058765,0.39284656891008873,0.4060529445045204
恒生指数,0.3334958301017953,0.425192969937783,0.30553035421260955,0.0,0.4646049240059246,0.32189690912288116,0.24277455372054085,0.2927818932362393,0.3190911317853539
韩国综合指数,0.30051147870962674,0.4554832491886574,0.27409875752231333,0.4646049240059246,0.0,0.29387147233187666,0.2338857609895456,0.28370150201182576,0.2999306158234312
荷兰AEX,0.6274376499351441,0.2992121780018572,0.3763115422428979,0.32189690912288116,0.29387147233187666,0.0,0.2366336141050911,0.3422578357828129,0.3953199756153474
Costa Rica Indice Accionario,0.2375213418568942,0.24166154170538023,0.242842290058765,0.24277455372054085,0.2338857609895456,0.2366336141050911,0.0,0.23576467859102676,0.2415500096592547
加拿大多伦多S&P/TSX 综合指数,0.33520129548862077,0.2862021021133255,0.39284656891008873,0.2927818932362393,0.28370150201182576,0.3422578357828129,0.23576467859102676,0.0,0.3714713037656209
S&P CLX IPSA,0.3953121710087905,0.29427988386634596,0.4060529445045204,0.3190911317853539,0.2999306158234312,0.3953199756153474,0.2415500096592547,0.3714713037656209,0.0
