,比利时BFX,日经225,墨西哥BOLSA,恒生指数,韩国综合指数,荷兰AEX,Costa Rica Indice Accionario,加拿大多伦多S&P/TSX 综合指数,S&P CLX IPSA
比利时BFX,0.0,0.3104790504799152,0.31513047078067724,0.2961246640056693,0.3188743381371519,0.49981994442569616,0.25917972982547716,0.29434355390180844,0.2924692856025326
日经225,0.3104790504799152,0.0,0.28769304684254715,0.37570560640037004,0.3705971226115262,0.3116126638890183,0.23662480093711225,0.26342736130104955,0.26283411302905424
墨西哥BOLSA,0.31513047078067724,0.28769304684254715,0.0,0.2987127534129574,0.3031266811884237,0.31407695895653465,0.24494860932184212,0.35521931494029685,0.30758929831814547
恒生指数,0.2961246640056693,0.37570560640037004,0.2987127534129574,0.0,0.3998963891432375,0.31244728487146817,0.2516412570401479,0.28613087684333527,0.29401762752487837
韩国综合指数,0.3188743381371519,0.3705971226115262,0.3031266811884237,0.3998963891432375,0.0,0.32031490760345793,0.24529796855526875,0.28619781768668817,0.28625564634757766
荷兰AEX,0.49981994442569616,0.3116126638890183,0.31407695895653465,0.31244728487146817,0.32031490760345793,0.0,0.25636303798733534,0.3053835117572184,0.30775642085247107
Costa Rica Indice Accionario,0.25917972982547716,0.23662480093711225,0.24494860932184212,0.2516412570401479,0.24529796855526875,0.25636303798733534,0.0,0.24323119237573007,0.25084593718071047
加拿大多伦多S&P/TSX 综合指数,0.29434355390180844,0.26342736130104955,0.35521931494029685,0.28613087684333527,0.28619781768668817,0.3053835117572184,0.24323119237573007,0.0,0.29279153049777085
S&P CLX IPSA,0.2924692856025326,0.26283411302905424,0.30758929831814547,0.29401762752487837,0.28625564634757766,0.30775642085247107,0.25084593718071047,0.29279153049777085,0.0
