,比利时BFX,日经225,墨西哥BOLSA,恒生指数,韩国综合指数,荷兰AEX,Costa Rica Indice Accionario,加拿大多伦多S&P/TSX 综合指数,S&P CLX IPSA
比利时BFX,0.0,0.31352941185266353,0.3647678170621552,0.32821357870931267,0.3147074100056068,0.5833047529732521,0.23683970936503032,0.33499549549783675,0.34684156762291546
日经225,0.31352941185266353,0.0,0.29786564432513385,0.4105811496124366,0.404968682891439,0.31133435893426376,0.22785265489318088,0.28453709216780504,0.2826848406313903
墨西哥BOLSA,0.3647678170621552,0.29786564432513385,0.0,0.30623186945973957,0.2871705308184266,0.34394504779412816,0.24970797955126686,0.4058745501643761,0.3476432731202439
恒生指数,0.32821357870931267,0.4105811496124366,0.30623186945973957,0.0,0.4400459285232901,0.3257969084694187,0.23990539979826106,0.2945551626801373,0.32409650965715525
韩国综合指数,0.3147074100056068,0.404968682891439,0.2871705308184266,0.4400459285232901,0.0,0.31230801122185076,0.2347704151328296,0.29000756393017874,0.2951158589217979
荷兰AEX,0.5833047529732521,0.31133435893426376,0.34394504779412816,0.3257969084694187,0.31230801122185076,0.0,0.2357560373378144,0.3414958701550474,0.35200564681206237
Costa Rica Indice Accionario,0.23683970936503032,0.22785265489318088,0.24970797955126686,0.23990539979826106,0.2347704151328296,0.2357560373378144,0.0,0.2359487960664827,0.24778353023217636
加拿大多伦多S&P/TSX 综合指数,0.33499549549783675,0.28453709216780504,0.4058745501643761,0.2945551626801373,0.29000756393017874,0.3414958701550474,0.2359487960664827,0.0,0.3429552262103541
S&P CLX IPSA,0.34684156762291546,0.2826848406313903,0.3476432731202439,0.32409650965715525,0.2951158589217979,0.35200564681206237,0.24778353023217636,0.3429552262103541,0.0
