,比利时BFX,日经225,墨西哥BOLSA,恒生指数,韩国综合指数,荷兰AEX,Costa Rica Indice Accionario,加拿大多伦多S&P/TSX 综合指数,S&P CLX IPSA
比利时BFX,0.0,0.32196342032227365,0.2952985875094091,0.30885985643453195,0.326289573315559,0.5012465295338007,0.2540985547728699,0.293101668995923,0.2879846341024974
日经225,0.32196342032227365,0.0,0.288557600548841,0.387255139110038,0.3785426941649831,0.31222757509841625,0.23395956049025518,0.27384254115788725,0.2599005888415681
墨西哥BOLSA,0.2952985875094091,0.288557600548841,0.0,0.2869611075084876,0.29403835326558675,0.3103408311721967,0.24213036682224276,0.34799733890466344,0.2952107919464236
恒生指数,0.30885985643453195,0.387255139110038,0.2869611075084876,0.0,0.3931577624129907,0.3054630150320101,0.24640980459553496,0.2908642408096121,0.2877468169102979
韩国综合指数,0.326289573315559,0.3785426941649831,0.29403835326558675,0.3931577624129907,0.0,0.31107718453254,0.23861507534217538,0.288944281824284,0.27969245299083395
荷兰AEX,0.5012465295338007,0.31222757509841625,0.3103408311721967,0.3054630150320101,0.31107718453254,0.0,0.2556777421449345,0.30205366599792566,0.306169565005915
Costa Rica Indice Accionario,0.2540985547728699,0.23395956049025518,0.24213036682224276,0.24640980459553496,0.23861507534217538,0.2556777421449345,0.0,0.24032173930374254,0.24336310234318156
加拿大多伦多S&P/TSX 综合指数,0.293101668995923,0.27384254115788725,0.34799733890466344,0.2908642408096121,0.288944281824284,0.30205366599792566,0.24032173930374254,0.0,0.29185858810747095
S&P CLX IPSA,0.2879846341024974,0.2599005888415681,0.2952107919464236,0.2877468169102979,0.27969245299083395,0.306169565005915,0.24336310234318156,0.29185858810747095,0.0
