,比利时BFX,日经225,墨西哥BOLSA,恒生指数,韩国综合指数,荷兰AEX,Costa Rica Indice Accionario,加拿大多伦多S&P/TSX 综合指数,S&P CLX IPSA
比利时BFX,0.0,0.31013145337776454,0.3120175189392441,0.3001484409669433,0.31743932106878264,0.5037884102512405,0.25928233700187514,0.2973482480060811,0.2931744014326738
日经225,0.31013145337776454,0.0,0.28688600503259715,0.3788273789470214,0.3719493434775292,0.31022253806281586,0.23661542049878587,0.2627020584768264,0.263253999836513
墨西哥BOLSA,0.3120175189392441,0.28688600503259715,0.0,0.2934131215029413,0.29910728499596473,0.30955959719304965,0.24513432938121765,0.3510383719163487,0.3034482372685551
恒生指数,0.3001484409669433,0.3788273789470214,0.2934131215029413,0.0,0.39949982766238756,0.313328913390175,0.2511985677010011,0.28526091253022723,0.29082183602189915
韩国综合指数,0.31743932106878264,0.3719493434775292,0.29910728499596473,0.39949982766238756,0.0,0.3157440295042119,0.24547241841457892,0.2814939563795615,0.2827748907469238
荷兰AEX,0.5037884102512405,0.31022253806281586,0.30955959719304965,0.313328913390175,0.3157440295042119,0.0,0.2567487923227354,0.3092751269138876,0.30768871046725427
Costa Rica Indice Accionario,0.25928233700187514,0.23661542049878587,0.24513432938121765,0.2511985677010011,0.24547241841457892,0.2567487923227354,0.0,0.2433951017208686,0.25134720698570406
加拿大多伦多S&P/TSX 综合指数,0.2973482480060811,0.2627020584768264,0.3510383719163487,0.28526091253022723,0.2814939563795615,0.3092751269138876,0.2433951017208686,0.0,0.2904139256556053
S&P CLX IPSA,0.2931744014326738,0.263253999836513,0.3034482372685551,0.29082183602189915,0.2827748907469238,0.30768871046725427,0.25134720698570406,0.2904139256556053,0.0
