,比利时BFX,日经225,墨西哥BOLSA,恒生指数,韩国综合指数,荷兰AEX,Costa Rica Indice Accionario,加拿大多伦多S&P/TSX 综合指数,S&P CLX IPSA
比利时BFX,0.0,0.3036576896785144,0.3454238384059596,0.3165225879287303,0.31173326865684436,0.5697515686057568,0.23638129365344476,0.31744636393439174,0.325326725418646
日经225,0.3036576896785144,0.0,0.2934276169457475,0.4014004708569154,0.3984283431280301,0.3023621115313809,0.22738549542161113,0.2735588744560155,0.2621719779827153
墨西哥BOLSA,0.3454238384059596,0.2934276169457475,0.0,0.3001246786063933,0.2915024948711382,0.32394799996819695,0.2489362131635547,0.38422809563092986,0.33081323110462013
恒生指数,0.3165225879287303,0.4014004708569154,0.3001246786063933,0.0,0.4399417812695837,0.3146347813758444,0.23955785308072694,0.28490649796428047,0.30358502106577273
韩国综合指数,0.31173326865684436,0.3984283431280301,0.2915024948711382,0.4399417812695837,0.0,0.310350297406118,0.23441443858489974,0.28788931228160464,0.2833241381783405
荷兰AEX,0.5697515686057568,0.3023621115313809,0.32394799996819695,0.3146347813758444,0.310350297406118,0.0,0.23518445689248504,0.3243282968975163,0.3327541518145386
Costa Rica Indice Accionario,0.23638129365344476,0.22738549542161113,0.2489362131635547,0.23955785308072694,0.23441443858489974,0.23518445689248504,0.0,0.23502538545575694,0.2476405068393566
加拿大多伦多S&P/TSX 综合指数,0.31744636393439174,0.2735588744560155,0.38422809563092986,0.28490649796428047,0.28788931228160464,0.3243282968975163,0.23502538545575694,0.0,0.3178590292982834
S&P CLX IPSA,0.325326725418646,0.2621719779827153,0.33081323110462013,0.30358502106577273,0.2833241381783405,0.3327541518145386,0.2476405068393566,0.3178590292982834,0.0
