,比利时BFX,日经225,墨西哥BOLSA,恒生指数,韩国综合指数,荷兰AEX,Costa Rica Indice Accionario,加拿大多伦多S&P/TSX 综合指数,S&P CLX IPSA
比利时BFX,0.0,0.29686580632142906,0.3422601971087882,0.3128125335055123,0.3107223004374678,0.544304535045508,0.24030604181269496,0.31195829673625136,0.3125447182485777
日经225,0.29686580632142906,0.0,0.29008043370442976,0.3886088881317296,0.38378511103272894,0.2991113129442003,0.22435826033968326,0.2678446104502612,0.2647279629523424
墨西哥BOLSA,0.3422601971087882,0.29008043370442976,0.0,0.3094708616382852,0.3034166090160743,0.32936461651398075,0.24855909526196465,0.36472888940656456,0.3168353422097027
恒生指数,0.3128125335055123,0.3886088881317296,0.3094708616382852,0.0,0.4277828497677378,0.3104724960255613,0.24362333601068964,0.2867690769858157,0.3007527955552995
韩国综合指数,0.3107223004374678,0.38378511103272894,0.3034166090160743,0.4277828497677378,0.0,0.3091158164928377,0.2347559783970945,0.28956568382243747,0.28164374047596585
荷兰AEX,0.544304535045508,0.2991113129442003,0.32936461651398075,0.3104724960255613,0.3091158164928377,0.0,0.23783711564105134,0.32534856456768435,0.3257204088548128
Costa Rica Indice Accionario,0.24030604181269496,0.22435826033968326,0.24855909526196465,0.24362333601068964,0.2347559783970945,0.23783711564105134,0.0,0.23696416511092078,0.2515937909766032
加拿大多伦多S&P/TSX 综合指数,0.31195829673625136,0.2678446104502612,0.36472888940656456,0.2867690769858157,0.28956568382243747,0.32534856456768435,0.23696416511092078,0.0,0.30035779320283196
S&P CLX IPSA,0.3125447182485777,0.2647279629523424,0.3168353422097027,0.3007527955552995,0.28164374047596585,0.3257204088548128,0.2515937909766032,0.30035779320283196,0.0
