,比利时BFX,日经225,墨西哥BOLSA,恒生指数,韩国综合指数,荷兰AEX,Costa Rica Indice Accionario,加拿大多伦多S&P/TSX 综合指数,S&P CLX IPSA
比利时BFX,0.0,0.309222361587701,0.39670686973182306,0.3379946108776961,0.30386415669159816,0.61357663655774,0.23560022911836162,0.3435700579614549,0.37136987470492694
日经225,0.309222361587701,0.0,0.28438384833130276,0.42430532620477907,0.45052724978981773,0.3051198553819393,0.2287371504922688,0.283851352955335,0.28578588349185924
墨西哥BOLSA,0.39670686973182306,0.28438384833130276,0.0,0.30771688473545117,0.278850173124406,0.37149488655467217,0.24491676907862017,0.3995106993652121,0.37401812296643866
恒生指数,0.3379946108776961,0.42430532620477907,0.30771688473545117,0.0,0.4570112789471289,0.3246058428939503,0.24024155980579148,0.291630447736424,0.3165379109059552
韩国综合指数,0.30386415669159816,0.45052724978981773,0.278850173124406,0.4570112789471289,0.0,0.3007869945816783,0.23209177917131232,0.2890360264306391,0.2924017111790192
荷兰AEX,0.61357663655774,0.3051198553819393,0.37149488655467217,0.3246058428939503,0.3007869945816783,0.0,0.23484181854112487,0.3483054158778336,0.37137045905061
Costa Rica Indice Accionario,0.23560022911836162,0.2287371504922688,0.24491676907862017,0.24024155980579148,0.23209177917131232,0.23484181854112487,0.0,0.23361588551857776,0.24179531517762967
加拿大多伦多S&P/TSX 综合指数,0.3435700579614549,0.283851352955335,0.3995106993652121,0.291630447736424,0.2890360264306391,0.3483054158778336,0.23361588551857776,0.0,0.36770498318817585
S&P CLX IPSA,0.37136987470492694,0.28578588349185924,0.37401812296643866,0.3165379109059552,0.2924017111790192,0.37137045905061,0.24179531517762967,0.36770498318817585,0.0
