,比利时BFX,日经225,墨西哥BOLSA,恒生指数,韩国综合指数,荷兰AEX,Costa Rica Indice Accionario,加拿大多伦多S&P/TSX 综合指数,S&P CLX IPSA
比利时BFX,0.0,0.3061916347707052,0.40314268437272255,0.33147243564930157,0.29769505979567457,0.6398432789985528,0.22760920674817164,0.33396158663131886,0.38424246061731415
日经225,0.3061916347707052,0.0,0.27846304660573384,0.41450043778402745,0.4769890713043,0.3033607177373934,0.2524196760039031,0.2839976823655014,0.2919592383928434
墨西哥BOLSA,0.40314268437272255,0.27846304660573384,0.0,0.304916713506204,0.2696153897055641,0.3844274667186326,0.24026712024234234,0.3980160989081239,0.42070792128398177
恒生指数,0.33147243564930157,0.41450043778402745,0.304916713506204,0.0,0.4535704970770487,0.32166293649494054,0.24821193810672557,0.28946234985605224,0.3195106207785172
韩国综合指数,0.29769505979567457,0.4769890713043,0.2696153897055641,0.4535704970770487,0.0,0.28811326740799637,0.2524832708663955,0.27691682103066867,0.29864347277300374
荷兰AEX,0.6398432789985528,0.3033607177373934,0.3844274667186326,0.32166293649494054,0.28811326740799637,0.0,0.22787584985810347,0.34507393771655576,0.3858312157121063
Costa Rica Indice Accionario,0.22760920674817164,0.2524196760039031,0.24026712024234234,0.24821193810672557,0.2524832708663955,0.22787584985810347,0.0,0.2386196278358728,0.24469595447107062
加拿大多伦多S&P/TSX 综合指数,0.33396158663131886,0.2839976823655014,0.3980160989081239,0.28946234985605224,0.27691682103066867,0.34507393771655576,0.2386196278358728,0.0,0.3862264269729052
S&P CLX IPSA,0.38424246061731415,0.2919592383928434,0.42070792128398177,0.3195106207785172,0.29864347277300374,0.3858312157121063,0.24469595447107062,0.3862264269729052,0.0
