,比利时BFX,日经225,墨西哥BOLSA,恒生指数,韩国综合指数,荷兰AEX,Costa Rica Indice Accionario,加拿大多伦多S&P/TSX 综合指数,S&P CLX IPSA
比利时BFX,0.0,0.304814747822726,0.4028058208476851,0.3336480591358906,0.30019006163184314,0.6254415588688551,0.23765087829609452,0.3353043031082245,0.395182066348302
日经225,0.304814747822726,0.0,0.2800245593321785,0.42639707030490015,0.45955572180919657,0.30083596905582266,0.2430112373868795,0.28932791972764293,0.29377556840347974
墨西哥BOLSA,0.4028058208476851,0.2800245593321785,0.0,0.30628127662308463,0.2748167226765881,0.37684689878774064,0.24321462241455896,0.394723463845004,0.40578829852433806
恒生指数,0.3336480591358906,0.42639707030490015,0.30628127662308463,0.0,0.4643616068971795,0.32267878354838986,0.2433093460708823,0.293705866283962,0.3193006266591731
韩国综合指数,0.30019006163184314,0.45955572180919657,0.2748167226765881,0.4643616068971795,0.0,0.2956284262477881,0.23532885174758497,0.28649321663204075,0.2996265225828411
荷兰AEX,0.6254415588688551,0.30083596905582266,0.37684689878774064,0.32267878354838986,0.2956284262477881,0.0,0.23733786955842842,0.34381376476743464,0.39502846732133556
Costa Rica Indice Accionario,0.23765087829609452,0.2430112373868795,0.24321462241455896,0.2433093460708823,0.23532885174758497,0.23733786955842842,0.0,0.23675736189692545,0.24168210601504134
加拿大多伦多S&P/TSX 综合指数,0.3353043031082245,0.28932791972764293,0.394723463845004,0.293705866283962,0.28649321663204075,0.34381376476743464,0.23675736189692545,0.0,0.37157139483557816
S&P CLX IPSA,0.395182066348302,0.29377556840347974,0.40578829852433806,0.3193006266591731,0.2996265225828411,0.39502846732133556,0.24168210601504134,0.37157139483557816,0.0
