,比利时BFX,日经225,墨西哥BOLSA,恒生指数,韩国综合指数,荷兰AEX,Costa Rica Indice Accionario,加拿大多伦多S&P/TSX 综合指数,S&P CLX IPSA
比利时BFX,0.0,0.3452053142736142,0.31244658123984387,0.31984234527722644,0.34924341871583403,0.5206774247706293,0.2475409254110259,0.29714002494276265,0.27935793106301465
日经225,0.3452053142736142,0.0,0.2867536297530213,0.3837346701802352,0.3738094158239858,0.33852510417474324,0.23901931719179131,0.2603523952732917,0.25387442982806085
墨西哥BOLSA,0.31244658123984387,0.2867536297530213,0.0,0.2899759556043488,0.30368163488347377,0.3244134277681135,0.23560421548119026,0.35854656844174426,0.3002142529293051
恒生指数,0.31984234527722644,0.3837346701802352,0.2899759556043488,0.0,0.3787085074762072,0.31610441415342794,0.24648600112496696,0.2794124903532502,0.28276937770676924
韩国综合指数,0.34924341871583403,0.3738094158239858,0.30368163488347377,0.3787085074762072,0.0,0.3271004608611407,0.2504969650017202,0.2894034436732553,0.281572725593313
荷兰AEX,0.5206774247706293,0.33852510417474324,0.3244134277681135,0.31610441415342794,0.3271004608611407,0.0,0.24859501374021234,0.30398501153720486,0.2940986343541947
Costa Rica Indice Accionario,0.2475409254110259,0.23901931719179131,0.23560421548119026,0.24648600112496696,0.2504969650017202,0.24859501374021234,0.0,0.23677986335170953,0.24096756957856136
加拿大多伦多S&P/TSX 综合指数,0.29714002494276265,0.2603523952732917,0.35854656844174426,0.2794124903532502,0.2894034436732553,0.30398501153720486,0.23677986335170953,0.0,0.3067077104436842
S&P CLX IPSA,0.27935793106301465,0.25387442982806085,0.3002142529293051,0.28276937770676924,0.281572725593313,0.2940986343541947,0.24096756957856136,0.3067077104436842,0.0
