,比利时BFX,日经225,墨西哥BOLSA,恒生指数,韩国综合指数,荷兰AEX,Costa Rica Indice Accionario,加拿大多伦多S&P/TSX 综合指数,S&P CLX IPSA
比利时BFX,0.0,0.3131289587688858,0.3880980800314556,0.33554346322794393,0.30434775204594483,0.6059134453803319,0.23511346735957928,0.34087714791972623,0.3545425252593409
日经225,0.3131289587688858,0.0,0.28728021647735463,0.42044518193785163,0.4356208422790072,0.3072695942990389,0.2287697908813495,0.28353226366186324,0.28195511227117176
墨西哥BOLSA,0.3880980800314556,0.28728021647735463,0.0,0.30136054601411993,0.2750737973878254,0.36238907369647044,0.24441005256079654,0.3894381356918257,0.3621470369557936
恒生指数,0.33554346322794393,0.42044518193785163,0.30136054601411993,0.0,0.4505570282567366,0.3225458900849184,0.23974513929281188,0.289871871079719,0.3188086622367105
韩国综合指数,0.30434775204594483,0.4356208422790072,0.2750737973878254,0.4505570282567366,0.0,0.30001008274761787,0.23283438045063076,0.28777026536827677,0.2872277414189356
荷兰AEX,0.6059134453803319,0.3072695942990389,0.36238907369647044,0.3225458900849184,0.30001008274761787,0.0,0.23396363313819885,0.3468651121242131,0.3598831981310026
Costa Rica Indice Accionario,0.23511346735957928,0.2287697908813495,0.24441005256079654,0.23974513929281188,0.23283438045063076,0.23396363313819885,0.0,0.233939117156893,0.24140529804610508
加拿大多伦多S&P/TSX 综合指数,0.34087714791972623,0.28353226366186324,0.3894381356918257,0.289871871079719,0.28777026536827677,0.3468651121242131,0.233939117156893,0.0,0.3591764013946031
S&P CLX IPSA,0.3545425252593409,0.28195511227117176,0.3621470369557936,0.3188086622367105,0.2872277414189356,0.3598831981310026,0.24140529804610508,0.3591764013946031,0.0
