,比利时BFX,日经225,墨西哥BOLSA,恒生指数,韩国综合指数,荷兰AEX,Costa Rica Indice Accionario,加拿大多伦多S&P/TSX 综合指数,S&P CLX IPSA
比利时BFX,0.0,0.31782448244040157,0.388558555718302,0.359318644550075,0.3518069032900524,0.6301291881912209,0.22125012450198275,0.3831671216243397,0.36116899206013536
日经225,0.31782448244040157,0.0,0.2586511787974054,0.43442780984962437,0.4352017643412469,0.32481711534969215,0.2415648472288797,0.2700988127233272,0.26764898648648544
墨西哥BOLSA,0.388558555718302,0.2586511787974054,0.0,0.2947881616246288,0.2843907984813197,0.37512691902838813,0.24305673016698318,0.47463271652810196,0.39476390222750957
恒生指数,0.359318644550075,0.43442780984962437,0.2947881616246288,0.0,0.46304881975876594,0.36842977849653397,0.2389056404783214,0.3023765120691693,0.29692787332974757
韩国综合指数,0.3518069032900524,0.4352017643412469,0.2843907984813197,0.46304881975876594,0.0,0.3674436249601395,0.2543639749013595,0.30773343749508114,0.29694687796738667
荷兰AEX,0.6301291881912209,0.32481711534969215,0.37512691902838813,0.36842977849653397,0.3674436249601395,0.0,0.23206878050616067,0.37665782061949843,0.348776505425359
Costa Rica Indice Accionario,0.22125012450198275,0.2415648472288797,0.24305673016698318,0.2389056404783214,0.2543639749013595,0.23206878050616067,0.0,0.24208080017210878,0.23683769499338728
加拿大多伦多S&P/TSX 综合指数,0.3831671216243397,0.2700988127233272,0.47463271652810196,0.3023765120691693,0.30773343749508114,0.37665782061949843,0.24208080017210878,0.0,0.3522600516033188
S&P CLX IPSA,0.36116899206013536,0.26764898648648544,0.39476390222750957,0.29692787332974757,0.29694687796738667,0.348776505425359,0.23683769499338728,0.3522600516033188,0.0
