,比利时BFX,日经225,墨西哥BOLSA,恒生指数,韩国综合指数,荷兰AEX,Costa Rica Indice Accionario,加拿大多伦多S&P/TSX 综合指数,S&P CLX IPSA
比利时BFX,0.0,0.33183490728027326,0.3917744347656966,0.3517548962737755,0.34455485530903246,0.6363969471042764,0.2212891587204663,0.3984091877669097,0.389256547750672
日经225,0.33183490728027326,0.0,0.2635274873900298,0.44596514506235924,0.468525902827057,0.3299765426427162,0.23618080741548889,0.2799636120462159,0.2884156621765738
墨西哥BOLSA,0.3917744347656966,0.2635274873900298,0.0,0.29121272693124073,0.28825927331374185,0.3851835928338367,0.2302023936196398,0.47757289114510476,0.4194806501561735
恒生指数,0.3517548962737755,0.44596514506235924,0.29121272693124073,0.0,0.4692920775039939,0.3576226974906718,0.23827231411709676,0.29326343278363615,0.31344477658651526
韩国综合指数,0.34455485530903246,0.468525902827057,0.28825927331374185,0.4692920775039939,0.0,0.3502693628099503,0.23328460779237056,0.2973305054206382,0.29958058572871266
荷兰AEX,0.6363969471042764,0.3299765426427162,0.3851835928338367,0.3576226974906718,0.3502693628099503,0.0,0.22759440412689394,0.40691645082977174,0.38742718538438037
Costa Rica Indice Accionario,0.2212891587204663,0.23618080741548889,0.2302023936196398,0.23827231411709676,0.23328460779237056,0.22759440412689394,0.0,0.23091064428272046,0.23112824996202477
加拿大多伦多S&P/TSX 综合指数,0.3984091877669097,0.2799636120462159,0.47757289114510476,0.29326343278363615,0.2973305054206382,0.40691645082977174,0.23091064428272046,0.0,0.38251890007056033
S&P CLX IPSA,0.389256547750672,0.2884156621765738,0.4194806501561735,0.31344477658651526,0.29958058572871266,0.38742718538438037,0.23112824996202477,0.38251890007056033,0.0
