,比利时BFX,日经225,墨西哥BOLSA,恒生指数,韩国综合指数,荷兰AEX,Costa Rica Indice Accionario,加拿大多伦多S&P/TSX 综合指数,S&P CLX IPSA
比利时BFX,0.0,0.30489286664323406,0.4061305797631702,0.33160612014126034,0.2988839679826567,0.6310648040469504,0.2328133986333568,0.3378190568939606,0.37957707709192134
日经225,0.30489286664323406,0.0,0.27645975329502387,0.4085160986752668,0.47200760250140816,0.3024512215874724,0.25659188075110684,0.2862892692662778,0.29976291487802437
墨西哥BOLSA,0.4061305797631702,0.27645975329502387,0.0,0.30281493813618693,0.2654087901255907,0.3849516559950835,0.24018508462081692,0.39962678413106667,0.40455050564933587
恒生指数,0.33160612014126034,0.4085160986752668,0.30281493813618693,0.0,0.43223743914789947,0.31892907975587786,0.25152709898441894,0.2915946993601231,0.31911900761860096
韩国综合指数,0.2988839679826567,0.47200760250140816,0.2654087901255907,0.43223743914789947,0.0,0.2906522275487329,0.263014960791388,0.2876685505774641,0.3006724408987328
荷兰AEX,0.6310648040469504,0.3024512215874724,0.3849516559950835,0.31892907975587786,0.2906522275487329,0.0,0.23782935965219407,0.34597953856137115,0.3872358143510968
Costa Rica Indice Accionario,0.2328133986333568,0.25659188075110684,0.24018508462081692,0.25152709898441894,0.263014960791388,0.23782935965219407,0.0,0.24197085699573237,0.25041351142678
加拿大多伦多S&P/TSX 综合指数,0.3378190568939606,0.2862892692662778,0.39962678413106667,0.2915946993601231,0.2876685505774641,0.34597953856137115,0.24197085699573237,0.0,0.37175824157811094
S&P CLX IPSA,0.37957707709192134,0.29976291487802437,0.40455050564933587,0.31911900761860096,0.3006724408987328,0.3872358143510968,0.25041351142678,0.37175824157811094,0.0
