,比利时BFX,日经225,墨西哥BOLSA,恒生指数,韩国综合指数,荷兰AEX,Costa Rica Indice Accionario,加拿大多伦多S&P/TSX 综合指数,S&P CLX IPSA
比利时BFX,0.0,0.32445439370011536,0.394151850209012,0.35194607528821276,0.3542383291589398,0.6549780170005528,0.21241429597394268,0.385998236863847,0.36348293100595974
日经225,0.32445439370011536,0.0,0.2592895542465717,0.4427971286510748,0.47334405827642584,0.3251570965562252,0.22469325263190523,0.2693411476907295,0.27013918240762325
墨西哥BOLSA,0.394151850209012,0.2592895542465717,0.0,0.2926555790254485,0.28769142291641003,0.3848499707192864,0.23363800326383857,0.4934301163605374,0.4130133299929095
恒生指数,0.35194607528821276,0.4427971286510748,0.2926555790254485,0.0,0.4571377189620606,0.36365897929008834,0.22407450082601718,0.29177745209097905,0.2985007830354728
韩国综合指数,0.3542383291589398,0.47334405827642584,0.28769142291641003,0.4571377189620606,0.0,0.36591684848275474,0.2279212245011286,0.29574714580876105,0.29782846192003365
荷兰AEX,0.6549780170005528,0.3251570965562252,0.3848499707192864,0.36365897929008834,0.36591684848275474,0.0,0.21964264288889743,0.38619419869858324,0.35127049975837266
Costa Rica Indice Accionario,0.21241429597394268,0.22469325263190523,0.23363800326383857,0.22407450082601718,0.2279212245011286,0.21964264288889743,0.0,0.23109672365459843,0.22505310927697614
加拿大多伦多S&P/TSX 综合指数,0.385998236863847,0.2693411476907295,0.4934301163605374,0.29177745209097905,0.29574714580876105,0.38619419869858324,0.23109672365459843,0.0,0.3743214879219074
S&P CLX IPSA,0.36348293100595974,0.27013918240762325,0.4130133299929095,0.2985007830354728,0.29782846192003365,0.35127049975837266,0.22505310927697614,0.3743214879219074,0.0
