,比利时BFX,日经225,墨西哥BOLSA,恒生指数,韩国综合指数,荷兰AEX,Costa Rica Indice Accionario,加拿大多伦多S&P/TSX 综合指数,S&P CLX IPSA
比利时BFX,0.0,0.3276247315133003,0.35849948482353317,0.3395984285997,0.31780279590198984,0.5788402726285709,0.22312017147669502,0.342911601882287,0.32353651353739776
日经225,0.3276247315133003,0.0,0.26216439356111515,0.4014560347748911,0.41375731628125884,0.3368787949772934,0.24751315613135239,0.27808554291359383,0.2678615411023125
墨西哥BOLSA,0.35849948482353317,0.26216439356111515,0.0,0.2915680593981777,0.2785490801908364,0.3441420222600192,0.2430181953251423,0.41943320926068733,0.3823584574745369
恒生指数,0.3395984285997,0.4014560347748911,0.2915680593981777,0.0,0.394345358731156,0.33768494383137837,0.2392268195740618,0.2901247591517283,0.2830386042203338
韩国综合指数,0.31780279590198984,0.41375731628125884,0.2785490801908364,0.394345358731156,0.0,0.31887515097579416,0.26365108662976755,0.2984973470440141,0.273406379390603
荷兰AEX,0.5788402726285709,0.3368787949772934,0.3441420222600192,0.33768494383137837,0.31887515097579416,0.0,0.23548205204926084,0.34328616269219614,0.3131933398685272
Costa Rica Indice Accionario,0.22312017147669502,0.24751315613135239,0.2430181953251423,0.2392268195740618,0.26365108662976755,0.23548205204926084,0.0,0.24846210258848409,0.24015398736808674
加拿大多伦多S&P/TSX 综合指数,0.342911601882287,0.27808554291359383,0.41943320926068733,0.2901247591517283,0.2984973470440141,0.34328616269219614,0.24846210258848409,0.0,0.3225468800902097
S&P CLX IPSA,0.32353651353739776,0.2678615411023125,0.3823584574745369,0.2830386042203338,0.273406379390603,0.3131933398685272,0.24015398736808674,0.3225468800902097,0.0
