,比利时BFX,日经225,墨西哥BOLSA,恒生指数,韩国综合指数,荷兰AEX,Costa Rica Indice Accionario,加拿大多伦多S&P/TSX 综合指数,S&P CLX IPSA
比利时BFX,0.0,0.3325425358297346,0.36073515872263495,0.34715413370335324,0.33570899781821245,0.5899978703146865,0.22227706929459223,0.32037571779462387,0.3244673844218256
日经225,0.3325425358297346,0.0,0.2679334617173544,0.3941865866815663,0.4264194783949862,0.33945372167564425,0.2461672886709541,0.28310855359686893,0.28362466289984595
墨西哥BOLSA,0.36073515872263495,0.2679334617173544,0.0,0.309048540696076,0.28187006231811645,0.34796031386599163,0.23993337295286746,0.37688990637229275,0.3803177629982437
恒生指数,0.34715413370335324,0.3941865866815663,0.309048540696076,0.0,0.3978542282287421,0.34700446058346524,0.2357005355806428,0.2991336787236144,0.30239914849344335
韩国综合指数,0.33570899781821245,0.4264194783949862,0.28187006231811645,0.3978542282287421,0.0,0.32569281147748985,0.2597596417615957,0.29907727801179257,0.2913301916507607
荷兰AEX,0.5899978703146865,0.33945372167564425,0.34796031386599163,0.34700446058346524,0.32569281147748985,0.0,0.2314461824565204,0.32775465598667236,0.3222968539754078
Costa Rica Indice Accionario,0.22227706929459223,0.2461672886709541,0.23993337295286746,0.2357005355806428,0.2597596417615957,0.2314461824565204,0.0,0.24419050849139054,0.2350907207637956
加拿大多伦多S&P/TSX 综合指数,0.32037571779462387,0.28310855359686893,0.37688990637229275,0.2991336787236144,0.29907727801179257,0.32775465598667236,0.24419050849139054,0.0,0.31464753439193643
S&P CLX IPSA,0.3244673844218256,0.28362466289984595,0.3803177629982437,0.30239914849344335,0.2913301916507607,0.3222968539754078,0.2350907207637956,0.31464753439193643,0.0
