,比利时BFX,日经225,墨西哥BOLSA,恒生指数,韩国综合指数,荷兰AEX,Costa Rica Indice Accionario,加拿大多伦多S&P/TSX 综合指数,S&P CLX IPSA
比利时BFX,0.0,0.31660481729129014,0.3935876273321955,0.3595941294345988,0.3528640073561769,0.6343479971381295,0.2203531287757585,0.38529082011623716,0.36227034281353954
日经225,0.31660481729129014,0.0,0.2602832670745349,0.43319079694157464,0.43827811038205394,0.32270040454970356,0.24246528427773734,0.2701022015541619,0.2684936766887403
墨西哥BOLSA,0.3935876273321955,0.2602832670745349,0.0,0.29904282108608476,0.2880940850669492,0.3781617504140972,0.24151561552889184,0.4754272299608598,0.39773374942566286
恒生指数,0.3595941294345988,0.43319079694157464,0.29904282108608476,0.0,0.46489254749773934,0.3685390292190411,0.23908184036011218,0.30308891245777503,0.2994005006646711
韩国综合指数,0.3528640073561769,0.43827811038205394,0.2880940850669492,0.46489254749773934,0.0,0.37077324084530283,0.25505861627004833,0.3085849703715631,0.29711443361953843
荷兰AEX,0.6343479971381295,0.32270040454970356,0.3781617504140972,0.3685390292190411,0.37077324084530283,0.0,0.23170636706259007,0.3804002472000566,0.35040722602593694
Costa Rica Indice Accionario,0.2203531287757585,0.24246528427773734,0.24151561552889184,0.23908184036011218,0.25505861627004833,0.23170636706259007,0.0,0.24242937812657403,0.2362008800314737
加拿大多伦多S&P/TSX 综合指数,0.38529082011623716,0.2701022015541619,0.4754272299608598,0.30308891245777503,0.3085849703715631,0.3804002472000566,0.24242937812657403,0.0,0.35746730665260323
S&P CLX IPSA,0.36227034281353954,0.2684936766887403,0.39773374942566286,0.2994005006646711,0.29711443361953843,0.35040722602593694,0.2362008800314737,0.35746730665260323,0.0
