,比利时BFX,日经225,墨西哥BOLSA,恒生指数,韩国综合指数,荷兰AEX,Costa Rica Indice Accionario,加拿大多伦多S&P/TSX 综合指数,S&P CLX IPSA
比利时BFX,0.0,0.3378018483275968,0.3914972766596516,0.3604836989902164,0.3528040695545173,0.6434040529149163,0.21479622363741194,0.404051538791549,0.379432486646878
日经225,0.3378018483275968,0.0,0.2669613412864242,0.46026557618532327,0.4831491853113439,0.3382859859873172,0.2261530874785191,0.2827816427967452,0.2794515649382129
墨西哥BOLSA,0.3914972766596516,0.2669613412864242,0.0,0.2950241027473421,0.2870621801400493,0.3822895567891625,0.23359149250998532,0.4825233590599611,0.43964795890581354
恒生指数,0.3604836989902164,0.46026557618532327,0.2950241027473421,0.0,0.4757916784619562,0.36888916864280874,0.2302577385001085,0.2978948527848894,0.3087050229641276
韩国综合指数,0.3528040695545173,0.4831491853113439,0.2870621801400493,0.4757916784619562,0.0,0.35972015544033376,0.2270232521050919,0.29815957074636945,0.2981256830021472
荷兰AEX,0.6434040529149163,0.3382859859873172,0.3822895567891625,0.36888916864280874,0.35972015544033376,0.0,0.2198738798618264,0.4071871053250453,0.37315488059221325
Costa Rica Indice Accionario,0.21479622363741194,0.2261530874785191,0.23359149250998532,0.2302577385001085,0.2270232521050919,0.2198738798618264,0.0,0.23122856244680223,0.23395158435369476
加拿大多伦多S&P/TSX 综合指数,0.404051538791549,0.2827816427967452,0.4825233590599611,0.2978948527848894,0.29815957074636945,0.4071871053250453,0.23122856244680223,0.0,0.39402380931145325
S&P CLX IPSA,0.379432486646878,0.2794515649382129,0.43964795890581354,0.3087050229641276,0.2981256830021472,0.37315488059221325,0.23395158435369476,0.39402380931145325,0.0
