,比利时BFX,日经225,墨西哥BOLSA,恒生指数,韩国综合指数,荷兰AEX,Costa Rica Indice Accionario,加拿大多伦多S&P/TSX 综合指数,S&P CLX IPSA
比利时BFX,0.0,0.3344563179019595,0.3798134366685649,0.351480220077907,0.3318211997250941,0.5999546921666958,0.22159211685879185,0.3726625232130127,0.34149937683432985
日经225,0.3344563179019595,0.0,0.2697261633879767,0.4118190187856352,0.4164440788641033,0.3476002834368728,0.24196415404534846,0.2772985367219528,0.27550224153176056
墨西哥BOLSA,0.3798134366685649,0.2697261633879767,0.0,0.2929273953679379,0.2888629515240607,0.3656632906861938,0.2434618189622914,0.4510171147715033,0.38647855282123894
恒生指数,0.351480220077907,0.4118190187856352,0.2929273953679379,0.0,0.4380999723141517,0.36079023389523174,0.2379197037540181,0.2969310744204655,0.2897983790071537
韩国综合指数,0.3318211997250941,0.4164440788641033,0.2888629515240607,0.4380999723141517,0.0,0.34707195573833977,0.25961409444637573,0.30818124410575265,0.2779458182492341
荷兰AEX,0.5999546921666958,0.3476002834368728,0.3656632906861938,0.36079023389523174,0.34707195573833977,0.0,0.23403011662674444,0.37111084804189126,0.3268243620721936
Costa Rica Indice Accionario,0.22159211685879185,0.24196415404534846,0.2434618189622914,0.2379197037540181,0.25961409444637573,0.23403011662674444,0.0,0.2433321448476806,0.23895221318586768
加拿大多伦多S&P/TSX 综合指数,0.3726625232130127,0.2772985367219528,0.4510171147715033,0.2969310744204655,0.30818124410575265,0.37111084804189126,0.2433321448476806,0.0,0.3336467118018195
S&P CLX IPSA,0.34149937683432985,0.27550224153176056,0.38647855282123894,0.2897983790071537,0.2779458182492341,0.3268243620721936,0.23895221318586768,0.3336467118018195,0.0
