,比利时BFX,日经225,墨西哥BOLSA,恒生指数,韩国综合指数,荷兰AEX,Costa Rica Indice Accionario,加拿大多伦多S&P/TSX 综合指数,S&P CLX IPSA
比利时BFX,0.0,0.32781091536220786,0.39605410572364147,0.34050736652338176,0.3169505310877967,0.624501758922587,0.23619588468922423,0.33396788702623875,0.345958343095245
日经225,0.32781091536220786,0.0,0.2813974782995369,0.4056647288901003,0.47081527768380943,0.3272693749581768,0.26059441787976617,0.29458015233816515,0.29304437821295787
墨西哥BOLSA,0.39605410572364147,0.2813974782995369,0.0,0.30222219583963017,0.27054178276553625,0.3783693330261673,0.24234899954879568,0.40726145889574916,0.3978554720555666
恒生指数,0.34050736652338176,0.4056647288901003,0.30222219583963017,0.0,0.41492889699781604,0.33308503292895186,0.24656248791071367,0.2936212405615838,0.3061515080844559
韩国综合指数,0.3169505310877967,0.47081527768380943,0.27054178276553625,0.41492889699781604,0.0,0.30813158530634516,0.2674820393012385,0.29586737238996685,0.29241400545722007
荷兰AEX,0.624501758922587,0.3272693749581768,0.3783693330261673,0.33308503292895186,0.30813158530634516,0.0,0.2430668498022903,0.33999664134305496,0.3381593954413198
Costa Rica Indice Accionario,0.23619588468922423,0.26059441787976617,0.24234899954879568,0.24656248791071367,0.2674820393012385,0.2430668498022903,0.0,0.24818189844508395,0.240632269979167
加拿大多伦多S&P/TSX 综合指数,0.33396788702623875,0.29458015233816515,0.40726145889574916,0.2936212405615838,0.29586737238996685,0.33999664134305496,0.24818189844508395,0.0,0.35130454343478584
S&P CLX IPSA,0.345958343095245,0.29304437821295787,0.3978554720555666,0.3061515080844559,0.29241400545722007,0.3381593954413198,0.240632269979167,0.35130454343478584,0.0
