,比利时BFX,日经225,墨西哥BOLSA,恒生指数,韩国综合指数,荷兰AEX,Costa Rica Indice Accionario,加拿大多伦多S&P/TSX 综合指数,S&P CLX IPSA
比利时BFX,0.0,0.341792356605739,0.3699992086869179,0.34971796172840564,0.3349607455628267,0.5859934265185471,0.22078416626383351,0.3584909191038222,0.3317623720360288
日经225,0.341792356605739,0.0,0.27128727001483055,0.41664462736295643,0.4179152356470538,0.3566303301204354,0.2395390627867523,0.2774589480410163,0.2762774000712639
墨西哥BOLSA,0.3699992086869179,0.27128727001483055,0.0,0.29325568074212655,0.2924198267494183,0.3535679462516147,0.2432886403209471,0.43771045266745484,0.3850241734914968
恒生指数,0.34971796172840564,0.41664462736295643,0.29325568074212655,0.0,0.43256784571891965,0.3567709412247293,0.23412575468001895,0.29401234246985447,0.2828886323854404
韩国综合指数,0.3349607455628267,0.4179152356470538,0.2924198267494183,0.43256784571891965,0.0,0.3494759309649799,0.2555377251739866,0.31158080368253677,0.2753075937836484
荷兰AEX,0.5859934265185471,0.3566303301204354,0.3535679462516147,0.3567709412247293,0.3494759309649799,0.0,0.2326174783330707,0.35587011982935973,0.3174398488024237
Costa Rica Indice Accionario,0.22078416626383351,0.2395390627867523,0.2432886403209471,0.23412575468001895,0.2555377251739866,0.2326174783330707,0.0,0.24370721453355482,0.2394594987953528
加拿大多伦多S&P/TSX 综合指数,0.3584909191038222,0.2774589480410163,0.43771045266745484,0.29401234246985447,0.31158080368253677,0.35587011982935973,0.24370721453355482,0.0,0.3284265914073939
S&P CLX IPSA,0.3317623720360288,0.2762774000712639,0.3850241734914968,0.2828886323854404,0.2753075937836484,0.3174398488024237,0.2394594987953528,0.3284265914073939,0.0
