,比利时BFX,日经225,墨西哥BOLSA,恒生指数,韩国综合指数,荷兰AEX,Costa Rica Indice Accionario,加拿大多伦多S&P/TSX 综合指数,S&P CLX IPSA
比利时BFX,0.0,0.31704058572270866,0.391741245651391,0.3616167595888718,0.35335443567174385,0.6328713437605655,0.22125076805448685,0.3848410840730142,0.3611497524017749
日经225,0.31704058572270866,0.0,0.25880953767065024,0.4308583331208141,0.4340067735357067,0.32417496221975833,0.24146338840433013,0.2709378723458839,0.26923739372995986
墨西哥BOLSA,0.391741245651391,0.25880953767065024,0.0,0.29765451478264204,0.2875292463993887,0.3772242397703413,0.24294755347203395,0.47702129508023744,0.39695807167564334
恒生指数,0.3616167595888718,0.4308583331208141,0.29765451478264204,0.0,0.4649710229191123,0.3715763856729751,0.2386756447687325,0.3061570442181368,0.30074590502334825
韩国综合指数,0.35335443567174385,0.4340067735357067,0.2875292463993887,0.4649710229191123,0.0,0.37031435106736144,0.2541585129842318,0.30998492125619675,0.29858593866354305
荷兰AEX,0.6328713437605655,0.32417496221975833,0.3772242397703413,0.3715763856729751,0.37031435106736144,0.0,0.23206979427510996,0.3792933181842059,0.3491511220346223
Costa Rica Indice Accionario,0.22125076805448685,0.24146338840433013,0.24294755347203395,0.2386756447687325,0.2541585129842318,0.23206979427510996,0.0,0.24173800350236702,0.23666066174638237
加拿大多伦多S&P/TSX 综合指数,0.3848410840730142,0.2709378723458839,0.47702129508023744,0.3061570442181368,0.30998492125619675,0.3792933181842059,0.24173800350236702,0.0,0.35793706283935045
S&P CLX IPSA,0.3611497524017749,0.26923739372995986,0.39695807167564334,0.30074590502334825,0.29858593866354305,0.3491511220346223,0.23666066174638237,0.35793706283935045,0.0
