,比利时BFX,日经225,墨西哥BOLSA,恒生指数,韩国综合指数,荷兰AEX,Costa Rica Indice Accionario,加拿大多伦多S&P/TSX 综合指数,S&P CLX IPSA
比利时BFX,0.0,0.30574122352138755,0.4040203719741224,0.33176566391273543,0.30263969019394543,0.642593864505301,0.2304336266929815,0.33395568168101136,0.3787929971795086
日经225,0.30574122352138755,0.0,0.2759802675824296,0.3930362822766498,0.46382921195109084,0.30254036284273056,0.2544685944079802,0.28336527714067095,0.3057651669042038
墨西哥BOLSA,0.4040203719741224,0.2759802675824296,0.0,0.2971553690878359,0.26484376481642197,0.38896767594434745,0.24066426146749195,0.40677898482737607,0.40813582262469317
恒生指数,0.33176566391273543,0.3930362822766498,0.2971553690878359,0.0,0.4208243319901601,0.31881698977857575,0.24382525455722595,0.2848198892792618,0.31524509084760977
韩国综合指数,0.30263969019394543,0.46382921195109084,0.26484376481642197,0.4208243319901601,0.0,0.29046119475113147,0.26059170118655306,0.28213502087312875,0.3009159270959938
荷兰AEX,0.642593864505301,0.30254036284273056,0.38896767594434745,0.31881698977857575,0.29046119475113147,0.0,0.2368473392319396,0.3438039707811239,0.3874598306522781
Costa Rica Indice Accionario,0.2304336266929815,0.2544685944079802,0.24066426146749195,0.24382525455722595,0.26059170118655306,0.2368473392319396,0.0,0.24308591276770236,0.2422095662849912
加拿大多伦多S&P/TSX 综合指数,0.33395568168101136,0.28336527714067095,0.40677898482737607,0.2848198892792618,0.28213502087312875,0.3438039707811239,0.24308591276770236,0.0,0.3664002480909093
S&P CLX IPSA,0.3787929971795086,0.3057651669042038,0.40813582262469317,0.31524509084760977,0.3009159270959938,0.3874598306522781,0.2422095662849912,0.3664002480909093,0.0
