,比利时BFX,日经225,墨西哥BOLSA,恒生指数,韩国综合指数,荷兰AEX,Costa Rica Indice Accionario,加拿大多伦多S&P/TSX 综合指数,S&P CLX IPSA
比利时BFX,0.0,0.3253575907511341,0.3936848009221873,0.354199970855728,0.35888565045260873,0.6484527347307588,0.21156310104616177,0.39453745263405765,0.3625771855867013
日经225,0.3253575907511341,0.0,0.2592902985438806,0.4381104243334485,0.47490149934992204,0.32689019904204303,0.22623149418483865,0.27043306007226464,0.2691789343538253
墨西哥BOLSA,0.3936848009221873,0.2592902985438806,0.0,0.29264332402620385,0.2887294397746959,0.3877937337051768,0.23123000733474994,0.4790262747569331,0.4135913349961314
恒生指数,0.354199970855728,0.4381104243334485,0.29264332402620385,0.0,0.4720322995985999,0.3683625578772769,0.22660317747155717,0.2916054007885807,0.2994262311009175
韩国综合指数,0.35888565045260873,0.47490149934992204,0.2887294397746959,0.4720322995985999,0.0,0.3698766483539422,0.22389237482701158,0.30005645483759397,0.3005741048355306
荷兰AEX,0.6484527347307588,0.32689019904204303,0.3877937337051768,0.3683625578772769,0.3698766483539422,0.0,0.2186291306061142,0.3903121871535605,0.3519590721232831
Costa Rica Indice Accionario,0.21156310104616177,0.22623149418483865,0.23123000733474994,0.22660317747155717,0.22389237482701158,0.2186291306061142,0.0,0.23072081552732887,0.22753189857267161
加拿大多伦多S&P/TSX 综合指数,0.39453745263405765,0.27043306007226464,0.4790262747569331,0.2916054007885807,0.30005645483759397,0.3903121871535605,0.23072081552732887,0.0,0.36504161927408435
S&P CLX IPSA,0.3625771855867013,0.2691789343538253,0.4135913349961314,0.2994262311009175,0.3005741048355306,0.3519590721232831,0.22753189857267161,0.36504161927408435,0.0
