,比利时BFX,日经225,墨西哥BOLSA,恒生指数,韩国综合指数,荷兰AEX,Costa Rica Indice Accionario,加拿大多伦多S&P/TSX 综合指数,S&P CLX IPSA
比利时BFX,0.0,0.3360979718501077,0.3531410516444906,0.33882773639365865,0.32199190244361164,0.5692070920571157,0.2227932276290408,0.34755109035384485,0.3244332481447425
日经225,0.3360979718501077,0.0,0.26479705274362053,0.40430473954539675,0.40291274736025284,0.3478579241385638,0.24747705612471516,0.2802835124363233,0.2683589178222347
墨西哥BOLSA,0.3531410516444906,0.26479705274362053,0.0,0.2922735687575736,0.28537962878836315,0.3409682560937457,0.2421423937493642,0.4234749482643656,0.3826631856774057
恒生指数,0.33882773639365865,0.40430473954539675,0.2922735687575736,0.0,0.4019827377594541,0.3371045750378747,0.23875941086781535,0.2880674015745759,0.2824041430497377
韩国综合指数,0.32199190244361164,0.40291274736025284,0.28537962878836315,0.4019827377594541,0.0,0.3274948451301347,0.26262430379553797,0.29865166906201657,0.27165700542712373
荷兰AEX,0.5692070920571157,0.3478579241385638,0.3409682560937457,0.3371045750378747,0.3274948451301347,0.0,0.23471150201266314,0.3450617011227061,0.31421430560867997
Costa Rica Indice Accionario,0.2227932276290408,0.24747705612471516,0.2421423937493642,0.23875941086781535,0.26262430379553797,0.23471150201266314,0.0,0.24664207756295425,0.23981371248809982
加拿大多伦多S&P/TSX 综合指数,0.34755109035384485,0.2802835124363233,0.4234749482643656,0.2880674015745759,0.29865166906201657,0.3450617011227061,0.24664207756295425,0.0,0.3251856634836521
S&P CLX IPSA,0.3244332481447425,0.2683589178222347,0.3826631856774057,0.2824041430497377,0.27165700542712373,0.31421430560867997,0.23981371248809982,0.3251856634836521,0.0
