,比利时BFX,日经225,墨西哥BOLSA,恒生指数,韩国综合指数,荷兰AEX,Costa Rica Indice Accionario,加拿大多伦多S&P/TSX 综合指数,S&P CLX IPSA
比利时BFX,0.0,0.32852379353232003,0.3571842231655514,0.3404796231311202,0.3293240638436688,0.5837801107349327,0.223299816072529,0.32962495127736813,0.3239215633628326
日经225,0.32852379353232003,0.0,0.26410202811381545,0.39425887713084035,0.42377159593706026,0.3343034244861889,0.24672646426917866,0.2848801144536061,0.28535504859792293
墨西哥BOLSA,0.3571842231655514,0.26410202811381545,0.0,0.30106162652008844,0.2809017778544081,0.3421758920506442,0.24056593041673427,0.3898086088535625,0.38365523838573434
恒生指数,0.3404796231311202,0.39425887713084035,0.30106162652008844,0.0,0.3897278170458086,0.33757427529772166,0.23581223411974428,0.29623360385326164,0.297983518510655
韩国综合指数,0.3293240638436688,0.42377159593706026,0.2809017778544081,0.3897278170458086,0.0,0.3191372586434664,0.2596515779748828,0.3041970797719549,0.29277226282250457
荷兰AEX,0.5837801107349327,0.3343034244861889,0.3421758920506442,0.33757427529772166,0.3191372586434664,0.0,0.23327433235909112,0.33368801786814883,0.31931057533090146
Costa Rica Indice Accionario,0.223299816072529,0.24672646426917866,0.24056593041673427,0.23581223411974428,0.2596515779748828,0.23327433235909112,0.0,0.2446082287390366,0.23665387050461245
加拿大多伦多S&P/TSX 综合指数,0.32962495127736813,0.2848801144536061,0.3898086088535625,0.29623360385326164,0.3041970797719549,0.33368801786814883,0.2446082287390366,0.0,0.31577113556772357
S&P CLX IPSA,0.3239215633628326,0.28535504859792293,0.38365523838573434,0.297983518510655,0.29277226282250457,0.31931057533090146,0.23665387050461245,0.31577113556772357,0.0
