,比利时BFX,日经225,墨西哥BOLSA,恒生指数,韩国综合指数,荷兰AEX,Costa Rica Indice Accionario,加拿大多伦多S&P/TSX 综合指数,S&P CLX IPSA
比利时BFX,0.0,0.34157483358394913,0.37121838897536025,0.3511830095201255,0.33340675144330706,0.5904036574491888,0.22116922556910312,0.36343870537547385,0.33554119418925715
日经225,0.34157483358394913,0.0,0.2717422772596722,0.41303886491908154,0.415539543487522,0.35722173563236814,0.23983546952831028,0.2792082968781155,0.27699078807816757
墨西哥BOLSA,0.37121838897536025,0.2717422772596722,0.0,0.2906952359851743,0.28807852736054074,0.35601498929729186,0.24312990244925028,0.4446305544332889,0.382324572826102
恒生指数,0.3511830095201255,0.41303886491908154,0.2906952359851743,0.0,0.4337232680638374,0.3579278248359402,0.23503512083856742,0.29196882925793405,0.2876768445026116
韩国综合指数,0.33340675144330706,0.415539543487522,0.28807852736054074,0.4337232680638374,0.0,0.34689356819287914,0.2563388804467352,0.3061937469413556,0.27701942686197206
荷兰AEX,0.5904036574491888,0.35722173563236814,0.35601498929729186,0.3579278248359402,0.34689356819287914,0.0,0.232571209813023,0.3603135546030457,0.3205219782535902
Costa Rica Indice Accionario,0.22116922556910312,0.23983546952831028,0.24312990244925028,0.23503512083856742,0.2563388804467352,0.232571209813023,0.0,0.24313599337231903,0.23968779417685923
加拿大多伦多S&P/TSX 综合指数,0.36343870537547385,0.2792082968781155,0.4446305544332889,0.29196882925793405,0.3061937469413556,0.3603135546030457,0.24313599337231903,0.0,0.32738869719067654
S&P CLX IPSA,0.33554119418925715,0.27699078807816757,0.382324572826102,0.2876768445026116,0.27701942686197206,0.3205219782535902,0.23968779417685923,0.32738869719067654,0.0
