,比利时BFX,日经225,墨西哥BOLSA,恒生指数,韩国综合指数,荷兰AEX,Costa Rica Indice Accionario,加拿大多伦多S&P/TSX 综合指数,S&P CLX IPSA
比利时BFX,0.0,0.3233870478786753,0.4012763982006825,0.3381286313109948,0.3165506693801024,0.6296075258779649,0.23667431620076534,0.33648718784342474,0.3489744458772892
日经225,0.3233870478786753,0.0,0.27949603797755646,0.4039914292187531,0.46964314120484746,0.32351591760621945,0.2612545023925117,0.2938743325982276,0.29163672168134774
墨西哥BOLSA,0.4012763982006825,0.27949603797755646,0.0,0.30195513158323295,0.27108142963615783,0.38292231209849287,0.24274040937105218,0.4090178727053016,0.4004826978452676
恒生指数,0.3381286313109948,0.4039914292187531,0.30195513158323295,0.0,0.414818139813015,0.3316909995894556,0.24658618508494493,0.29427479976330356,0.30563374246915614
韩国综合指数,0.3165506693801024,0.46964314120484746,0.27108142963615783,0.414818139813015,0.0,0.3082977689040644,0.2673699075653637,0.2969336824306598,0.2925511737316938
荷兰AEX,0.6296075258779649,0.32351591760621945,0.38292231209849287,0.3316909995894556,0.3082977689040644,0.0,0.24332842981476618,0.34267882779443043,0.340963132001652
Costa Rica Indice Accionario,0.23667431620076534,0.2612545023925117,0.24274040937105218,0.24658618508494493,0.2673699075653637,0.24332842981476618,0.0,0.24785266524993876,0.24091706646291838
加拿大多伦多S&P/TSX 综合指数,0.33648718784342474,0.2938743325982276,0.4090178727053016,0.29427479976330356,0.2969336824306598,0.34267882779443043,0.24785266524993876,0.0,0.35256487457736374
S&P CLX IPSA,0.3489744458772892,0.29163672168134774,0.4004826978452676,0.30563374246915614,0.2925511737316938,0.340963132001652,0.24091706646291838,0.35256487457736374,0.0
