,比利时BFX,日经225,墨西哥BOLSA,恒生指数,韩国综合指数,荷兰AEX,Costa Rica Indice Accionario,加拿大多伦多S&P/TSX 综合指数,S&P CLX IPSA
比利时BFX,0.0,0.30581531518517957,0.40370614759329143,0.3349398720896637,0.3015136704803117,0.6345937756214962,0.23052603860412363,0.33527402289305797,0.3774676767452777
日经225,0.30581531518517957,0.0,0.27681588915576916,0.4033104425503759,0.4663250158137925,0.30243393705817684,0.25513801736883035,0.2831564614545819,0.30470821125919323
墨西哥BOLSA,0.40370614759329143,0.27681588915576916,0.0,0.2999673664405783,0.26434822531174823,0.38524119812192725,0.2408718565222495,0.40262292641293596,0.40478461353363987
恒生指数,0.3349398720896637,0.4033104425503759,0.2999673664405783,0.0,0.42644312114846056,0.3198363194712172,0.24508358124535842,0.2866522782096965,0.3217525777281661
韩国综合指数,0.3015136704803117,0.4663250158137925,0.26434822531174823,0.42644312114846056,0.0,0.29125643593174166,0.2617286287710052,0.2802926603681416,0.2986495101461117
荷兰AEX,0.6345937756214962,0.30243393705817684,0.38524119812192725,0.3198363194712172,0.29125643593174166,0.0,0.23724321447512592,0.3469010389965454,0.3852150474552713
Costa Rica Indice Accionario,0.23052603860412363,0.25513801736883035,0.2408718565222495,0.24508358124535842,0.2617286287710052,0.23724321447512592,0.0,0.24200708432550197,0.24060700285835543
加拿大多伦多S&P/TSX 综合指数,0.33527402289305797,0.2831564614545819,0.40262292641293596,0.2866522782096965,0.2802926603681416,0.3469010389965454,0.24200708432550197,0.0,0.36850089531336894
S&P CLX IPSA,0.3774676767452777,0.30470821125919323,0.40478461353363987,0.3217525777281661,0.2986495101461117,0.3852150474552713,0.24060700285835543,0.36850089531336894,0.0
