,比利时BFX,日经225,墨西哥BOLSA,恒生指数,韩国综合指数,荷兰AEX,Costa Rica Indice Accionario,加拿大多伦多S&P/TSX 综合指数,S&P CLX IPSA
比利时BFX,0.0,0.32978358325514046,0.3779332207561153,0.3463036134254711,0.32437659676169683,0.6089032402850665,0.22275028138522096,0.3185587432368189,0.32826407720132034
日经225,0.32978358325514046,0.0,0.26036140655904294,0.3935798235288284,0.4476293635497581,0.3346919781793069,0.2471983481126343,0.27711764808234896,0.2811059024849502
墨西哥BOLSA,0.3779332207561153,0.26036140655904294,0.0,0.3012106683472532,0.2664048551098958,0.36855728303395285,0.23988763956110531,0.37474488153898,0.38369948572604556
恒生指数,0.3463036134254711,0.3935798235288284,0.3012106683472532,0.0,0.39487142145844,0.3429933956009152,0.23557825478848393,0.28742532229259676,0.30256572983419955
韩国综合指数,0.32437659676169683,0.4476293635497581,0.2664048551098958,0.39487142145844,0.0,0.3151368006467702,0.2595171077099989,0.2852455973289191,0.2865076844994389
荷兰AEX,0.6089032402850665,0.3346919781793069,0.36855728303395285,0.3429933956009152,0.3151368006467702,0.0,0.23124428179390447,0.3297264882510491,0.3267940311423899
Costa Rica Indice Accionario,0.22275028138522096,0.2471983481126343,0.23988763956110531,0.23557825478848393,0.2595171077099989,0.23124428179390447,0.0,0.24441105153941456,0.23632518501225552
加拿大多伦多S&P/TSX 综合指数,0.3185587432368189,0.27711764808234896,0.37474488153898,0.28742532229259676,0.2852455973289191,0.3297264882510491,0.24441105153941456,0.0,0.3248552521446428
S&P CLX IPSA,0.32826407720132034,0.2811059024849502,0.38369948572604556,0.30256572983419955,0.2865076844994389,0.3267940311423899,0.23632518501225552,0.3248552521446428,0.0
