,比利时BFX,日经225,墨西哥BOLSA,恒生指数,韩国综合指数,荷兰AEX,Costa Rica Indice Accionario,加拿大多伦多S&P/TSX 综合指数,S&P CLX IPSA
比利时BFX,0.0,0.33323173557739294,0.37584278367281343,0.346846693663673,0.33121910649265646,0.6085807811627024,0.22280940420454073,0.32692464735034604,0.32920333244244715
日经225,0.33323173557739294,0.0,0.2643583046449122,0.4007428587628299,0.4453243795906621,0.3377860333276875,0.24728837608211585,0.280451344099002,0.27951811583229963
墨西哥BOLSA,0.37584278367281343,0.2643583046449122,0.0,0.2996054028096169,0.27238121518394504,0.36666454297387024,0.23995314096224274,0.383538578378623,0.38745123457075514
恒生指数,0.346846693663673,0.4007428587628299,0.2996054028096169,0.0,0.40407676776704643,0.3435627678004946,0.23608392427748026,0.2936609685317532,0.3004364297398462
韩国综合指数,0.33121910649265646,0.4453243795906621,0.27238121518394504,0.40407676776704643,0.0,0.32057626267719724,0.25970412627761086,0.28718574738705793,0.2853988142799221
荷兰AEX,0.6085807811627024,0.3377860333276875,0.36666454297387024,0.3435627678004946,0.32057626267719724,0.0,0.23119185216064492,0.3373914563691286,0.3264728058030248
Costa Rica Indice Accionario,0.22280940420454073,0.24728837608211585,0.23995314096224274,0.23608392427748026,0.25970412627761086,0.23119185216064492,0.0,0.24481720387569147,0.23608095782768634
加拿大多伦多S&P/TSX 综合指数,0.32692464735034604,0.280451344099002,0.383538578378623,0.2936609685317532,0.28718574738705793,0.3373914563691286,0.24481720387569147,0.0,0.32507520602191536
S&P CLX IPSA,0.32920333244244715,0.27951811583229963,0.38745123457075514,0.3004364297398462,0.2853988142799221,0.3264728058030248,0.23608095782768634,0.32507520602191536,0.0
