,比利时BFX,日经225,墨西哥BOLSA,恒生指数,韩国综合指数,荷兰AEX,Costa Rica Indice Accionario,加拿大多伦多S&P/TSX 综合指数,S&P CLX IPSA
比利时BFX,0.0,0.32925119484410326,0.3633254785062434,0.34224980010032185,0.3258850507336549,0.6055520819860499,0.22184913804533943,0.3221274051069129,0.32534103917212237
日经225,0.32925119484410326,0.0,0.2570939136958906,0.3994878987814189,0.4420873220700394,0.33191069224612063,0.24684015519138625,0.2765564905412287,0.2745992047290442
墨西哥BOLSA,0.3633254785062434,0.2570939136958906,0.0,0.29367357818901213,0.2642339480827027,0.3581967378331674,0.23900696270579183,0.3804095523317027,0.38214079312192795
恒生指数,0.34224980010032185,0.3994878987814189,0.29367357818901213,0.0,0.4023797357795872,0.3390049442646553,0.23600324599065228,0.2903097217973116,0.29701148008589107
韩国综合指数,0.3258850507336549,0.4420873220700394,0.2642339480827027,0.4023797357795872,0.0,0.3137614526843456,0.25979005279218786,0.2849629342973364,0.2803524229884528
荷兰AEX,0.6055520819860499,0.33191069224612063,0.3581967378331674,0.3390049442646553,0.3137614526843456,0.0,0.23089077836400887,0.3359794800812,0.322785054119554
Costa Rica Indice Accionario,0.22184913804533943,0.24684015519138625,0.23900696270579183,0.23600324599065228,0.25979005279218786,0.23089077836400887,0.0,0.2443649830745642,0.23559579467631517
加拿大多伦多S&P/TSX 综合指数,0.3221274051069129,0.2765564905412287,0.3804095523317027,0.2903097217973116,0.2849629342973364,0.3359794800812,0.2443649830745642,0.0,0.32352598302144625
S&P CLX IPSA,0.32534103917212237,0.2745992047290442,0.38214079312192795,0.29701148008589107,0.2803524229884528,0.322785054119554,0.23559579467631517,0.32352598302144625,0.0
