,比利时BFX,日经225,墨西哥BOLSA,恒生指数,韩国综合指数,荷兰AEX,Costa Rica Indice Accionario,加拿大多伦多S&P/TSX 综合指数,S&P CLX IPSA
比利时BFX,0.0,0.3027657287489352,0.4061943374099062,0.33871712488872796,0.29451715882377166,0.6308364172808558,0.23284952668197165,0.3368134542295529,0.3806023753122195
日经225,0.3027657287489352,0.0,0.27873582011153,0.4086700319852417,0.4703852215693664,0.3004368543139919,0.2562762516509585,0.28741167868176665,0.29522563532489204
墨西哥BOLSA,0.4061943374099062,0.27873582011153,0.0,0.3048563680260961,0.2659352787436813,0.38488661782752437,0.23827360380109902,0.3968285855407084,0.40517202887975584
恒生指数,0.33871712488872796,0.4086700319852417,0.3048563680260961,0.0,0.4340831334608246,0.32425109240285827,0.2530065922348099,0.2909680269503316,0.3121689201810225
韩国综合指数,0.29451715882377166,0.4703852215693664,0.2659352787436813,0.4340831334608246,0.0,0.28547911148359384,0.26304876372046043,0.28532339285830144,0.2935731812221154
荷兰AEX,0.6308364172808558,0.3004368543139919,0.38488661782752437,0.32425109240285827,0.28547911148359384,0.0,0.23788935922032833,0.3475057546856312,0.38627364177425605
Costa Rica Indice Accionario,0.23284952668197165,0.2562762516509585,0.23827360380109902,0.2530065922348099,0.26304876372046043,0.23788935922032833,0.0,0.24147593276537696,0.2495172569268729
加拿大多伦多S&P/TSX 综合指数,0.3368134542295529,0.28741167868176665,0.3968285855407084,0.2909680269503316,0.28532339285830144,0.3475057546856312,0.24147593276537696,0.0,0.3703202293265596
S&P CLX IPSA,0.3806023753122195,0.29522563532489204,0.40517202887975584,0.3121689201810225,0.2935731812221154,0.38627364177425605,0.2495172569268729,0.3703202293265596,0.0
