,比利时BFX,日经225,墨西哥BOLSA,恒生指数,韩国综合指数,荷兰AEX,Costa Rica Indice Accionario,加拿大多伦多S&P/TSX 综合指数,S&P CLX IPSA
比利时BFX,0.0,0.32582816078409493,0.39615463479894614,0.3644689482213107,0.35289950022941274,0.6491833307873558,0.21911186633859783,0.3848994525453833,0.3609368155938024
日经225,0.32582816078409493,0.0,0.2575733514215922,0.44580860462241345,0.45432660060753016,0.3318516347567593,0.2354080525259704,0.265897226449702,0.27204345283892034
墨西哥BOLSA,0.39615463479894614,0.2575733514215922,0.0,0.29346725028419085,0.28231047812007704,0.3883111866460428,0.23556630956219593,0.483894730093156,0.4012429844911525
恒生指数,0.3644689482213107,0.44580860462241345,0.29346725028419085,0.0,0.4552641443222935,0.37122239022759934,0.2369990091431365,0.29713527127936384,0.2952867116995461
韩国综合指数,0.35289950022941274,0.45432660060753016,0.28231047812007704,0.4552641443222935,0.0,0.3676462276553711,0.2455984691298169,0.30043251437991586,0.2977380515717324
荷兰AEX,0.6491833307873558,0.3318516347567593,0.3883111866460428,0.37122239022759934,0.3676462276553711,0.0,0.23072465730811612,0.3887059971744291,0.3531290345270962
Costa Rica Indice Accionario,0.21911186633859783,0.2354080525259704,0.23556630956219593,0.2369990091431365,0.2455984691298169,0.23072465730811612,0.0,0.2376365262477788,0.2346553347171701
加拿大多伦多S&P/TSX 综合指数,0.3848994525453833,0.265897226449702,0.483894730093156,0.29713527127936384,0.30043251437991586,0.3887059971744291,0.2376365262477788,0.0,0.35871330950704644
S&P CLX IPSA,0.3609368155938024,0.27204345283892034,0.4012429844911525,0.2952867116995461,0.2977380515717324,0.3531290345270962,0.2346553347171701,0.35871330950704644,0.0
