,比利时BFX,日经225,墨西哥BOLSA,恒生指数,韩国综合指数,荷兰AEX,Costa Rica Indice Accionario,加拿大多伦多S&P/TSX 综合指数,S&P CLX IPSA
比利时BFX,0.0,0.33564652903062797,0.3547722625318339,0.33894058466222277,0.32221012643703467,0.5687161574656535,0.22272553586402108,0.34770675518070954,0.3239594582968944
日经225,0.33564652903062797,0.0,0.2659045108947532,0.4015309218298481,0.40222889340299317,0.34630373814626053,0.2473935394163,0.2803286737400171,0.2697144365853755
墨西哥BOLSA,0.3547722625318339,0.2659045108947532,0.0,0.2940543772304909,0.2857065225947832,0.34317122702155317,0.24242231100970646,0.424767721572607,0.3797705097343022
恒生指数,0.33894058466222277,0.4015309218298481,0.2940543772304909,0.0,0.4027981564209928,0.3379082605622589,0.2385208843129155,0.28836821315919847,0.28134500780132277
韩国综合指数,0.32221012643703467,0.40222889340299317,0.2857065225947832,0.4027981564209928,0.0,0.32813275750055715,0.2625430998059523,0.29873803692940637,0.2707254757061246
荷兰AEX,0.5687161574656535,0.34630373814626053,0.34317122702155317,0.3379082605622589,0.32813275750055715,0.0,0.2345316153974562,0.34528529424395643,0.3129547917387034
Costa Rica Indice Accionario,0.22272553586402108,0.2473935394163,0.24242231100970646,0.2385208843129155,0.2625430998059523,0.2345316153974562,0.0,0.2466561870810773,0.24015635829192084
加拿大多伦多S&P/TSX 综合指数,0.34770675518070954,0.2803286737400171,0.424767721572607,0.28836821315919847,0.29873803692940637,0.34528529424395643,0.2466561870810773,0.0,0.324395173179167
S&P CLX IPSA,0.3239594582968944,0.2697144365853755,0.3797705097343022,0.28134500780132277,0.2707254757061246,0.3129547917387034,0.24015635829192084,0.324395173179167,0.0
