,比利时BFX,日经225,墨西哥BOLSA,恒生指数,韩国综合指数,荷兰AEX,Costa Rica Indice Accionario,加拿大多伦多S&P/TSX 综合指数,S&P CLX IPSA
比利时BFX,0.0,0.33137076174166735,0.36581754117304954,0.34333304471951587,0.32844426866482146,0.6067914206141388,0.2218880680661909,0.3214823295748001,0.32678251579744355
日经225,0.33137076174166735,0.0,0.2603204643100837,0.4012071197757477,0.4458015983224829,0.33506668036452125,0.24697949002557654,0.27591679002078945,0.2763682935384963
墨西哥BOLSA,0.36581754117304954,0.2603204643100837,0.0,0.2957627373041022,0.26926969792042904,0.3622350163155206,0.23930581303319745,0.3773159071268789,0.3838934941925672
恒生指数,0.34333304471951587,0.4012071197757477,0.2957627373041022,0.0,0.40307423730813957,0.34019685836271835,0.23585256309325056,0.2901312173026732,0.29822255760402
韩国综合指数,0.32844426866482146,0.4458015983224829,0.26926969792042904,0.40307423730813957,0.0,0.317792388219859,0.2595407304759943,0.28370206194376957,0.2828939471596129
荷兰AEX,0.6067914206141388,0.33506668036452125,0.3622350163155206,0.34019685836271835,0.317792388219859,0.0,0.23084854889884732,0.3347866893854125,0.3247821449891293
Costa Rica Indice Accionario,0.2218880680661909,0.24697949002557654,0.23930581303319745,0.23585256309325056,0.2595407304759943,0.23084854889884732,0.0,0.24443261075439687,0.23572642569316976
加拿大多伦多S&P/TSX 综合指数,0.3214823295748001,0.27591679002078945,0.3773159071268789,0.2901312173026732,0.28370206194376957,0.3347866893854125,0.24443261075439687,0.0,0.3228670239248331
S&P CLX IPSA,0.32678251579744355,0.2763682935384963,0.3838934941925672,0.29822255760402,0.2828939471596129,0.3247821449891293,0.23572642569316976,0.3228670239248331,0.0
