,比利时BFX,日经225,墨西哥BOLSA,恒生指数,韩国综合指数,荷兰AEX,Costa Rica Indice Accionario,加拿大多伦多S&P/TSX 综合指数,S&P CLX IPSA
比利时BFX,0.0,0.3190431920686797,0.3641818103215792,0.34334134652051895,0.32232806992923935,0.5784716723732505,0.22405392902219998,0.3352441688986238,0.31793407991602707
日经225,0.3190431920686797,0.0,0.26693848861731123,0.4013204643952073,0.4226145787444015,0.329749481551823,0.2472020378638981,0.2852927567240974,0.274712466407172
墨西哥BOLSA,0.3641818103215792,0.26693848861731123,0.0,0.30305540344322374,0.28387068447200897,0.35124307397222,0.24071203108562808,0.39915096086567603,0.37411492352291
恒生指数,0.34334134652051895,0.4013204643952073,0.30305540344322374,0.0,0.39389593366083775,0.3394229871272616,0.23620020693277907,0.29474269829947153,0.2923171772128121
韩国综合指数,0.32232806992923935,0.4226145787444015,0.28387068447200897,0.39389593366083775,0.0,0.31645268207704885,0.25952843033749307,0.3020811536089222,0.28183145062130316
荷兰AEX,0.5784716723732505,0.329749481551823,0.35124307397222,0.3394229871272616,0.31645268207704885,0.0,0.23333830908479497,0.33996550462517955,0.3101734358138794
Costa Rica Indice Accionario,0.22405392902219998,0.2472020378638981,0.24071203108562808,0.23620020693277907,0.25952843033749307,0.23333830908479497,0.0,0.24458694790772711,0.23705533112861307
加拿大多伦多S&P/TSX 综合指数,0.3352441688986238,0.2852927567240974,0.39915096086567603,0.29474269829947153,0.3020811536089222,0.33996550462517955,0.24458694790772711,0.0,0.3118620898568124
S&P CLX IPSA,0.31793407991602707,0.274712466407172,0.37411492352291,0.2923171772128121,0.28183145062130316,0.3101734358138794,0.23705533112861307,0.3118620898568124,0.0
