,比利时BFX,日经225,墨西哥BOLSA,恒生指数,韩国综合指数,荷兰AEX,Costa Rica Indice Accionario,加拿大多伦多S&P/TSX 综合指数,S&P CLX IPSA
比利时BFX,0.0,0.3059312829429571,0.40398338464642425,0.3357146653697362,0.3023468011502874,0.6354281241945559,0.23083307893124302,0.33493642431740456,0.3772513303348484
日经225,0.3059312829429571,0.0,0.2768736181889042,0.40282573329021687,0.46649259559053824,0.30244616498941507,0.2548642906080581,0.28415895507529626,0.3035551899662809
墨西哥BOLSA,0.40398338464642425,0.2768736181889042,0.0,0.3001902015430955,0.26393708492425116,0.3846658927765752,0.24080919879083332,0.4023138357007641,0.40477930971214643
恒生指数,0.3357146653697362,0.40282573329021687,0.3001902015430955,0.0,0.42693520978184923,0.3202691050070566,0.24512265283588158,0.2874677801062857,0.3217328919958403
韩国综合指数,0.3023468011502874,0.46649259559053824,0.26393708492425116,0.42693520978184923,0.0,0.2912478461374567,0.2613977467938689,0.2810403820749413,0.2991626113038513
荷兰AEX,0.6354281241945559,0.30244616498941507,0.3846658927765752,0.3202691050070566,0.2912478461374567,0.0,0.23735737820244676,0.3458994064122282,0.38576105560999163
Costa Rica Indice Accionario,0.23083307893124302,0.2548642906080581,0.24080919879083332,0.24512265283588158,0.2613977467938689,0.23735737820244676,0.0,0.24218959338970272,0.2411558287919913
加拿大多伦多S&P/TSX 综合指数,0.33493642431740456,0.28415895507529626,0.4023138357007641,0.2874677801062857,0.2810403820749413,0.3458994064122282,0.24218959338970272,0.0,0.3672310065338428
S&P CLX IPSA,0.3772513303348484,0.3035551899662809,0.40477930971214643,0.3217328919958403,0.2991626113038513,0.38576105560999163,0.2411558287919913,0.3672310065338428,0.0
