,比利时BFX,日经225,墨西哥BOLSA,恒生指数,韩国综合指数,荷兰AEX,Costa Rica Indice Accionario,加拿大多伦多S&P/TSX 综合指数,S&P CLX IPSA
比利时BFX,0.0,0.33243222155419205,0.38672566606134634,0.3557511933755625,0.3616046957664429,0.6361814878611223,0.2141838290761078,0.39105673801380664,0.36332086739944597
日经225,0.33243222155419205,0.0,0.26605225306792213,0.4498691713232659,0.48312694406163953,0.333697814075478,0.2281869360902041,0.279030398688205,0.2773436072655753
墨西哥BOLSA,0.38672566606134634,0.26605225306792213,0.0,0.2998742123058691,0.29555098258471785,0.37682320387631574,0.23190806270175623,0.4788064925602069,0.41245219093348007
恒生指数,0.3557511933755625,0.4498691713232659,0.2998742123058691,0.0,0.47143457470204986,0.36512462525119127,0.22940313498898462,0.29725109240481523,0.3101552636193044
韩国综合指数,0.3616046957664429,0.48312694406163953,0.29555098258471785,0.47143457470204986,0.0,0.36796599081060605,0.22635816256811056,0.30577915397820005,0.3039321755553225
荷兰AEX,0.6361814878611223,0.333697814075478,0.37682320387631574,0.36512462525119127,0.36796599081060605,0.0,0.22045383036512467,0.3929745896643723,0.35434610224328145
Costa Rica Indice Accionario,0.2141838290761078,0.2281869360902041,0.23190806270175623,0.22940313498898462,0.22635816256811056,0.22045383036512467,0.0,0.2317238012028833,0.229031144379611
加拿大多伦多S&P/TSX 综合指数,0.39105673801380664,0.279030398688205,0.4788064925602069,0.29725109240481523,0.30577915397820005,0.3929745896643723,0.2317238012028833,0.0,0.36938693939202466
S&P CLX IPSA,0.36332086739944597,0.2773436072655753,0.41245219093348007,0.3101552636193044,0.3039321755553225,0.35434610224328145,0.229031144379611,0.36938693939202466,0.0
