,比利时BFX,日经225,墨西哥BOLSA,恒生指数,韩国综合指数,荷兰AEX,Costa Rica Indice Accionario,加拿大多伦多S&P/TSX 综合指数,S&P CLX IPSA
比利时BFX,0.0,0.33709146377216304,0.38700778131476,0.35467761061466807,0.34689164223733293,0.6399444253287744,0.21469815800836342,0.3951096811516598,0.38787016857839446
日经225,0.33709146377216304,0.0,0.262389110957074,0.4497299091333611,0.472204969231079,0.3351695555307121,0.22683798306157466,0.2794537559692825,0.28836245391474424
墨西哥BOLSA,0.38700778131476,0.262389110957074,0.0,0.2898062735317429,0.2869547030396995,0.3807448342453655,0.2322983740990085,0.47715836885670854,0.4195734865700111
恒生指数,0.35467761061466807,0.4497299091333611,0.2898062735317429,0.0,0.47036080617034015,0.36062979926255745,0.23194266706367772,0.2922972220518534,0.3138598282937297
韩国综合指数,0.34689164223733293,0.472204969231079,0.2869547030396995,0.47036080617034015,0.0,0.35275140188142956,0.22832976744675468,0.2962074198534736,0.300304467711866
荷兰AEX,0.6399444253287744,0.3351695555307121,0.3807448342453655,0.36062979926255745,0.35275140188142956,0.0,0.22028258901022976,0.40351482153013524,0.3860366116892509
Costa Rica Indice Accionario,0.21469815800836342,0.22683798306157466,0.2322983740990085,0.23194266706367772,0.22832976744675468,0.22028258901022976,0.0,0.23152445365366747,0.23082049039307917
加拿大多伦多S&P/TSX 综合指数,0.3951096811516598,0.2794537559692825,0.47715836885670854,0.2922972220518534,0.2962074198534736,0.40351482153013524,0.23152445365366747,0.0,0.38311535497031723
S&P CLX IPSA,0.38787016857839446,0.28836245391474424,0.4195734865700111,0.3138598282937297,0.300304467711866,0.3860366116892509,0.23082049039307917,0.38311535497031723,0.0
