,比利时BFX,日经225,墨西哥BOLSA,恒生指数,韩国综合指数,荷兰AEX,Costa Rica Indice Accionario,加拿大多伦多S&P/TSX 综合指数,S&P CLX IPSA
比利时BFX,0.0,0.3210744179560259,0.3626883313852613,0.343009821211883,0.3210523792534147,0.5798371674046571,0.22373885223858278,0.3310012833469526,0.31673496846617766
日经225,0.3210744179560259,0.0,0.2662257377879917,0.40009696616071266,0.42004404121068295,0.33171288546164535,0.24714943988865323,0.2827509161880961,0.274447718568885
墨西哥BOLSA,0.3626883313852613,0.2662257377879917,0.0,0.3027740326565363,0.2822799467530793,0.3499555058183191,0.24045863673644569,0.39638332994987197,0.37203281387609266
恒生指数,0.343009821211883,0.40009696616071266,0.3027740326565363,0.0,0.39341998166928105,0.3392340695847381,0.23609266064897655,0.29400755547136714,0.2922477052081353
韩国综合指数,0.3210523792534147,0.42004404121068295,0.2822799467530793,0.39341998166928105,0.0,0.315819631436379,0.2599203182020332,0.30197065062876777,0.282201871025372
荷兰AEX,0.5798371674046571,0.33171288546164535,0.3499555058183191,0.3392340695847381,0.315819631436379,0.0,0.23323450297715723,0.33673357176695673,0.30952357101209077
Costa Rica Indice Accionario,0.22373885223858278,0.24714943988865323,0.24045863673644569,0.23609266064897655,0.2599203182020332,0.23323450297715723,0.0,0.24466413621273658,0.23731383688188143
加拿大多伦多S&P/TSX 综合指数,0.3310012833469526,0.2827509161880961,0.39638332994987197,0.29400755547136714,0.30197065062876777,0.33673357176695673,0.24466413621273658,0.0,0.31156667357075096
S&P CLX IPSA,0.31673496846617766,0.274447718568885,0.37203281387609266,0.2922477052081353,0.282201871025372,0.30952357101209077,0.23731383688188143,0.31156667357075096,0.0
