,比利时BFX,日经225,墨西哥BOLSA,恒生指数,韩国综合指数,荷兰AEX,Costa Rica Indice Accionario,加拿大多伦多S&P/TSX 综合指数,S&P CLX IPSA
比利时BFX,0.0,0.3206908424135842,0.3600799480857912,0.34492339774511394,0.3233854513094702,0.5765507528795014,0.22419825680870079,0.33234981458687074,0.3188897298762587
日经225,0.3206908424135842,0.0,0.26593524337648894,0.4017077812237539,0.4224467140701556,0.3315383550291589,0.24723801724356473,0.2851792377449391,0.2744160950503491
墨西哥BOLSA,0.3600799480857912,0.26593524337648894,0.0,0.3002983254601978,0.2835230947144837,0.34632495191321494,0.24058217427859854,0.39942068956787047,0.37423808990676877
恒生指数,0.34492339774511394,0.4017077812237539,0.3002983254601978,0.0,0.3934979082833431,0.34113426044392325,0.2363263116470248,0.2938089973057931,0.29179141242332046
韩国综合指数,0.3233854513094702,0.4224467140701556,0.2835230947144837,0.3934979082833431,0.0,0.3172478738011857,0.259518139406338,0.3023547051306301,0.2817620084901287
荷兰AEX,0.5765507528795014,0.3315383550291589,0.34632495191321494,0.34113426044392325,0.3172478738011857,0.0,0.23359876327787277,0.3365552385125261,0.3106815085139397
Costa Rica Indice Accionario,0.22419825680870079,0.24723801724356473,0.24058217427859854,0.2363263116470248,0.259518139406338,0.23359876327787277,0.0,0.24463154912785923,0.23698005181028844
加拿大多伦多S&P/TSX 综合指数,0.33234981458687074,0.2851792377449391,0.39942068956787047,0.2938089973057931,0.3023547051306301,0.3365552385125261,0.24463154912785923,0.0,0.3128328593902322
S&P CLX IPSA,0.3188897298762587,0.2744160950503491,0.37423808990676877,0.29179141242332046,0.2817620084901287,0.3106815085139397,0.23698005181028844,0.3128328593902322,0.0
