,比利时BFX,日经225,墨西哥BOLSA,恒生指数,韩国综合指数,荷兰AEX,Costa Rica Indice Accionario,加拿大多伦多S&P/TSX 综合指数,S&P CLX IPSA
比利时BFX,0.0,0.3277863565545763,0.3566457395138541,0.3401245463766549,0.3173111581583217,0.577428378856461,0.222541893657237,0.34031037366405154,0.32241918578176665
日经225,0.3277863565545763,0.0,0.2628556562195943,0.4028896673162609,0.4169375405446504,0.33766326119357915,0.24696956372475243,0.28165972700092284,0.26842974972910477
墨西哥BOLSA,0.3566457395138541,0.2628556562195943,0.0,0.2916355529709398,0.2780276565711959,0.3424302961086747,0.24230860439359614,0.41557434070380445,0.381395860400832
恒生指数,0.3401245463766549,0.4028896673162609,0.2916355529709398,0.0,0.3955171446777886,0.3384957687488781,0.23894947951257023,0.29151411324834714,0.2833118954491993
韩国综合指数,0.3173111581583217,0.4169375405446504,0.2780276565711959,0.3955171446777886,0.0,0.3188888930940787,0.26287620697047887,0.3004703054683649,0.27336994084311766
荷兰AEX,0.577428378856461,0.33766326119357915,0.3424302961086747,0.3384957687488781,0.3188888930940787,0.0,0.23487331851576804,0.3415222808701712,0.3121965831878171
Costa Rica Indice Accionario,0.222541893657237,0.24696956372475243,0.24230860439359614,0.23894947951257023,0.26287620697047887,0.23487331851576804,0.0,0.24744636825629202,0.2397016422092114
加拿大多伦多S&P/TSX 综合指数,0.34031037366405154,0.28165972700092284,0.41557434070380445,0.29151411324834714,0.3004703054683649,0.3415222808701712,0.24744636825629202,0.0,0.3212295986024161
S&P CLX IPSA,0.32241918578176665,0.26842974972910477,0.381395860400832,0.2833118954491993,0.27336994084311766,0.3121965831878171,0.2397016422092114,0.3212295986024161,0.0
