,比利时BFX,日经225,墨西哥BOLSA,恒生指数,韩国综合指数,荷兰AEX,Costa Rica Indice Accionario,加拿大多伦多S&P/TSX 综合指数,S&P CLX IPSA
比利时BFX,0.0,0.31948923311545013,0.3942701663386507,0.3626258762723881,0.35105974060962203,0.6327405102990995,0.22014382510460698,0.3843656291157924,0.3660328949399516
日经225,0.31948923311545013,0.0,0.26113169603766634,0.4415913029778956,0.43905625858674646,0.32259966644789667,0.24544402396953716,0.2712077701364837,0.26680653954198996
墨西哥BOLSA,0.3942701663386507,0.26113169603766634,0.0,0.3000270703242826,0.28508188037394305,0.38426349247774566,0.23904122043417003,0.48550765506688254,0.4084430107433985
恒生指数,0.3626258762723881,0.4415913029778956,0.3000270703242826,0.0,0.46110574734565524,0.3690820734405155,0.2418188982338988,0.3011918697057647,0.2998979853746832
韩国综合指数,0.35105974060962203,0.43905625858674646,0.28508188037394305,0.46110574734565524,0.0,0.3643071421874328,0.2536868798529208,0.30503895037026696,0.29404128938803675
荷兰AEX,0.6327405102990995,0.32259966644789667,0.38426349247774566,0.3690820734405155,0.3643071421874328,0.0,0.2309346503028459,0.3840033473070545,0.3565991675532523
Costa Rica Indice Accionario,0.22014382510460698,0.24544402396953716,0.23904122043417003,0.2418188982338988,0.2536868798529208,0.2309346503028459,0.0,0.24269433569569254,0.23560515383931574
加拿大多伦多S&P/TSX 综合指数,0.3843656291157924,0.2712077701364837,0.48550765506688254,0.3011918697057647,0.30503895037026696,0.3840033473070545,0.24269433569569254,0.0,0.36895192934007914
S&P CLX IPSA,0.3660328949399516,0.26680653954198996,0.4084430107433985,0.2998979853746832,0.29404128938803675,0.3565991675532523,0.23560515383931574,0.36895192934007914,0.0
