,比利时BFX,日经225,墨西哥BOLSA,恒生指数,韩国综合指数,荷兰AEX,Costa Rica Indice Accionario,加拿大多伦多S&P/TSX 综合指数,S&P CLX IPSA
比利时BFX,0.0,0.3333691543984824,0.3538248967315476,0.338582807614966,0.31946778462935416,0.5661877919090688,0.22254616282947634,0.34693543341567773,0.32443735957697173
日经225,0.3333691543984824,0.0,0.26423227077244626,0.40287947646168654,0.4003992869397913,0.3443678927108076,0.24722220105430007,0.27974995557959753,0.2698717430555357
墨西哥BOLSA,0.3538248967315476,0.26423227077244626,0.0,0.2921066492137277,0.2830710661811981,0.3411708507884961,0.24251006756153207,0.42215635607611557,0.3790915209229145
恒生指数,0.338582807614966,0.40287947646168654,0.2921066492137277,0.0,0.4050895606080751,0.33853601234343594,0.23839054807077903,0.28861331459179745,0.28133082364717094
韩国综合指数,0.31946778462935416,0.4003992869397913,0.2830710661811981,0.4050895606080751,0.0,0.32606503445427554,0.2623281378315265,0.29825232506266053,0.27090794017339836
荷兰AEX,0.5661877919090688,0.3443678927108076,0.3411708507884961,0.33853601234343594,0.32606503445427554,0.0,0.2343279194155576,0.34481273095234605,0.3134442970792025
Costa Rica Indice Accionario,0.22254616282947634,0.24722220105430007,0.24251006756153207,0.23839054807077903,0.2623281378315265,0.2343279194155576,0.0,0.2465607782409795,0.24014251902309386
加拿大多伦多S&P/TSX 综合指数,0.34693543341567773,0.27974995557959753,0.42215635607611557,0.28861331459179745,0.29825232506266053,0.34481273095234605,0.2465607782409795,0.0,0.32449127231990876
S&P CLX IPSA,0.32443735957697173,0.2698717430555357,0.3790915209229145,0.28133082364717094,0.27090794017339836,0.3134442970792025,0.24014251902309386,0.32449127231990876,0.0
