,比利时BFX,日经225,墨西哥BOLSA,恒生指数,韩国综合指数,荷兰AEX,Costa Rica Indice Accionario,加拿大多伦多S&P/TSX 综合指数,S&P CLX IPSA
比利时BFX,0.0,0.33775486094866686,0.38625881147720575,0.35126749634565285,0.3341439093839811,0.6201141451474897,0.22343127804719137,0.32464603525755686,0.3353130553034926
日经225,0.33775486094866686,0.0,0.2703576067578307,0.3983397855232896,0.45658118418714927,0.34413499176373413,0.2471111628153952,0.28353484026436937,0.285651966649081
墨西哥BOLSA,0.38625881147720575,0.2703576067578307,0.0,0.30519205372206626,0.27277567832108895,0.38334681549875066,0.23961154365285744,0.37711729150813506,0.38925645830980604
恒生指数,0.35126749634565285,0.3983397855232896,0.30519205372206626,0.0,0.4015505398020059,0.3464992258589516,0.23555449090892897,0.29101301886186554,0.3051102978740405
韩国综合指数,0.3341439093839811,0.45658118418714927,0.27277567832108895,0.4015505398020059,0.0,0.32669438409864326,0.2584160977039398,0.28930293334037044,0.2901582071532881
荷兰AEX,0.6201141451474897,0.34413499176373413,0.38334681549875066,0.3464992258589516,0.32669438409864326,0.0,0.23203049511700588,0.33779441203853117,0.3359433021282522
Costa Rica Indice Accionario,0.22343127804719137,0.2471111628153952,0.23961154365285744,0.23555449090892897,0.2584160977039398,0.23203049511700588,0.0,0.24422752390221716,0.23659205524543617
加拿大多伦多S&P/TSX 综合指数,0.32464603525755686,0.28353484026436937,0.37711729150813506,0.29101301886186554,0.28930293334037044,0.33779441203853117,0.24422752390221716,0.0,0.32918820405722105
S&P CLX IPSA,0.3353130553034926,0.285651966649081,0.38925645830980604,0.3051102978740405,0.2901582071532881,0.3359433021282522,0.23659205524543617,0.32918820405722105,0.0
