,比利时BFX,日经225,墨西哥BOLSA,恒生指数,韩国综合指数,荷兰AEX,Costa Rica Indice Accionario,加拿大多伦多S&P/TSX 综合指数,S&P CLX IPSA
比利时BFX,0.0,0.3378500086494944,0.3862330434653339,0.36444047306456256,0.36119543731338355,0.6387858010685856,0.2157680608935565,0.399119155016676,0.3659348738912186
日经225,0.3378500086494944,0.0,0.26784190946360864,0.45768573454887695,0.48219249569098893,0.33816867756623026,0.22806837444619024,0.28405930950643765,0.27797028084814046
墨西哥BOLSA,0.3862330434653339,0.26784190946360864,0.0,0.30338034288079846,0.29936260997378206,0.3773168211372855,0.23233996172821822,0.46993988336883474,0.416834635550768
恒生指数,0.36444047306456256,0.45768573454887695,0.30338034288079846,0.0,0.4697685583759002,0.3733110581854244,0.23092247963696425,0.3025708966968369,0.3140311489768496
韩国综合指数,0.36119543731338355,0.48219249569098893,0.29936260997378206,0.4697685583759002,0.0,0.3679962043841631,0.22866772778753935,0.30770461099311364,0.30847183547009155
荷兰AEX,0.6387858010685856,0.33816867756623026,0.3773168211372855,0.3733110581854244,0.3679962043841631,0.0,0.22190005793258222,0.4014994420840677,0.35700419540118034
Costa Rica Indice Accionario,0.2157680608935565,0.22806837444619024,0.23233996172821822,0.23092247963696425,0.22866772778753935,0.22190005793258222,0.0,0.23181462250444637,0.23044265310061066
加拿大多伦多S&P/TSX 综合指数,0.399119155016676,0.28405930950643765,0.46993988336883474,0.3025708966968369,0.30770461099311364,0.4014994420840677,0.23181462250444637,0.0,0.3720297109570882
S&P CLX IPSA,0.3659348738912186,0.27797028084814046,0.416834635550768,0.3140311489768496,0.30847183547009155,0.35700419540118034,0.23044265310061066,0.3720297109570882,0.0
