,比利时BFX,日经225,墨西哥BOLSA,恒生指数,韩国综合指数,荷兰AEX,Costa Rica Indice Accionario,加拿大多伦多S&P/TSX 综合指数,S&P CLX IPSA
比利时BFX,0.0,0.3382012511543689,0.39364164198816654,0.35128192141543746,0.3248671685893267,0.6323508559013379,0.2266091707272482,0.3340705474752821,0.34555496919515866
日经225,0.3382012511543689,0.0,0.2767947144140193,0.41825153302388696,0.48785993239038766,0.3425032182935594,0.24828491121558155,0.2950201425740705,0.30125948738245223
墨西哥BOLSA,0.39364164198816654,0.2767947144140193,0.0,0.30522604938779674,0.2722173281602003,0.37851984380965437,0.240844643756777,0.40698168341627183,0.4057798406451763
恒生指数,0.35128192141543746,0.41825153302388696,0.30522604938779674,0.0,0.41936520369197244,0.3462781403210955,0.23738282302086477,0.29745624367489265,0.31216437020805676
韩国综合指数,0.3248671685893267,0.48785993239038766,0.2722173281602003,0.41936520369197244,0.0,0.3192034693793397,0.25906259770073303,0.2975303617778218,0.29762199628452807
荷兰AEX,0.6323508559013379,0.3425032182935594,0.37851984380965437,0.3462781403210955,0.3192034693793397,0.0,0.234669852076694,0.3406822176000078,0.33800813928121354
Costa Rica Indice Accionario,0.2266091707272482,0.24828491121558155,0.240844643756777,0.23738282302086477,0.25906259770073303,0.234669852076694,0.0,0.2452206916742869,0.2394611439454382
加拿大多伦多S&P/TSX 综合指数,0.3340705474752821,0.2950201425740705,0.40698168341627183,0.29745624367489265,0.2975303617778218,0.3406822176000078,0.2452206916742869,0.0,0.3548046407107182
S&P CLX IPSA,0.34555496919515866,0.30125948738245223,0.4057798406451763,0.31216437020805676,0.29762199628452807,0.33800813928121354,0.2394611439454382,0.3548046407107182,0.0
