,比利时BFX,日经225,墨西哥BOLSA,恒生指数,韩国综合指数,荷兰AEX,Costa Rica Indice Accionario,加拿大多伦多S&P/TSX 综合指数,S&P CLX IPSA
比利时BFX,0.0,0.3267693231474052,0.39554514343975683,0.3626373181218463,0.3520946049327782,0.6456779537346946,0.2190300663219108,0.38433894352181414,0.3626762796357552
日经225,0.3267693231474052,0.0,0.2576874899980291,0.44426584762472227,0.45290436050219324,0.33188818747228394,0.23537480782889494,0.2666641220488767,0.27174124278694994
墨西哥BOLSA,0.39554514343975683,0.2576874899980291,0.0,0.2933698603597844,0.28225508879005706,0.38818380898131616,0.23554793933553883,0.484848126333606,0.40248738503320197
恒生指数,0.3626373181218463,0.44426584762472227,0.2933698603597844,0.0,0.45452013474139824,0.3707649500014889,0.2370662546099012,0.29709633460399826,0.2948632320682724
韩国综合指数,0.3520946049327782,0.45290436050219324,0.28225508879005706,0.45452013474139824,0.0,0.367738571586371,0.245650316054943,0.3004986626201858,0.297878401408988
荷兰AEX,0.6456779537346946,0.33188818747228394,0.38818380898131616,0.3707649500014889,0.367738571586371,0.0,0.2307072502401385,0.3885797178306711,0.3543591104176343
Costa Rica Indice Accionario,0.2190300663219108,0.23537480782889494,0.23554793933553883,0.2370662546099012,0.245650316054943,0.2307072502401385,0.0,0.2375073817350507,0.23474343884034604
加拿大多伦多S&P/TSX 综合指数,0.38433894352181414,0.2666641220488767,0.484848126333606,0.29709633460399826,0.3004986626201858,0.3885797178306711,0.2375073817350507,0.0,0.3617938728240048
S&P CLX IPSA,0.3626762796357552,0.27174124278694994,0.40248738503320197,0.2948632320682724,0.297878401408988,0.3543591104176343,0.23474343884034604,0.3617938728240048,0.0
