,比利时BFX,日经225,墨西哥BOLSA,恒生指数,韩国综合指数,荷兰AEX,Costa Rica Indice Accionario,加拿大多伦多S&P/TSX 综合指数,S&P CLX IPSA
比利时BFX,0.0,0.32807901968772935,0.3575478193034731,0.3409811403323581,0.3296762015594144,0.586278235999215,0.2232557566680791,0.3300338829939785,0.32540886939717323
日经225,0.32807901968772935,0.0,0.2642006940012287,0.3942974969058465,0.42504729279393205,0.33445635591652834,0.246675136637677,0.2851338633188545,0.28561718127105534
墨西哥BOLSA,0.3575478193034731,0.2642006940012287,0.0,0.3013605214157809,0.28108011780632314,0.34270725641136174,0.24051259802059444,0.3901040587208299,0.3841270251972932
恒生指数,0.3409811403323581,0.3942974969058465,0.3013605214157809,0.0,0.3902833412759378,0.33820079996237906,0.23575604164345232,0.2965027179252041,0.2984971183824017
韩国综合指数,0.3296762015594144,0.42504729279393205,0.28108011780632314,0.3902833412759378,0.0,0.31890719040675763,0.259740936221233,0.30398471081398587,0.29265887759746195
荷兰AEX,0.586278235999215,0.33445635591652834,0.34270725641136174,0.33820079996237906,0.31890719040675763,0.0,0.23322517943638546,0.33376693914855476,0.320180687570277
Costa Rica Indice Accionario,0.2232557566680791,0.246675136637677,0.24051259802059444,0.23575604164345232,0.259740936221233,0.23322517943638546,0.0,0.24461009322270258,0.2366119686453016
加拿大多伦多S&P/TSX 综合指数,0.3300338829939785,0.2851338633188545,0.3901040587208299,0.2965027179252041,0.30398471081398587,0.33376693914855476,0.24461009322270258,0.0,0.3158948708497027
S&P CLX IPSA,0.32540886939717323,0.28561718127105534,0.3841270251972932,0.2984971183824017,0.29265887759746195,0.320180687570277,0.2366119686453016,0.3158948708497027,0.0
