,比利时BFX,日经225,墨西哥BOLSA,恒生指数,韩国综合指数,荷兰AEX,Costa Rica Indice Accionario,加拿大多伦多S&P/TSX 综合指数,S&P CLX IPSA
比利时BFX,0.0,0.3324861755158327,0.3576470099221173,0.34042262535839624,0.3190435216358742,0.5683356052985273,0.22180013121574965,0.34663051211646134,0.3249100698621515
日经225,0.3324861755158327,0.0,0.26672554957152356,0.4042287976267743,0.40004054548842155,0.3473336149640795,0.24251974520977582,0.27784897719220875,0.27413293100733915
墨西哥BOLSA,0.3576470099221173,0.26672554957152356,0.0,0.2936958777695424,0.2840075394249328,0.3431731259293195,0.24712182470948588,0.4271425178232891,0.37759614349056064
恒生指数,0.34042262535839624,0.4042287976267743,0.2936958777695424,0.0,0.4056097519901897,0.34470862813891995,0.23817605940918382,0.29146787640345806,0.28416277846423676
韩国综合指数,0.3190435216358742,0.40004054548842155,0.2840075394249328,0.4056097519901897,0.0,0.32890514342212385,0.2611500343033818,0.30229545061514224,0.27157577598996596
荷兰AEX,0.5683356052985273,0.3473336149640795,0.3431731259293195,0.34470862813891995,0.32890514342212385,0.0,0.23444676042215035,0.34574525496129005,0.31140129121597254
Costa Rica Indice Accionario,0.22180013121574965,0.24251974520977582,0.24712182470948588,0.23817605940918382,0.2611500343033818,0.23444676042215035,0.0,0.2456438335668999,0.24166771133519419
加拿大多伦多S&P/TSX 综合指数,0.34663051211646134,0.27784897719220875,0.4271425178232891,0.29146787640345806,0.30229545061514224,0.34574525496129005,0.2456438335668999,0.0,0.32266375625680155
S&P CLX IPSA,0.3249100698621515,0.27413293100733915,0.37759614349056064,0.28416277846423676,0.27157577598996596,0.31140129121597254,0.24166771133519419,0.32266375625680155,0.0
