,比利时BFX,日经225,墨西哥BOLSA,恒生指数,韩国综合指数,荷兰AEX,Costa Rica Indice Accionario,加拿大多伦多S&P/TSX 综合指数,S&P CLX IPSA
比利时BFX,0.0,0.3410800711845844,0.38088858421830313,0.3585407699627941,0.3457723159906764,0.6136561735328238,0.2218021687387812,0.36310704258973,0.3370257557240236
日经225,0.3410800711845844,0.0,0.2714985022428461,0.4179882070701842,0.4252150319841043,0.35448473062446567,0.24212379309914914,0.2764707065367993,0.2777940337849436
墨西哥BOLSA,0.38088858421830313,0.2714985022428461,0.0,0.296473545904661,0.29301890874489434,0.36659287486327896,0.2429066315543155,0.44967864667840624,0.38676907310676906
恒生指数,0.3585407699627941,0.4179882070701842,0.296473545904661,0.0,0.44685572246486427,0.3682100820453536,0.23826091953922152,0.29612025260171726,0.29225925102702965
韩国综合指数,0.3457723159906764,0.4252150319841043,0.29301890874489434,0.44685572246486427,0.0,0.36241114238049205,0.25863285363746336,0.30453476918488676,0.2803837236742907
荷兰AEX,0.6136561735328238,0.35448473062446567,0.36659287486327896,0.3682100820453536,0.36241114238049205,0.0,0.2337511821599165,0.36040655643107655,0.32307988018767964
Costa Rica Indice Accionario,0.2218021687387812,0.24212379309914914,0.2429066315543155,0.23826091953922152,0.25863285363746336,0.2337511821599165,0.0,0.24330512642855265,0.23919266971780564
加拿大多伦多S&P/TSX 综合指数,0.36310704258973,0.2764707065367993,0.44967864667840624,0.29612025260171726,0.30453476918488676,0.36040655643107655,0.24330512642855265,0.0,0.33332464121317446
S&P CLX IPSA,0.3370257557240236,0.2777940337849436,0.38676907310676906,0.29225925102702965,0.2803837236742907,0.32307988018767964,0.23919266971780564,0.33332464121317446,0.0
