,比利时BFX,日经225,墨西哥BOLSA,恒生指数,韩国综合指数,荷兰AEX,Costa Rica Indice Accionario,加拿大多伦多S&P/TSX 综合指数,S&P CLX IPSA
比利时BFX,0.0,0.3308074177172579,0.38988960722563526,0.3537622421100306,0.36027143305963616,0.634779676182225,0.2138422470547829,0.3910376418358518,0.36228668789923835
日经225,0.3308074177172579,0.0,0.26728585741172667,0.4485251737979266,0.4807908047755504,0.3316818185871485,0.22781336914910394,0.2779859959970919,0.2765286476107468
墨西哥BOLSA,0.38988960722563526,0.26728585741172667,0.0,0.3041961701498804,0.29612224063383064,0.3801719191858646,0.23233993806900738,0.4784966577287762,0.4148900298416568
恒生指数,0.3537622421100306,0.4485251737979266,0.3041961701498804,0.0,0.4717429550475466,0.3617871779704359,0.22819382046660117,0.29649352665461615,0.30893960872620513
韩国综合指数,0.36027143305963616,0.4807908047755504,0.29612224063383064,0.4717429550475466,0.0,0.36603529575166804,0.22597937728467238,0.3043696710590784,0.3028135080161578
荷兰AEX,0.634779676182225,0.3316818185871485,0.3801719191858646,0.3617871779704359,0.36603529575166804,0.0,0.2197952430715939,0.392406755951277,0.3531412930592583
Costa Rica Indice Accionario,0.2138422470547829,0.22781336914910394,0.23233993806900738,0.22819382046660117,0.22597937728467238,0.2197952430715939,0.0,0.23142134264335754,0.22877583985533625
加拿大多伦多S&P/TSX 综合指数,0.3910376418358518,0.2779859959970919,0.4784966577287762,0.29649352665461615,0.3043696710590784,0.392406755951277,0.23142134264335754,0.0,0.3688384648288852
S&P CLX IPSA,0.36228668789923835,0.2765286476107468,0.4148900298416568,0.30893960872620513,0.3028135080161578,0.3531412930592583,0.22877583985533625,0.3688384648288852,0.0
