,比利时BFX,日经225,墨西哥BOLSA,恒生指数,韩国综合指数,荷兰AEX,Costa Rica Indice Accionario,加拿大多伦多S&P/TSX 综合指数,S&P CLX IPSA
比利时BFX,0.0,0.33244226098304047,0.353522472898643,0.3399754058415615,0.31999962842222135,0.5710718486913388,0.2226425052213657,0.344395076539835,0.3237368216087053
日经225,0.33244226098304047,0.0,0.2640624500750898,0.4007371054316117,0.40359064178370047,0.34378228953491696,0.24766676178723773,0.2812117801016611,0.26841442555845807
墨西哥BOLSA,0.353522472898643,0.2640624500750898,0.0,0.2927160105060386,0.28488293232856626,0.341420937552082,0.24203357234665931,0.42143915758637446,0.38302164438819486
恒生指数,0.3399754058415615,0.4007371054316117,0.2927160105060386,0.0,0.39980390682431616,0.3384908447485336,0.23865746709029126,0.28703970050691036,0.28277334143522137
韩国综合指数,0.31999962842222135,0.40359064178370047,0.28488293232856626,0.39980390682431616,0.0,0.32550202040215515,0.26278056397892924,0.2992763949302932,0.2721050332215477
荷兰AEX,0.5710718486913388,0.34378228953491696,0.341420937552082,0.3384908447485336,0.32550202040215515,0.0,0.23442343755159772,0.34185315586450044,0.3129996124041976
Costa Rica Indice Accionario,0.2226425052213657,0.24766676178723773,0.24203357234665931,0.23865746709029126,0.26278056397892924,0.23442343755159772,0.0,0.2467690437553396,0.23962375619943002
加拿大多伦多S&P/TSX 综合指数,0.344395076539835,0.2812117801016611,0.42143915758637446,0.28703970050691036,0.2992763949302932,0.34185315586450044,0.2467690437553396,0.0,0.3252134866257582
S&P CLX IPSA,0.3237368216087053,0.26841442555845807,0.38302164438819486,0.28277334143522137,0.2721050332215477,0.3129996124041976,0.23962375619943002,0.3252134866257582,0.0
