,比利时BFX,日经225,墨西哥BOLSA,恒生指数,韩国综合指数,荷兰AEX,Costa Rica Indice Accionario,加拿大多伦多S&P/TSX 综合指数,S&P CLX IPSA
比利时BFX,0.0,0.32223204560769414,0.39463055197637803,0.3611501225793141,0.3520001861264589,0.6333852359883104,0.2203040047993272,0.38561485648552807,0.36705484088010937
日经225,0.32223204560769414,0.0,0.26146221409804954,0.4356923233125122,0.4383794457791622,0.3262513918841912,0.24450524029534243,0.273415308411308,0.26802898519660395
墨西哥BOLSA,0.39463055197637803,0.26146221409804954,0.0,0.2996771364288698,0.2850538406286225,0.38467952492893137,0.239418889425908,0.4835862364143109,0.40721477786444293
恒生指数,0.3611501225793141,0.4356923233125122,0.2996771364288698,0.0,0.4580762270257301,0.36669006044601826,0.24218128713896828,0.30127870637748216,0.2990806561393031
韩国综合指数,0.3520001861264589,0.4383794457791622,0.2850538406286225,0.4580762270257301,0.0,0.3659420868098736,0.25181198596011806,0.3070988762178691,0.2937320885965251
荷兰AEX,0.6333852359883104,0.3262513918841912,0.38467952492893137,0.36669006044601826,0.3659420868098736,0.0,0.22983091977900008,0.38682308949153704,0.3573883040156104
Costa Rica Indice Accionario,0.2203040047993272,0.24450524029534243,0.239418889425908,0.24218128713896828,0.25181198596011806,0.22983091977900008,0.0,0.24101792047299012,0.23728700329542324
加拿大多伦多S&P/TSX 综合指数,0.38561485648552807,0.273415308411308,0.4835862364143109,0.30127870637748216,0.3070988762178691,0.38682308949153704,0.24101792047299012,0.0,0.3665278819086856
S&P CLX IPSA,0.36705484088010937,0.26802898519660395,0.40721477786444293,0.2990806561393031,0.2937320885965251,0.3573883040156104,0.23728700329542324,0.3665278819086856,0.0
