,比利时BFX,日经225,墨西哥BOLSA,恒生指数,韩国综合指数,荷兰AEX,Costa Rica Indice Accionario,加拿大多伦多S&P/TSX 综合指数,S&P CLX IPSA
比利时BFX,0.0,0.3154752182050343,0.3956936344493097,0.3583508954390572,0.34963286253410625,0.6340178987508898,0.220310892035172,0.38818187535935494,0.36633054316461067
日经225,0.3154752182050343,0.0,0.25860404901448636,0.43695904751051434,0.43627625897589883,0.3209377159799843,0.2443371709158825,0.2667401300782087,0.26431001707285867
墨西哥BOLSA,0.3956936344493097,0.25860404901448636,0.0,0.29872680224596204,0.2835040256419766,0.3837960227223612,0.24173138951048947,0.4825257573564575,0.40555244457999884
恒生指数,0.3583508954390572,0.43695904751051434,0.29872680224596204,0.0,0.46017003203091,0.36725278164113573,0.24097268659413942,0.3001622117927612,0.29857106800957134
韩国综合指数,0.34963286253410625,0.43627625897589883,0.2835040256419766,0.46017003203091,0.0,0.36401960725547156,0.2545254651720093,0.3036948747707659,0.29222821501888185
荷兰AEX,0.6340178987508898,0.3209377159799843,0.3837960227223612,0.36725278164113573,0.36401960725547156,0.0,0.23241960447034524,0.38469745134114214,0.35640848667823016
Costa Rica Indice Accionario,0.220310892035172,0.2443371709158825,0.24173138951048947,0.24097268659413942,0.2545254651720093,0.23241960447034524,0.0,0.24183772264350303,0.23642920773067166
加拿大多伦多S&P/TSX 综合指数,0.38818187535935494,0.2667401300782087,0.4825257573564575,0.3001622117927612,0.3036948747707659,0.38469745134114214,0.24183772264350303,0.0,0.3650500749294611
S&P CLX IPSA,0.36633054316461067,0.26431001707285867,0.40555244457999884,0.29857106800957134,0.29222821501888185,0.35640848667823016,0.23642920773067166,0.3650500749294611,0.0
