,比利时BFX,日经225,墨西哥BOLSA,恒生指数,韩国综合指数,荷兰AEX,Costa Rica Indice Accionario,加拿大多伦多S&P/TSX 综合指数,S&P CLX IPSA
比利时BFX,0.0,0.3374049262947483,0.3670228360395234,0.34326654002639595,0.3286140538932661,0.5844882335106217,0.2224278324900739,0.3553104430343557,0.3304957573273179
日经225,0.3374049262947483,0.0,0.26743456650449254,0.4094246807566183,0.4103656231146898,0.3514480137216481,0.24196190834384304,0.2730987129281557,0.2752071064456287
墨西哥BOLSA,0.3670228360395234,0.26743456650449254,0.0,0.28818779603981004,0.2863117120368192,0.3502688607314341,0.2451609462442177,0.434674883740525,0.3846082386000676
恒生指数,0.34326654002639595,0.4094246807566183,0.28818779603981004,0.0,0.4211800274411113,0.3492337065369312,0.23682495087302402,0.2882194881515949,0.28186999666769946
韩国综合指数,0.3286140538932661,0.4103656231146898,0.2863117120368192,0.4211800274411113,0.0,0.34185148827263173,0.2610193353693521,0.30473030870609635,0.27413466737493297
荷兰AEX,0.5844882335106217,0.3514480137216481,0.3502688607314341,0.3492337065369312,0.34185148827263173,0.0,0.234730741433697,0.3522110326414577,0.31621002726412056
Costa Rica Indice Accionario,0.2224278324900739,0.24196190834384304,0.2451609462442177,0.23682495087302402,0.2610193353693521,0.234730741433697,0.0,0.2458220573511054,0.24003540362286
加拿大多伦多S&P/TSX 综合指数,0.3553104430343557,0.2730987129281557,0.434674883740525,0.2882194881515949,0.30473030870609635,0.3522110326414577,0.2458220573511054,0.0,0.32772063647290745
S&P CLX IPSA,0.3304957573273179,0.2752071064456287,0.3846082386000676,0.28186999666769946,0.27413466737493297,0.31621002726412056,0.24003540362286,0.32772063647290745,0.0
