,比利时BFX,日经225,墨西哥BOLSA,恒生指数,韩国综合指数,荷兰AEX,Costa Rica Indice Accionario,加拿大多伦多S&P/TSX 综合指数,S&P CLX IPSA
比利时BFX,0.0,0.33579259538108785,0.3576562760331802,0.34211736392434217,0.3231130701915237,0.5688245246116079,0.22147018489888773,0.343849046160314,0.3233012536122376
日经225,0.33579259538108785,0.0,0.2700562343586465,0.4069104411408979,0.3997959395207003,0.35162868602674074,0.24370913892176538,0.2768217990258076,0.2755824641190306
墨西哥BOLSA,0.3576562760331802,0.2700562343586465,0.0,0.2949317006673464,0.28962694579605036,0.3431857379253966,0.24562858007662983,0.4287864916469089,0.37501229048289664
恒生指数,0.34211736392434217,0.4069104411408979,0.2949317006673464,0.0,0.4097281263210152,0.3469674734658504,0.23815395396671277,0.2912114419244349,0.283850370697552
韩国综合指数,0.3231130701915237,0.3997959395207003,0.28962694579605036,0.4097281263210152,0.0,0.3338738649185901,0.2634816534916135,0.30295965455136425,0.2744585381204097
荷兰AEX,0.5688245246116079,0.35162868602674074,0.3431857379253966,0.3469674734658504,0.3338738649185901,0.0,0.23416361816349474,0.34086676769944674,0.3096652966689289
Costa Rica Indice Accionario,0.22147018489888773,0.24370913892176538,0.24562858007662983,0.23815395396671277,0.2634816534916135,0.23416361816349474,0.0,0.24616120176741074,0.24047734514815258
加拿大多伦多S&P/TSX 综合指数,0.343849046160314,0.2768217990258076,0.4287864916469089,0.2912114419244349,0.30295965455136425,0.34086676769944674,0.24616120176741074,0.0,0.32410603665367754
S&P CLX IPSA,0.3233012536122376,0.2755824641190306,0.37501229048289664,0.283850370697552,0.2744585381204097,0.3096652966689289,0.24047734514815258,0.32410603665367754,0.0
