,比利时BFX,日经225,墨西哥BOLSA,恒生指数,韩国综合指数,荷兰AEX,Costa Rica Indice Accionario,加拿大多伦多S&P/TSX 综合指数,S&P CLX IPSA
比利时BFX,0.0,0.3234790918969677,0.3602368271063487,0.34707597173459437,0.3267514074733517,0.5782924903103298,0.22409623348244886,0.33140994135382834,0.3193616532181596
日经225,0.3234790918969677,0.0,0.26345165931891,0.40311602020639703,0.42323963795317393,0.333462035096927,0.2470732948454017,0.283552195620715,0.2738975380275253
墨西哥BOLSA,0.3602368271063487,0.26345165931891,0.0,0.2984600244467072,0.2802464978081264,0.3453141581135661,0.2406770273111102,0.39931197919951333,0.3734145427097389
恒生指数,0.34707597173459437,0.40311602020639703,0.2984600244467072,0.0,0.3955450178055402,0.3427706586000805,0.23617745695755452,0.2923723726155991,0.29156238921536687
韩国综合指数,0.3267514074733517,0.42323963795317393,0.2802464978081264,0.3955450178055402,0.0,0.3197469195202301,0.2590375364630678,0.2995285087238001,0.2811722022853613
荷兰AEX,0.5782924903103298,0.333462035096927,0.3453141581135661,0.3427706586000805,0.3197469195202301,0.0,0.2334705014453077,0.335130367844781,0.3107436934750207
Costa Rica Indice Accionario,0.22409623348244886,0.2470732948454017,0.2406770273111102,0.23617745695755452,0.2590375364630678,0.2334705014453077,0.0,0.2447177431873182,0.2369601518658774
加拿大多伦多S&P/TSX 综合指数,0.33140994135382834,0.283552195620715,0.39931197919951333,0.2923723726155991,0.2995285087238001,0.335130367844781,0.2447177431873182,0.0,0.31229186998689334
S&P CLX IPSA,0.3193616532181596,0.2738975380275253,0.3734145427097389,0.29156238921536687,0.2811722022853613,0.3107436934750207,0.2369601518658774,0.31229186998689334,0.0
