,比利时BFX,日经225,墨西哥BOLSA,恒生指数,韩国综合指数,荷兰AEX,Costa Rica Indice Accionario,加拿大多伦多S&P/TSX 综合指数,S&P CLX IPSA
比利时BFX,0.0,0.30593907593239666,0.4057213737866353,0.3323561710275468,0.30293672175045083,0.6435869366728292,0.23036652112272463,0.3337833749562935,0.3802683044239068
日经225,0.30593907593239666,0.0,0.2751317812426878,0.3930835638099393,0.46363410489599377,0.3022826140874383,0.25469526809439796,0.28372877041481964,0.3051067612310355
墨西哥BOLSA,0.4057213737866353,0.2751317812426878,0.0,0.29492928932967766,0.26406726074399056,0.3892481091727321,0.24076277866492385,0.4064368548749317,0.40691402325011816
恒生指数,0.3323561710275468,0.3930835638099393,0.29492928932967766,0.0,0.4202125235328161,0.31823445432419506,0.2442926801992779,0.28568252670763217,0.31339496670033207
韩国综合指数,0.30293672175045083,0.46363410489599377,0.26406726074399056,0.4202125235328161,0.0,0.290286715511714,0.2608012095023933,0.2823473737521753,0.3002464176932991
荷兰AEX,0.6435869366728292,0.3022826140874383,0.3892481091727321,0.31823445432419506,0.290286715511714,0.0,0.23685306394842412,0.34347053756867124,0.38773939488349884
Costa Rica Indice Accionario,0.23036652112272463,0.25469526809439796,0.24076277866492385,0.2442926801992779,0.2608012095023933,0.23685306394842412,0.0,0.24322967270732412,0.24237999497478716
加拿大多伦多S&P/TSX 综合指数,0.3337833749562935,0.28372877041481964,0.4064368548749317,0.28568252670763217,0.2823473737521753,0.34347053756867124,0.24322967270732412,0.0,0.3665676881335047
S&P CLX IPSA,0.3802683044239068,0.3051067612310355,0.40691402325011816,0.31339496670033207,0.3002464176932991,0.38773939488349884,0.24237999497478716,0.3665676881335047,0.0
