,比利时BFX,日经225,墨西哥BOLSA,恒生指数,韩国综合指数,荷兰AEX,Costa Rica Indice Accionario,加拿大多伦多S&P/TSX 综合指数,S&P CLX IPSA
比利时BFX,0.0,0.3349665852122815,0.38584608578747975,0.3508667330045415,0.33214358300139496,0.6201601666603737,0.22555658412535426,0.3230341952991389,0.33310430239623673
日经225,0.3349665852122815,0.0,0.2694943749521758,0.3959569126897988,0.45665605582865093,0.3412049108544208,0.24890434500312678,0.28073572888330595,0.28197109079160954
墨西哥BOLSA,0.38584608578747975,0.2694943749521758,0.0,0.30501039111869016,0.2690741935438866,0.38433654932633676,0.2395621217670775,0.3790911199570503,0.3892138525890567
恒生指数,0.3508667330045415,0.3959569126897988,0.30501039111869016,0.0,0.3995135528677304,0.3464488599819756,0.23704689625964603,0.2892919564667681,0.3037885767101399
韩国综合指数,0.33214358300139496,0.45665605582865093,0.2690741935438866,0.3995135528677304,0.0,0.3235407321580474,0.26084584390843174,0.28610368316049994,0.2875688911032131
荷兰AEX,0.6201601666603737,0.3412049108544208,0.38433654932633676,0.3464488599819756,0.3235407321580474,0.0,0.23391918592306463,0.33584394320867217,0.33401965814674095
Costa Rica Indice Accionario,0.22555658412535426,0.24890434500312678,0.2395621217670775,0.23704689625964603,0.26084584390843174,0.23391918592306463,0.0,0.24449206767831896,0.23915687924764567
加拿大多伦多S&P/TSX 综合指数,0.3230341952991389,0.28073572888330595,0.3790911199570503,0.2892919564667681,0.28610368316049994,0.33584394320867217,0.24449206767831896,0.0,0.3285549390770541
S&P CLX IPSA,0.33310430239623673,0.28197109079160954,0.3892138525890567,0.3037885767101399,0.2875688911032131,0.33401965814674095,0.23915687924764567,0.3285549390770541,0.0
