,比利时BFX,日经225,墨西哥BOLSA,恒生指数,韩国综合指数,荷兰AEX,Costa Rica Indice Accionario,加拿大多伦多S&P/TSX 综合指数,S&P CLX IPSA
比利时BFX,0.0,0.3171184251716482,0.4033561211276722,0.3350320256680593,0.30758109386470855,0.6307399410435873,0.23629290814517767,0.3371943123458703,0.3501778513554042
日经225,0.3171184251716482,0.0,0.26927026271016796,0.39036933334529417,0.4635211991649637,0.3171055977272668,0.2587642703924754,0.2834523400379739,0.28416166960393474
墨西哥BOLSA,0.4033561211276722,0.26927026271016796,0.0,0.2925079387471356,0.2599192942909139,0.38541919174534767,0.2427029183087971,0.41332685540922076,0.39693094732741835
恒生指数,0.3350320256680593,0.39036933334529417,0.2925079387471356,0.0,0.40559460059485686,0.3303660176457747,0.24665799013165227,0.28654585575871894,0.29800842896539803
韩国综合指数,0.30758109386470855,0.4635211991649637,0.2599192942909139,0.40559460059485686,0.0,0.3009911184410644,0.26749012588865806,0.2825510103373867,0.2847558807389954
荷兰AEX,0.6307399410435873,0.3171055977272668,0.38541919174534767,0.3303660176457747,0.3009911184410644,0.0,0.24353062830820077,0.3443713116798607,0.3424041667898343
Costa Rica Indice Accionario,0.23629290814517767,0.2587642703924754,0.2427029183087971,0.24665799013165227,0.26749012588865806,0.24353062830820077,0.0,0.24785478043630707,0.24101481689405163
加拿大多伦多S&P/TSX 综合指数,0.3371943123458703,0.2834523400379739,0.41332685540922076,0.28654585575871894,0.2825510103373867,0.3443713116798607,0.24785478043630707,0.0,0.35212784856495105
S&P CLX IPSA,0.3501778513554042,0.28416166960393474,0.39693094732741835,0.29800842896539803,0.2847558807389954,0.3424041667898343,0.24101481689405163,0.35212784856495105,0.0
