,比利时BFX,日经225,墨西哥BOLSA,恒生指数,韩国综合指数,荷兰AEX,Costa Rica Indice Accionario,加拿大多伦多S&P/TSX 综合指数,S&P CLX IPSA
比利时BFX,0.0,0.3418734613694662,0.392931575243627,0.3499943190046397,0.32313958318722596,0.6365722066170126,0.22741121944204826,0.33336706754824297,0.346571345702201
日经225,0.3418734613694662,0.0,0.2777123789746141,0.41755988363264357,0.4852174519214434,0.3457484500772051,0.24897185153886572,0.2951039834733082,0.3028268426291284
墨西哥BOLSA,0.392931575243627,0.2777123789746141,0.0,0.30540859966564055,0.2722130360823389,0.3785949633414241,0.24100356660739067,0.40725857481086,0.4064928283763676
恒生指数,0.3499943190046397,0.41755988363264357,0.30540859966564055,0.0,0.41933986310511573,0.34553398015816017,0.23753113248779348,0.2975263469244317,0.31251724798098524
韩国综合指数,0.32313958318722596,0.4852174519214434,0.2722130360823389,0.41933986310511573,0.0,0.3180465197401394,0.2590779405259929,0.29757446638617274,0.2975800554426789
荷兰AEX,0.6365722066170126,0.3457484500772051,0.3785949633414241,0.34553398015816017,0.3180465197401394,0.0,0.23535886265167116,0.3401253068259109,0.3393546097096912
Costa Rica Indice Accionario,0.22741121944204826,0.24897185153886572,0.24100356660739067,0.23753113248779348,0.2590779405259929,0.23535886265167116,0.0,0.24559835563119223,0.23931943446626341
加拿大多伦多S&P/TSX 综合指数,0.33336706754824297,0.2951039834733082,0.40725857481086,0.2975263469244317,0.29757446638617274,0.3401253068259109,0.24559835563119223,0.0,0.35557493046078514
S&P CLX IPSA,0.346571345702201,0.3028268426291284,0.4064928283763676,0.31251724798098524,0.2975800554426789,0.3393546097096912,0.23931943446626341,0.35557493046078514,0.0
