,比利时BFX,日经225,墨西哥BOLSA,恒生指数,韩国综合指数,荷兰AEX,Costa Rica Indice Accionario,加拿大多伦多S&P/TSX 综合指数,S&P CLX IPSA
比利时BFX,0.0,0.33195556346186345,0.36188635274051173,0.3478544126587148,0.33441428504673365,0.5945899119952859,0.22307214533298544,0.32232221012337425,0.3265942138392122
日经225,0.33195556346186345,0.0,0.267204094203949,0.3948869498243119,0.4264626064639882,0.3404334846715947,0.24613082434686048,0.28491597356817655,0.2848805466726224
墨西哥BOLSA,0.36188635274051173,0.267204094203949,0.0,0.30995340050691467,0.2811130076648865,0.35104834544986163,0.24063094372951957,0.3812103850587091,0.3841912455612423
恒生指数,0.3478544126587148,0.3948869498243119,0.30995340050691467,0.0,0.3972039482091686,0.3475753753468849,0.23611255185105373,0.2995692956067469,0.30295201257366255
韩国综合指数,0.33441428504673365,0.4264626064639882,0.2811130076648865,0.3972039482091686,0.0,0.3247080976529004,0.2594432707936035,0.29942743837505564,0.2911267236762097
荷兰AEX,0.5945899119952859,0.3404334846715947,0.35104834544986163,0.3475753753468849,0.3247080976529004,0.0,0.2324780679394515,0.32764350359479905,0.3230549433276532
Costa Rica Indice Accionario,0.22307214533298544,0.24613082434686048,0.24063094372951957,0.23611255185105373,0.2594432707936035,0.2324780679394515,0.0,0.24475785494163127,0.23586946352455176
加拿大多伦多S&P/TSX 综合指数,0.32232221012337425,0.28491597356817655,0.3812103850587091,0.2995692956067469,0.29942743837505564,0.32764350359479905,0.24475785494163127,0.0,0.3139862799325025
S&P CLX IPSA,0.3265942138392122,0.2848805466726224,0.3841912455612423,0.30295201257366255,0.2911267236762097,0.3230549433276532,0.23586946352455176,0.3139862799325025,0.0
