,比利时BFX,日经225,墨西哥BOLSA,恒生指数,韩国综合指数,荷兰AEX,Costa Rica Indice Accionario,加拿大多伦多S&P/TSX 综合指数,S&P CLX IPSA
比利时BFX,0.0,0.32496885799569786,0.3992422448467564,0.35798985062527733,0.35059423333053685,0.6387397396131765,0.22156894691846082,0.3894416267646792,0.3678233272401466
日经225,0.32496885799569786,0.0,0.2630431212097429,0.4366438232104165,0.4437881358023183,0.33055032274802004,0.23665111223046179,0.27313050902992636,0.2729188459707707
墨西哥BOLSA,0.3992422448467564,0.2630431212097429,0.0,0.2977133196402837,0.2867957990607943,0.39069395395230583,0.23675628886404454,0.4822334227293163,0.40607687869997683
恒生指数,0.35798985062527733,0.4366438232104165,0.2977133196402837,0.0,0.4473925763339534,0.36683842134393574,0.23948932888859073,0.30174432127490397,0.2969393451622794
韩国综合指数,0.35059423333053685,0.4437881358023183,0.2867957990607943,0.4473925763339534,0.0,0.36730104042098854,0.2469283707131569,0.30653240395890374,0.29881518413409675
荷兰AEX,0.6387397396131765,0.33055032274802004,0.39069395395230583,0.36683842134393574,0.36730104042098854,0.0,0.2335753719374103,0.39253340763494243,0.35848643016537907
Costa Rica Indice Accionario,0.22156894691846082,0.23665111223046179,0.23675628886404454,0.23948932888859073,0.2469283707131569,0.2335753719374103,0.0,0.2381004458681221,0.23460284617554386
加拿大多伦多S&P/TSX 综合指数,0.3894416267646792,0.27313050902992636,0.4822334227293163,0.30174432127490397,0.30653240395890374,0.39253340763494243,0.2381004458681221,0.0,0.36344072251205806
S&P CLX IPSA,0.3678233272401466,0.2729188459707707,0.40607687869997683,0.2969393451622794,0.29881518413409675,0.35848643016537907,0.23460284617554386,0.36344072251205806,0.0
