,比利时BFX,日经225,墨西哥BOLSA,恒生指数,韩国综合指数,荷兰AEX,Costa Rica Indice Accionario,加拿大多伦多S&P/TSX 综合指数,S&P CLX IPSA
比利时BFX,0.0,0.3253489113491766,0.3928299093424838,0.35268026176076933,0.35851415776369655,0.647162107062845,0.21124677001719597,0.39413968681040823,0.36172681670240486
日经225,0.3253489113491766,0.0,0.2603593195258168,0.43696486938551216,0.4716634394314833,0.32712703136731686,0.226258586457228,0.2707295011554205,0.2708674190961017
墨西哥BOLSA,0.3928299093424838,0.2603593195258168,0.0,0.2978956178615804,0.28834721082354525,0.3864350695753943,0.2305841738808831,0.4784004893615963,0.41499142976406667
恒生指数,0.35268026176076933,0.43696486938551216,0.2978956178615804,0.0,0.4627254556244171,0.36560196498677267,0.22692681820735958,0.29334164745714236,0.3042766757662238
韩国综合指数,0.35851415776369655,0.4716634394314833,0.28834721082354525,0.4627254556244171,0.0,0.3685211909429558,0.22370773546714323,0.3002215077858186,0.29925049792157526
荷兰AEX,0.647162107062845,0.32712703136731686,0.3864350695753943,0.36560196498677267,0.3685211909429558,0.0,0.2182900995329657,0.38922681132890896,0.35168370799168125
Costa Rica Indice Accionario,0.21124677001719597,0.226258586457228,0.2305841738808831,0.22692681820735958,0.22370773546714323,0.2182900995329657,0.0,0.23026975485463907,0.22754226676800196
加拿大多伦多S&P/TSX 综合指数,0.39413968681040823,0.2707295011554205,0.4784004893615963,0.29334164745714236,0.3002215077858186,0.38922681132890896,0.23026975485463907,0.0,0.36444018714327064
S&P CLX IPSA,0.36172681670240486,0.2708674190961017,0.41499142976406667,0.3042766757662238,0.29925049792157526,0.35168370799168125,0.22754226676800196,0.36444018714327064,0.0
