,比利时BFX,日经225,墨西哥BOLSA,恒生指数,韩国综合指数,荷兰AEX,Costa Rica Indice Accionario,加拿大多伦多S&P/TSX 综合指数,S&P CLX IPSA
比利时BFX,0.0,0.32768914847870273,0.3979494891002894,0.3579864436192386,0.3511473203199869,0.6383093114336295,0.2204160846883671,0.38899697909674724,0.3705292313113549
日经225,0.32768914847870273,0.0,0.2664507086714046,0.43466801883378714,0.44438300225014654,0.3314188130228686,0.24170475119523135,0.2756509038597557,0.2732925926363659
墨西哥BOLSA,0.3979494891002894,0.2664507086714046,0.0,0.2982637047047955,0.2877336636222893,0.3877477961360418,0.23911933937504304,0.48416729356427346,0.40990852332663563
恒生指数,0.3579864436192386,0.43466801883378714,0.2982637047047955,0.0,0.4463121393382285,0.36656194132977626,0.24218098445520111,0.30195966111076694,0.29634575514497646
韩国综合指数,0.3511473203199869,0.44438300225014654,0.2877336636222893,0.4463121393382285,0.0,0.3658341539283909,0.24922101449602366,0.30663928342161134,0.29836920474909484
荷兰AEX,0.6383093114336295,0.3314188130228686,0.3877477961360418,0.36656194132977626,0.3658341539283909,0.0,0.23075236470418453,0.3897264990208326,0.3593924620292582
Costa Rica Indice Accionario,0.2204160846883671,0.24170475119523135,0.23911933937504304,0.24218098445520111,0.24922101449602366,0.23075236470418453,0.0,0.2414842273403565,0.236201494975812
加拿大多伦多S&P/TSX 综合指数,0.38899697909674724,0.2756509038597557,0.48416729356427346,0.30195966111076694,0.30663928342161134,0.3897264990208326,0.2414842273403565,0.0,0.3651568961785522
S&P CLX IPSA,0.3705292313113549,0.2732925926363659,0.40990852332663563,0.29634575514497646,0.29836920474909484,0.3593924620292582,0.236201494975812,0.3651568961785522,0.0
