,比利时BFX,日经225,墨西哥BOLSA,恒生指数,韩国综合指数,荷兰AEX,Costa Rica Indice Accionario,加拿大多伦多S&P/TSX 综合指数,S&P CLX IPSA
比利时BFX,0.0,0.33141409752420353,0.3796704696135597,0.3470942072356705,0.32585281310448627,0.6106126625310239,0.2232891515410064,0.31989753843589464,0.33104564183588764
日经225,0.33141409752420353,0.0,0.26270593651803104,0.3950520087941782,0.4462088469752598,0.33661230396729147,0.24775469366415434,0.2780511879608132,0.28118172645153017
墨西哥BOLSA,0.3796704696135597,0.26270593651803104,0.0,0.30228823287371165,0.2668675666415237,0.3720869301022481,0.24074480895616573,0.37793994637889644,0.38513325506164964
恒生指数,0.3470942072356705,0.3950520087941782,0.30228823287371165,0.0,0.3949039634981371,0.3438389549777281,0.23566853291074694,0.2883986675536848,0.3037536071149055
韩国综合指数,0.32585281310448627,0.4462088469752598,0.2668675666415237,0.3949039634981371,0.0,0.3158232833945812,0.2600422467078067,0.28428407668532657,0.28671623240767313
荷兰AEX,0.6106126625310239,0.33661230396729147,0.3720869301022481,0.3438389549777281,0.3158232833945812,0.0,0.2315182087924407,0.3319054025352534,0.3295283863673139
Costa Rica Indice Accionario,0.2232891515410064,0.24775469366415434,0.24074480895616573,0.23566853291074694,0.2600422467078067,0.2315182087924407,0.0,0.24459133020922844,0.23700066059911867
加拿大多伦多S&P/TSX 综合指数,0.31989753843589464,0.2780511879608132,0.37793994637889644,0.2883986675536848,0.28428407668532657,0.3319054025352534,0.24459133020922844,0.0,0.3257636454169002
S&P CLX IPSA,0.33104564183588764,0.28118172645153017,0.38513325506164964,0.3037536071149055,0.28671623240767313,0.3295283863673139,0.23700066059911867,0.3257636454169002,0.0
