,比利时BFX,日经225,墨西哥BOLSA,恒生指数,韩国综合指数,荷兰AEX,Costa Rica Indice Accionario,加拿大多伦多S&P/TSX 综合指数,S&P CLX IPSA
比利时BFX,0.0,0.32442539640129836,0.39624983239682393,0.3600880494431555,0.354783892413353,0.6543051027343657,0.213084406629324,0.385313354741257,0.36261568784694864
日经225,0.32442539640129836,0.0,0.2586931888075551,0.4449975747709879,0.4575163433233594,0.3290608865530562,0.22454440865590095,0.26808721356734005,0.27275944073124475
墨西哥BOLSA,0.39624983239682393,0.2586931888075551,0.0,0.29267114786255505,0.28356672213830175,0.3924278649435283,0.23586351421820992,0.48582198757183365,0.4046173937012811
恒生指数,0.3600880494431555,0.4449975747709879,0.29267114786255505,0.0,0.4534657538159397,0.36882124303476826,0.2281931561050699,0.29899864055694375,0.2938213380841291
韩国综合指数,0.354783892413353,0.4575163433233594,0.28356672213830175,0.4534657538159397,0.0,0.36815669286417596,0.23264616976206792,0.30005963510093914,0.29840651447124306
荷兰AEX,0.6543051027343657,0.3290608865530562,0.3924278649435283,0.36882124303476826,0.36815669286417596,0.0,0.2204255167687236,0.3894181014617303,0.3539579380091034
Costa Rica Indice Accionario,0.213084406629324,0.22454440865590095,0.23586351421820992,0.2281931561050699,0.23264616976206792,0.2204255167687236,0.0,0.23698566648609543,0.2266769536142124
加拿大多伦多S&P/TSX 综合指数,0.385313354741257,0.26808721356734005,0.48582198757183365,0.29899864055694375,0.30005963510093914,0.3894181014617303,0.23698566648609543,0.0,0.36177573749034286
S&P CLX IPSA,0.36261568784694864,0.27275944073124475,0.4046173937012811,0.2938213380841291,0.29840651447124306,0.3539579380091034,0.2266769536142124,0.36177573749034286,0.0
