,比利时BFX,日经225,墨西哥BOLSA,恒生指数,韩国综合指数,荷兰AEX,Costa Rica Indice Accionario,加拿大多伦多S&P/TSX 综合指数,S&P CLX IPSA
比利时BFX,0.0,0.3199060403343281,0.39012688125786005,0.306465107508427,0.3279764230193505,0.6715152669870312,0.22391766042307545,0.4054562796960834,0.44049884419760993
日经225,0.3199060403343281,0.0,0.2599820910019509,0.4627871798781337,0.47264716134703,0.3100658504088829,0.218134874805499,0.27559180217768253,0.279505158148147
墨西哥BOLSA,0.39012688125786005,0.2599820910019509,0.0,0.26733220162973337,0.2720676743605556,0.3855611425555031,0.22138411579969916,0.5017254836739616,0.45569206213140506
恒生指数,0.306465107508427,0.4627871798781337,0.26733220162973337,0.0,0.46373721246240573,0.2956236689594039,0.22606376689607746,0.2718486740528492,0.26895595251647236
韩国综合指数,0.3279764230193505,0.47264716134703,0.2720676743605556,0.46373721246240573,0.0,0.3242284063314086,0.21362988947834763,0.2807424556634395,0.28164060012520736
荷兰AEX,0.6715152669870312,0.3100658504088829,0.3855611425555031,0.2956236689594039,0.3242284063314086,0.0,0.21884797941252454,0.4155751927486144,0.4427160608501631
Costa Rica Indice Accionario,0.22391766042307545,0.218134874805499,0.22138411579969916,0.22606376689607746,0.21362988947834763,0.21884797941252454,0.0,0.22346938646215742,0.21515125765763174
加拿大多伦多S&P/TSX 综合指数,0.4054562796960834,0.27559180217768253,0.5017254836739616,0.2718486740528492,0.2807424556634395,0.4155751927486144,0.22346938646215742,0.0,0.4213659466425117
S&P CLX IPSA,0.44049884419760993,0.279505158148147,0.45569206213140506,0.26895595251647236,0.28164060012520736,0.4427160608501631,0.21515125765763174,0.4213659466425117,0.0
