,比利时BFX,日经225,墨西哥BOLSA,恒生指数,韩国综合指数,荷兰AEX,Costa Rica Indice Accionario,加拿大多伦多S&P/TSX 综合指数,S&P CLX IPSA
比利时BFX,0.0,0.3074105775059854,0.3537811006254895,0.2902866662898255,0.3040137063407824,0.6446412443666348,0.24423769962173636,0.34209784123170023,0.4076588833142023
日经225,0.3074105775059854,0.0,0.25022064267786576,0.4465232775597472,0.4929150858264409,0.30212289202728715,0.2181081251720714,0.2704926657187344,0.2682928381537885
墨西哥BOLSA,0.3537811006254895,0.25022064267786576,0.0,0.25020207427320823,0.25807686999624535,0.35805408916993214,0.2324795895280266,0.416220783842734,0.43161965695923954
恒生指数,0.2902866662898255,0.4465232775597472,0.25020207427320823,0.0,0.45842176052511296,0.2771454848719616,0.2295815115214048,0.26456915546842535,0.25242256569884525
韩国综合指数,0.3040137063407824,0.4929150858264409,0.25807686999624535,0.45842176052511296,0.0,0.2954652402778825,0.22148969380406058,0.27795313480498157,0.26041560911559153
荷兰AEX,0.6446412443666348,0.30212289202728715,0.35805408916993214,0.2771454848719616,0.2954652402778825,0.0,0.23763682805283487,0.3643093348009622,0.42392352081310897
Costa Rica Indice Accionario,0.24423769962173636,0.2181081251720714,0.2324795895280266,0.2295815115214048,0.22148969380406058,0.23763682805283487,0.0,0.23222256785873768,0.22203385471338374
加拿大多伦多S&P/TSX 综合指数,0.34209784123170023,0.2704926657187344,0.416220783842734,0.26456915546842535,0.27795313480498157,0.3643093348009622,0.23222256785873768,0.0,0.37743065339754134
S&P CLX IPSA,0.4076588833142023,0.2682928381537885,0.43161965695923954,0.25242256569884525,0.26041560911559153,0.42392352081310897,0.22203385471338374,0.37743065339754134,0.0
