,比利时BFX,日经225,墨西哥BOLSA,恒生指数,韩国综合指数,荷兰AEX,Costa Rica Indice Accionario,加拿大多伦多S&P/TSX 综合指数,S&P CLX IPSA
比利时BFX,0.0,0.31679204290213336,0.37502603149320785,0.30170862915072844,0.32757510729589884,0.668300038105816,0.2230330983971741,0.40225854410238565,0.43310459475297947
日经225,0.31679204290213336,0.0,0.2572356815092546,0.4605079359601938,0.48156063405954097,0.3087065206429853,0.21767766480887812,0.2751804665500013,0.27788230227728333
墨西哥BOLSA,0.37502603149320785,0.2572356815092546,0.0,0.2672054830877538,0.2681224600951537,0.3723353281660079,0.22077736307812595,0.48697576607820825,0.4517792602466025
恒生指数,0.30170862915072844,0.4605079359601938,0.2672054830877538,0.0,0.4665880317257306,0.29068601737052574,0.22634487171613552,0.26897036857864876,0.26755766459395663
韩国综合指数,0.32757510729589884,0.48156063405954097,0.2681224600951537,0.4665880317257306,0.0,0.3220349898113342,0.21362027869170125,0.2790131125149648,0.28303261083898124
荷兰AEX,0.668300038105816,0.3087065206429853,0.3723353281660079,0.29068601737052574,0.3220349898113342,0.0,0.21766526029279684,0.41597237447868124,0.43533510678854104
Costa Rica Indice Accionario,0.2230330983971741,0.21767766480887812,0.22077736307812595,0.22634487171613552,0.21362027869170125,0.21766526029279684,0.0,0.22323814248620996,0.21539178617009622
加拿大多伦多S&P/TSX 综合指数,0.40225854410238565,0.2751804665500013,0.48697576607820825,0.26897036857864876,0.2790131125149648,0.41597237447868124,0.22323814248620996,0.0,0.4216751520431481
S&P CLX IPSA,0.43310459475297947,0.27788230227728333,0.4517792602466025,0.26755766459395663,0.28303261083898124,0.43533510678854104,0.21539178617009622,0.4216751520431481,0.0
