,比利时BFX,日经225,墨西哥BOLSA,恒生指数,韩国综合指数,荷兰AEX,Costa Rica Indice Accionario,加拿大多伦多S&P/TSX 综合指数,S&P CLX IPSA
比利时BFX,0.0,0.31575276565507376,0.3913847503484866,0.3046994515217545,0.3278048149640707,0.6745398814033126,0.22338712306680797,0.41095976865231515,0.4383854682165901
日经225,0.31575276565507376,0.0,0.2584011323294461,0.4671923652263305,0.4780451773316372,0.30820487785206924,0.21756456427128404,0.27274300039335747,0.2773281890831646
墨西哥BOLSA,0.3913847503484866,0.2584011323294461,0.0,0.26566257745945554,0.26816068463726056,0.3859847680788193,0.22055880710260187,0.4974310089714631,0.4544899348832718
恒生指数,0.3046994515217545,0.4671923652263305,0.26566257745945554,0.0,0.4692251963160222,0.2947145635589716,0.2257113196642053,0.2704459543518018,0.2671954292573674
韩国综合指数,0.3278048149640707,0.4780451773316372,0.26816068463726056,0.4692251963160222,0.0,0.3234328170718467,0.2134835931136,0.2792893783788803,0.2804184189760194
荷兰AEX,0.6745398814033126,0.30820487785206924,0.3859847680788193,0.2947145635589716,0.3234328170718467,0.0,0.2180675519974915,0.4215621599272324,0.44133926343956986
Costa Rica Indice Accionario,0.22338712306680797,0.21756456427128404,0.22055880710260187,0.2257113196642053,0.2134835931136,0.2180675519974915,0.0,0.22345804084401769,0.21491557350452195
加拿大多伦多S&P/TSX 综合指数,0.41095976865231515,0.27274300039335747,0.4974310089714631,0.2704459543518018,0.2792893783788803,0.4215621599272324,0.22345804084401769,0.0,0.4187352506869266
S&P CLX IPSA,0.4383854682165901,0.2773281890831646,0.4544899348832718,0.2671954292573674,0.2804184189760194,0.44133926343956986,0.21491557350452195,0.4187352506869266,0.0
