,比利时BFX,日经225,墨西哥BOLSA,恒生指数,韩国综合指数,荷兰AEX,Costa Rica Indice Accionario,加拿大多伦多S&P/TSX 综合指数,S&P CLX IPSA
比利时BFX,0.0,0.3154672486688346,0.3681204548909661,0.2916477023304992,0.31136005696762986,0.6480832404987484,0.2254667738310525,0.38951927992676344,0.41984826036726414
日经225,0.3154672486688346,0.0,0.25945895208176784,0.449205017588346,0.49542854528995267,0.3061639010683525,0.21654801214994612,0.27377300341307165,0.27843925898041627
墨西哥BOLSA,0.3681204548909661,0.25945895208176784,0.0,0.26161067297253104,0.2652589732209438,0.365643308855075,0.22100099162297565,0.46356922082624386,0.4486375045202674
恒生指数,0.2916477023304992,0.449205017588346,0.26161067297253104,0.0,0.4568047007695089,0.27923783576347916,0.22656573982573922,0.26133639345135357,0.2572886901032057
韩国综合指数,0.31136005696762986,0.49542854528995267,0.2652589732209438,0.4568047007695089,0.0,0.3016839474140721,0.21163786794374911,0.2728979282849895,0.2684204791718601
荷兰AEX,0.6480832404987484,0.3061639010683525,0.365643308855075,0.27923783576347916,0.3016839474140721,0.0,0.21923676867842784,0.40128281679936706,0.4209191917185383
Costa Rica Indice Accionario,0.2254667738310525,0.21654801214994612,0.22100099162297565,0.22656573982573922,0.21163786794374911,0.21923676867842784,0.0,0.2235960410606051,0.21532988112923346
加拿大多伦多S&P/TSX 综合指数,0.38951927992676344,0.27377300341307165,0.46356922082624386,0.26133639345135357,0.2728979282849895,0.40128281679936706,0.2235960410606051,0.0,0.4039599414957202
S&P CLX IPSA,0.41984826036726414,0.27843925898041627,0.4486375045202674,0.2572886901032057,0.2684204791718601,0.4209191917185383,0.21532988112923346,0.4039599414957202,0.0
