,比利时BFX,日经225,墨西哥BOLSA,恒生指数,韩国综合指数,荷兰AEX,Costa Rica Indice Accionario,加拿大多伦多S&P/TSX 综合指数,S&P CLX IPSA
比利时BFX,0.0,0.3154434789178846,0.3832254691063607,0.30192747387681546,0.32728943425472573,0.674487570400588,0.22315778377194376,0.4094353407691448,0.43741935250841874
日经225,0.3154434789178846,0.0,0.25700487581105724,0.46345974211975777,0.47940948304009223,0.3082662402921763,0.21770842130343035,0.2758227944226725,0.2779998272379057
墨西哥BOLSA,0.3832254691063607,0.25700487581105724,0.0,0.26564959279183875,0.2674502787319259,0.37864331062062007,0.220946481475397,0.4907681994328911,0.45622159355937325
恒生指数,0.30192747387681546,0.46345974211975777,0.26564959279183875,0.0,0.46642030305991844,0.29187628985178593,0.22574189810814124,0.26882907441212694,0.2666293685752112
韩国综合指数,0.32728943425472573,0.47940948304009223,0.2674502787319259,0.46642030305991844,0.0,0.3226398352431048,0.21365611339824084,0.28017448418015445,0.28232042428030024
荷兰AEX,0.674487570400588,0.3082662402921763,0.37864331062062007,0.29187628985178593,0.3226398352431048,0.0,0.21802500805540764,0.4199341657526646,0.43974081063180026
Costa Rica Indice Accionario,0.22315778377194376,0.21770842130343035,0.220946481475397,0.22574189810814124,0.21365611339824084,0.21802500805540764,0.0,0.22383354923730905,0.21509538206036066
加拿大多伦多S&P/TSX 综合指数,0.4094353407691448,0.2758227944226725,0.4907681994328911,0.26882907441212694,0.28017448418015445,0.4199341657526646,0.22383354923730905,0.0,0.4222551131788501
S&P CLX IPSA,0.43741935250841874,0.2779998272379057,0.45622159355937325,0.2666293685752112,0.28232042428030024,0.43974081063180026,0.21509538206036066,0.4222551131788501,0.0
