,比利时BFX,日经225,墨西哥BOLSA,恒生指数,韩国综合指数,荷兰AEX,Costa Rica Indice Accionario,加拿大多伦多S&P/TSX 综合指数,S&P CLX IPSA
比利时BFX,0.0,0.3164052864680467,0.3787954334199545,0.30162962886730293,0.3278836145225782,0.6707338501503493,0.22304567565491665,0.40678350365107974,0.43617905316547306
日经225,0.3164052864680467,0.0,0.25744542029565115,0.46172753367446007,0.48147450369517963,0.3095139194269435,0.2175908716430125,0.2764728626892051,0.278143824769997
墨西哥BOLSA,0.3787954334199545,0.25744542029565115,0.0,0.26688843444592525,0.26835979106532815,0.3749964548535618,0.2209509633052686,0.4902405302391004,0.4544825533043553
恒生指数,0.30162962886730293,0.46172753367446007,0.26688843444592525,0.0,0.4659414563758182,0.29141041722965677,0.2261938252296546,0.270089799637917,0.26743631519298544
韩国综合指数,0.3278836145225782,0.48147450369517963,0.26835979106532815,0.4659414563758182,0.0,0.32408759948047794,0.21372536415166404,0.2818605201373711,0.2826742882623485
荷兰AEX,0.6707338501503493,0.3095139194269435,0.3749964548535618,0.29141041722965677,0.32408759948047794,0.0,0.21768576550851348,0.41965187723270775,0.4369552093346145
Costa Rica Indice Accionario,0.22304567565491665,0.2175908716430125,0.2209509633052686,0.2261938252296546,0.21372536415166404,0.21768576550851348,0.0,0.22329366125535516,0.21541927784690693
加拿大多伦多S&P/TSX 综合指数,0.40678350365107974,0.2764728626892051,0.4902405302391004,0.270089799637917,0.2818605201373711,0.41965187723270775,0.22329366125535516,0.0,0.4249701045312243
S&P CLX IPSA,0.43617905316547306,0.278143824769997,0.4544825533043553,0.26743631519298544,0.2826742882623485,0.4369552093346145,0.21541927784690693,0.4249701045312243,0.0
