,比利时BFX,日经225,墨西哥BOLSA,恒生指数,韩国综合指数,荷兰AEX,Costa Rica Indice Accionario,加拿大多伦多S&P/TSX 综合指数,S&P CLX IPSA
比利时BFX,0.0,0.3125072584888367,0.36909987146583106,0.2975480075854166,0.3162471247521027,0.6535621175101943,0.22388948894031488,0.3979966804794599,0.4282123758298987
日经225,0.3125072584888367,0.0,0.25678150577261305,0.45620847660678676,0.4869787516558181,0.30443961202303804,0.21665874386610814,0.2731758146149992,0.27673671884419426
墨西哥BOLSA,0.36909987146583106,0.25678150577261305,0.0,0.2647051523382035,0.2629354936736314,0.3677663224548837,0.22032994201063896,0.4736974866064101,0.44746621227405126
恒生指数,0.2975480075854166,0.45620847660678676,0.2647051523382035,0.0,0.46070900976382273,0.28545527457173797,0.22620356243254439,0.2645895149282289,0.26292172469142705
韩国综合指数,0.3162471247521027,0.4869787516558181,0.2629354936736314,0.46070900976382273,0.0,0.30984935345456366,0.2116828683855495,0.27590811537249743,0.2775100504436122
荷兰AEX,0.6535621175101943,0.30443961202303804,0.3677663224548837,0.28545527457173797,0.30984935345456366,0.0,0.21770455052483223,0.412203714822392,0.43201467441016517
Costa Rica Indice Accionario,0.22388948894031488,0.21665874386610814,0.22032994201063896,0.22620356243254439,0.2116828683855495,0.21770455052483223,0.0,0.22340850619429398,0.21409150581403294
加拿大多伦多S&P/TSX 综合指数,0.3979966804794599,0.2731758146149992,0.4736974866064101,0.2645895149282289,0.27590811537249743,0.412203714822392,0.22340850619429398,0.0,0.4153023810713132
S&P CLX IPSA,0.4282123758298987,0.27673671884419426,0.44746621227405126,0.26292172469142705,0.2775100504436122,0.43201467441016517,0.21409150581403294,0.4153023810713132,0.0
