,比利时BFX,日经225,墨西哥BOLSA,恒生指数,韩国综合指数,荷兰AEX,Costa Rica Indice Accionario,加拿大多伦多S&P/TSX 综合指数,S&P CLX IPSA
比利时BFX,0.0,0.3258372055873127,0.39424628814846263,0.34884079999609535,0.3427321030919195,0.6311538044655202,0.2189733270214722,0.39436861204884804,0.3846927155177173
日经225,0.3258372055873127,0.0,0.2606415677826823,0.4392325967465295,0.4594339624064208,0.3234905161322131,0.23540389442984386,0.27505277565139497,0.28427480072563727
墨西哥BOLSA,0.39424628814846263,0.2606415677826823,0.0,0.29163763105496904,0.29162913797046475,0.3884523367371424,0.22862111933344392,0.4718708900771384,0.42565944371952363
恒生指数,0.34884079999609535,0.4392325967465295,0.29163763105496904,0.0,0.46816665531185997,0.357279612051973,0.23771876968035976,0.28954353376398323,0.31362545166544226
韩国综合指数,0.3427321030919195,0.4594339624064208,0.29162913797046475,0.46816665531185997,0.0,0.35113627899076555,0.23149386926186827,0.293490677379811,0.30067730245679364
荷兰AEX,0.6311538044655202,0.3234905161322131,0.3884523367371424,0.357279612051973,0.35113627899076555,0.0,0.22437604873597647,0.40196100495809095,0.385833642317935
Costa Rica Indice Accionario,0.2189733270214722,0.23540389442984386,0.22862111933344392,0.23771876968035976,0.23149386926186827,0.22437604873597647,0.0,0.2308396365075555,0.22800133412578422
加拿大多伦多S&P/TSX 综合指数,0.39436861204884804,0.27505277565139497,0.4718708900771384,0.28954353376398323,0.293490677379811,0.40196100495809095,0.2308396365075555,0.0,0.3763221660314529
S&P CLX IPSA,0.3846927155177173,0.28427480072563727,0.42565944371952363,0.31362545166544226,0.30067730245679364,0.385833642317935,0.22800133412578422,0.3763221660314529,0.0
