,比利时BFX,日经225,墨西哥BOLSA,恒生指数,韩国综合指数,荷兰AEX,Costa Rica Indice Accionario,加拿大多伦多S&P/TSX 综合指数,S&P CLX IPSA
比利时BFX,0.0,0.33647633234364765,0.4154528129177015,0.3857265876700668,0.337466785229813,0.6557461095441531,0.2482145331080728,0.35581056534039446,0.42958366859164676
日经225,0.33647633234364765,0.0,0.31037363960399417,0.44737481831794584,0.48279089026621236,0.34930359262086574,0.25391595577703946,0.3382300558234922,0.3308379281518762
墨西哥BOLSA,0.4154528129177015,0.31037363960399417,0.0,0.36305212021074235,0.33930863095199587,0.41539628432558445,0.2357676481409526,0.4197475362368867,0.4590165555139163
恒生指数,0.3857265876700668,0.44737481831794584,0.36305212021074235,0.0,0.4656212795409539,0.37660489488494175,0.23254697614794698,0.3438439262857688,0.35057183514577844
韩国综合指数,0.337466785229813,0.48279089026621236,0.33930863095199587,0.4656212795409539,0.0,0.341505164537123,0.2530186844425307,0.3063099810928398,0.33045262707812334
荷兰AEX,0.6557461095441531,0.34930359262086574,0.41539628432558445,0.37660489488494175,0.341505164537123,0.0,0.25036416973625764,0.3854950464344226,0.4558054717418022
Costa Rica Indice Accionario,0.2482145331080728,0.25391595577703946,0.2357676481409526,0.23254697614794698,0.2530186844425307,0.25036416973625764,0.0,0.2381624380059847,0.23915468318772343
加拿大多伦多S&P/TSX 综合指数,0.35581056534039446,0.3382300558234922,0.4197475362368867,0.3438439262857688,0.3063099810928398,0.3854950464344226,0.2381624380059847,0.0,0.37611803964466384
S&P CLX IPSA,0.42958366859164676,0.3308379281518762,0.4590165555139163,0.35057183514577844,0.33045262707812334,0.4558054717418022,0.23915468318772343,0.37611803964466384,0.0
