,比利时BFX,日经225,墨西哥BOLSA,恒生指数,韩国综合指数,荷兰AEX,Costa Rica Indice Accionario,加拿大多伦多S&P/TSX 综合指数,S&P CLX IPSA
比利时BFX,0.0,0.31176178197167753,0.3901066732707303,0.29805993836375505,0.32441574103067894,0.6595004455826379,0.22425679033349336,0.40578073076124094,0.4466870874750852
日经225,0.31176178197167753,0.0,0.25744469493660593,0.4535685652478685,0.46894259288336587,0.30063443045666294,0.21937969706713012,0.2705989513985381,0.27634484997350345
墨西哥BOLSA,0.3901066732707303,0.25744469493660593,0.0,0.2646097430913638,0.2689524863708868,0.38457851938767534,0.22482613667844828,0.5140122900864137,0.45841646429929855
恒生指数,0.29805993836375505,0.4535685652478685,0.2646097430913638,0.0,0.4627657119639362,0.2856923794319097,0.2286093318819953,0.26503733910699273,0.26585529633971483
韩国综合指数,0.32441574103067894,0.46894259288336587,0.2689524863708868,0.4627657119639362,0.0,0.3209250835633769,0.21623402451199839,0.278085565038552,0.27774729735114095
荷兰AEX,0.6595004455826379,0.30063443045666294,0.38457851938767534,0.2856923794319097,0.3209250835633769,0.0,0.21998714898862248,0.41373934432110016,0.4486649461561594
Costa Rica Indice Accionario,0.22425679033349336,0.21937969706713012,0.22482613667844828,0.2286093318819953,0.21623402451199839,0.21998714898862248,0.0,0.22741848778153134,0.21724373569666303
加拿大多伦多S&P/TSX 综合指数,0.40578073076124094,0.2705989513985381,0.5140122900864137,0.26503733910699273,0.278085565038552,0.41373934432110016,0.22741848778153134,0.0,0.4352874884959128
S&P CLX IPSA,0.4466870874750852,0.27634484997350345,0.45841646429929855,0.26585529633971483,0.27774729735114095,0.4486649461561594,0.21724373569666303,0.4352874884959128,0.0
