,比利时BFX,日经225,墨西哥BOLSA,恒生指数,韩国综合指数,荷兰AEX,Costa Rica Indice Accionario,加拿大多伦多S&P/TSX 综合指数,S&P CLX IPSA
比利时BFX,0.0,0.31594732113478335,0.3902150741433708,0.303957714658767,0.32750363438700786,0.6756176345469898,0.22334584134930713,0.411589993181852,0.43976336114755327
日经225,0.31594732113478335,0.0,0.2581760964239431,0.4677584825324969,0.4779160752773523,0.30851889859556964,0.21747171298283793,0.2730293919079436,0.2778639162189653
墨西哥BOLSA,0.3902150741433708,0.2581760964239431,0.0,0.2652924250904384,0.2679238332588688,0.38400260939369957,0.22061735018471024,0.49663504439502465,0.4553955001561167
恒生指数,0.303957714658767,0.4677584825324969,0.2652924250904384,0.0,0.4691282871395096,0.2936229240834496,0.22570217792482916,0.2702468862646225,0.2675459334865975
韩国综合指数,0.32750363438700786,0.4779160752773523,0.2679238332588688,0.4691282871395096,0.0,0.3228098838368254,0.2134807683923423,0.2792399037476829,0.28111097000746293
荷兰AEX,0.6756176345469898,0.30851889859556964,0.38400260939369957,0.2936229240834496,0.3228098838368254,0.0,0.21809452162633736,0.42196793042675285,0.4427061085543266
Costa Rica Indice Accionario,0.22334584134930713,0.21747171298283793,0.22061735018471024,0.22570217792482916,0.2134807683923423,0.21809452162633736,0.0,0.22342567818081213,0.2147229838764388
加拿大多伦多S&P/TSX 综合指数,0.411589993181852,0.2730293919079436,0.49663504439502465,0.2702468862646225,0.2792399037476829,0.42196793042675285,0.22342567818081213,0.0,0.42035247035714135
S&P CLX IPSA,0.43976336114755327,0.2778639162189653,0.4553955001561167,0.2675459334865975,0.28111097000746293,0.4427061085543266,0.2147229838764388,0.42035247035714135,0.0
