,比利时BFX,日经225,墨西哥BOLSA,恒生指数,韩国综合指数,荷兰AEX,Costa Rica Indice Accionario,加拿大多伦多S&P/TSX 综合指数,S&P CLX IPSA
比利时BFX,0.0,0.312234506251991,0.3978541396230186,0.2965415126583853,0.33317757551586186,0.6676755825412654,0.22123249590969038,0.4256878048020102,0.4269423370734364
日经225,0.312234506251991,0.0,0.2560282068972868,0.45143960076219386,0.469730631987611,0.3057654295865626,0.23823120354015326,0.27143923175797596,0.27225696658228127
墨西哥BOLSA,0.3978541396230186,0.2560282068972868,0.0,0.27188679921751185,0.2811498199145225,0.3851645795096008,0.22974434179614858,0.5042311620766772,0.4463601255893845
恒生指数,0.2965415126583853,0.45143960076219386,0.27188679921751185,0.0,0.45608860846847527,0.28669694721761385,0.24210568937299917,0.2693715293683216,0.26778004898254404
韩国综合指数,0.33317757551586186,0.469730631987611,0.2811498199145225,0.45608860846847527,0.0,0.3301349637952373,0.23293514295970386,0.2857539447194005,0.28550653513253416
荷兰AEX,0.6676755825412654,0.3057654295865626,0.3851645795096008,0.28669694721761385,0.3301349637952373,0.0,0.22572862648186623,0.4314112874758177,0.42741469727555803
Costa Rica Indice Accionario,0.22123249590969038,0.23823120354015326,0.22974434179614858,0.24210568937299917,0.23293514295970386,0.22572862648186623,0.0,0.23132221624835264,0.22607036668698408
加拿大多伦多S&P/TSX 综合指数,0.4256878048020102,0.27143923175797596,0.5042311620766772,0.2693715293683216,0.2857539447194005,0.4314112874758177,0.23132221624835264,0.0,0.4236198787234714
S&P CLX IPSA,0.4269423370734364,0.27225696658228127,0.4463601255893845,0.26778004898254404,0.28550653513253416,0.42741469727555803,0.22607036668698408,0.4236198787234714,0.0
