,比利时BFX,日经225,墨西哥BOLSA,恒生指数,韩国综合指数,荷兰AEX,Costa Rica Indice Accionario,加拿大多伦多S&P/TSX 综合指数,S&P CLX IPSA
比利时BFX,0.0,0.32683497544923445,0.4155219320557059,0.35944775341403573,0.3370240999219146,0.6787406515569752,0.2658062062074617,0.35384707286109135,0.4350992146242597
日经225,0.32683497544923445,0.0,0.28121029560821376,0.44122768262354617,0.5225261782349793,0.3433157390877215,0.2679922829795708,0.31158423004939556,0.3109060084048356
墨西哥BOLSA,0.4155219320557059,0.28121029560821376,0.0,0.31327222121955073,0.3064584547558765,0.41950623463090836,0.26577913678509296,0.40537363879708976,0.4717627738883808
恒生指数,0.35944775341403573,0.44122768262354617,0.31327222121955073,0.0,0.4385866081262483,0.3649321200995114,0.2572399011819556,0.30850336071366896,0.30928670074846265
韩国综合指数,0.3370240999219146,0.5225261782349793,0.3064584547558765,0.4385866081262483,0.0,0.349662253352526,0.27866525610816834,0.28832276361608694,0.30977661125712985
荷兰AEX,0.6787406515569752,0.3433157390877215,0.41950623463090836,0.3649321200995114,0.349662253352526,0.0,0.26824567022778223,0.3881428404267426,0.46706020761348277
Costa Rica Indice Accionario,0.2658062062074617,0.2679922829795708,0.26577913678509296,0.2572399011819556,0.27866525610816834,0.26824567022778223,0.0,0.25485100206488903,0.2526777701442011
加拿大多伦多S&P/TSX 综合指数,0.35384707286109135,0.31158423004939556,0.40537363879708976,0.30850336071366896,0.28832276361608694,0.3881428404267426,0.25485100206488903,0.0,0.3782714961842112
S&P CLX IPSA,0.4350992146242597,0.3109060084048356,0.4717627738883808,0.30928670074846265,0.30977661125712985,0.46706020761348277,0.2526777701442011,0.3782714961842112,0.0
