,比利时BFX,日经225,墨西哥BOLSA,恒生指数,韩国综合指数,荷兰AEX,Costa Rica Indice Accionario,加拿大多伦多S&P/TSX 综合指数,S&P CLX IPSA
比利时BFX,0.0,0.3380291800990677,0.40911117140327113,0.37612888105471565,0.32788958051849604,0.6332123064811362,0.24850777264376206,0.35528955739796797,0.43207721227894
日经225,0.3380291800990677,0.0,0.30247686099302273,0.45170829440281457,0.4812668262921027,0.3482762131076259,0.25009848341549995,0.3350886334111586,0.33497593915733315
墨西哥BOLSA,0.40911117140327113,0.30247686099302273,0.0,0.35382393485761937,0.3333816435249177,0.42068007077555597,0.23166168550777055,0.42039221186313547,0.45735020509383406
恒生指数,0.37612888105471565,0.45170829440281457,0.35382393485761937,0.0,0.47311033038967365,0.3647668565416365,0.23251159411984446,0.3378451095663828,0.3527523564314052
韩国综合指数,0.32788958051849604,0.4812668262921027,0.3333816435249177,0.47311033038967365,0.0,0.32763889671346436,0.2556096076819126,0.3172453947640859,0.33251868195347956
荷兰AEX,0.6332123064811362,0.3482762131076259,0.42068007077555597,0.3647668565416365,0.32763889671346436,0.0,0.2449279962828431,0.3879590859199996,0.45093855213157835
Costa Rica Indice Accionario,0.24850777264376206,0.25009848341549995,0.23166168550777055,0.23251159411984446,0.2556096076819126,0.2449279962828431,0.0,0.23914861037192428,0.23886659052166886
加拿大多伦多S&P/TSX 综合指数,0.35528955739796797,0.3350886334111586,0.42039221186313547,0.3378451095663828,0.3172453947640859,0.3879590859199996,0.23914861037192428,0.0,0.3785994135684031
S&P CLX IPSA,0.43207721227894,0.33497593915733315,0.45735020509383406,0.3527523564314052,0.33251868195347956,0.45093855213157835,0.23886659052166886,0.3785994135684031,0.0
