,比利时BFX,日经225,墨西哥BOLSA,恒生指数,韩国综合指数,荷兰AEX,Costa Rica Indice Accionario,加拿大多伦多S&P/TSX 综合指数,S&P CLX IPSA
比利时BFX,0.0,0.30868466760955465,0.35360786452275283,0.29122679796141115,0.3035803452524929,0.6442251400294869,0.24390808983141665,0.34281235747442407,0.4075438646046375
日经225,0.30868466760955465,0.0,0.25141500210286155,0.44480109407761964,0.49143836445283956,0.3042248445421262,0.21887405416998942,0.2723813638840318,0.2685552811824527
墨西哥BOLSA,0.35360786452275283,0.25141500210286155,0.0,0.2518057971458647,0.25834198872450653,0.3569672953728217,0.2314606241324563,0.4146324851378466,0.43238752962214283
恒生指数,0.29122679796141115,0.44480109407761964,0.2518057971458647,0.0,0.4594615302625248,0.27843963829874707,0.23084170406092266,0.2659352723038479,0.25260435248421376
韩国综合指数,0.3035803452524929,0.49143836445283956,0.25834198872450653,0.4594615302625248,0.0,0.2946586923444903,0.22166534679864852,0.2774194546620007,0.2603584602817801
荷兰AEX,0.6442251400294869,0.3042248445421262,0.3569672953728217,0.27843963829874707,0.2946586923444903,0.0,0.23701742872820314,0.36566336069562283,0.42309801543726233
Costa Rica Indice Accionario,0.24390808983141665,0.21887405416998942,0.2314606241324563,0.23084170406092266,0.22166534679864852,0.23701742872820314,0.0,0.23152143961665736,0.22190687163724274
加拿大多伦多S&P/TSX 综合指数,0.34281235747442407,0.2723813638840318,0.4146324851378466,0.2659352723038479,0.2774194546620007,0.36566336069562283,0.23152143961665736,0.0,0.37712005215047684
S&P CLX IPSA,0.4075438646046375,0.2685552811824527,0.43238752962214283,0.25260435248421376,0.2603584602817801,0.42309801543726233,0.22190687163724274,0.37712005215047684,0.0
