,比利时BFX,日经225,墨西哥BOLSA,恒生指数,韩国综合指数,荷兰AEX,Costa Rica Indice Accionario,加拿大多伦多S&P/TSX 综合指数,S&P CLX IPSA
比利时BFX,0.0,0.320037794675491,0.3873780973612887,0.30635870364639595,0.3287186824308318,0.669011719080059,0.2239617477661444,0.4053463418244662,0.4394280791403941
日经225,0.320037794675491,0.0,0.26125085726975944,0.4623101551727023,0.4760850987841114,0.3098704973212716,0.21628198129437062,0.2765480875125444,0.27959341728023895
墨西哥BOLSA,0.3873780973612887,0.26125085726975944,0.0,0.26836350757258265,0.27253621960425384,0.3832155205860957,0.22276391383983588,0.5026472377824133,0.4553713732142971
恒生指数,0.30635870364639595,0.4623101551727023,0.26836350757258265,0.0,0.46607069690178027,0.2952831654143937,0.22481965750298263,0.27251677760611753,0.26853317364958434
韩国综合指数,0.3287186824308318,0.4760850987841114,0.27253621960425384,0.46607069690178027,0.0,0.3248594853879568,0.2135474325517817,0.28095056907574645,0.28108618705990057
荷兰AEX,0.669011719080059,0.3098704973212716,0.3832155205860957,0.2952831654143937,0.3248594853879568,0.0,0.21869937663419814,0.4155235614975251,0.44220783133649993
Costa Rica Indice Accionario,0.2239617477661444,0.21628198129437062,0.22276391383983588,0.22481965750298263,0.2135474325517817,0.21869937663419814,0.0,0.22412938632009982,0.21551362477632333
加拿大多伦多S&P/TSX 综合指数,0.4053463418244662,0.2765480875125444,0.5026472377824133,0.27251677760611753,0.28095056907574645,0.4155235614975251,0.22412938632009982,0.0,0.41906761710360546
S&P CLX IPSA,0.4394280791403941,0.27959341728023895,0.4553713732142971,0.26853317364958434,0.28108618705990057,0.44220783133649993,0.21551362477632333,0.41906761710360546,0.0
