,比利时BFX,日经225,墨西哥BOLSA,恒生指数,韩国综合指数,荷兰AEX,Costa Rica Indice Accionario,加拿大多伦多S&P/TSX 综合指数,S&P CLX IPSA
比利时BFX,0.0,0.3337761162701178,0.4126847911587049,0.3701512658599812,0.33272492895097383,0.6739266996590293,0.2510313570891272,0.35247399660187967,0.4343527388205701
日经225,0.3337761162701178,0.0,0.30750112981962585,0.4511829769386311,0.49108494191753144,0.345795791206434,0.2567922783617633,0.33458865227759654,0.3277162703571885
墨西哥BOLSA,0.4126847911587049,0.30750112981962585,0.0,0.3576585024184109,0.3344199237980088,0.403143950355419,0.2415245596385252,0.413085374027007,0.45149511270523224
恒生指数,0.3701512658599812,0.4511829769386311,0.3576585024184109,0.0,0.45597186864189354,0.3655567328311017,0.23684821728638136,0.33912382867700164,0.3342290383596754
韩国综合指数,0.33272492895097383,0.49108494191753144,0.3344199237980088,0.45597186864189354,0.0,0.3340938434348975,0.25978915960653154,0.3018862803230008,0.32189134353268645
荷兰AEX,0.6739266996590293,0.345795791206434,0.403143950355419,0.3655567328311017,0.3340938434348975,0.0,0.2574141004145797,0.37799534939942336,0.45630076916628215
Costa Rica Indice Accionario,0.2510313570891272,0.2567922783617633,0.2415245596385252,0.23684821728638136,0.25978915960653154,0.2574141004145797,0.0,0.24157638346262986,0.24372773948648574
加拿大多伦多S&P/TSX 综合指数,0.35247399660187967,0.33458865227759654,0.413085374027007,0.33912382867700164,0.3018862803230008,0.37799534939942336,0.24157638346262986,0.0,0.3698711035715176
S&P CLX IPSA,0.4343527388205701,0.3277162703571885,0.45149511270523224,0.3342290383596754,0.32189134353268645,0.45630076916628215,0.24372773948648574,0.3698711035715176,0.0
