,比利时BFX,日经225,墨西哥BOLSA,恒生指数,韩国综合指数,荷兰AEX,Costa Rica Indice Accionario,加拿大多伦多S&P/TSX 综合指数,S&P CLX IPSA
比利时BFX,0.0,0.31038527169595953,0.38737130493008254,0.29683276456564994,0.3234599578608669,0.6550907835637118,0.22853935069299347,0.4028837103399857,0.4374379224093488
日经225,0.31038527169595953,0.0,0.2572878938208469,0.4493295403620861,0.4634560090817409,0.2999693050158911,0.22916397906756836,0.270212617991928,0.27374030707097047
墨西哥BOLSA,0.38737130493008254,0.2572878938208469,0.0,0.26571404742317023,0.2695939422292502,0.3844189623156927,0.22967177478812636,0.5066409911475424,0.46320074609705436
恒生指数,0.29683276456564994,0.4493295403620861,0.26571404742317023,0.0,0.4608289220142194,0.2850035030522838,0.23688851638203406,0.2672837992001696,0.2636887337742601
韩国综合指数,0.3234599578608669,0.4634560090817409,0.2695939422292502,0.4608289220142194,0.0,0.32065646753650484,0.22704125515778212,0.277500515417962,0.2768214997807382
荷兰AEX,0.6550907835637118,0.2999693050158911,0.3844189623156927,0.2850035030522838,0.32065646753650484,0.0,0.22653023143557963,0.412052281821344,0.44417075311162135
Costa Rica Indice Accionario,0.22853935069299347,0.22916397906756836,0.22967177478812636,0.23688851638203406,0.22704125515778212,0.22653023143557963,0.0,0.2300022987144459,0.22404233969650283
加拿大多伦多S&P/TSX 综合指数,0.4028837103399857,0.270212617991928,0.5066409911475424,0.2672837992001696,0.277500515417962,0.412052281821344,0.2300022987144459,0.0,0.4376330038763588
S&P CLX IPSA,0.4374379224093488,0.27374030707097047,0.46320074609705436,0.2636887337742601,0.2768214997807382,0.44417075311162135,0.22404233969650283,0.4376330038763588,0.0
