,比利时BFX,日经225,墨西哥BOLSA,恒生指数,韩国综合指数,荷兰AEX,Costa Rica Indice Accionario,加拿大多伦多S&P/TSX 综合指数,S&P CLX IPSA
比利时BFX,0.0,0.31163310607408673,0.3533852048258368,0.2927603093891109,0.3083811139739446,0.6390242976928958,0.24395927852405827,0.34522061936573273,0.40534240781511793
日经225,0.31163310607408673,0.0,0.2527355665955951,0.44528032811225576,0.492656950692264,0.30603732057518956,0.21854118144958884,0.2731349462145908,0.2698525204445922
墨西哥BOLSA,0.3533852048258368,0.2527355665955951,0.0,0.25090049494025396,0.25944594822158534,0.3559803029993307,0.2306631947454991,0.42173258710398337,0.43417730860718634
恒生指数,0.2927603093891109,0.44528032811225576,0.25090049494025396,0.0,0.4601680229701841,0.27902090793409295,0.22951246516588109,0.2663476092542927,0.2526767342552137
韩国综合指数,0.3083811139739446,0.492656950692264,0.25944594822158534,0.4601680229701841,0.0,0.29716455434613703,0.22055617306586425,0.2784284958957957,0.2621364046410795
荷兰AEX,0.6390242976928958,0.30603732057518956,0.3559803029993307,0.27902090793409295,0.29716455434613703,0.0,0.23689773731730404,0.36879272816311126,0.4216574980521431
Costa Rica Indice Accionario,0.24395927852405827,0.21854118144958884,0.2306631947454991,0.22951246516588109,0.22055617306586425,0.23689773731730404,0.0,0.23329177088745165,0.22256016742702212
加拿大多伦多S&P/TSX 综合指数,0.34522061936573273,0.2731349462145908,0.42173258710398337,0.2663476092542927,0.2784284958957957,0.36879272816311126,0.23329177088745165,0.0,0.38060838690801035
S&P CLX IPSA,0.40534240781511793,0.2698525204445922,0.43417730860718634,0.2526767342552137,0.2621364046410795,0.4216574980521431,0.22256016742702212,0.38060838690801035,0.0
