,比利时BFX,日经225,墨西哥BOLSA,恒生指数,韩国综合指数,荷兰AEX,Costa Rica Indice Accionario,加拿大多伦多S&P/TSX 综合指数,S&P CLX IPSA
比利时BFX,0.0,0.3148310959154156,0.37446217136407894,0.29971969390409875,0.3238569227929076,0.6607419015127083,0.22470138453543173,0.39783498977530735,0.43338167710836406
日经225,0.3148310959154156,0.0,0.2570211919592317,0.45963066213857795,0.48288873692887263,0.30823550338649025,0.21845806324038494,0.2736647291157499,0.277654623071291
墨西哥BOLSA,0.37446217136407894,0.2570211919592317,0.0,0.26659655057665477,0.2671838304227699,0.37363170177671884,0.22228926204946217,0.47912606985798245,0.4515234386850476
恒生指数,0.29971969390409875,0.45963066213857795,0.26659655057665477,0.0,0.4628609760783635,0.2883465331761821,0.22736634947221887,0.26739657212266976,0.26700522362385753
韩国综合指数,0.3238569227929076,0.48288873692887263,0.2671838304227699,0.4628609760783635,0.0,0.31959755471457557,0.21554366393852367,0.2787723348626209,0.2824741974146041
荷兰AEX,0.6607419015127083,0.30823550338649025,0.37363170177671884,0.2883465331761821,0.31959755471457557,0.0,0.21917190788656202,0.41302260439714245,0.4373361105760216
Costa Rica Indice Accionario,0.22470138453543173,0.21845806324038494,0.22228926204946217,0.22736634947221887,0.21554366393852367,0.21917190788656202,0.0,0.22574969244534107,0.21609733923391716
加拿大多伦多S&P/TSX 综合指数,0.39783498977530735,0.2736647291157499,0.47912606985798245,0.26739657212266976,0.2787723348626209,0.41302260439714245,0.22574969244534107,0.0,0.42328003800517006
S&P CLX IPSA,0.43338167710836406,0.277654623071291,0.4515234386850476,0.26700522362385753,0.2824741974146041,0.4373361105760216,0.21609733923391716,0.42328003800517006,0.0
