,比利时BFX,日经225,墨西哥BOLSA,恒生指数,韩国综合指数,荷兰AEX,Costa Rica Indice Accionario,加拿大多伦多S&P/TSX 综合指数,S&P CLX IPSA
比利时BFX,0.0,0.3383328544306165,0.41341132907660655,0.38477985032242035,0.33828462322883607,0.6533087493059091,0.24808324813216426,0.35709153738579175,0.4296434054351465
日经225,0.3383328544306165,0.0,0.30447488008233975,0.4510954708645976,0.4864003641574522,0.3516961892272575,0.2518582543312428,0.3271144356198708,0.33174611781780233
墨西哥BOLSA,0.41341132907660655,0.30447488008233975,0.0,0.35474274029836356,0.33509256752424393,0.4091523772491924,0.23490519710222638,0.4230485781902203,0.4624728625852004
恒生指数,0.38477985032242035,0.4510954708645976,0.35474274029836356,0.0,0.4733684325585566,0.3765586150773264,0.2320084786515802,0.33300023654873734,0.35149170750326314
韩国综合指数,0.33828462322883607,0.4864003641574522,0.33509256752424393,0.4733684325585566,0.0,0.3403396527720242,0.25226643711694174,0.3009704404694243,0.3311616975718134
荷兰AEX,0.6533087493059091,0.3516961892272575,0.4091523772491924,0.3765586150773264,0.3403396527720242,0.0,0.24998136273389904,0.3852840931860976,0.45287310288121957
Costa Rica Indice Accionario,0.24808324813216426,0.2518582543312428,0.23490519710222638,0.2320084786515802,0.25226643711694174,0.24998136273389904,0.0,0.23860944021468367,0.23947257115051587
加拿大多伦多S&P/TSX 综合指数,0.35709153738579175,0.3271144356198708,0.4230485781902203,0.33300023654873734,0.3009704404694243,0.3852840931860976,0.23860944021468367,0.0,0.3792700394083359
S&P CLX IPSA,0.4296434054351465,0.33174611781780233,0.4624728625852004,0.35149170750326314,0.3311616975718134,0.45287310288121957,0.23947257115051587,0.3792700394083359,0.0
