,比利时BFX,日经225,墨西哥BOLSA,恒生指数,韩国综合指数,荷兰AEX,Costa Rica Indice Accionario,加拿大多伦多S&P/TSX 综合指数,S&P CLX IPSA
比利时BFX,0.0,0.303892512938146,0.3973243296523783,0.294306525897761,0.3198629605846064,0.6709781280546494,0.2244443370929571,0.41404618378020513,0.4362441995783062
日经225,0.303892512938146,0.0,0.258108065420422,0.45312396526893567,0.4574817974748996,0.294767422347027,0.23646832352913355,0.2705174777133803,0.2702946847839225
墨西哥BOLSA,0.3973243296523783,0.258108065420422,0.0,0.2680005252484813,0.27390299111156435,0.3834195025713644,0.23414685879170502,0.5146610385127007,0.4509537335495766
恒生指数,0.294306525897761,0.45312396526893567,0.2680005252484813,0.0,0.45647800007101863,0.2854543871210976,0.23771757499747728,0.2650735538240851,0.2633558914876568
韩国综合指数,0.3198629605846064,0.4574817974748996,0.27390299111156435,0.45647800007101863,0.0,0.3216119586020707,0.22901706592512608,0.2790766702792655,0.27702363294869925
荷兰AEX,0.6709781280546494,0.294767422347027,0.3834195025713644,0.2854543871210976,0.3216119586020707,0.0,0.2273107818222999,0.41970813117384886,0.43083179176236613
Costa Rica Indice Accionario,0.2244443370929571,0.23646832352913355,0.23414685879170502,0.23771757499747728,0.22901706592512608,0.2273107818222999,0.0,0.234008299772153,0.2303426283849828
加拿大多伦多S&P/TSX 综合指数,0.41404618378020513,0.2705174777133803,0.5146610385127007,0.2650735538240851,0.2790766702792655,0.41970813117384886,0.234008299772153,0.0,0.4252954223812274
S&P CLX IPSA,0.4362441995783062,0.2702946847839225,0.4509537335495766,0.2633558914876568,0.27702363294869925,0.43083179176236613,0.2303426283849828,0.4252954223812274,0.0
