,比利时BFX,日经225,墨西哥BOLSA,恒生指数,韩国综合指数,荷兰AEX,Costa Rica Indice Accionario,加拿大多伦多S&P/TSX 综合指数,S&P CLX IPSA
比利时BFX,0.0,0.3137296789526345,0.3594711559657325,0.29500471205950607,0.3131596200117769,0.6464180858245308,0.24376934029082284,0.3264102180976105,0.3992473003371708
日经225,0.3137296789526345,0.0,0.2516296456936172,0.4458220488697654,0.4996878170291943,0.3073250475336143,0.2247178898782192,0.26660850670892977,0.27177767588040275
墨西哥BOLSA,0.3594711559657325,0.2516296456936172,0.0,0.2489229877697643,0.2580270634267945,0.3694826729955249,0.2310888328265761,0.4092821933202638,0.4197238744595897
恒生指数,0.29500471205950607,0.4458220488697654,0.2489229877697643,0.0,0.45150798679889953,0.2806444251572497,0.23123173621145884,0.25529468620242163,0.25138672828634206
韩国综合指数,0.3131596200117769,0.4996878170291943,0.2580270634267945,0.45150798679889953,0.0,0.30427061985027165,0.22940439044039207,0.270216575823014,0.26655033583013044
荷兰AEX,0.6464180858245308,0.3073250475336143,0.3694826729955249,0.2806444251572497,0.30427061985027165,0.0,0.24120141796519126,0.3548940129752626,0.42280010560382975
Costa Rica Indice Accionario,0.24376934029082284,0.2247178898782192,0.2310888328265761,0.23123173621145884,0.22940439044039207,0.24120141796519126,0.0,0.23750390040700706,0.2251281537898449
加拿大多伦多S&P/TSX 综合指数,0.3264102180976105,0.26660850670892977,0.4092821933202638,0.25529468620242163,0.270216575823014,0.3548940129752626,0.23750390040700706,0.0,0.36837295330286746
S&P CLX IPSA,0.3992473003371708,0.27177767588040275,0.4197238744595897,0.25138672828634206,0.26655033583013044,0.42280010560382975,0.2251281537898449,0.36837295330286746,0.0
