,比利时BFX,日经225,墨西哥BOLSA,恒生指数,韩国综合指数,荷兰AEX,Costa Rica Indice Accionario,加拿大多伦多S&P/TSX 综合指数,S&P CLX IPSA
比利时BFX,0.0,0.306136102281996,0.39555217928803516,0.29385858340677534,0.32129911459667837,0.6666101983923024,0.22423835560514663,0.407699565609828,0.4311766355019653
日经225,0.306136102281996,0.0,0.25586202224500976,0.45680718691303746,0.4642095055533092,0.29339089409832364,0.23630953691345016,0.26776229997649253,0.26541245294563404
墨西哥BOLSA,0.39555217928803516,0.25586202224500976,0.0,0.26534664427115384,0.27055668241657493,0.38305032480941276,0.23422204911205435,0.5096214416117506,0.453967283560503
恒生指数,0.29385858340677534,0.45680718691303746,0.26534664427115384,0.0,0.46004678208058397,0.2829181578345419,0.23737603106820393,0.2652885306937992,0.26062201744454305
韩国综合指数,0.32129911459667837,0.4642095055533092,0.27055668241657493,0.46004678208058397,0.0,0.3195467796243639,0.22925864068722757,0.27602742178002093,0.272638965184118
荷兰AEX,0.6666101983923024,0.29339089409832364,0.38305032480941276,0.2829181578345419,0.3195467796243639,0.0,0.2267731453703195,0.4151005302425851,0.42995813261811505
Costa Rica Indice Accionario,0.22423835560514663,0.23630953691345016,0.23422204911205435,0.23737603106820393,0.22925864068722757,0.2267731453703195,0.0,0.2339903730519767,0.23084645920484279
加拿大多伦多S&P/TSX 综合指数,0.407699565609828,0.26776229997649253,0.5096214416117506,0.2652885306937992,0.27602742178002093,0.4151005302425851,0.2339903730519767,0.0,0.42694585558269027
S&P CLX IPSA,0.4311766355019653,0.26541245294563404,0.453967283560503,0.26062201744454305,0.272638965184118,0.42995813261811505,0.23084645920484279,0.42694585558269027,0.0
