,比利时BFX,日经225,墨西哥BOLSA,恒生指数,韩国综合指数,荷兰AEX,Costa Rica Indice Accionario,加拿大多伦多S&P/TSX 综合指数,S&P CLX IPSA
比利时BFX,0.0,0.3077990166122302,0.35528584894827736,0.2910061753195942,0.3051133528309555,0.6448707775112362,0.24419508812114546,0.3433665416184104,0.4086053469327149
日经225,0.3077990166122302,0.0,0.24786368962042635,0.4443933314629713,0.49124459077861127,0.30196329518019993,0.21798860384153282,0.2685657039281233,0.2671662568715489
墨西哥BOLSA,0.35528584894827736,0.24786368962042635,0.0,0.2470677549564901,0.2541512084228326,0.3586536674176732,0.23236032846825477,0.41282470730400417,0.43034338873099515
恒生指数,0.2910061753195942,0.4443933314629713,0.2470677549564901,0.0,0.45528269404670013,0.27699669248033704,0.22943326651627438,0.2623322968014174,0.2512058610146338
韩国综合指数,0.3051133528309555,0.49124459077861127,0.2541512084228326,0.45528269404670013,0.0,0.295503028252425,0.2212095167713845,0.27492819270405777,0.25874696559710497
荷兰AEX,0.6448707775112362,0.30196329518019993,0.3586536674176732,0.27699669248033704,0.295503028252425,0.0,0.23761295203698168,0.36475039361479683,0.42408080973126494
Costa Rica Indice Accionario,0.24419508812114546,0.21798860384153282,0.23236032846825477,0.22943326651627438,0.2212095167713845,0.23761295203698168,0.0,0.23209677227649325,0.22195424749642476
加拿大多伦多S&P/TSX 综合指数,0.3433665416184104,0.2685657039281233,0.41282470730400417,0.2623322968014174,0.27492819270405777,0.36475039361479683,0.23209677227649325,0.0,0.3764778443511296
S&P CLX IPSA,0.4086053469327149,0.2671662568715489,0.43034338873099515,0.2512058610146338,0.25874696559710497,0.42408080973126494,0.22195424749642476,0.3764778443511296,0.0
