,比利时BFX,日经225,墨西哥BOLSA,恒生指数,韩国综合指数,荷兰AEX,Costa Rica Indice Accionario,加拿大多伦多S&P/TSX 综合指数,S&P CLX IPSA
比利时BFX,0.0,0.3158292289204306,0.38101538502940174,0.30192954612568346,0.32773089272231476,0.6715595859321039,0.22327263459189203,0.4079383512909472,0.43712891965018985
日经225,0.3158292289204306,0.0,0.2574092902210026,0.4639032047243003,0.4816778311922692,0.3089936220380012,0.21764652790252909,0.27557016256788686,0.2783715908334617
墨西哥BOLSA,0.38101538502940174,0.2574092902210026,0.0,0.2657309672920296,0.2681731785171279,0.3777874470415659,0.22084276915952325,0.49195854805886907,0.4530109095924841
恒生指数,0.30192954612568346,0.4639032047243003,0.2657309672920296,0.0,0.4666855070147556,0.29223589095683283,0.22580010959860788,0.26909649837363114,0.26672792476072177
韩国综合指数,0.32773089272231476,0.4816778311922692,0.2681731785171279,0.4666855070147556,0.0,0.32417096839449755,0.21367501186589455,0.2812336666529702,0.282619355180702
荷兰AEX,0.6715595859321039,0.3089936220380012,0.3777874470415659,0.29223589095683283,0.32417096839449755,0.0,0.21797226523939575,0.42065651301566365,0.43903709927391465
Costa Rica Indice Accionario,0.22327263459189203,0.21764652790252909,0.22084276915952325,0.22580010959860788,0.21367501186589455,0.21797226523939575,0.0,0.22367097680515988,0.21518985297688203
加拿大多伦多S&P/TSX 综合指数,0.4079383512909472,0.27557016256788686,0.49195854805886907,0.26909649837363114,0.2812336666529702,0.42065651301566365,0.22367097680515988,0.0,0.42197687810050627
S&P CLX IPSA,0.43712891965018985,0.2783715908334617,0.4530109095924841,0.26672792476072177,0.282619355180702,0.43903709927391465,0.21518985297688203,0.42197687810050627,0.0
