,比利时BFX,日经225,墨西哥BOLSA,恒生指数,韩国综合指数,荷兰AEX,Costa Rica Indice Accionario,加拿大多伦多S&P/TSX 综合指数,S&P CLX IPSA
比利时BFX,0.0,0.31294773968165845,0.3905708266640067,0.32323630233853407,0.3192466340957324,0.6784666294442261,0.25141554781380304,0.37856858929839066,0.3940590316988813
日经225,0.31294773968165845,0.0,0.25008109490111025,0.4421706186537614,0.5082607233790927,0.30653915397552456,0.22479644862369544,0.2716294047453478,0.2681510789339614
墨西哥BOLSA,0.3905708266640067,0.25008109490111025,0.0,0.2691116441477419,0.2568382856498933,0.39680614989180674,0.2382723869325953,0.4373380536472261,0.41767210374149005
恒生指数,0.32323630233853407,0.4421706186537614,0.2691116441477419,0.0,0.4389908412429543,0.3085119923953288,0.23102404710688848,0.28334870512546784,0.25882323260870443
韩国综合指数,0.3192466340957324,0.5082607233790927,0.2568382856498933,0.4389908412429543,0.0,0.3098375372803751,0.23113422684539983,0.2789251840070536,0.26607073751698257
荷兰AEX,0.6784666294442261,0.30653915397552456,0.39680614989180674,0.3085119923953288,0.3098375372803751,0.0,0.24664471559478524,0.40631227700537015,0.42081299627204943
Costa Rica Indice Accionario,0.25141554781380304,0.22479644862369544,0.2382723869325953,0.23102404710688848,0.23113422684539983,0.24664471559478524,0.0,0.2462437382644951,0.22638483909856882
加拿大多伦多S&P/TSX 综合指数,0.37856858929839066,0.2716294047453478,0.4373380536472261,0.28334870512546784,0.2789251840070536,0.40631227700537015,0.2462437382644951,0.0,0.3733983781739165
S&P CLX IPSA,0.3940590316988813,0.2681510789339614,0.41767210374149005,0.25882323260870443,0.26607073751698257,0.42081299627204943,0.22638483909856882,0.3733983781739165,0.0
