,比利时BFX,日经225,墨西哥BOLSA,恒生指数,韩国综合指数,荷兰AEX,Costa Rica Indice Accionario,加拿大多伦多S&P/TSX 综合指数,S&P CLX IPSA
比利时BFX,0.0,0.308430034517295,0.3581010931440638,0.2904123253015461,0.30377428948848423,0.6421580845722145,0.2443986564882355,0.3273400005792065,0.40077227320596676
日经225,0.308430034517295,0.0,0.2493391752597753,0.4408564206650334,0.49068590387040895,0.3018371077521128,0.2249795224868819,0.26544093661565943,0.2664112741763831
墨西哥BOLSA,0.3581010931440638,0.2493391752597753,0.0,0.24641118028495904,0.2507427834940043,0.3669046051758451,0.23272344414546722,0.4062574835817805,0.43169755279928146
恒生指数,0.2904123253015461,0.4408564206650334,0.24641118028495904,0.0,0.45331220802402517,0.27645228877894146,0.23367073442011507,0.25667022815770607,0.24878500100728762
韩国综合指数,0.30377428948848423,0.49068590387040895,0.2507427834940043,0.45331220802402517,0.0,0.2935344949177853,0.2272611886195229,0.26382502458826723,0.25440719074981244
荷兰AEX,0.6421580845722145,0.3018371077521128,0.3669046051758451,0.27645228877894146,0.2935344949177853,0.0,0.2396046797375196,0.35487998477673727,0.42287456192745493
Costa Rica Indice Accionario,0.2443986564882355,0.2249795224868819,0.23272344414546722,0.23367073442011507,0.2272611886195229,0.2396046797375196,0.0,0.23190240609380738,0.22294114196085602
加拿大多伦多S&P/TSX 综合指数,0.3273400005792065,0.26544093661565943,0.4062574835817805,0.25667022815770607,0.26382502458826723,0.35487998477673727,0.23190240609380738,0.0,0.3715119516264178
S&P CLX IPSA,0.40077227320596676,0.2664112741763831,0.43169755279928146,0.24878500100728762,0.25440719074981244,0.42287456192745493,0.22294114196085602,0.3715119516264178,0.0
