,比利时BFX,日经225,墨西哥BOLSA,恒生指数,韩国综合指数,荷兰AEX,Costa Rica Indice Accionario,加拿大多伦多S&P/TSX 综合指数,S&P CLX IPSA
比利时BFX,0.0,0.3127032916508233,0.3700591505086019,0.29760794448125644,0.31647768875034493,0.6536824687293485,0.22389556685126383,0.3976852941553885,0.4283815389605754
日经225,0.3127032916508233,0.0,0.25545808635449446,0.4528737732031886,0.49021440520815013,0.30439637933772323,0.2167508317219515,0.27025321894132415,0.2776555819333639
墨西哥BOLSA,0.3700591505086019,0.25545808635449446,0.0,0.2629365901760096,0.26341086371890937,0.36826697514285617,0.2201425128190867,0.47047338580260084,0.45036543670492724
恒生指数,0.29760794448125644,0.4528737732031886,0.2629365901760096,0.0,0.46149889725836674,0.2852686427168955,0.2261138923151472,0.26301138549081593,0.26310038342904957
韩国综合指数,0.31647768875034493,0.49021440520815013,0.26341086371890937,0.46149889725836674,0.0,0.31007643004299856,0.211799903575419,0.27501127795011177,0.2780932554740624
荷兰AEX,0.6536824687293485,0.30439637933772323,0.36826697514285617,0.2852686427168955,0.31007643004299856,0.0,0.21770240614158637,0.41155993066708135,0.4322209188558568
Costa Rica Indice Accionario,0.22389556685126383,0.2167508317219515,0.2201425128190867,0.2261138923151472,0.211799903575419,0.21770240614158637,0.0,0.22330382335643842,0.2141237007053502
加拿大多伦多S&P/TSX 综合指数,0.3976852941553885,0.27025321894132415,0.47047338580260084,0.26301138549081593,0.27501127795011177,0.41155993066708135,0.22330382335643842,0.0,0.41497065037504394
S&P CLX IPSA,0.4283815389605754,0.2776555819333639,0.45036543670492724,0.26310038342904957,0.2780932554740624,0.4322209188558568,0.2141237007053502,0.41497065037504394,0.0
