,比利时BFX,日经225,墨西哥BOLSA,恒生指数,韩国综合指数,荷兰AEX,Costa Rica Indice Accionario,加拿大多伦多S&P/TSX 综合指数,S&P CLX IPSA
比利时BFX,0.0,0.3086427361622208,0.39191673656663367,0.295084552023255,0.32236028291390295,0.6548687532256292,0.22989018733524547,0.4035057902809562,0.43628365517404466
日经225,0.3086427361622208,0.0,0.26132126820486434,0.4486493055125968,0.4622597031876903,0.29884181292275913,0.23224068500965694,0.26999273907183574,0.27154559448702603
墨西哥BOLSA,0.39191673656663367,0.26132126820486434,0.0,0.26732322124759744,0.2718045590199943,0.3880160246563985,0.22837248447595457,0.5114128180748084,0.46879776409290036
恒生指数,0.295084552023255,0.4486493055125968,0.26732322124759744,0.0,0.4602930928851592,0.28337579968472143,0.23917639330694723,0.2666261561056831,0.26140478118413135
韩国综合指数,0.32236028291390295,0.4622597031876903,0.2718045590199943,0.4602930928851592,0.0,0.3200256648045137,0.22841702795537996,0.2772946271087126,0.27578568692423827
荷兰AEX,0.6548687532256292,0.29884181292275913,0.3880160246563985,0.28337579968472143,0.3200256648045137,0.0,0.22778841916484602,0.41244742533073697,0.4421992597539414
Costa Rica Indice Accionario,0.22989018733524547,0.23224068500965694,0.22837248447595457,0.23917639330694723,0.22841702795537996,0.22778841916484602,0.0,0.23062284762389562,0.22555008591994202
加拿大多伦多S&P/TSX 综合指数,0.4035057902809562,0.26999273907183574,0.5114128180748084,0.2666261561056831,0.2772946271087126,0.41244742533073697,0.23062284762389562,0.0,0.43647963382262545
S&P CLX IPSA,0.43628365517404466,0.27154559448702603,0.46879776409290036,0.26140478118413135,0.27578568692423827,0.4421992597539414,0.22555008591994202,0.43647963382262545,0.0
