,比利时BFX,日经225,墨西哥BOLSA,恒生指数,韩国综合指数,荷兰AEX,Costa Rica Indice Accionario,加拿大多伦多S&P/TSX 综合指数,S&P CLX IPSA
比利时BFX,0.0,0.3392437911181801,0.4143840553619203,0.37423715745372504,0.3323229055560682,0.6350190875482018,0.2594498710172848,0.35799697722083496,0.42323180629835133
日经225,0.3392437911181801,0.0,0.3032673745035145,0.46105959096851545,0.48890152396081876,0.3466002616744455,0.2695135171407209,0.33162611595896024,0.3287466759694118
墨西哥BOLSA,0.4143840553619203,0.3032673745035145,0.0,0.3572616782707828,0.3372509443509211,0.4251006134619345,0.25720832672964794,0.4272892636339416,0.44635496404835423
恒生指数,0.37423715745372504,0.46105959096851545,0.3572616782707828,0.0,0.4846228639114327,0.36092152019095536,0.24929450546200232,0.33484786424469426,0.3452512703491473
韩国综合指数,0.3323229055560682,0.48890152396081876,0.3372509443509211,0.4846228639114327,0.0,0.3317406447008977,0.2794423691068371,0.3196967068557581,0.326317270296608
荷兰AEX,0.6350190875482018,0.3466002616744455,0.4251006134619345,0.36092152019095536,0.3317406447008977,0.0,0.26641781565985184,0.38683786906560613,0.4369684690811067
Costa Rica Indice Accionario,0.2594498710172848,0.2695135171407209,0.25720832672964794,0.24929450546200232,0.2794423691068371,0.26641781565985184,0.0,0.2562435525627631,0.24938315866164043
加拿大多伦多S&P/TSX 综合指数,0.35799697722083496,0.33162611595896024,0.4272892636339416,0.33484786424469426,0.3196967068557581,0.38683786906560613,0.2562435525627631,0.0,0.3697615881575029
S&P CLX IPSA,0.42323180629835133,0.3287466759694118,0.44635496404835423,0.3452512703491473,0.326317270296608,0.4369684690811067,0.24938315866164043,0.3697615881575029,0.0
