,比利时BFX,日经225,墨西哥BOLSA,恒生指数,韩国综合指数,荷兰AEX,Costa Rica Indice Accionario,加拿大多伦多S&P/TSX 综合指数,S&P CLX IPSA
比利时BFX,0.0,0.3046261708934499,0.4005555873731811,0.2938868114763294,0.32116842703456533,0.6672758528751955,0.2242893974956432,0.4206202842174165,0.43472329698034584
日经225,0.3046261708934499,0.0,0.2581442508513252,0.45305361130821564,0.4574775404852895,0.29564566479502485,0.23646773938810633,0.2705973570781439,0.27029015174325044
墨西哥BOLSA,0.4005555873731811,0.2581442508513252,0.0,0.26848740448911285,0.2740542482069107,0.3875096904734177,0.23409686266185112,0.5156123851615686,0.45238095136788586
恒生指数,0.2938868114763294,0.45305361130821564,0.26848740448911285,0.0,0.4566721946398844,0.28494839812026335,0.23770295058126528,0.26568553965558417,0.26304345372862825
韩国综合指数,0.32116842703456533,0.4574775404852895,0.2740542482069107,0.4566721946398844,0.0,0.323539404263513,0.22900533251544003,0.27924301912392036,0.27719259086120235
荷兰AEX,0.6672758528751955,0.29564566479502485,0.3875096904734177,0.28494839812026335,0.323539404263513,0.0,0.22712580010696556,0.4288903011901358,0.4297433875112902
Costa Rica Indice Accionario,0.2242893974956432,0.23646773938810633,0.23409686266185112,0.23770295058126528,0.22900533251544003,0.22712580010696556,0.0,0.23394115838641735,0.23032958279301857
加拿大多伦多S&P/TSX 综合指数,0.4206202842174165,0.2705973570781439,0.5156123851615686,0.26568553965558417,0.27924301912392036,0.4288903011901358,0.23394115838641735,0.0,0.4281450438356518
S&P CLX IPSA,0.43472329698034584,0.27029015174325044,0.45238095136788586,0.26304345372862825,0.27719259086120235,0.4297433875112902,0.23032958279301857,0.4281450438356518,0.0
