,比利时BFX,日经225,墨西哥BOLSA,恒生指数,韩国综合指数,荷兰AEX,Costa Rica Indice Accionario,加拿大多伦多S&P/TSX 综合指数,S&P CLX IPSA
比利时BFX,0.0,0.3147913692589135,0.38967988154413497,0.30560465103504336,0.3270942253017346,0.6699352459742312,0.2239561198004844,0.40960700368982683,0.4382638399577112
日经225,0.3147913692589135,0.0,0.257478698134816,0.46553514092337583,0.47455716035155576,0.30695722404333187,0.21747968770418613,0.27237780841624143,0.2777529246942888
墨西哥BOLSA,0.38967988154413497,0.257478698134816,0.0,0.2663404438258903,0.2693853799116758,0.3847589743785772,0.2208149965551003,0.49734512981800205,0.45436366901226716
恒生指数,0.30560465103504336,0.46553514092337583,0.2663404438258903,0.0,0.4672043320799988,0.29518598476395047,0.2253671992062019,0.2719401015854016,0.26849786182531665
韩国综合指数,0.3270942253017346,0.47455716035155576,0.2693853799116758,0.4672043320799988,0.0,0.3233948631732636,0.21338776702653695,0.2800745223787831,0.2812997671687698
荷兰AEX,0.6699352459742312,0.30695722404333187,0.3847589743785772,0.29518598476395047,0.3233948631732636,0.0,0.21848149471239872,0.4197690472007484,0.44148804379102075
Costa Rica Indice Accionario,0.2239561198004844,0.21747968770418613,0.2208149965551003,0.2253671992062019,0.21338776702653695,0.21848149471239872,0.0,0.22400356441702637,0.21515835766324054
加拿大多伦多S&P/TSX 综合指数,0.40960700368982683,0.27237780841624143,0.49734512981800205,0.2719401015854016,0.2800745223787831,0.4197690472007484,0.22400356441702637,0.0,0.4179429478370951
S&P CLX IPSA,0.4382638399577112,0.2777529246942888,0.45436366901226716,0.26849786182531665,0.2812997671687698,0.44148804379102075,0.21515835766324054,0.4179429478370951,0.0
