,比利时BFX,日经225,墨西哥BOLSA,恒生指数,韩国综合指数,荷兰AEX,Costa Rica Indice Accionario,加拿大多伦多S&P/TSX 综合指数,S&P CLX IPSA
比利时BFX,0.0,0.31032632857756903,0.3877691438945639,0.2963916829312438,0.32350459332465314,0.6554665272235729,0.22888875512920462,0.4033359866599077,0.4370010805370392
日经225,0.31032632857756903,0.0,0.2572382041821699,0.45036439049024996,0.46343937918600514,0.300033985996348,0.2290853518382159,0.27006196022788,0.2739078031798035
墨西哥BOLSA,0.3877691438945639,0.2572382041821699,0.0,0.26524040555572626,0.26962459851965226,0.3846504153160399,0.23011219480672543,0.5075633425750882,0.46215072455823464
恒生指数,0.2963916829312438,0.45036439049024996,0.26524040555572626,0.0,0.4621101462560361,0.28432767270777115,0.23739997039852895,0.2668709439379158,0.26292668160000443
韩国综合指数,0.32350459332465314,0.46343937918600514,0.26962459851965226,0.4621101462560361,0.0,0.32087122342293606,0.22694159571645825,0.27744391568173726,0.27706564551678853
荷兰AEX,0.6554665272235729,0.300033985996348,0.3846504153160399,0.28432767270777115,0.32087122342293606,0.0,0.22701227515482764,0.41238084205781816,0.4433347780266126
Costa Rica Indice Accionario,0.22888875512920462,0.2290853518382159,0.23011219480672543,0.23739997039852895,0.22694159571645825,0.22701227515482764,0.0,0.23042485225650028,0.2245094291028075
加拿大多伦多S&P/TSX 综合指数,0.4033359866599077,0.27006196022788,0.5075633425750882,0.2668709439379158,0.27744391568173726,0.41238084205781816,0.23042485225650028,0.0,0.4365555830954424
S&P CLX IPSA,0.4370010805370392,0.2739078031798035,0.46215072455823464,0.26292668160000443,0.27706564551678853,0.4433347780266126,0.2245094291028075,0.4365555830954424,0.0
