,比利时BFX,日经225,墨西哥BOLSA,恒生指数,韩国综合指数,荷兰AEX,Costa Rica Indice Accionario,加拿大多伦多S&P/TSX 综合指数,S&P CLX IPSA
比利时BFX,0.0,0.30599063902157175,0.35203213878094053,0.2984708719188182,0.3070074714430846,0.6360360941063792,0.24632135847314193,0.365022977292227,0.4054919442372272
日经225,0.30599063902157175,0.0,0.253008034908793,0.4536365217517037,0.4844561170118902,0.3016348961049945,0.21775644818598647,0.2768177965904967,0.2704201908982783
墨西哥BOLSA,0.35203213878094053,0.253008034908793,0.0,0.2543548802243734,0.2583744251540191,0.35423017868620177,0.2293782299402502,0.4359799764825564,0.4349216802070011
恒生指数,0.2984708719188182,0.4536365217517037,0.2543548802243734,0.0,0.46967374859026656,0.284339551258848,0.2292756905450333,0.26540039037898416,0.25557272583346397
韩国综合指数,0.3070074714430846,0.4844561170118902,0.2583744251540191,0.46967374859026656,0.0,0.2965936626940126,0.21986565321325144,0.28239992803702824,0.26215034486465744
荷兰AEX,0.6360360941063792,0.3016348961049945,0.35423017868620177,0.284339551258848,0.2965936626940126,0.0,0.23818002077823475,0.3802425390759956,0.41998098271773954
Costa Rica Indice Accionario,0.24632135847314193,0.21775644818598647,0.2293782299402502,0.2292756905450333,0.21986565321325144,0.23818002077823475,0.0,0.23176232438436764,0.22164820755289052
加拿大多伦多S&P/TSX 综合指数,0.365022977292227,0.2768177965904967,0.4359799764825564,0.26540039037898416,0.28239992803702824,0.3802425390759956,0.23176232438436764,0.0,0.38299391960622364
S&P CLX IPSA,0.4054919442372272,0.2704201908982783,0.4349216802070011,0.25557272583346397,0.26215034486465744,0.41998098271773954,0.22164820755289052,0.38299391960622364,0.0
