,比利时BFX,日经225,墨西哥BOLSA,恒生指数,韩国综合指数,荷兰AEX,Costa Rica Indice Accionario,加拿大多伦多S&P/TSX 综合指数,S&P CLX IPSA
比利时BFX,0.0,0.31488254297632895,0.38871474008653756,0.30284443660554083,0.32692558289748114,0.6762334450563842,0.2231987051829613,0.4084047570305409,0.4366831863230099
日经225,0.31488254297632895,0.0,0.2591684964951054,0.4670116550879214,0.4789550771542808,0.30780125271644193,0.21774202944476365,0.273246914501822,0.2784066818515552
墨西哥BOLSA,0.38871474008653756,0.2591684964951054,0.0,0.2660834389609919,0.2690452895201476,0.38274280590227955,0.22069069492747356,0.4977408285848332,0.45649065029441305
恒生指数,0.30284443660554083,0.4670116550879214,0.2660834389609919,0.0,0.4691903393634511,0.2928436301226447,0.22582452483203777,0.2697103956144422,0.2669855897516616
韩国综合指数,0.32692558289748114,0.4789550771542808,0.2690452895201476,0.4691903393634511,0.0,0.3222659801823566,0.21374186999011277,0.2789766946139352,0.28164802057361893
荷兰AEX,0.6762334450563842,0.30780125271644193,0.38274280590227955,0.2928436301226447,0.3222659801823566,0.0,0.2180462400102304,0.41717649419898833,0.4395298751919383
Costa Rica Indice Accionario,0.2231987051829613,0.21774202944476365,0.22069069492747356,0.22582452483203777,0.21374186999011277,0.2180462400102304,0.0,0.22375994450967818,0.21501138402895933
加拿大多伦多S&P/TSX 综合指数,0.4084047570305409,0.273246914501822,0.4977408285848332,0.2697103956144422,0.2789766946139352,0.41717649419898833,0.22375994450967818,0.0,0.4211371725398494
S&P CLX IPSA,0.4366831863230099,0.2784066818515552,0.45649065029441305,0.2669855897516616,0.28164802057361893,0.4395298751919383,0.21501138402895933,0.4211371725398494,0.0
