,比利时BFX,日经225,墨西哥BOLSA,恒生指数,韩国综合指数,荷兰AEX,Costa Rica Indice Accionario,加拿大多伦多S&P/TSX 综合指数,S&P CLX IPSA
比利时BFX,0.0,0.3058722092314212,0.39662919388634554,0.295899561487223,0.32102011612671605,0.664590501525303,0.2245483122661426,0.41154464337825497,0.43361120760283145
日经225,0.3058722092314212,0.0,0.25760618745817276,0.45669992417641914,0.46212320180293914,0.2927667414639833,0.23669054793771277,0.26798255515854147,0.267551693564903
墨西哥BOLSA,0.39662919388634554,0.25760618745817276,0.0,0.2675230665581809,0.27228153827453255,0.3831771129968848,0.23411975009236297,0.5177211708870145,0.45417377006178705
恒生指数,0.295899561487223,0.45669992417641914,0.2675230665581809,0.0,0.4584143126630681,0.28463969175936565,0.23774569298114095,0.2644264821506222,0.26272983661125404
韩国综合指数,0.32102011612671605,0.46212320180293914,0.27228153827453255,0.4584143126630681,0.0,0.3193299236897588,0.22932298820079156,0.2758968782292401,0.274027572154605
荷兰AEX,0.664590501525303,0.2927667414639833,0.3831771129968848,0.28463969175936565,0.3193299236897588,0.0,0.22744967633802646,0.4184925285875458,0.43021282848525627
Costa Rica Indice Accionario,0.2245483122661426,0.23669054793771277,0.23411975009236297,0.23774569298114095,0.22932298820079156,0.22744967633802646,0.0,0.23418784863006498,0.23053719651204613
加拿大多伦多S&P/TSX 综合指数,0.41154464337825497,0.26798255515854147,0.5177211708870145,0.2644264821506222,0.2758968782292401,0.4184925285875458,0.23418784863006498,0.0,0.4262603733374685
S&P CLX IPSA,0.43361120760283145,0.267551693564903,0.45417377006178705,0.26272983661125404,0.274027572154605,0.43021282848525627,0.23053719651204613,0.4262603733374685,0.0
