,比利时BFX,日经225,墨西哥BOLSA,恒生指数,韩国综合指数,荷兰AEX,Costa Rica Indice Accionario,加拿大多伦多S&P/TSX 综合指数,S&P CLX IPSA
比利时BFX,0.0,0.3379398627264282,0.4166844381231801,0.3708220920281716,0.3295436987992548,0.62904978079198,0.26296141261770456,0.3594231804546337,0.42455300189448547
日经225,0.3379398627264282,0.0,0.30451536213348485,0.4523430317886241,0.48272545179393894,0.3434640350579914,0.2752810708985698,0.33335270890966884,0.3292425817527817
墨西哥BOLSA,0.4166844381231801,0.30451536213348485,0.0,0.3620831784007979,0.33841848569801103,0.4274737008851082,0.25860147317756355,0.4240327939090244,0.45071000432053304
恒生指数,0.3708220920281716,0.4523430317886241,0.3620831784007979,0.0,0.4814082601611598,0.3578519775890438,0.2535026007529434,0.3380837037579096,0.3460935468913946
韩国综合指数,0.3295436987992548,0.48272545179393894,0.33841848569801103,0.4814082601611598,0.0,0.32990842060562103,0.2845634274206361,0.3193603864139092,0.32520344684866637
荷兰AEX,0.62904978079198,0.3434640350579914,0.4274737008851082,0.3578519775890438,0.32990842060562103,0.0,0.2695517851956532,0.3870788752011706,0.43717001996392774
Costa Rica Indice Accionario,0.26296141261770456,0.2752810708985698,0.25860147317756355,0.2535026007529434,0.2845634274206361,0.2695517851956532,0.0,0.25754887951365163,0.25197597050787895
加拿大多伦多S&P/TSX 综合指数,0.3594231804546337,0.33335270890966884,0.4240327939090244,0.3380837037579096,0.3193603864139092,0.3870788752011706,0.25754887951365163,0.0,0.3723701622371985
S&P CLX IPSA,0.42455300189448547,0.3292425817527817,0.45071000432053304,0.3460935468913946,0.32520344684866637,0.43717001996392774,0.25197597050787895,0.3723701622371985,0.0
