,比利时BFX,日经225,墨西哥BOLSA,恒生指数,韩国综合指数,荷兰AEX,Costa Rica Indice Accionario,加拿大多伦多S&P/TSX 综合指数,S&P CLX IPSA
比利时BFX,0.0,0.31034341920444547,0.3573002934438954,0.29242532790387155,0.3074001428280015,0.6393787608783069,0.2426619484658522,0.3202787130232739,0.39710565937748177
日经225,0.31034341920444547,0.0,0.253110402681621,0.44246152092371094,0.49494674557024987,0.30288983714071743,0.22463756647975336,0.267350579290932,0.26910002035515107
墨西哥BOLSA,0.3573002934438954,0.253110402681621,0.0,0.25029315546128944,0.2606279044241217,0.3670309242043895,0.23197122557032493,0.40190171125186824,0.42528551759279565
恒生指数,0.29242532790387155,0.44246152092371094,0.25029315546128944,0.0,0.4505453903679655,0.2770752539594573,0.2321311525767642,0.2560566750959184,0.24977350255107697
韩国综合指数,0.3074001428280015,0.49494674557024987,0.2606279044241217,0.4505453903679655,0.0,0.2966460964071014,0.2284756866004863,0.27078555274860244,0.261525505768904
荷兰AEX,0.6393787608783069,0.30288983714071743,0.3670309242043895,0.2770752539594573,0.2966460964071014,0.0,0.23926915739860763,0.34905189878749676,0.42186679814608735
Costa Rica Indice Accionario,0.2426619484658522,0.22463756647975336,0.23197122557032493,0.2321311525767642,0.2284756866004863,0.23926915739860763,0.0,0.23593022712978906,0.22367382963592625
加拿大多伦多S&P/TSX 综合指数,0.3202787130232739,0.267350579290932,0.40190171125186824,0.2560566750959184,0.27078555274860244,0.34905189878749676,0.23593022712978906,0.0,0.3695668929488434
S&P CLX IPSA,0.39710565937748177,0.26910002035515107,0.42528551759279565,0.24977350255107697,0.261525505768904,0.42186679814608735,0.22367382963592625,0.3695668929488434,0.0
