,比利时BFX,日经225,墨西哥BOLSA,恒生指数,韩国综合指数,荷兰AEX,Costa Rica Indice Accionario,加拿大多伦多S&P/TSX 综合指数,S&P CLX IPSA
比利时BFX,0.0,0.3183483213193034,0.38944026716957747,0.30649207769510145,0.32785410994943204,0.6704404598142423,0.22349634508367608,0.40880944044147477,0.43985703326373776
日经225,0.3183483213193034,0.0,0.25928950932850786,0.4651611347625914,0.4757097169375563,0.3100709659060911,0.21765167154246323,0.2769298043199996,0.27807409458150834
墨西哥BOLSA,0.38944026716957747,0.25928950932850786,0.0,0.26695813636617244,0.2698847754916038,0.3849514456506351,0.22034625807403063,0.4952221750699298,0.45562272865936193
恒生指数,0.30649207769510145,0.4651611347625914,0.26695813636617244,0.0,0.4671412225183508,0.29645358961333645,0.22526707399007784,0.2724284612914971,0.2682259813252539
韩国综合指数,0.32785410994943204,0.4757097169375563,0.2698847754916038,0.4671412225183508,0.0,0.32466446023808554,0.21321829517703914,0.28015521038832386,0.2811441790698003
荷兰AEX,0.6704404598142423,0.3100709659060911,0.3849514456506351,0.29645358961333645,0.32466446023808554,0.0,0.2181705501160366,0.4190387994691329,0.44285601438915956
Costa Rica Indice Accionario,0.22349634508367608,0.21765167154246323,0.22034625807403063,0.22526707399007784,0.21321829517703914,0.2181705501160366,0.0,0.2231581278845052,0.2150989165458551
加拿大多伦多S&P/TSX 综合指数,0.40880944044147477,0.2769298043199996,0.4952221750699298,0.2724284612914971,0.28015521038832386,0.4190387994691329,0.2231581278845052,0.0,0.42165294132739745
S&P CLX IPSA,0.43985703326373776,0.27807409458150834,0.45562272865936193,0.2682259813252539,0.2811441790698003,0.44285601438915956,0.2150989165458551,0.42165294132739745,0.0
