,比利时BFX,日经225,墨西哥BOLSA,恒生指数,韩国综合指数,荷兰AEX,Costa Rica Indice Accionario,加拿大多伦多S&P/TSX 综合指数,S&P CLX IPSA
比利时BFX,0.0,0.3090200307280244,0.3939577467958741,0.29596757234952065,0.32253799278004375,0.6575824249616959,0.22939752383709736,0.41074458374665507,0.4444889823357711
日经225,0.3090200307280244,0.0,0.25932488792368874,0.44924283085229305,0.46582487213911034,0.29837088727877803,0.22969471032521,0.2727581113640155,0.27532262869198787
墨西哥BOLSA,0.3939577467958741,0.25932488792368874,0.0,0.26710128777669906,0.2709888266454439,0.3890164205129159,0.2300768503445428,0.5113119885037104,0.46692370965078733
恒生指数,0.29596757234952065,0.44924283085229305,0.26710128777669906,0.0,0.4595011820359852,0.28355724770361335,0.23692871849179165,0.26775932685500614,0.26503153206643193
韩国综合指数,0.32253799278004375,0.46582487213911034,0.2709888266454439,0.4595011820359852,0.0,0.31968807336123983,0.22753289727803336,0.2800759878841845,0.2776634685301441
荷兰AEX,0.6575824249616959,0.29837088727877803,0.3890164205129159,0.28355724770361335,0.31968807336123983,0.0,0.22756424825979918,0.4191412078356951,0.4484599755510615
Costa Rica Indice Accionario,0.22939752383709736,0.22969471032521,0.2300768503445428,0.23692871849179165,0.22753289727803336,0.22756424825979918,0.0,0.23091587105169584,0.22481492962381622
加拿大多伦多S&P/TSX 综合指数,0.41074458374665507,0.2727581113640155,0.5113119885037104,0.26775932685500614,0.2800759878841845,0.4191412078356951,0.23091587105169584,0.0,0.4420650458900046
S&P CLX IPSA,0.4444889823357711,0.27532262869198787,0.46692370965078733,0.26503153206643193,0.2776634685301441,0.4484599755510615,0.22481492962381622,0.4420650458900046,0.0
