,比利时BFX,日经225,墨西哥BOLSA,恒生指数,韩国综合指数,荷兰AEX,Costa Rica Indice Accionario,加拿大多伦多S&P/TSX 综合指数,S&P CLX IPSA
比利时BFX,0.0,0.3187252528327615,0.41655357788627917,0.355908928396716,0.34070511804907255,0.6737325809687017,0.2622172387051958,0.3486434530937282,0.4293681837619329
日经225,0.3187252528327615,0.0,0.2667522667731741,0.4264996872217007,0.5373519139211527,0.3326410834163209,0.24809218305719963,0.30571490877826707,0.3024284124792768
墨西哥BOLSA,0.41655357788627917,0.2667522667731741,0.0,0.30402331280856293,0.2813949030578721,0.420138743263761,0.25032595131350266,0.4163951673991464,0.47438550235075505
恒生指数,0.355908928396716,0.4264996872217007,0.30402331280856293,0.0,0.458547096604579,0.35885839394552044,0.2411856148630486,0.290743630574642,0.30886175021356915
韩国综合指数,0.34070511804907255,0.5373519139211527,0.2813949030578721,0.458547096604579,0.0,0.35216999819289024,0.24480048609157923,0.29542936343844933,0.30343541374859206
荷兰AEX,0.6737325809687017,0.3326410834163209,0.420138743263761,0.35885839394552044,0.35216999819289024,0.0,0.26202456406764363,0.3871726205906371,0.4599169772903528
Costa Rica Indice Accionario,0.2622172387051958,0.24809218305719963,0.25032595131350266,0.2411856148630486,0.24480048609157923,0.26202456406764363,0.0,0.257882080781187,0.24767203286278083
加拿大多伦多S&P/TSX 综合指数,0.3486434530937282,0.30571490877826707,0.4163951673991464,0.290743630574642,0.29542936343844933,0.3871726205906371,0.257882080781187,0.0,0.3837132719679475
S&P CLX IPSA,0.4293681837619329,0.3024284124792768,0.47438550235075505,0.30886175021356915,0.30343541374859206,0.4599169772903528,0.24767203286278083,0.3837132719679475,0.0
