,比利时BFX,日经225,墨西哥BOLSA,恒生指数,韩国综合指数,荷兰AEX,Costa Rica Indice Accionario,加拿大多伦多S&P/TSX 综合指数,S&P CLX IPSA
比利时BFX,0.0,0.3119680981835278,0.3915066553145991,0.32620933420884274,0.3216876659924725,0.6666162311713836,0.2541384296061153,0.3770090648888383,0.40166519635337405
日经225,0.3119680981835278,0.0,0.25656805747470046,0.43546917625556303,0.5035215699243344,0.3059944893750725,0.22979359136167296,0.2758270913959459,0.2734063307718238
墨西哥BOLSA,0.3915066553145991,0.25656805747470046,0.0,0.2714234171747807,0.25810306577497055,0.3899564939758231,0.2458640312762311,0.45843754855471663,0.44820704707618725
恒生指数,0.32620933420884274,0.43546917625556303,0.2714234171747807,0.0,0.43590413162611175,0.3094503113657902,0.23137378864467703,0.28142057488964267,0.26253317168595647
韩国综合指数,0.3216876659924725,0.5035215699243344,0.25810306577497055,0.43590413162611175,0.0,0.31705605537149095,0.23176781118869524,0.28176071926489793,0.2704841134521356
荷兰AEX,0.6666162311713836,0.3059944893750725,0.3899564939758231,0.3094503113657902,0.31705605537149095,0.0,0.24914025151226882,0.4038692641387948,0.4207399342182198
Costa Rica Indice Accionario,0.2541384296061153,0.22979359136167296,0.2458640312762311,0.23137378864467703,0.23176781118869524,0.24914025151226882,0.0,0.2545884099703767,0.2359442619195503
加拿大多伦多S&P/TSX 综合指数,0.3770090648888383,0.2758270913959459,0.45843754855471663,0.28142057488964267,0.28176071926489793,0.4038692641387948,0.2545884099703767,0.0,0.40550079422396684
S&P CLX IPSA,0.40166519635337405,0.2734063307718238,0.44820704707618725,0.26253317168595647,0.2704841134521356,0.4207399342182198,0.2359442619195503,0.40550079422396684,0.0
