,比利时BFX,日经225,墨西哥BOLSA,恒生指数,韩国综合指数,荷兰AEX,Costa Rica Indice Accionario,加拿大多伦多S&P/TSX 综合指数,S&P CLX IPSA
比利时BFX,0.0,0.3082455675338522,0.3581490837535312,0.291796327519312,0.3071372770216052,0.64005008290089,0.24452101082036895,0.35850743649486494,0.4031556091146278
日经225,0.3082455675338522,0.0,0.25503626707485205,0.4494390150750475,0.49202687971383924,0.3034098220886817,0.21854853854005019,0.2777583414925748,0.27123750501556065
墨西哥BOLSA,0.3581490837535312,0.25503626707485205,0.0,0.25303138126714086,0.2604613590792988,0.3618854458921322,0.23006017633358594,0.4246564567726389,0.4355333426902198
恒生指数,0.291796327519312,0.4494390150750475,0.25303138126714086,0.0,0.45940993478780684,0.2780423968545523,0.23051789817813795,0.2667043698638012,0.25479716342678876
韩国综合指数,0.3071372770216052,0.49202687971383924,0.2604613590792988,0.45940993478780684,0.0,0.2959053588947039,0.2211751954346591,0.2836908536768409,0.2617257338476436
荷兰AEX,0.64005008290089,0.3034098220886817,0.3618854458921322,0.2780423968545523,0.2959053588947039,0.0,0.23768703437252103,0.3765028707821705,0.42014269075415395
Costa Rica Indice Accionario,0.24452101082036895,0.21854853854005019,0.23006017633358594,0.23051789817813795,0.2211751954346591,0.23768703437252103,0.0,0.2329888176746055,0.2228151455570754
加拿大多伦多S&P/TSX 综合指数,0.35850743649486494,0.2777583414925748,0.4246564567726389,0.2667043698638012,0.2836908536768409,0.3765028707821705,0.2329888176746055,0.0,0.37946100264474053
S&P CLX IPSA,0.4031556091146278,0.27123750501556065,0.4355333426902198,0.25479716342678876,0.2617257338476436,0.42014269075415395,0.2228151455570754,0.37946100264474053,0.0
