,比利时BFX,日经225,墨西哥BOLSA,恒生指数,韩国综合指数,荷兰AEX,Costa Rica Indice Accionario,加拿大多伦多S&P/TSX 综合指数,S&P CLX IPSA
比利时BFX,0.0,0.32071199025557995,0.402819231042355,0.3631030749914549,0.34892457315784137,0.5520982160654899,0.2500799710921974,0.4073297018757194,0.3609278946307386
日经225,0.32071199025557995,0.0,0.2726916930070568,0.41750403154870974,0.4396047605016284,0.3035067725403582,0.25739512599429654,0.263190283932575,0.26163361044442046
墨西哥BOLSA,0.402819231042355,0.2726916930070568,0.0,0.35389781815777244,0.31373193064770083,0.44631262606631505,0.2809539789019013,0.48593280135114875,0.4308056000506848
恒生指数,0.3631030749914549,0.41750403154870974,0.35389781815777244,0.0,0.42736545460083497,0.3591590666294202,0.27935067405585856,0.3150323701606079,0.30610334895382496
韩国综合指数,0.34892457315784137,0.4396047605016284,0.31373193064770083,0.42736545460083497,0.0,0.34914260973085315,0.25342330346715497,0.29088666189149387,0.29273090420211945
荷兰AEX,0.5520982160654899,0.3035067725403582,0.44631262606631505,0.3591590666294202,0.34914260973085315,0.0,0.2687210303098645,0.4262288300751728,0.40857991048721354
Costa Rica Indice Accionario,0.2500799710921974,0.25739512599429654,0.2809539789019013,0.27935067405585856,0.25342330346715497,0.2687210303098645,0.0,0.25022092650601074,0.2377498266281338
加拿大多伦多S&P/TSX 综合指数,0.4073297018757194,0.263190283932575,0.48593280135114875,0.3150323701606079,0.29088666189149387,0.4262288300751728,0.25022092650601074,0.0,0.423052508563179
S&P CLX IPSA,0.3609278946307386,0.26163361044442046,0.4308056000506848,0.30610334895382496,0.29273090420211945,0.40857991048721354,0.2377498266281338,0.423052508563179,0.0
