,比利时BFX,日经225,墨西哥BOLSA,恒生指数,韩国综合指数,荷兰AEX,Costa Rica Indice Accionario,加拿大多伦多S&P/TSX 综合指数,S&P CLX IPSA
比利时BFX,0.0,0.3053330498055199,0.4114657242021318,0.34115936732497343,0.3362880077561306,0.5675504670119002,0.23666337259363177,0.42941670314507535,0.3817665273865842
日经225,0.3053330498055199,0.0,0.2697951053224078,0.4146190707589319,0.41732709603742135,0.29083198211571115,0.2504967600854765,0.2746430714855025,0.2665524850995543
墨西哥BOLSA,0.4114657242021318,0.2697951053224078,0.0,0.33691826193278196,0.3178316648210559,0.45770579314794835,0.2650440986491262,0.498439439398227,0.4592155415123706
恒生指数,0.34115936732497343,0.4146190707589319,0.33691826193278196,0.0,0.4067059812504644,0.34147088450489826,0.2680661331226932,0.3104335206713742,0.30521773583594963
韩国综合指数,0.3362880077561306,0.41732709603742135,0.3178316648210559,0.4067059812504644,0.0,0.3375503682129614,0.2323298059888908,0.3041996361735611,0.3092031318351545
荷兰AEX,0.5675504670119002,0.29083198211571115,0.45770579314794835,0.34147088450489826,0.3375503682129614,0.0,0.2509476533865023,0.45608349342669763,0.42977595909992
Costa Rica Indice Accionario,0.23666337259363177,0.2504967600854765,0.2650440986491262,0.2680661331226932,0.2323298059888908,0.2509476533865023,0.0,0.24232225899151097,0.23806719604973947
加拿大多伦多S&P/TSX 综合指数,0.42941670314507535,0.2746430714855025,0.498439439398227,0.3104335206713742,0.3041996361735611,0.45608349342669763,0.24232225899151097,0.0,0.44640903295658
S&P CLX IPSA,0.3817665273865842,0.2665524850995543,0.4592155415123706,0.30521773583594963,0.3092031318351545,0.42977595909992,0.23806719604973947,0.44640903295658,0.0
