,比利时BFX,日经225,墨西哥BOLSA,恒生指数,韩国综合指数,荷兰AEX,Costa Rica Indice Accionario,加拿大多伦多S&P/TSX 综合指数,S&P CLX IPSA
比利时BFX,0.0,0.29785113842154426,0.411570375816202,0.33947476446349695,0.3116126733366537,0.5819937411121966,0.23117027128844614,0.4261363413654642,0.3775155977007612
日经225,0.29785113842154426,0.0,0.26966604312468856,0.42193886230824973,0.42620266582765126,0.28250199299921364,0.25535935552649525,0.2720273043109316,0.2656521950069354
墨西哥BOLSA,0.411570375816202,0.26966604312468856,0.0,0.3411558453456921,0.30123739399277555,0.4548752989270907,0.2581514845537382,0.49397683223376926,0.4489663840971656
恒生指数,0.33947476446349695,0.42193886230824973,0.3411558453456921,0.0,0.4200632343747611,0.34142893834146626,0.2802505764497368,0.31092398897764484,0.3006027913157125
韩国综合指数,0.3116126733366537,0.42620266582765126,0.30123739399277555,0.4200632343747611,0.0,0.3070471468630631,0.2316590591131515,0.2907351461420649,0.2969348406258887
荷兰AEX,0.5819937411121966,0.28250199299921364,0.4548752989270907,0.34142893834146626,0.3070471468630631,0.0,0.24728976628176566,0.4571343863299668,0.41569513569193955
Costa Rica Indice Accionario,0.23117027128844614,0.25535935552649525,0.2581514845537382,0.2802505764497368,0.2316590591131515,0.24728976628176566,0.0,0.23738896045882332,0.23813448599934386
加拿大多伦多S&P/TSX 综合指数,0.4261363413654642,0.2720273043109316,0.49397683223376926,0.31092398897764484,0.2907351461420649,0.4571343863299668,0.23738896045882332,0.0,0.43771277309251233
S&P CLX IPSA,0.3775155977007612,0.2656521950069354,0.4489663840971656,0.3006027913157125,0.2969348406258887,0.41569513569193955,0.23813448599934386,0.43771277309251233,0.0
