,比利时BFX,日经225,墨西哥BOLSA,恒生指数,韩国综合指数,荷兰AEX,Costa Rica Indice Accionario,加拿大多伦多S&P/TSX 综合指数,S&P CLX IPSA
比利时BFX,0.0,0.33836150882856336,0.4244949536281613,0.3645570806886,0.3370461860740569,0.5960369309786728,0.24816132438919522,0.38077147912385806,0.43893541928554436
日经225,0.33836150882856336,0.0,0.30413186569938355,0.4466893419136988,0.4551385873093769,0.33310149780757947,0.2605767488000554,0.3197308605162071,0.32693863773708554
墨西哥BOLSA,0.4244949536281613,0.30413186569938355,0.0,0.37811562857224384,0.3495035829195794,0.4453886358757638,0.2644599807732058,0.4485951311181813,0.45912259817389206
恒生指数,0.3645570806886,0.4466893419136988,0.37811562857224384,0.0,0.4711183745829538,0.3547852802217924,0.26595909241480614,0.33577162075935,0.34971625449708243
韩国综合指数,0.3370461860740569,0.4551385873093769,0.3495035829195794,0.4711183745829538,0.0,0.3343918395468439,0.2603811905571665,0.3140069604495296,0.33393646294411183
荷兰AEX,0.5960369309786728,0.33310149780757947,0.4453886358757638,0.3547852802217924,0.3343918395468439,0.0,0.2590350601714019,0.40226912702778606,0.4559002262962249
Costa Rica Indice Accionario,0.24816132438919522,0.2605767488000554,0.2644599807732058,0.26595909241480614,0.2603811905571665,0.2590350601714019,0.0,0.2482510861809162,0.2451704435559942
加拿大多伦多S&P/TSX 综合指数,0.38077147912385806,0.3197308605162071,0.4485951311181813,0.33577162075935,0.3140069604495296,0.40226912702778606,0.2482510861809162,0.0,0.39110837244022156
S&P CLX IPSA,0.43893541928554436,0.32693863773708554,0.45912259817389206,0.34971625449708243,0.33393646294411183,0.4559002262962249,0.2451704435559942,0.39110837244022156,0.0
