,比利时BFX,日经225,墨西哥BOLSA,恒生指数,韩国综合指数,荷兰AEX,Costa Rica Indice Accionario,加拿大多伦多S&P/TSX 综合指数,S&P CLX IPSA
比利时BFX,0.0,0.29608636688159967,0.4134519498033452,0.33426442209190554,0.2997290955546568,0.5933532157907068,0.22797828473840448,0.42069092119407053,0.3622235871236367
日经225,0.29608636688159967,0.0,0.2663158395231101,0.42083886018329986,0.43870675265354075,0.290471838226848,0.25385882656960196,0.2643182654564648,0.2640586475606053
墨西哥BOLSA,0.4134519498033452,0.2663158395231101,0.0,0.34144969639951206,0.30049494108809494,0.4549389153147119,0.25202842761697997,0.48921262514693553,0.43774390268309155
恒生指数,0.33426442209190554,0.42083886018329986,0.34144969639951206,0.0,0.4358558682981715,0.3346257145138401,0.24413513365272635,0.3142718842210413,0.2970053983690658
韩国综合指数,0.2997290955546568,0.43870675265354075,0.30049494108809494,0.4358558682981715,0.0,0.308681237621816,0.24715681704234768,0.28966707144151754,0.2927037880224646
荷兰AEX,0.5933532157907068,0.290471838226848,0.4549389153147119,0.3346257145138401,0.308681237621816,0.0,0.23693518131279281,0.45055007637729333,0.39498022793587284
Costa Rica Indice Accionario,0.22797828473840448,0.25385882656960196,0.25202842761697997,0.24413513365272635,0.24715681704234768,0.23693518131279281,0.0,0.23491882622086782,0.24652860213812236
加拿大多伦多S&P/TSX 综合指数,0.42069092119407053,0.2643182654564648,0.48921262514693553,0.3142718842210413,0.28966707144151754,0.45055007637729333,0.23491882622086782,0.0,0.42412046383283464
S&P CLX IPSA,0.3622235871236367,0.2640586475606053,0.43774390268309155,0.2970053983690658,0.2927037880224646,0.39498022793587284,0.24652860213812236,0.42412046383283464,0.0
