,比利时BFX,日经225,墨西哥BOLSA,恒生指数,韩国综合指数,荷兰AEX,Costa Rica Indice Accionario,加拿大多伦多S&P/TSX 综合指数,S&P CLX IPSA
比利时BFX,0.0,0.33521498927046633,0.4183046890587738,0.37259075552300647,0.33453433684147843,0.6120549073641505,0.2683349208264318,0.36023931198659465,0.42550470227214304
日经225,0.33521498927046633,0.0,0.30035303835374705,0.4428468127081058,0.4674278283050002,0.33805370341233226,0.2681514905756991,0.320216877945546,0.3254483418671888
墨西哥BOLSA,0.4183046890587738,0.30035303835374705,0.0,0.35978800121876964,0.3359169541354058,0.4353043890070239,0.2669587577617504,0.43545688153563405,0.4533771678104164
恒生指数,0.37259075552300647,0.4428468127081058,0.35978800121876964,0.0,0.47394160524764684,0.35745074766372414,0.24808638338663977,0.33166549525840155,0.34795856669758946
韩国综合指数,0.33453433684147843,0.4674278283050002,0.3359169541354058,0.47394160524764684,0.0,0.3343714544279752,0.2832131454376443,0.3089539246512895,0.32324362782175753
荷兰AEX,0.6120549073641505,0.33805370341233226,0.4353043890070239,0.35745074766372414,0.3343714544279752,0.0,0.27034601399675656,0.3908834486760336,0.44592155839680997
Costa Rica Indice Accionario,0.2683349208264318,0.2681514905756991,0.2669587577617504,0.24808638338663977,0.2832131454376443,0.27034601399675656,0.0,0.2595978613468568,0.2503030684873816
加拿大多伦多S&P/TSX 综合指数,0.36023931198659465,0.320216877945546,0.43545688153563405,0.33166549525840155,0.3089539246512895,0.3908834486760336,0.2595978613468568,0.0,0.3764067516041811
S&P CLX IPSA,0.42550470227214304,0.3254483418671888,0.4533771678104164,0.34795856669758946,0.32324362782175753,0.44592155839680997,0.2503030684873816,0.3764067516041811,0.0
