,比利时BFX,日经225,墨西哥BOLSA,恒生指数,韩国综合指数,荷兰AEX,Costa Rica Indice Accionario,加拿大多伦多S&P/TSX 综合指数,S&P CLX IPSA
比利时BFX,0.0,0.33374789510037,0.41776895633274397,0.373223052890145,0.3368526991001459,0.6073831579514738,0.25355545861689194,0.3638937615971017,0.42839284070797856
日经225,0.33374789510037,0.0,0.2991038124662169,0.44148684119174075,0.4610937222543621,0.33307335827616846,0.2597733293134358,0.31984768382255163,0.3236875437770733
墨西哥BOLSA,0.41776895633274397,0.2991038124662169,0.0,0.3620506119824705,0.3345198263799654,0.4336004008158659,0.2610871967716117,0.43889276625463247,0.45064521606029856
恒生指数,0.373223052890145,0.44148684119174075,0.3620506119824705,0.0,0.46354881682734955,0.35886099627264073,0.2597183741897722,0.33312026320002264,0.34851612660215675
韩国综合指数,0.3368526991001459,0.4610937222543621,0.3345198263799654,0.46354881682734955,0.0,0.3335213456886365,0.2602267444704588,0.3123618263026455,0.3244468401575266
荷兰AEX,0.6073831579514738,0.33307335827616846,0.4336004008158659,0.35886099627264073,0.3335213456886365,0.0,0.2628925438038741,0.39258274153784023,0.44987195844434874
Costa Rica Indice Accionario,0.25355545861689194,0.2597733293134358,0.2610871967716117,0.2597183741897722,0.2602267444704588,0.2628925438038741,0.0,0.2527887826575152,0.24359931891480496
加拿大多伦多S&P/TSX 综合指数,0.3638937615971017,0.31984768382255163,0.43889276625463247,0.33312026320002264,0.3123618263026455,0.39258274153784023,0.2527887826575152,0.0,0.3804686443177556
S&P CLX IPSA,0.42839284070797856,0.3236875437770733,0.45064521606029856,0.34851612660215675,0.3244468401575266,0.44987195844434874,0.24359931891480496,0.3804686443177556,0.0
