,比利时BFX,日经225,墨西哥BOLSA,恒生指数,韩国综合指数,荷兰AEX,Costa Rica Indice Accionario,加拿大多伦多S&P/TSX 综合指数,S&P CLX IPSA
比利时BFX,0.0,0.29160240776809043,0.41057400334172645,0.3337539790425652,0.30239342093421756,0.5857304776594484,0.2269004944455777,0.4234911757569426,0.36756657051060804
日经225,0.29160240776809043,0.0,0.26559350207568166,0.42068737039535636,0.4259826103650938,0.2810125289737731,0.25150697143843975,0.26355143163359934,0.26400685132079643
墨西哥BOLSA,0.41057400334172645,0.26559350207568166,0.0,0.34400549465373353,0.29649103871183635,0.4443722555889264,0.2568713961384442,0.49005651543860335,0.42885980726467793
恒生指数,0.3337539790425652,0.42068737039535636,0.34400549465373353,0.0,0.4080450481566964,0.33888566041705503,0.2768807269190343,0.3159622212352123,0.29836649834259527
韩国综合指数,0.30239342093421756,0.4259826103650938,0.29649103871183635,0.4080450481566964,0.0,0.30299761910281997,0.230583161089579,0.29414725159599264,0.29521649340757705
荷兰AEX,0.5857304776594484,0.2810125289737731,0.4443722555889264,0.33888566041705503,0.30299761910281997,0.0,0.24546621830551102,0.44379317529426027,0.39832097634650065
Costa Rica Indice Accionario,0.2269004944455777,0.25150697143843975,0.2568713961384442,0.2768807269190343,0.230583161089579,0.24546621830551102,0.0,0.2353462008384708,0.23813451530081056
加拿大多伦多S&P/TSX 综合指数,0.4234911757569426,0.26355143163359934,0.49005651543860335,0.3159622212352123,0.29414725159599264,0.44379317529426027,0.2353462008384708,0.0,0.42657010481057966
S&P CLX IPSA,0.36756657051060804,0.26400685132079643,0.42885980726467793,0.29836649834259527,0.29521649340757705,0.39832097634650065,0.23813451530081056,0.42657010481057966,0.0
