,比利时BFX,日经225,墨西哥BOLSA,恒生指数,韩国综合指数,荷兰AEX,Costa Rica Indice Accionario,加拿大多伦多S&P/TSX 综合指数,S&P CLX IPSA
比利时BFX,0.0,0.30590854068224266,0.4101871546058753,0.3475184265735207,0.3290236722389534,0.5662662003226885,0.23135089397064276,0.429938116769345,0.3803783174095104
日经225,0.30590854068224266,0.0,0.27267583546048124,0.41473275334956766,0.42466926746871525,0.28962732288097737,0.25580316215064347,0.27410077964883023,0.26621322203050846
墨西哥BOLSA,0.4101871546058753,0.27267583546048124,0.0,0.3493148853271323,0.3176473193599492,0.4575173865940016,0.25685792650516437,0.49818467012871576,0.4604616953401504
恒生指数,0.3475184265735207,0.41473275334956766,0.3493148853271323,0.0,0.41957774291855676,0.35122366557578416,0.2785020506049691,0.3154570303609258,0.3088234579593721
韩国综合指数,0.3290236722389534,0.42466926746871525,0.3176473193599492,0.41957774291855676,0.0,0.33109894561103853,0.23176308555965944,0.3030631393330872,0.3066760405841853
荷兰AEX,0.5662662003226885,0.28962732288097737,0.4575173865940016,0.35122366557578416,0.33109894561103853,0.0,0.2454217700848057,0.4559933907429486,0.4252351118766042
Costa Rica Indice Accionario,0.23135089397064276,0.25580316215064347,0.25685792650516437,0.2785020506049691,0.23176308555965944,0.2454217700848057,0.0,0.23834173969653252,0.23703126072048994
加拿大多伦多S&P/TSX 综合指数,0.429938116769345,0.27410077964883023,0.49818467012871576,0.3154570303609258,0.3030631393330872,0.4559933907429486,0.23834173969653252,0.0,0.4462759722453341
S&P CLX IPSA,0.3803783174095104,0.26621322203050846,0.4604616953401504,0.3088234579593721,0.3066760405841853,0.4252351118766042,0.23703126072048994,0.4462759722453341,0.0
