,比利时BFX,日经225,墨西哥BOLSA,恒生指数,韩国综合指数,荷兰AEX,Costa Rica Indice Accionario,加拿大多伦多S&P/TSX 综合指数,S&P CLX IPSA
比利时BFX,0.0,0.2968363996730809,0.4094322195101494,0.33842458856197366,0.33191846181949675,0.5620634400727059,0.23781776485725517,0.4275386053331873,0.3782435208269765
日经225,0.2968363996730809,0.0,0.2687203568390717,0.40646566909946213,0.4130279936377014,0.2874875814738855,0.24491305875363079,0.2733153130327492,0.2677827015874226
墨西哥BOLSA,0.4094322195101494,0.2687203568390717,0.0,0.33646761620635396,0.31741021872006225,0.4518840743176778,0.2648055466335366,0.49705182108247353,0.45789509099897385
恒生指数,0.33842458856197366,0.40646566909946213,0.33646761620635396,0.0,0.4055053740780761,0.3377573750851514,0.2681942427894895,0.30967810222230635,0.30384726851021193
韩国综合指数,0.33191846181949675,0.4130279936377014,0.31741021872006225,0.4055053740780761,0.0,0.33452062789178116,0.23249135206491212,0.30278503128883943,0.3072033390975897
荷兰AEX,0.5620634400727059,0.2874875814738855,0.4518840743176778,0.3377573750851514,0.33452062789178116,0.0,0.2504555114179907,0.4462722452219887,0.4252310486342932
Costa Rica Indice Accionario,0.23781776485725517,0.24491305875363079,0.2648055466335366,0.2681942427894895,0.23249135206491212,0.2504555114179907,0.0,0.24140013131809104,0.23640648088920224
加拿大多伦多S&P/TSX 综合指数,0.4275386053331873,0.2733153130327492,0.49705182108247353,0.30967810222230635,0.30278503128883943,0.4462722452219887,0.24140013131809104,0.0,0.4472062334992996
S&P CLX IPSA,0.3782435208269765,0.2677827015874226,0.45789509099897385,0.30384726851021193,0.3072033390975897,0.4252310486342932,0.23640648088920224,0.4472062334992996,0.0
