,比利时BFX,日经225,墨西哥BOLSA,恒生指数,韩国综合指数,荷兰AEX,Costa Rica Indice Accionario,加拿大多伦多S&P/TSX 综合指数,S&P CLX IPSA
比利时BFX,0.0,0.3138882783674106,0.4010414305665772,0.35218756179899774,0.3383562570212067,0.5530261753209568,0.24921520411506148,0.39927958803275115,0.35528072874522404
日经225,0.3138882783674106,0.0,0.2700033580521229,0.4228833966015409,0.44268688328391514,0.2956296278787538,0.25967459812230265,0.26489074883923913,0.26265182724447894
墨西哥BOLSA,0.4010414305665772,0.2700033580521229,0.0,0.3499088875518981,0.31161923063610636,0.43865917291237827,0.28086430688247205,0.48350157265114246,0.4266946296673534
恒生指数,0.35218756179899774,0.4228833966015409,0.3499088875518981,0.0,0.43118805322362214,0.3446150179082357,0.28095828345250334,0.31564746964919516,0.305282714289544
韩国综合指数,0.3383562570212067,0.44268688328391514,0.31161923063610636,0.43118805322362214,0.0,0.33615466041775877,0.2556396493937961,0.2933063900631692,0.29303877382297416
荷兰AEX,0.5530261753209568,0.2956296278787538,0.43865917291237827,0.3446150179082357,0.33615466041775877,0.0,0.26741158682435395,0.4158257045382742,0.4003311362627502
Costa Rica Indice Accionario,0.24921520411506148,0.25967459812230265,0.28086430688247205,0.28095828345250334,0.2556396493937961,0.26741158682435395,0.0,0.25201504145114434,0.23856818643188163
加拿大多伦多S&P/TSX 综合指数,0.39927958803275115,0.26489074883923913,0.48350157265114246,0.31564746964919516,0.2933063900631692,0.4158257045382742,0.25201504145114434,0.0,0.42301029933148115
S&P CLX IPSA,0.35528072874522404,0.26265182724447894,0.4266946296673534,0.305282714289544,0.29303877382297416,0.4003311362627502,0.23856818643188163,0.42301029933148115,0.0
