,比利时BFX,日经225,墨西哥BOLSA,恒生指数,韩国综合指数,荷兰AEX,Costa Rica Indice Accionario,加拿大多伦多S&P/TSX 综合指数,S&P CLX IPSA
比利时BFX,0.0,0.29861060423958014,0.41742558177869765,0.3437481513989048,0.31228851572706934,0.5881441048019144,0.22912147756090448,0.4377661033300507,0.3811100947620869
日经225,0.29861060423958014,0.0,0.27108013780441387,0.42349102013788936,0.4328799833130288,0.2845094618891172,0.25307718334066026,0.2711148227372619,0.2659642469505121
墨西哥BOLSA,0.41742558177869765,0.27108013780441387,0.0,0.35053901128450227,0.3103054499047826,0.4567311741765894,0.25748542922537276,0.502483933230665,0.4453078877072995
恒生指数,0.3437481513989048,0.42349102013788936,0.35053901128450227,0.0,0.4134493069719516,0.34915079567886864,0.2776976289632988,0.3253144506485221,0.3061252733840417
韩国综合指数,0.31228851572706934,0.4328799833130288,0.3103054499047826,0.4134493069719516,0.0,0.3143562930653678,0.2318421927676858,0.30709600335607234,0.3044699958336331
荷兰AEX,0.5881441048019144,0.2845094618891172,0.4567311741765894,0.34915079567886864,0.3143562930653678,0.0,0.24606623913852163,0.45849695910787025,0.4138484494359178
Costa Rica Indice Accionario,0.22912147756090448,0.25307718334066026,0.25748542922537276,0.2776976289632988,0.2318421927676858,0.24606623913852163,0.0,0.23690116461090135,0.2377753817762316
加拿大多伦多S&P/TSX 综合指数,0.4377661033300507,0.2711148227372619,0.502483933230665,0.3253144506485221,0.30709600335607234,0.45849695910787025,0.23690116461090135,0.0,0.4441269967666665
S&P CLX IPSA,0.3811100947620869,0.2659642469505121,0.4453078877072995,0.3061252733840417,0.3044699958336331,0.4138484494359178,0.2377753817762316,0.4441269967666665,0.0
