,比利时BFX,日经225,墨西哥BOLSA,恒生指数,韩国综合指数,荷兰AEX,Costa Rica Indice Accionario,加拿大多伦多S&P/TSX 综合指数,S&P CLX IPSA
比利时BFX,0.0,0.3352541709659371,0.42823944122589186,0.3685750201137436,0.338805967532159,0.6079197781214599,0.24787815774001998,0.38791092193886206,0.44814334430652913
日经225,0.3352541709659371,0.0,0.3054751591478741,0.4460782857789442,0.4568224009087129,0.33195527891000703,0.26314233062188574,0.3195487875941104,0.3241929731354499
墨西哥BOLSA,0.42823944122589186,0.3054751591478741,0.0,0.3803196692407915,0.34972341495550463,0.44406216948660243,0.26183041109523525,0.45818917196945214,0.47742657539390176
恒生指数,0.3685750201137436,0.4460782857789442,0.3803196692407915,0.0,0.47018093310167336,0.357747498759574,0.2657756843027527,0.3376010024080706,0.35232999696629635
韩国综合指数,0.338805967532159,0.4568224009087129,0.34972341495550463,0.47018093310167336,0.0,0.33837584615092015,0.26123418681817484,0.31711975617212756,0.3351361385898681
荷兰AEX,0.6079197781214599,0.33195527891000703,0.44406216948660243,0.357747498759574,0.33837584615092015,0.0,0.2585483792080779,0.4091319720183592,0.46054982878432865
Costa Rica Indice Accionario,0.24787815774001998,0.26314233062188574,0.26183041109523525,0.2657756843027527,0.26123418681817484,0.2585483792080779,0.0,0.24763919850123006,0.24478105905132405
加拿大多伦多S&P/TSX 综合指数,0.38791092193886206,0.3195487875941104,0.45818917196945214,0.3376010024080706,0.31711975617212756,0.4091319720183592,0.24763919850123006,0.0,0.4083870473762973
S&P CLX IPSA,0.44814334430652913,0.3241929731354499,0.47742657539390176,0.35232999696629635,0.3351361385898681,0.46054982878432865,0.24478105905132405,0.4083870473762973,0.0
