,比利时BFX,日经225,墨西哥BOLSA,恒生指数,韩国综合指数,荷兰AEX,Costa Rica Indice Accionario,加拿大多伦多S&P/TSX 综合指数,S&P CLX IPSA
比利时BFX,0.0,0.3372756041620659,0.4245370377996318,0.37401861762172706,0.3425490311913715,0.609514174170641,0.24862938115459413,0.3766267280304289,0.43338592938779114
日经225,0.3372756041620659,0.0,0.3039798234694765,0.4445516621591748,0.46599475460325696,0.338331321863667,0.26222005104995394,0.32137632490788515,0.3305553567484273
墨西哥BOLSA,0.4245370377996318,0.3039798234694765,0.0,0.37493165309673737,0.3406855355109837,0.43703253330284303,0.26326522784678613,0.4437372963136227,0.45664620649876336
恒生指数,0.37401861762172706,0.4445516621591748,0.37493165309673737,0.0,0.46479406507315923,0.3610167215955462,0.2640156124300177,0.3360832754510126,0.3540016783650118
韩国综合指数,0.3425490311913715,0.46599475460325696,0.3406855355109837,0.46479406507315923,0.0,0.3405685268607356,0.2635342175287619,0.31344335987764255,0.3318465367824005
荷兰AEX,0.609514174170641,0.338331321863667,0.43703253330284303,0.3610167215955462,0.3405685268607356,0.0,0.2595847384962962,0.4020447103944613,0.45338262254886347
Costa Rica Indice Accionario,0.24862938115459413,0.26222005104995394,0.26326522784678613,0.2640156124300177,0.2635342175287619,0.2595847384962962,0.0,0.25023197898622307,0.243988249116001
加拿大多伦多S&P/TSX 综合指数,0.3766267280304289,0.32137632490788515,0.4437372963136227,0.3360832754510126,0.31344335987764255,0.4020447103944613,0.25023197898622307,0.0,0.3918184117659868
S&P CLX IPSA,0.43338592938779114,0.3305553567484273,0.45664620649876336,0.3540016783650118,0.3318465367824005,0.45338262254886347,0.243988249116001,0.3918184117659868,0.0
