,比利时BFX,日经225,墨西哥BOLSA,恒生指数,韩国综合指数,荷兰AEX,Costa Rica Indice Accionario,加拿大多伦多S&P/TSX 综合指数,S&P CLX IPSA
比利时BFX,0.0,0.31776927512418063,0.3992704566562259,0.33231504592129957,0.325419901607978,0.5527198382499958,0.2532419369821604,0.3985555256960345,0.3739254410024669
日经225,0.31776927512418063,0.0,0.272195179486416,0.42618083288482794,0.44334287833379854,0.2958822777135565,0.25964101820636604,0.2842620874825633,0.2726732938621203
墨西哥BOLSA,0.3992704566562259,0.272195179486416,0.0,0.34119150385329783,0.31040991849824084,0.45048512846946837,0.2778533707507599,0.47223291877926904,0.4327089763762587
恒生指数,0.33231504592129957,0.42618083288482794,0.34119150385329783,0.0,0.44135174315707876,0.32071440776166754,0.28100941633427845,0.31364315163638895,0.3020266435730489
韩国综合指数,0.325419901607978,0.44334287833379854,0.31040991849824084,0.44135174315707876,0.0,0.3163798459175337,0.26073455869360984,0.3148768292186668,0.29700661768562475
荷兰AEX,0.5527198382499958,0.2958822777135565,0.45048512846946837,0.32071440776166754,0.3163798459175337,0.0,0.2643736715999862,0.4198931415507856,0.4138759799691628
Costa Rica Indice Accionario,0.2532419369821604,0.25964101820636604,0.2778533707507599,0.28100941633427845,0.26073455869360984,0.2643736715999862,0.0,0.2543863458005304,0.24138568457668633
加拿大多伦多S&P/TSX 综合指数,0.3985555256960345,0.2842620874825633,0.47223291877926904,0.31364315163638895,0.3148768292186668,0.4198931415507856,0.2543863458005304,0.0,0.41741889308695174
S&P CLX IPSA,0.3739254410024669,0.2726732938621203,0.4327089763762587,0.3020266435730489,0.29700661768562475,0.4138759799691628,0.24138568457668633,0.41741889308695174,0.0
