,比利时BFX,日经225,墨西哥BOLSA,恒生指数,韩国综合指数,荷兰AEX,Costa Rica Indice Accionario,加拿大多伦多S&P/TSX 综合指数,S&P CLX IPSA
比利时BFX,0.0,0.31904966094532866,0.39877574527378484,0.3339355598539216,0.32653160152605093,0.5535049933071798,0.2530771712151431,0.3978924716611772,0.3732415342396788
日经225,0.31904966094532866,0.0,0.2702599945250332,0.4254587113317763,0.441905275552937,0.29746538372443704,0.25915766659625,0.2844546442394288,0.27082079084507327
墨西哥BOLSA,0.39877574527378484,0.2702599945250332,0.0,0.33798612154345864,0.3074836108205853,0.4557562616503689,0.27756047526903266,0.475356364821081,0.431029469284586
恒生指数,0.3339355598539216,0.4254587113317763,0.33798612154345864,0.0,0.43764450382433745,0.32422434565665553,0.280544326636851,0.31484527570914056,0.29922414219923293
韩国综合指数,0.32653160152605093,0.441905275552937,0.3074836108205853,0.43764450382433745,0.0,0.31990596947557975,0.260208205767372,0.31634385625671413,0.2943509455432664
荷兰AEX,0.5535049933071798,0.29746538372443704,0.4557562616503689,0.32422434565665553,0.31990596947557975,0.0,0.2646195694980162,0.4199490096523312,0.4175277498010211
Costa Rica Indice Accionario,0.2530771712151431,0.25915766659625,0.27756047526903266,0.280544326636851,0.260208205767372,0.2646195694980162,0.0,0.25444075603610283,0.24102126486004496
加拿大多伦多S&P/TSX 综合指数,0.3978924716611772,0.2844546442394288,0.475356364821081,0.31484527570914056,0.31634385625671413,0.4199490096523312,0.25444075603610283,0.0,0.4192172147459438
S&P CLX IPSA,0.3732415342396788,0.27082079084507327,0.431029469284586,0.29922414219923293,0.2943509455432664,0.4175277498010211,0.24102126486004496,0.4192172147459438,0.0
