,比利时BFX,日经225,墨西哥BOLSA,恒生指数,韩国综合指数,荷兰AEX,Costa Rica Indice Accionario,加拿大多伦多S&P/TSX 综合指数,S&P CLX IPSA
比利时BFX,0.0,0.33284362544340207,0.41594951350743464,0.37082792593867003,0.33131932162408384,0.6186936337536012,0.2670754482678306,0.35595896450060394,0.4221484691534713
日经225,0.33284362544340207,0.0,0.29889003869743835,0.4417988111243714,0.4709545001680053,0.3372765854707098,0.26656727031997324,0.32037255986343705,0.324574091317431
墨西哥BOLSA,0.41594951350743464,0.29889003869743835,0.0,0.35958416851385255,0.33259594981270074,0.42712596208647524,0.2665828158069998,0.4274968317415706,0.44366310186579716
恒生指数,0.37082792593867003,0.4417988111243714,0.35958416851385255,0.0,0.4676257722261603,0.35550625303253686,0.2481197503994152,0.33288226733650234,0.3460623728745747
韩国综合指数,0.33131932162408384,0.4709545001680053,0.33259594981270074,0.4676257722261603,0.0,0.3304748108759805,0.2834776917934634,0.31056984593231857,0.3228709611787401
荷兰AEX,0.6186936337536012,0.3372765854707098,0.42712596208647524,0.35550625303253686,0.3304748108759805,0.0,0.27209212761356194,0.38550613104029563,0.43857496273825525
Costa Rica Indice Accionario,0.2670754482678306,0.26656727031997324,0.2665828158069998,0.2481197503994152,0.2834776917934634,0.27209212761356194,0.0,0.2579601252681714,0.25071259357335957
加拿大多伦多S&P/TSX 综合指数,0.35595896450060394,0.32037255986343705,0.4274968317415706,0.33288226733650234,0.31056984593231857,0.38550613104029563,0.2579601252681714,0.0,0.37215831471951155
S&P CLX IPSA,0.4221484691534713,0.324574091317431,0.44366310186579716,0.3460623728745747,0.3228709611787401,0.43857496273825525,0.25071259357335957,0.37215831471951155,0.0
