,比利时BFX,日经225,墨西哥BOLSA,恒生指数,韩国综合指数,荷兰AEX,Costa Rica Indice Accionario,加拿大多伦多S&P/TSX 综合指数,S&P CLX IPSA
比利时BFX,0.0,0.33887915888850123,0.42993023008138337,0.38203418221086904,0.34503166140254465,0.6123799432842851,0.24941307687179523,0.3901180717645349,0.43223430079180797
日经225,0.33887915888850123,0.0,0.30300911657119056,0.44636219489978063,0.46332219878852565,0.3357846845393997,0.2633782503126592,0.3174987700909592,0.32322795099779245
墨西哥BOLSA,0.42993023008138337,0.30300911657119056,0.0,0.3797928645723922,0.3422017387812999,0.44473257096633684,0.2613633346245435,0.46138416494597245,0.46655207022123285
恒生指数,0.38203418221086904,0.44636219489978063,0.3797928645723922,0.0,0.4660769604321562,0.3668351879420075,0.26363009234552603,0.33769375571858135,0.3488605061799695
韩国综合指数,0.34503166140254465,0.46332219878852565,0.3422017387812999,0.4660769604321562,0.0,0.3425101391788276,0.26207535981590324,0.31540588040266376,0.33196427052569566
荷兰AEX,0.6123799432842851,0.3357846845393997,0.44473257096633684,0.3668351879420075,0.3425101391788276,0.0,0.25904065447536667,0.4122645803939952,0.4531392566596773
Costa Rica Indice Accionario,0.24941307687179523,0.2633782503126592,0.2613633346245435,0.26363009234552603,0.26207535981590324,0.25904065447536667,0.0,0.2493873856443731,0.24373350522644316
加拿大多伦多S&P/TSX 综合指数,0.3901180717645349,0.3174987700909592,0.46138416494597245,0.33769375571858135,0.31540588040266376,0.4122645803939952,0.2493873856443731,0.0,0.4030947250899433
S&P CLX IPSA,0.43223430079180797,0.32322795099779245,0.46655207022123285,0.3488605061799695,0.33196427052569566,0.4531392566596773,0.24373350522644316,0.4030947250899433,0.0
