,比利时BFX,日经225,墨西哥BOLSA,恒生指数,韩国综合指数,荷兰AEX,Costa Rica Indice Accionario,加拿大多伦多S&P/TSX 综合指数,S&P CLX IPSA
比利时BFX,0.0,0.3401543369828123,0.42574614405919314,0.375007658291178,0.34346518033756707,0.610447607223247,0.24910707641311142,0.3793770905288368,0.43298381487858917
日经225,0.3401543369828123,0.0,0.30282657439187205,0.4435254063910443,0.46434595453171196,0.33791856434709155,0.2645215573595679,0.31726295156290407,0.32772483636144983
墨西哥BOLSA,0.42574614405919314,0.30282657439187205,0.0,0.37851703061638997,0.3443763605278844,0.44031505170347285,0.26288195804981584,0.45013890988627975,0.46314578344055957
恒生指数,0.375007658291178,0.4435254063910443,0.37851703061638997,0.0,0.464564587733665,0.36330243153155367,0.2643927811574279,0.3378699213149938,0.35450669195737056
韩国综合指数,0.34346518033756707,0.46434595453171196,0.3443763605278844,0.464564587733665,0.0,0.342451298457135,0.26346590385548335,0.3139063235491685,0.33448459651110585
荷兰AEX,0.610447607223247,0.33791856434709155,0.44031505170347285,0.36330243153155367,0.342451298457135,0.0,0.25939770768468495,0.4046487911355407,0.45257906617337706
Costa Rica Indice Accionario,0.24910707641311142,0.2645215573595679,0.26288195804981584,0.2643927811574279,0.26346590385548335,0.25939770768468495,0.0,0.24927637374310438,0.24391247190221205
加拿大多伦多S&P/TSX 综合指数,0.3793770905288368,0.31726295156290407,0.45013890988627975,0.3378699213149938,0.3139063235491685,0.4046487911355407,0.24927637374310438,0.0,0.397366529375096
S&P CLX IPSA,0.43298381487858917,0.32772483636144983,0.46314578344055957,0.35450669195737056,0.33448459651110585,0.45257906617337706,0.24391247190221205,0.397366529375096,0.0
