,比利时BFX,日经225,墨西哥BOLSA,恒生指数,韩国综合指数,荷兰AEX,Costa Rica Indice Accionario,加拿大多伦多S&P/TSX 综合指数,S&P CLX IPSA
比利时BFX,0.0,0.33447898764033673,0.41879736976358456,0.3729748903442466,0.3345075547468376,0.6100326998631377,0.2681754512220903,0.3606458093440432,0.4260285801405025
日经225,0.33447898764033673,0.0,0.29970951697362525,0.4415590044373906,0.46675770766731667,0.33543040372121585,0.26832312852810736,0.3194862932808496,0.32446153576152326
墨西哥BOLSA,0.41879736976358456,0.29970951697362525,0.0,0.3604630322745369,0.3359748590052063,0.43629837641280417,0.26670623257529763,0.43602088976923664,0.4540950644622214
恒生指数,0.3729748903442466,0.4415590044373906,0.3604630322745369,0.0,0.4736419884060709,0.3572077302868199,0.24809140345825706,0.3320348087372374,0.348654554628937
韩国综合指数,0.3345075547468376,0.46675770766731667,0.3359748590052063,0.4736419884060709,0.0,0.33355099217896994,0.28327526678197484,0.308950039013447,0.32328197326415603
荷兰AEX,0.6100326998631377,0.33543040372121585,0.43629837641280417,0.3572077302868199,0.33355099217896994,0.0,0.2698135027820911,0.39150090867141146,0.44742297819103966
Costa Rica Indice Accionario,0.2681754512220903,0.26832312852810736,0.26670623257529763,0.24809140345825706,0.28327526678197484,0.2698135027820911,0.0,0.2594280498097912,0.2500632894016301
加拿大多伦多S&P/TSX 综合指数,0.3606458093440432,0.3194862932808496,0.43602088976923664,0.3320348087372374,0.308950039013447,0.39150090867141146,0.2594280498097912,0.0,0.3770563322145464
S&P CLX IPSA,0.4260285801405025,0.32446153576152326,0.4540950644622214,0.348654554628937,0.32328197326415603,0.44742297819103966,0.2500632894016301,0.3770563322145464,0.0
