,比利时BFX,日经225,墨西哥BOLSA,恒生指数,韩国综合指数,荷兰AEX,Costa Rica Indice Accionario,加拿大多伦多S&P/TSX 综合指数,S&P CLX IPSA
比利时BFX,0.0,0.3101138011942444,0.39499105273804086,0.331125119813413,0.315101719332781,0.5437488271100488,0.25040136548166086,0.3856495267708219,0.36714511948880507
日经225,0.3101138011942444,0.0,0.2664765234811049,0.4196338474848877,0.430184314508023,0.29087066648569065,0.25797358386709557,0.2698491282432118,0.2595842988815811
墨西哥BOLSA,0.39499105273804086,0.2664765234811049,0.0,0.33592402973226587,0.30333115921852916,0.4524340726588213,0.2761779077051067,0.48098317530250156,0.4313531595707287
恒生指数,0.331125119813413,0.4196338474848877,0.33592402973226587,0.0,0.4324243755776621,0.32132916575906345,0.2797850713592054,0.3092045922336,0.2941498758809564
韩国综合指数,0.315101719332781,0.430184314508023,0.30333115921852916,0.4324243755776621,0.0,0.31124807962033796,0.2584667589610282,0.29940305704274073,0.282264551133411
荷兰AEX,0.5437488271100488,0.29087066648569065,0.4524340726588213,0.32132916575906345,0.31124807962033796,0.0,0.26231449469535284,0.4112491091065126,0.41309786928218356
Costa Rica Indice Accionario,0.25040136548166086,0.25797358386709557,0.2761779077051067,0.2797850713592054,0.2584667589610282,0.26231449469535284,0.0,0.251934421566281,0.23955806754831857
加拿大多伦多S&P/TSX 综合指数,0.3856495267708219,0.2698491282432118,0.48098317530250156,0.3092045922336,0.29940305704274073,0.4112491091065126,0.251934421566281,0.0,0.4079454757017671
S&P CLX IPSA,0.36714511948880507,0.2595842988815811,0.4313531595707287,0.2941498758809564,0.282264551133411,0.41309786928218356,0.23955806754831857,0.4079454757017671,0.0
