,比利时BFX,日经225,墨西哥BOLSA,恒生指数,韩国综合指数,荷兰AEX,Costa Rica Indice Accionario,加拿大多伦多S&P/TSX 综合指数,S&P CLX IPSA
比利时BFX,0.0,0.3335158989306321,0.41847914162853317,0.37081665534172886,0.3324112900577412,0.6133099186332638,0.26734917460387525,0.35669101538219405,0.4244467190748458
日经225,0.3335158989306321,0.0,0.2995035370325436,0.44016829110705363,0.4671085794708709,0.3373131602166743,0.26701517870070834,0.3183217507563233,0.325206557611631
墨西哥BOLSA,0.41847914162853317,0.2995035370325436,0.0,0.35754376242937946,0.3318422516446088,0.4324875867755013,0.2662960843636684,0.43400607100933875,0.44973722120785053
恒生指数,0.37081665534172886,0.44016829110705363,0.35754376242937946,0.0,0.472137366457154,0.355470955217908,0.24800032910037598,0.32878694489854515,0.34542111578417906
韩国综合指数,0.3324112900577412,0.4671085794708709,0.3318422516446088,0.472137366457154,0.0,0.3318345472580698,0.28208130519438507,0.3065773708869821,0.3211743987528939
荷兰AEX,0.6133099186332638,0.3373131602166743,0.4324875867755013,0.355470955217908,0.3318345472580698,0.0,0.27010162518698305,0.3862082617701798,0.44327309770115825
Costa Rica Indice Accionario,0.26734917460387525,0.26701517870070834,0.2662960843636684,0.24800032910037598,0.28208130519438507,0.27010162518698305,0.0,0.2580429530531418,0.25020305635202567
加拿大多伦多S&P/TSX 综合指数,0.35669101538219405,0.3183217507563233,0.43400607100933875,0.32878694489854515,0.3065773708869821,0.3862082617701798,0.2580429530531418,0.0,0.37612890779189295
S&P CLX IPSA,0.4244467190748458,0.325206557611631,0.44973722120785053,0.34542111578417906,0.3211743987528939,0.44327309770115825,0.25020305635202567,0.37612890779189295,0.0
