,比利时BFX,日经225,墨西哥BOLSA,恒生指数,韩国综合指数,荷兰AEX,Costa Rica Indice Accionario,加拿大多伦多S&P/TSX 综合指数,S&P CLX IPSA
比利时BFX,0.0,0.332804112161845,0.4197624080412788,0.37150154783165196,0.33163649935502293,0.6152825080365749,0.2668177801184643,0.35739187161442876,0.42460510778721167
日经225,0.332804112161845,0.0,0.30037858631554054,0.4422299351111341,0.4697295143350861,0.3374766731120824,0.26636490395837914,0.3191257467036999,0.3250746851041109
墨西哥BOLSA,0.4197624080412788,0.30037858631554054,0.0,0.3616262817916965,0.33555047543279015,0.4327779368927719,0.2663925832935996,0.4319945254750405,0.449274909384769
恒生指数,0.37150154783165196,0.4422299351111341,0.3616262817916965,0.0,0.46999899789905897,0.35694749128386793,0.24814572016475564,0.3338105847101435,0.34775426592708236
韩国综合指数,0.33163649935502293,0.4697295143350861,0.33555047543279015,0.46999899789905897,0.0,0.3326980438005455,0.2822873098310678,0.3106497662791952,0.3234891581468982
荷兰AEX,0.6152825080365749,0.3374766731120824,0.4327779368927719,0.35694749128386793,0.3326980438005455,0.0,0.2710752067186607,0.3862261506589154,0.44212234062681816
Costa Rica Indice Accionario,0.2668177801184643,0.26636490395837914,0.2663925832935996,0.24814572016475564,0.2822873098310678,0.2710752067186607,0.0,0.25739713760630706,0.25121881024141257
加拿大多伦多S&P/TSX 综合指数,0.35739187161442876,0.3191257467036999,0.4319945254750405,0.3338105847101435,0.3106497662791952,0.3862261506589154,0.25739713760630706,0.0,0.3753957070040832
S&P CLX IPSA,0.42460510778721167,0.3250746851041109,0.449274909384769,0.34775426592708236,0.3234891581468982,0.44212234062681816,0.25121881024141257,0.3753957070040832,0.0
