,比利时BFX,日经225,墨西哥BOLSA,恒生指数,韩国综合指数,荷兰AEX,Costa Rica Indice Accionario,加拿大多伦多S&P/TSX 综合指数,S&P CLX IPSA
比利时BFX,0.0,0.30475534582776365,0.40852739600287685,0.34750529054525525,0.33754852481700326,0.5604884049239404,0.2386096183638975,0.4233466588776925,0.37677593776537505
日经225,0.30475534582776365,0.0,0.2734706164951097,0.4084994346553367,0.41575446761439433,0.29222531777609206,0.2452350906739515,0.2737542612778797,0.2725519698511639
墨西哥BOLSA,0.40852739600287685,0.2734706164951097,0.0,0.34361433971071953,0.32055323910084255,0.4465546985736749,0.2660947257770794,0.4985829854361106,0.44762830118299746
恒生指数,0.34750529054525525,0.4084994346553367,0.34361433971071953,0.0,0.40924360952982236,0.3450307033119376,0.268836762358232,0.3126405287519121,0.3115077517566418
韩国综合指数,0.33754852481700326,0.41575446761439433,0.32055323910084255,0.40924360952982236,0.0,0.33721024700117175,0.23313385861068256,0.3015603993864195,0.3109008101990389
荷兰AEX,0.5604884049239404,0.29222531777609206,0.4465546985736749,0.3450307033119376,0.33721024700117175,0.0,0.2510937529130163,0.44153856207276837,0.4217954248075222
Costa Rica Indice Accionario,0.2386096183638975,0.2452350906739515,0.2660947257770794,0.268836762358232,0.23313385861068256,0.2510937529130163,0.0,0.2422778917861498,0.2367152141588741
加拿大多伦多S&P/TSX 综合指数,0.4233466588776925,0.2737542612778797,0.4985829854361106,0.3126405287519121,0.3015603993864195,0.44153856207276837,0.2422778917861498,0.0,0.4323996215476551
S&P CLX IPSA,0.37677593776537505,0.2725519698511639,0.44762830118299746,0.3115077517566418,0.3109008101990389,0.4217954248075222,0.2367152141588741,0.4323996215476551,0.0
