,比利时BFX,日经225,墨西哥BOLSA,恒生指数,韩国综合指数,荷兰AEX,Costa Rica Indice Accionario,加拿大多伦多S&P/TSX 综合指数,S&P CLX IPSA
比利时BFX,0.0,0.33981295251891586,0.4204910214937227,0.37791640949268096,0.3423721383985692,0.6119154540328554,0.25233634529526766,0.3734911343975333,0.4334309709251113
日经225,0.33981295251891586,0.0,0.3041902269231011,0.44555345267901914,0.4659703354913988,0.339647688239776,0.25922449418794863,0.32236149844391987,0.3314702492917898
墨西哥BOLSA,0.4204910214937227,0.3041902269231011,0.0,0.371557087746581,0.3398367269926959,0.43559911676054625,0.26319688424163823,0.44369527997958935,0.4602529531042771
恒生指数,0.37791640949268096,0.44555345267901914,0.371557087746581,0.0,0.46818519045862034,0.36326025621489766,0.2602825583278188,0.3359297930308269,0.354191961332927
韩国综合指数,0.3423721383985692,0.4659703354913988,0.3398367269926959,0.46818519045862034,0.0,0.3397091187348699,0.2616871729806822,0.31388597064522883,0.33043385079001186
荷兰AEX,0.6119154540328554,0.339647688239776,0.43559911676054625,0.36326025621489766,0.3397091187348699,0.0,0.2627482638231192,0.39980503143499924,0.4539460723404798
Costa Rica Indice Accionario,0.25233634529526766,0.25922449418794863,0.26319688424163823,0.2602825583278188,0.2616871729806822,0.2627482638231192,0.0,0.25163955352510037,0.24650003164472983
加拿大多伦多S&P/TSX 综合指数,0.3734911343975333,0.32236149844391987,0.44369527997958935,0.3359297930308269,0.31388597064522883,0.39980503143499924,0.25163955352510037,0.0,0.39146810162806916
S&P CLX IPSA,0.4334309709251113,0.3314702492917898,0.4602529531042771,0.354191961332927,0.33043385079001186,0.4539460723404798,0.24650003164472983,0.39146810162806916,0.0
