,比利时BFX,日经225,墨西哥BOLSA,恒生指数,韩国综合指数,荷兰AEX,Costa Rica Indice Accionario,加拿大多伦多S&P/TSX 综合指数,S&P CLX IPSA
比利时BFX,0.0,0.3390033215585147,0.42701818891905163,0.3806359194951236,0.3424502298084871,0.6121139862201895,0.24991128587600808,0.38298622804855875,0.4319738185267169
日经225,0.3390033215585147,0.0,0.301403830918332,0.44501113561261674,0.4621360329769044,0.3364993359198944,0.2646934576953956,0.3180240332200633,0.32430864551398136
墨西哥BOLSA,0.42701818891905163,0.301403830918332,0.0,0.37894145046400124,0.34245464165144196,0.4420123318345745,0.2626821601138889,0.45338223574717335,0.4619666599570914
恒生指数,0.3806359194951236,0.44501113561261674,0.37894145046400124,0.0,0.46282151488126005,0.36584657837316886,0.2648584238208547,0.3366879740525988,0.3491276457568251
韩国综合指数,0.3424502298084871,0.4621360329769044,0.34245464165144196,0.46282151488126005,0.0,0.34095420729411374,0.26320350416273885,0.3149047412737242,0.3326706700997839
荷兰AEX,0.6121139862201895,0.3364993359198944,0.4420123318345745,0.36584657837316886,0.34095420729411374,0.0,0.2599040065612181,0.406538606979452,0.451123483853329
Costa Rica Indice Accionario,0.24991128587600808,0.2646934576953956,0.2626821601138889,0.2648584238208547,0.26320350416273885,0.2599040065612181,0.0,0.24910730152063748,0.24453731232231557
加拿大多伦多S&P/TSX 综合指数,0.38298622804855875,0.3180240332200633,0.45338223574717335,0.3366879740525988,0.3149047412737242,0.406538606979452,0.24910730152063748,0.0,0.39655510048892145
S&P CLX IPSA,0.4319738185267169,0.32430864551398136,0.4619666599570914,0.3491276457568251,0.3326706700997839,0.451123483853329,0.24453731232231557,0.39655510048892145,0.0
