,比利时BFX,日经225,墨西哥BOLSA,恒生指数,韩国综合指数,荷兰AEX,Costa Rica Indice Accionario,加拿大多伦多S&P/TSX 综合指数,S&P CLX IPSA
比利时BFX,0.0,0.33266027263813297,0.41904747492958655,0.3708170875017586,0.33078701375216313,0.6149027263797017,0.2669259400360888,0.35622139796756985,0.42404506245903956
日经225,0.33266027263813297,0.0,0.30008584253614634,0.4424008334240045,0.47061888446514594,0.3372611559650077,0.266352360246361,0.318522548503481,0.32486081747433765
墨西哥BOLSA,0.41904747492958655,0.30008584253614634,0.0,0.3602655203272544,0.33375210403985933,0.4314171037661921,0.2667539206673401,0.4303216708404524,0.44858783702974425
恒生指数,0.3708170875017586,0.4424008334240045,0.3602655203272544,0.0,0.4686975480222366,0.3557593051109308,0.2483065797039238,0.33236544708493543,0.3469784201826154
韩国综合指数,0.33078701375216313,0.47061888446514594,0.33375210403985933,0.4686975480222366,0.0,0.33117728844192884,0.2827933461104603,0.30895863068338897,0.3225402820383316
荷兰AEX,0.6149027263797017,0.3372611559650077,0.4314171037661921,0.3557593051109308,0.33117728844192884,0.0,0.27139600598908376,0.38480418638149805,0.44140272368346484
Costa Rica Indice Accionario,0.2669259400360888,0.266352360246361,0.2667539206673401,0.2483065797039238,0.2827933461104603,0.27139600598908376,0.0,0.2577939477647742,0.25135125066821346
加拿大多伦多S&P/TSX 综合指数,0.35622139796756985,0.318522548503481,0.4303216708404524,0.33236544708493543,0.30895863068338897,0.38480418638149805,0.2577939477647742,0.0,0.3743501835333185
S&P CLX IPSA,0.42404506245903956,0.32486081747433765,0.44858783702974425,0.3469784201826154,0.3225402820383316,0.44140272368346484,0.25135125066821346,0.3743501835333185,0.0
