,比利时BFX,日经225,墨西哥BOLSA,恒生指数,韩国综合指数,荷兰AEX,Costa Rica Indice Accionario,加拿大多伦多S&P/TSX 综合指数,S&P CLX IPSA
比利时BFX,0.0,0.3366122391403152,0.41528810433395646,0.37173844270608997,0.32914382797666225,0.623633493889955,0.26557319771086724,0.3572620816192195,0.42179412618911916
日经225,0.3366122391403152,0.0,0.3020548717424537,0.44620587155133196,0.4772858888407841,0.3396197584233664,0.2801267154033871,0.32328400916471633,0.3243653547517908
墨西哥BOLSA,0.41528810433395646,0.3020548717424537,0.0,0.3659384235896263,0.3336531975388537,0.4268473601979752,0.262650810320198,0.4276340226038402,0.44503978060871446
恒生指数,0.37173844270608997,0.44620587155133196,0.3659384235896263,0.0,0.4737775344296807,0.3576831193060949,0.2583997062389533,0.335940220714386,0.345815099807534
韩国综合指数,0.32914382797666225,0.4772858888407841,0.3336531975388537,0.4737775344296807,0.0,0.32822810782601636,0.292326246575821,0.31265776758168135,0.32150973464531984
荷兰AEX,0.623633493889955,0.3396197584233664,0.4268473601979752,0.3576831193060949,0.32822810782601636,0.0,0.27241221969318313,0.38796650410209266,0.43852227337431204
Costa Rica Indice Accionario,0.26557319771086724,0.2801267154033871,0.262650810320198,0.2583997062389533,0.292326246575821,0.27241221969318313,0.0,0.2585676370370236,0.2525691755721822
加拿大多伦多S&P/TSX 综合指数,0.3572620816192195,0.32328400916471633,0.4276340226038402,0.335940220714386,0.31265776758168135,0.38796650410209266,0.2585676370370236,0.0,0.37489615396643317
S&P CLX IPSA,0.42179412618911916,0.3243653547517908,0.44503978060871446,0.345815099807534,0.32150973464531984,0.43852227337431204,0.2525691755721822,0.37489615396643317,0.0
