,比利时BFX,日经225,墨西哥BOLSA,恒生指数,韩国综合指数,荷兰AEX,Costa Rica Indice Accionario,加拿大多伦多S&P/TSX 综合指数,S&P CLX IPSA
比利时BFX,0.0,0.33932224780275827,0.42263962859027365,0.3794218536072706,0.3435354187911424,0.6098737800211786,0.2537548584518982,0.3681831319878127,0.4286584854992825
日经225,0.33932224780275827,0.0,0.30658099315961174,0.4467305439515895,0.46491964554476567,0.3397650472120864,0.2584118486062327,0.3221633918437118,0.3313790212336805
墨西哥BOLSA,0.42263962859027365,0.30658099315961174,0.0,0.371987389998022,0.34118127025806316,0.4381242246033601,0.2606709388226862,0.4479384316772008,0.45537200582182275
恒生指数,0.3794218536072706,0.4467305439515895,0.371987389998022,0.0,0.465334861002119,0.3651810396752832,0.257707688225096,0.33671793982290193,0.35474096589249793
韩国综合指数,0.3435354187911424,0.46491964554476567,0.34118127025806316,0.465334861002119,0.0,0.34065464997226197,0.2597543702175078,0.31492101387350807,0.3306433993793178
荷兰AEX,0.6098737800211786,0.3397650472120864,0.4381242246033601,0.3651810396752832,0.34065464997226197,0.0,0.2636840880937068,0.3953132616172581,0.44959772519942603
Costa Rica Indice Accionario,0.2537548584518982,0.2584118486062327,0.2606709388226862,0.257707688225096,0.2597543702175078,0.2636840880937068,0.0,0.2518507183141037,0.2441531220713286
加拿大多伦多S&P/TSX 综合指数,0.3681831319878127,0.3221633918437118,0.4479384316772008,0.33671793982290193,0.31492101387350807,0.3953132616172581,0.2518507183141037,0.0,0.3863815114853951
S&P CLX IPSA,0.4286584854992825,0.3313790212336805,0.45537200582182275,0.35474096589249793,0.3306433993793178,0.44959772519942603,0.2441531220713286,0.3863815114853951,0.0
