,比利时BFX,日经225,墨西哥BOLSA,恒生指数,韩国综合指数,荷兰AEX,Costa Rica Indice Accionario,加拿大多伦多S&P/TSX 综合指数,S&P CLX IPSA
比利时BFX,0.0,0.3391110361839992,0.42637438076645834,0.3807645671144665,0.34347080367378735,0.611891720455988,0.24950553648052265,0.38296890705147757,0.43683584079890125
日经225,0.3391110361839992,0.0,0.3013731712017375,0.44547361721383627,0.4631399048438772,0.33659615494474054,0.2644509316771932,0.31785162600161615,0.3262486365248224
墨西哥BOLSA,0.42637438076645834,0.3013731712017375,0.0,0.3810599429396004,0.34234090329421357,0.44119636372398074,0.26294181369648906,0.4534939497019035,0.46227024726835136
恒生指数,0.3807645671144665,0.44547361721383627,0.3810599429396004,0.0,0.46729639835236686,0.3665940252791446,0.26458126343405075,0.3382342929195479,0.354824829882067
韩国综合指数,0.34347080367378735,0.4631399048438772,0.34234090329421357,0.46729639835236686,0.0,0.34175250453192924,0.2632036964970328,0.31384871822881055,0.3323430017714684
荷兰AEX,0.611891720455988,0.33659615494474054,0.44119636372398074,0.3665940252791446,0.34175250453192924,0.0,0.259699276403039,0.40722380981603906,0.4548609153231795
Costa Rica Indice Accionario,0.24950553648052265,0.2644509316771932,0.26294181369648906,0.26458126343405075,0.2632036964970328,0.259699276403039,0.0,0.24938542576088651,0.24465364016991661
加拿大多伦多S&P/TSX 综合指数,0.38296890705147757,0.31785162600161615,0.4534939497019035,0.3382342929195479,0.31384871822881055,0.40722380981603906,0.24938542576088651,0.0,0.3946564610925082
S&P CLX IPSA,0.43683584079890125,0.3262486365248224,0.46227024726835136,0.354824829882067,0.3323430017714684,0.4548609153231795,0.24465364016991661,0.3946564610925082,0.0
