,比利时BFX,日经225,墨西哥BOLSA,恒生指数,韩国综合指数,荷兰AEX,Costa Rica Indice Accionario,加拿大多伦多S&P/TSX 综合指数,S&P CLX IPSA
比利时BFX,0.0,0.3375260989235215,0.4209277221722624,0.3770045921198901,0.3419175415333771,0.6083413798108589,0.25341973702160137,0.36760327834562734,0.4286816828411364
日经225,0.3375260989235215,0.0,0.304781144554068,0.44437529657819447,0.4632700589111975,0.3374586858089428,0.25807000150033704,0.3214802388303402,0.33101960077612047
墨西哥BOLSA,0.4209277221722624,0.304781144554068,0.0,0.3695176057579672,0.3395242638549363,0.4360563235652773,0.2603647316109984,0.44766076382191844,0.4556193681979163
恒生指数,0.3770045921198901,0.44437529657819447,0.3695176057579672,0.0,0.46355505098321464,0.3617379385585813,0.2572809097410918,0.3363286058841405,0.3550756344850178
韩国综合指数,0.3419175415333771,0.4632700589111975,0.3395242638549363,0.46355505098321464,0.0,0.33856504701645,0.25941157993036934,0.31416927460586175,0.33018744573456754
荷兰AEX,0.6083413798108589,0.3374586858089428,0.4360563235652773,0.3617379385585813,0.33856504701645,0.0,0.2633656816160992,0.39517799459141945,0.4505355692016413
Costa Rica Indice Accionario,0.25341973702160137,0.25807000150033704,0.2603647316109984,0.2572809097410918,0.25941157993036934,0.2633656816160992,0.0,0.2517562102923032,0.24408291231416737
加拿大多伦多S&P/TSX 综合指数,0.36760327834562734,0.3214802388303402,0.44766076382191844,0.3363286058841405,0.31416927460586175,0.39517799459141945,0.2517562102923032,0.0,0.38623565232947743
S&P CLX IPSA,0.4286816828411364,0.33101960077612047,0.4556193681979163,0.3550756344850178,0.33018744573456754,0.4505355692016413,0.24408291231416737,0.38623565232947743,0.0
