,比利时BFX,日经225,墨西哥BOLSA,恒生指数,韩国综合指数,荷兰AEX,Costa Rica Indice Accionario,加拿大多伦多S&P/TSX 综合指数,S&P CLX IPSA
比利时BFX,0.0,0.34085586415999725,0.4262128550063863,0.36663611833912085,0.34044535213589705,0.6007167029640912,0.24854513882027965,0.38505981933968664,0.445323431333236
日经225,0.34085586415999725,0.0,0.30813662621264787,0.45073430785876595,0.4577418406620254,0.3341437509693158,0.2632953398249439,0.32256789120596985,0.330917892054094
墨西哥BOLSA,0.4262128550063863,0.30813662621264787,0.0,0.3814243609133337,0.3511199966766835,0.44002184460807775,0.2627853780478295,0.4506452083602643,0.4657371616173682
恒生指数,0.36663611833912085,0.45073430785876595,0.3814243609133337,0.0,0.4716325374922112,0.35482910909761556,0.26577950196795325,0.3381332935058758,0.3537678740596235
韩国综合指数,0.34044535213589705,0.4577418406620254,0.3511199966766835,0.4716325374922112,0.0,0.33745629342076067,0.26106595735959837,0.316401317315428,0.33704432434846204
荷兰AEX,0.6007167029640912,0.3341437509693158,0.44002184460807775,0.35482910909761556,0.33745629342076067,0.0,0.25952738153267124,0.40455143234464597,0.45677775560440853
Costa Rica Indice Accionario,0.24854513882027965,0.2632953398249439,0.2627853780478295,0.26577950196795325,0.26106595735959837,0.25952738153267124,0.0,0.24790452466516633,0.24470704303496876
加拿大多伦多S&P/TSX 综合指数,0.38505981933968664,0.32256789120596985,0.4506452083602643,0.3381332935058758,0.316401317315428,0.40455143234464597,0.24790452466516633,0.0,0.39531827630615723
S&P CLX IPSA,0.445323431333236,0.330917892054094,0.4657371616173682,0.3537678740596235,0.33704432434846204,0.45677775560440853,0.24470704303496876,0.39531827630615723,0.0
