,比利时BFX,日经225,墨西哥BOLSA,恒生指数,韩国综合指数,荷兰AEX,Costa Rica Indice Accionario,加拿大多伦多S&P/TSX 综合指数,S&P CLX IPSA
比利时BFX,0.0,0.33564563649751517,0.4277410356056137,0.3688096211731423,0.3388007754953413,0.6070781018879332,0.24789124700971876,0.3879825024158078,0.4476751307857688
日经225,0.33564563649751517,0.0,0.3060316612267842,0.4460847912113378,0.45699999147932185,0.3324192533236768,0.26314435532217956,0.31960998980669936,0.32470110480707737
墨西哥BOLSA,0.4277410356056137,0.3060316612267842,0.0,0.38095553641935004,0.34988319847605187,0.4430251702988911,0.2619135672693935,0.4589215168503967,0.47664162692756323
恒生指数,0.3688096211731423,0.4460847912113378,0.38095553641935004,0.0,0.470220651594574,0.3581100102783108,0.26574405458159744,0.33761832612319065,0.35267640235023273
韩国综合指数,0.3388007754953413,0.45699999147932185,0.34988319847605187,0.470220651594574,0.0,0.33838871353041616,0.261225528043495,0.31710413737710574,0.335181210780195
荷兰AEX,0.6070781018879332,0.3324192533236768,0.4430251702988911,0.3581100102783108,0.33838871353041616,0.0,0.25849038975796523,0.4092925206885885,0.45977214128884153
Costa Rica Indice Accionario,0.24789124700971876,0.26314435532217956,0.2619135672693935,0.26574405458159744,0.261225528043495,0.25849038975796523,0.0,0.24763151533721942,0.24478350865417983
加拿大多伦多S&P/TSX 综合指数,0.3879825024158078,0.31960998980669936,0.4589215168503967,0.33761832612319065,0.31710413737710574,0.4092925206885885,0.24763151533721942,0.0,0.4086484661404693
S&P CLX IPSA,0.4476751307857688,0.32470110480707737,0.47664162692756323,0.35267640235023273,0.335181210780195,0.45977214128884153,0.24478350865417983,0.4086484661404693,0.0
