,比利时BFX,日经225,墨西哥BOLSA,恒生指数,韩国综合指数,荷兰AEX,Costa Rica Indice Accionario,加拿大多伦多S&P/TSX 综合指数,S&P CLX IPSA
比利时BFX,0.0,0.3388532920122196,0.4198573576964738,0.3774277796289938,0.3417047543979697,0.6066305970477954,0.25278883372142535,0.3671751342992103,0.42926149174519196
日经225,0.3388532920122196,0.0,0.3041649720725127,0.4463549767508449,0.463547855185591,0.3380805728420969,0.2577819153056017,0.3215040744761174,0.3297031958519868
墨西哥BOLSA,0.4198573576964738,0.3041649720725127,0.0,0.3689137740470123,0.33850800596958847,0.4357547942030264,0.26019977470650024,0.4463406245896599,0.45587040421391584
恒生指数,0.3774277796289938,0.4463549767508449,0.3689137740470123,0.0,0.4646790280475527,0.36171087719746015,0.25708609726196474,0.33677507129638357,0.35487148513855243
韩国综合指数,0.3417047543979697,0.463547855185591,0.33850800596958847,0.4646790280475527,0.0,0.33792573691864736,0.258994686756967,0.31360599611034645,0.3291414592384839
荷兰AEX,0.6066305970477954,0.3380805728420969,0.4357547942030264,0.36171087719746015,0.33792573691864736,0.0,0.2629035545905864,0.3943779959622387,0.4518166120126388
Costa Rica Indice Accionario,0.25278883372142535,0.2577819153056017,0.26019977470650024,0.25708609726196474,0.258994686756967,0.2629035545905864,0.0,0.25125743864887695,0.24396297145442156
加拿大多伦多S&P/TSX 综合指数,0.3671751342992103,0.3215040744761174,0.4463406245896599,0.33677507129638357,0.31360599611034645,0.3943779959622387,0.25125743864887695,0.0,0.3854597911495412
S&P CLX IPSA,0.42926149174519196,0.3297031958519868,0.45587040421391584,0.35487148513855243,0.3291414592384839,0.4518166120126388,0.24396297145442156,0.3854597911495412,0.0
