,比利时BFX,日经225,墨西哥BOLSA,恒生指数,韩国综合指数,荷兰AEX,Costa Rica Indice Accionario,加拿大多伦多S&P/TSX 综合指数,S&P CLX IPSA
比利时BFX,0.0,0.3391684109447194,0.42709529698034865,0.38126307142853966,0.342711138686744,0.6113757980711264,0.24966500975413988,0.38412381897851594,0.4318290816521365
日经225,0.3391684109447194,0.0,0.30189276696779677,0.4455283991070416,0.46241195041277955,0.3369503351527959,0.26439743662979676,0.31868423957531505,0.32483883050608336
墨西哥BOLSA,0.42709529698034865,0.30189276696779677,0.0,0.3803158433451682,0.3428516221313176,0.44323737784553213,0.2620765918669846,0.45475027656348954,0.46346610940733113
恒生指数,0.38126307142853966,0.4455283991070416,0.3803158433451682,0.0,0.46302138818896127,0.3671768034411045,0.26432962871491444,0.3373443940795991,0.35069528400643146
韩国综合指数,0.342711138686744,0.46241195041277955,0.3428516221313176,0.46302138818896127,0.0,0.3413517352336773,0.26295932777057557,0.3153597119494865,0.3330698385478343
荷兰AEX,0.6113757980711264,0.3369503351527959,0.44323737784553213,0.3671768034411045,0.3413517352336773,0.0,0.25932904201721246,0.4077196754815411,0.4526158963072219
Costa Rica Indice Accionario,0.24966500975413988,0.26439743662979676,0.2620765918669846,0.26432962871491444,0.26295932777057557,0.25932904201721246,0.0,0.24888376310908342,0.24395607589176596
加拿大多伦多S&P/TSX 综合指数,0.38412381897851594,0.31868423957531505,0.45475027656348954,0.3373443940795991,0.3153597119494865,0.4077196754815411,0.24888376310908342,0.0,0.3975499220783439
S&P CLX IPSA,0.4318290816521365,0.32483883050608336,0.46346610940733113,0.35069528400643146,0.3330698385478343,0.4526158963072219,0.24395607589176596,0.3975499220783439,0.0
