,比利时BFX,日经225,墨西哥BOLSA,恒生指数,韩国综合指数,荷兰AEX,Costa Rica Indice Accionario,加拿大多伦多S&P/TSX 综合指数,S&P CLX IPSA
比利时BFX,0.0,0.3123478843546881,0.393392157958666,0.3513092228668698,0.33608877501393036,0.547040951954664,0.23978976081582473,0.39564896611504957,0.36827435883985976
日经225,0.3123478843546881,0.0,0.26405564283552757,0.40350101149995626,0.4254432543440209,0.2933366290751799,0.24800202315208175,0.2554984533364251,0.2616809119866906
墨西哥BOLSA,0.393392157958666,0.26405564283552757,0.0,0.3475436722289976,0.30445050510445937,0.43520837419559844,0.27020416281519394,0.481846727721524,0.43619429537672505
恒生指数,0.3513092228668698,0.40350101149995626,0.3475436722289976,0.0,0.4118344334431367,0.3496096399147669,0.27057123960157525,0.30452695508487365,0.30905853134060046
韩国综合指数,0.33608877501393036,0.4254432543440209,0.30445050510445937,0.4118344334431367,0.0,0.33536989359083935,0.2402654753194436,0.2808816323059537,0.2951576961679664
荷兰AEX,0.547040951954664,0.2933366290751799,0.43520837419559844,0.3496096399147669,0.33536989359083935,0.0,0.2526582598895318,0.42356499821414356,0.42228175257980227
Costa Rica Indice Accionario,0.23978976081582473,0.24800202315208175,0.27020416281519394,0.27057123960157525,0.2402654753194436,0.2526582598895318,0.0,0.24334243548652923,0.23809687618016873
加拿大多伦多S&P/TSX 综合指数,0.39564896611504957,0.2554984533364251,0.481846727721524,0.30452695508487365,0.2808816323059537,0.42356499821414356,0.24334243548652923,0.0,0.4321386374420044
S&P CLX IPSA,0.36827435883985976,0.2616809119866906,0.43619429537672505,0.30905853134060046,0.2951576961679664,0.42228175257980227,0.23809687618016873,0.4321386374420044,0.0
