,比利时BFX,日经225,墨西哥BOLSA,恒生指数,韩国综合指数,荷兰AEX,Costa Rica Indice Accionario,加拿大多伦多S&P/TSX 综合指数,S&P CLX IPSA
比利时BFX,0.0,0.31223009725310663,0.4072815645930475,0.332073028883274,0.3320857807834391,0.5562117209349378,0.2455062030004271,0.40090674176494745,0.39269516930568754
日经225,0.31223009725310663,0.0,0.2687792374376624,0.4296340067824301,0.42625217903730106,0.29747346326154517,0.25444393339154525,0.28239544473576894,0.27769529220559486
墨西哥BOLSA,0.4072815645930475,0.2687792374376624,0.0,0.3259925662768715,0.30801938534290696,0.4580104007776123,0.26913462006957545,0.48167811442546876,0.4466594360878746
恒生指数,0.332073028883274,0.4296340067824301,0.3259925662768715,0.0,0.4489171167295461,0.3222829124414472,0.2698435429848533,0.3059261652918493,0.30540663789051337
韩国综合指数,0.3320857807834391,0.42625217903730106,0.30801938534290696,0.4489171167295461,0.0,0.3286126136017671,0.24983162992419813,0.31236494332505005,0.30543205966837256
荷兰AEX,0.5562117209349378,0.29747346326154517,0.4580104007776123,0.3222829124414472,0.3286126136017671,0.0,0.25459008852981807,0.41993611935593766,0.4295137720775581
Costa Rica Indice Accionario,0.2455062030004271,0.25444393339154525,0.26913462006957545,0.2698435429848533,0.24983162992419813,0.25459008852981807,0.0,0.2524540009363453,0.2353611833263023
加拿大多伦多S&P/TSX 综合指数,0.40090674176494745,0.28239544473576894,0.48167811442546876,0.3059261652918493,0.31236494332505005,0.41993611935593766,0.2524540009363453,0.0,0.4258725388760153
S&P CLX IPSA,0.39269516930568754,0.27769529220559486,0.4466594360878746,0.30540663789051337,0.30543205966837256,0.4295137720775581,0.2353611833263023,0.4258725388760153,0.0
