,比利时BFX,日经225,墨西哥BOLSA,恒生指数,韩国综合指数,荷兰AEX,Costa Rica Indice Accionario,加拿大多伦多S&P/TSX 综合指数,S&P CLX IPSA
比利时BFX,0.0,0.33433236970403185,0.4162613909767853,0.3732993541271477,0.3372679164791247,0.6070033055496147,0.25397646697922865,0.36313702676533677,0.42693126581446766
日经225,0.33433236970403185,0.0,0.2994962926987055,0.4417896123145901,0.4609728822591982,0.3336428474691341,0.259857498152496,0.3197316247463944,0.3248586005899172
墨西哥BOLSA,0.4162613909767853,0.2994962926987055,0.0,0.3639790337349955,0.3346333630295986,0.43192585832413644,0.26138568809342,0.4398966782125652,0.4507674283032178
恒生指数,0.3732993541271477,0.4417896123145901,0.3639790337349955,0.0,0.46225477091062606,0.3583776224713635,0.25988300185661634,0.33340480641299863,0.3505890377101109
韩国综合指数,0.3372679164791247,0.4609728822591982,0.3346333630295986,0.46225477091062606,0.0,0.3336473318408033,0.26048084211035083,0.31173089433781515,0.3250467599013056
荷兰AEX,0.6070033055496147,0.3336428474691341,0.43192585832413644,0.3583776224713635,0.3336473318408033,0.0,0.26333389793513584,0.39164849654450373,0.44794912868205117
Costa Rica Indice Accionario,0.25397646697922865,0.259857498152496,0.26138568809342,0.25988300185661634,0.26048084211035083,0.26333389793513584,0.0,0.25283103599686074,0.24394947641891732
加拿大多伦多S&P/TSX 综合指数,0.36313702676533677,0.3197316247463944,0.4398966782125652,0.33340480641299863,0.31173089433781515,0.39164849654450373,0.25283103599686074,0.0,0.38143524342519647
S&P CLX IPSA,0.42693126581446766,0.3248586005899172,0.4507674283032178,0.3505890377101109,0.3250467599013056,0.44794912868205117,0.24394947641891732,0.38143524342519647,0.0
