,比利时BFX,日经225,墨西哥BOLSA,恒生指数,韩国综合指数,荷兰AEX,Costa Rica Indice Accionario,加拿大多伦多S&P/TSX 综合指数,S&P CLX IPSA
比利时BFX,0.0,0.30599088326761453,0.41080129474428395,0.3479817282464289,0.3293567105168218,0.5723394301467388,0.23131511755370926,0.43044824612797783,0.3814410674665844
日经225,0.30599088326761453,0.0,0.2713533093762708,0.41486210629369974,0.4221617312289011,0.28804386111397007,0.2558430846345512,0.2740333207968981,0.26681143100138305
墨西哥BOLSA,0.41080129474428395,0.2713533093762708,0.0,0.3462343511092062,0.3137982838263506,0.4541461089245013,0.2567454065735136,0.49821933774859406,0.45489017380866886
恒生指数,0.3479817282464289,0.41486210629369974,0.3462343511092062,0.0,0.41795355088340513,0.34901249089893943,0.27849364871916676,0.31384878454052967,0.30652086712788107
韩国综合指数,0.3293567105168218,0.4221617312289011,0.3137982838263506,0.41795355088340513,0.0,0.3270633639987545,0.23174496531778857,0.3033036786780115,0.3054824611411268
荷兰AEX,0.5723394301467388,0.28804386111397007,0.4541461089245013,0.34901249089893943,0.3270633639987545,0.0,0.2453587735419804,0.4578479264279793,0.42517963609179216
Costa Rica Indice Accionario,0.23131511755370926,0.2558430846345512,0.2567454065735136,0.27849364871916676,0.23174496531778857,0.2453587735419804,0.0,0.2381108104319285,0.236521526507679
加拿大多伦多S&P/TSX 综合指数,0.43044824612797783,0.2740333207968981,0.49821933774859406,0.31384878454052967,0.3033036786780115,0.4578479264279793,0.2381108104319285,0.0,0.43949502413347336
S&P CLX IPSA,0.3814410674665844,0.26681143100138305,0.45489017380866886,0.30652086712788107,0.3054824611411268,0.42517963609179216,0.236521526507679,0.43949502413347336,0.0
