,比利时BFX,日经225,墨西哥BOLSA,恒生指数,韩国综合指数,荷兰AEX,Costa Rica Indice Accionario,加拿大多伦多S&P/TSX 综合指数,S&P CLX IPSA
比利时BFX,0.0,0.30062765881524045,0.41110761471566165,0.34016657207306156,0.3363493555012804,0.5668473114682597,0.23801653224502142,0.4259363657819197,0.38063858893695984
日经225,0.30062765881524045,0.0,0.26922907418291603,0.4078930504742769,0.4099423261737633,0.2872557954519647,0.24518269996216482,0.276123471859604,0.268034399533442
墨西哥BOLSA,0.41110761471566165,0.26922907418291603,0.0,0.33714252773260023,0.31894039665892504,0.45287975743481856,0.2649865878810486,0.49742345230704044,0.4589069659102759
恒生指数,0.34016657207306156,0.4078930504742769,0.33714252773260023,0.0,0.4062771877299064,0.3382289884269769,0.2683946797316685,0.3104502807738113,0.3046732674757112
韩国综合指数,0.3363493555012804,0.4099423261737633,0.31894039665892504,0.4062771877299064,0.0,0.3353966542063335,0.23281799170045664,0.30503789172581997,0.308952682488194
荷兰AEX,0.5668473114682597,0.2872557954519647,0.45287975743481856,0.3382289884269769,0.3353966542063335,0.0,0.25069525886873273,0.4476601103692643,0.4263808251300853
Costa Rica Indice Accionario,0.23801653224502142,0.24518269996216482,0.2649865878810486,0.2683946797316685,0.23281799170045664,0.25069525886873273,0.0,0.2413547860980196,0.23674966221584287
加拿大多伦多S&P/TSX 综合指数,0.4259363657819197,0.276123471859604,0.49742345230704044,0.3104502807738113,0.30503789172581997,0.4476601103692643,0.2413547860980196,0.0,0.4468754791101831
S&P CLX IPSA,0.38063858893695984,0.268034399533442,0.4589069659102759,0.3046732674757112,0.308952682488194,0.4263808251300853,0.23674966221584287,0.4468754791101831,0.0
