,比利时BFX,日经225,墨西哥BOLSA,恒生指数,韩国综合指数,荷兰AEX,Costa Rica Indice Accionario,加拿大多伦多S&P/TSX 综合指数,S&P CLX IPSA
比利时BFX,0.0,0.2977518243521187,0.416210829274561,0.3426206271983654,0.312863043138257,0.5840458765024084,0.23117481753288077,0.4381630635336814,0.37806105105318255
日经225,0.2977518243521187,0.0,0.26980652834780466,0.4212485245576081,0.43403319871968804,0.2828075749079653,0.25536361755667775,0.2705601055525935,0.2637888061318833
墨西哥BOLSA,0.416210829274561,0.26980652834780466,0.0,0.3507810222437005,0.3094305529147875,0.457893571431598,0.2581563751504234,0.5026898044211049,0.4466520499674366
恒生指数,0.3426206271983654,0.4212485245576081,0.3507810222437005,0.0,0.41354355015131217,0.3490223864294057,0.2806141609739519,0.3256955637622277,0.3062485992137187
韩国综合指数,0.312863043138257,0.43403319871968804,0.3094305529147875,0.41354355015131217,0.0,0.3135932708051077,0.2314622855776026,0.3066915163851727,0.3027077610238371
荷兰AEX,0.5840458765024084,0.2828075749079653,0.457893571431598,0.3490223864294057,0.3135932708051077,0.0,0.24729227096778875,0.45907987286977703,0.41521315118987107
Costa Rica Indice Accionario,0.23117481753288077,0.25536361755667775,0.2581563751504234,0.2806141609739519,0.2314622855776026,0.24729227096778875,0.0,0.23687261946314814,0.2383449922152451
加拿大多伦多S&P/TSX 综合指数,0.4381630635336814,0.2705601055525935,0.5026898044211049,0.3256955637622277,0.3066915163851727,0.45907987286977703,0.23687261946314814,0.0,0.4433970738859767
S&P CLX IPSA,0.37806105105318255,0.2637888061318833,0.4466520499674366,0.3062485992137187,0.3027077610238371,0.41521315118987107,0.2383449922152451,0.4433970738859767,0.0
