,比利时BFX,日经225,墨西哥BOLSA,恒生指数,韩国综合指数,荷兰AEX,Costa Rica Indice Accionario,加拿大多伦多S&P/TSX 综合指数,S&P CLX IPSA
比利时BFX,0.0,0.3063120819153953,0.40322711633758473,0.3461612332774202,0.3315089468645895,0.551891437130492,0.23993287389434367,0.4079202174516783,0.36268946606917357
日经225,0.3063120819153953,0.0,0.2694056574015144,0.40891277741139903,0.41866519544001635,0.2924806114318527,0.24766137418758155,0.2613791035523883,0.2658987676384064
墨西哥BOLSA,0.40322711633758473,0.2694056574015144,0.0,0.34493286800353906,0.30796778902560296,0.4440015234871412,0.2653348694462873,0.4947081366324729,0.43666870108759315
恒生指数,0.3461612332774202,0.40891277741139903,0.34493286800353906,0.0,0.3996133309757857,0.3425733496737595,0.2693120659195755,0.30841172660765676,0.30582664154556854
韩国综合指数,0.3315089468645895,0.41866519544001635,0.30796778902560296,0.3996133309757857,0.0,0.3292416968642768,0.23853164886544145,0.2886167572379765,0.29785242833252323
荷兰AEX,0.551891437130492,0.2924806114318527,0.4440015234871412,0.3425733496737595,0.3292416968642768,0.0,0.25268055000522516,0.43931273858110664,0.42040836129733794
Costa Rica Indice Accionario,0.23993287389434367,0.24766137418758155,0.2653348694462873,0.2693120659195755,0.23853164886544145,0.25268055000522516,0.0,0.241389939505737,0.23673666285092412
加拿大多伦多S&P/TSX 综合指数,0.4079202174516783,0.2613791035523883,0.4947081366324729,0.30841172660765676,0.2886167572379765,0.43931273858110664,0.241389939505737,0.0,0.43418023429752184
S&P CLX IPSA,0.36268946606917357,0.2658987676384064,0.43666870108759315,0.30582664154556854,0.29785242833252323,0.42040836129733794,0.23673666285092412,0.43418023429752184,0.0
