,比利时BFX,日经225,墨西哥BOLSA,恒生指数,韩国综合指数,荷兰AEX,Costa Rica Indice Accionario,加拿大多伦多S&P/TSX 综合指数,S&P CLX IPSA
比利时BFX,0.0,0.33998229920724105,0.4269742381468853,0.37483316156091057,0.34307574540912505,0.6115226826692254,0.24943880651241293,0.38088217032075017,0.43436147305944584
日经225,0.33998229920724105,0.0,0.3034955582372337,0.44322453210253265,0.4638101357267388,0.33841102022709396,0.2649034000402865,0.31848021856156533,0.32880868386265366
墨西哥BOLSA,0.4269742381468853,0.3034955582372337,0.0,0.3797818951342532,0.3453262685703385,0.44044345232215315,0.26291411762093836,0.4497049841694767,0.4623125459831539
恒生指数,0.37483316156091057,0.44322453210253265,0.3797818951342532,0.0,0.4639362539037762,0.36395257664830605,0.26481926797491995,0.3394083222935394,0.35589764790759487
韩国综合指数,0.34307574540912505,0.4638101357267388,0.3453262685703385,0.4639362539037762,0.0,0.3426780058502593,0.2637460925892227,0.3148644478179354,0.3352045828291431
荷兰AEX,0.6115226826692254,0.33841102022709396,0.44044345232215315,0.36395257664830605,0.3426780058502593,0.0,0.25973009303635364,0.4056257553524154,0.4535378078052839
Costa Rica Indice Accionario,0.24943880651241293,0.2649034000402865,0.26291411762093836,0.26481926797491995,0.2637460925892227,0.25973009303635364,0.0,0.2495503547971506,0.24432066542199318
加拿大多伦多S&P/TSX 综合指数,0.38088217032075017,0.31848021856156533,0.4497049841694767,0.3394083222935394,0.3148644478179354,0.4056257553524154,0.2495503547971506,0.0,0.3981647258102276
S&P CLX IPSA,0.43436147305944584,0.32880868386265366,0.4623125459831539,0.35589764790759487,0.3352045828291431,0.4535378078052839,0.24432066542199318,0.3981647258102276,0.0
