,比利时BFX,日经225,墨西哥BOLSA,恒生指数,韩国综合指数,荷兰AEX,Costa Rica Indice Accionario,加拿大多伦多S&P/TSX 综合指数,S&P CLX IPSA
比利时BFX,0.0,0.3094694289417683,0.40670319502160696,0.34880415699982004,0.330104680823957,0.5526122375121292,0.24026711188949032,0.41278032156314676,0.37330289754526946
日经225,0.3094694289417683,0.0,0.2682812500801386,0.40416831129133374,0.4115603355101623,0.2925868523755062,0.24751326461560116,0.2645724630995908,0.2662440234120009
墨西哥BOLSA,0.40670319502160696,0.2682812500801386,0.0,0.3478309775630248,0.3092722869234092,0.4458780913808204,0.26520385068447894,0.48938258802356954,0.4416969175074126
恒生指数,0.34880415699982004,0.40416831129133374,0.3478309775630248,0.0,0.40435540913239015,0.3448697069155948,0.2688880057628353,0.3086471857413154,0.310874772892876
韩国综合指数,0.330104680823957,0.4115603355101623,0.3092722869234092,0.40435540913239015,0.0,0.33183964932504423,0.2383175398968636,0.28706122621482955,0.2998936067729877
荷兰AEX,0.5526122375121292,0.2925868523755062,0.4458780913808204,0.3448697069155948,0.33183964932504423,0.0,0.2525721316218086,0.4362667541688034,0.4275241882357231
Costa Rica Indice Accionario,0.24026711188949032,0.24751326461560116,0.26520385068447894,0.2688880057628353,0.2383175398968636,0.2525721316218086,0.0,0.2418761948510078,0.23706443064407487
加拿大多伦多S&P/TSX 综合指数,0.41278032156314676,0.2645724630995908,0.48938258802356954,0.3086471857413154,0.28706122621482955,0.4362667541688034,0.2418761948510078,0.0,0.4395662535863433
S&P CLX IPSA,0.37330289754526946,0.2662440234120009,0.4416969175074126,0.310874772892876,0.2998936067729877,0.4275241882357231,0.23706443064407487,0.4395662535863433,0.0
