,比利时BFX,日经225,墨西哥BOLSA,恒生指数,韩国综合指数,荷兰AEX,Costa Rica Indice Accionario,加拿大多伦多S&P/TSX 综合指数,S&P CLX IPSA
比利时BFX,0.0,0.33232652143839203,0.41611089886626246,0.3702375583059615,0.33076089772709044,0.6181513124512376,0.2669441754059967,0.35576068694489177,0.4220876533499276
日经225,0.33232652143839203,0.0,0.2989485065936203,0.44079228720221364,0.47002388977495724,0.3367088118046756,0.26637620648922217,0.32013872548597383,0.3244619492109463
墨西哥BOLSA,0.41611089886626246,0.2989485065936203,0.0,0.35956027843105665,0.3328145896130456,0.4272968027369505,0.26655795669160615,0.42751840272426395,0.443651741084447
恒生指数,0.3702375583059615,0.44079228720221364,0.35956027843105665,0.0,0.46663269475031866,0.3545896429267145,0.24803024549778563,0.3323982850166724,0.34594481515604186
韩国综合指数,0.33076089772709044,0.47002388977495724,0.3328145896130456,0.46663269475031866,0.0,0.3298374985476553,0.28331201835050657,0.3103053245169403,0.32278245037647807
荷兰AEX,0.6181513124512376,0.3367088118046756,0.4272968027369505,0.3545896429267145,0.3298374985476553,0.0,0.2718985682425762,0.38537804557156813,0.4383893960412745
Costa Rica Indice Accionario,0.2669441754059967,0.26637620648922217,0.26655795669160615,0.24803024549778563,0.28331201835050657,0.2718985682425762,0.0,0.257846795212613,0.2506692324626667
加拿大多伦多S&P/TSX 综合指数,0.35576068694489177,0.32013872548597383,0.42751840272426395,0.3323982850166724,0.3103053245169403,0.38537804557156813,0.257846795212613,0.0,0.37201309876610056
S&P CLX IPSA,0.4220876533499276,0.3244619492109463,0.443651741084447,0.34594481515604186,0.32278245037647807,0.4383893960412745,0.2506692324626667,0.37201309876610056,0.0
