,比利时BFX,日经225,墨西哥BOLSA,恒生指数,韩国综合指数,荷兰AEX,Costa Rica Indice Accionario,加拿大多伦多S&P/TSX 综合指数,S&P CLX IPSA
比利时BFX,0.0,0.33901584107039334,0.42932525405545496,0.3835726868923142,0.3437529243356867,0.6106626627928327,0.24989317733802435,0.3856998623832593,0.4316116625292321
日经225,0.33901584107039334,0.0,0.30318651041000444,0.4453726732635163,0.46354734032134026,0.33691005024814574,0.2648707064194768,0.31888329513364994,0.32537034906015283
墨西哥BOLSA,0.42932525405545496,0.30318651041000444,0.0,0.38164575529934297,0.3428156158727447,0.44503996362858755,0.2619241646847584,0.45873128660807116,0.4656835010106493
恒生指数,0.3835726868923142,0.4453726732635163,0.38164575529934297,0.0,0.4636680508009442,0.3689094311734348,0.26431511165710797,0.33830535232244363,0.3513746070186582
韩国综合指数,0.3437529243356867,0.46354734032134026,0.3428156158727447,0.4636680508009442,0.0,0.3423354766919003,0.26264905682036493,0.315566236299883,0.33346322727285505
荷兰AEX,0.6106626627928327,0.33691005024814574,0.44503996362858755,0.3689094311734348,0.3423354766919003,0.0,0.2595765822212595,0.40903271481343745,0.45291862324431487
Costa Rica Indice Accionario,0.24989317733802435,0.2648707064194768,0.2619241646847584,0.26431511165710797,0.26264905682036493,0.2595765822212595,0.0,0.24955637214815546,0.2440918578200741
加拿大多伦多S&P/TSX 综合指数,0.3856998623832593,0.31888329513364994,0.45873128660807116,0.33830535232244363,0.315566236299883,0.40903271481343745,0.24955637214815546,0.0,0.40036141983085716
S&P CLX IPSA,0.4316116625292321,0.32537034906015283,0.4656835010106493,0.3513746070186582,0.33346322727285505,0.45291862324431487,0.2440918578200741,0.40036141983085716,0.0
