,比利时BFX,日经225,墨西哥BOLSA,恒生指数,韩国综合指数,荷兰AEX,Costa Rica Indice Accionario,加拿大多伦多S&P/TSX 综合指数,S&P CLX IPSA
比利时BFX,0.0,0.29791219058008234,0.4100766539338785,0.33745164339491684,0.3321667600340635,0.5611280111477325,0.2379348345249452,0.42376726806705106,0.380050075831391
日经225,0.29791219058008234,0.0,0.2668319932919486,0.4084500293521375,0.41407826907235834,0.2875384167026814,0.24460130626897006,0.26831403813744364,0.2678990797526859
墨西哥BOLSA,0.4100766539338785,0.2668319932919486,0.0,0.33437964778444534,0.3149151160828267,0.45109440452159555,0.2646387992492859,0.49599111115670313,0.45395266376590476
恒生指数,0.33745164339491684,0.4084500293521375,0.33437964778444534,0.0,0.4070825850635039,0.3377165412613271,0.2680586275872857,0.3053203355381903,0.30436280000845345
韩国综合指数,0.3321667600340635,0.41407826907235834,0.3149151160828267,0.4070825850635039,0.0,0.3344183793278467,0.23233547760903767,0.2971275544134129,0.30740863674130275
荷兰AEX,0.5611280111477325,0.2875384167026814,0.45109440452159555,0.3377165412613271,0.3344183793278467,0.0,0.25043739861235564,0.44194487561780327,0.42465341628697767
Costa Rica Indice Accionario,0.2379348345249452,0.24460130626897006,0.2646387992492859,0.2680586275872857,0.23233547760903767,0.25043739861235564,0.0,0.2411709843308409,0.2362181815660213
加拿大多伦多S&P/TSX 综合指数,0.42376726806705106,0.26831403813744364,0.49599111115670313,0.3053203355381903,0.2971275544134129,0.44194487561780327,0.2411709843308409,0.0,0.4347671152211531
S&P CLX IPSA,0.380050075831391,0.2678990797526859,0.45395266376590476,0.30436280000845345,0.30740863674130275,0.42465341628697767,0.2362181815660213,0.4347671152211531,0.0
