,比利时BFX,日经225,墨西哥BOLSA,恒生指数,韩国综合指数,荷兰AEX,Costa Rica Indice Accionario,加拿大多伦多S&P/TSX 综合指数,S&P CLX IPSA
比利时BFX,0.0,0.3278952334089271,0.429113410714191,0.35685895144249047,0.33111180929762685,0.5901295642328839,0.2476608504736067,0.39160010692293123,0.42975077186496113
日经225,0.3278952334089271,0.0,0.3030729909529594,0.4396446270214948,0.45108265511805645,0.32496500261222905,0.26008367525746645,0.32480503008379535,0.3167954379634165
墨西哥BOLSA,0.429113410714191,0.3030729909529594,0.0,0.3809142833930377,0.35120089609157423,0.4510789551532668,0.26377287165461294,0.4482740859862869,0.4603223590795724
恒生指数,0.35685895144249047,0.4396446270214948,0.3809142833930377,0.0,0.4650706576950588,0.34845867404081327,0.26488329623245754,0.3429470831775183,0.3455521006074131
韩国综合指数,0.33111180929762685,0.45108265511805645,0.35120089609157423,0.4650706576950588,0.0,0.32879359091233085,0.26046476429742255,0.3185027454591282,0.33095273450402524
荷兰AEX,0.5901295642328839,0.32496500261222905,0.4510789551532668,0.34845867404081327,0.32879359091233085,0.0,0.25873366108357315,0.4140251951988054,0.45304307231396335
Costa Rica Indice Accionario,0.2476608504736067,0.26008367525746645,0.26377287165461294,0.26488329623245754,0.26046476429742255,0.25873366108357315,0.0,0.2467725378889705,0.24186597630763548
加拿大多伦多S&P/TSX 综合指数,0.39160010692293123,0.32480503008379535,0.4482740859862869,0.3429470831775183,0.3185027454591282,0.4140251951988054,0.2467725378889705,0.0,0.3988613503549409
S&P CLX IPSA,0.42975077186496113,0.3167954379634165,0.4603223590795724,0.3455521006074131,0.33095273450402524,0.45304307231396335,0.24186597630763548,0.3988613503549409,0.0
