,比利时BFX,日经225,墨西哥BOLSA,恒生指数,韩国综合指数,荷兰AEX,Costa Rica Indice Accionario,加拿大多伦多S&P/TSX 综合指数,S&P CLX IPSA
比利时BFX,0.0,0.3053862183344433,0.40367043850284773,0.34539143796350086,0.3309765599295418,0.5515091485112485,0.23984291256514834,0.40790304113622894,0.36260133422510804
日经225,0.3053862183344433,0.0,0.2697065590529279,0.40726816101059427,0.41790365151408143,0.2916007312056333,0.24781997821829768,0.26095138200339985,0.26494703611117276
墨西哥BOLSA,0.40367043850284773,0.2697065590529279,0.0,0.34602890041660345,0.3082255490087008,0.44455193382991465,0.26539323649713814,0.494697334436113,0.4355035107200495
恒生指数,0.34539143796350086,0.40726816101059427,0.34602890041660345,0.0,0.39897604585210444,0.34182976189441433,0.2693480978024931,0.30833338326351784,0.30581161275410335
韩国综合指数,0.3309765599295418,0.41790365151408143,0.3082255490087008,0.39897604585210444,0.0,0.32871612887397966,0.23852818458053351,0.2884066177622311,0.2974463923421142
荷兰AEX,0.5515091485112485,0.2916007312056333,0.44455193382991465,0.34182976189441433,0.32871612887397966,0.0,0.25258991636530337,0.43933217778677974,0.4202515831130747
Costa Rica Indice Accionario,0.23984291256514834,0.24781997821829768,0.26539323649713814,0.2693480978024931,0.23852818458053351,0.25258991636530337,0.0,0.2413130390226021,0.23650292563086242
加拿大多伦多S&P/TSX 综合指数,0.40790304113622894,0.26095138200339985,0.494697334436113,0.30833338326351784,0.2884066177622311,0.43933217778677974,0.2413130390226021,0.0,0.43391267593008714
S&P CLX IPSA,0.36260133422510804,0.26494703611117276,0.4355035107200495,0.30581161275410335,0.2974463923421142,0.4202515831130747,0.23650292563086242,0.43391267593008714,0.0
