,比利时BFX,日经225,墨西哥BOLSA,恒生指数,韩国综合指数,荷兰AEX,Costa Rica Indice Accionario,加拿大多伦多S&P/TSX 综合指数,S&P CLX IPSA
比利时BFX,0.0,0.3399735511836398,0.42913969166336813,0.3839664073432939,0.3456534625366965,0.6118397533342712,0.25025681189145915,0.38937347190387356,0.4326585351906284
日经225,0.3399735511836398,0.0,0.3042466386009469,0.44580206705246,0.46342724402218777,0.3367224506145472,0.26454545400316776,0.31815360990149977,0.3243991424870292
墨西哥BOLSA,0.42913969166336813,0.3042466386009469,0.0,0.3822878237226301,0.3442728547311454,0.44410796890759374,0.2617743765515451,0.45982754449496377,0.4648401354862521
恒生指数,0.3839664073432939,0.44580206705246,0.3822878237226301,0.0,0.4644443040316729,0.36885412009126606,0.2644035872283316,0.3392365148174191,0.35095725245801673
韩国综合指数,0.3456534625366965,0.46342724402218777,0.3442728547311454,0.4644443040316729,0.0,0.3432872410742763,0.2628817031974311,0.316318135528419,0.3330936843922704
荷兰AEX,0.6118397533342712,0.3367224506145472,0.44410796890759374,0.36885412009126606,0.3432872410742763,0.0,0.25977541069067117,0.4111476742634112,0.45303669119022105
Costa Rica Indice Accionario,0.25025681189145915,0.26454545400316776,0.2617743765515451,0.2644035872283316,0.2628817031974311,0.25977541069067117,0.0,0.24928325865747805,0.24425922897275956
加拿大多伦多S&P/TSX 综合指数,0.38937347190387356,0.31815360990149977,0.45982754449496377,0.3392365148174191,0.316318135528419,0.4111476742634112,0.24928325865747805,0.0,0.4017548536060871
S&P CLX IPSA,0.4326585351906284,0.3243991424870292,0.4648401354862521,0.35095725245801673,0.3330936843922704,0.45303669119022105,0.24425922897275956,0.4017548536060871,0.0
