,比利时BFX,日经225,墨西哥BOLSA,恒生指数,韩国综合指数,荷兰AEX,Costa Rica Indice Accionario,加拿大多伦多S&P/TSX 综合指数,S&P CLX IPSA
比利时BFX,0.0,0.29722275532536263,0.4111805796409938,0.3372669503062917,0.3316513400355165,0.5610542226672192,0.23793322330233033,0.4275291598031019,0.3793370983914671
日经225,0.29722275532536263,0.0,0.2679328213118645,0.40662552303365,0.41362599518261195,0.28661070085630685,0.2450040538258898,0.27094838669160026,0.26848859429041005
墨西哥BOLSA,0.4111805796409938,0.2679328213118645,0.0,0.33706079914962916,0.31695074598224626,0.4532813600626418,0.2646804281473143,0.49605083035117425,0.45537729331105387
恒生指数,0.3372669503062917,0.40662552303365,0.33706079914962916,0.0,0.40515213939900907,0.33704061810188524,0.2683759754652176,0.3097561667579024,0.3040808020564474
韩国综合指数,0.3316513400355165,0.41362599518261195,0.31695074598224626,0.40515213939900907,0.0,0.33346042301750295,0.23258661582588783,0.30109428546610845,0.3077074968351356
荷兰AEX,0.5610542226672192,0.28661070085630685,0.4532813600626418,0.33704061810188524,0.33346042301750295,0.0,0.2504517093406175,0.44755290798155484,0.42359412121559514
Costa Rica Indice Accionario,0.23793322330233033,0.2450040538258898,0.2646804281473143,0.2683759754652176,0.23258661582588783,0.2504517093406175,0.0,0.24118688908769864,0.2364804776881607
加拿大多伦多S&P/TSX 综合指数,0.4275291598031019,0.27094838669160026,0.49605083035117425,0.3097561667579024,0.30109428546610845,0.44755290798155484,0.24118688908769864,0.0,0.43959393831460564
S&P CLX IPSA,0.3793370983914671,0.26848859429041005,0.45537729331105387,0.3040808020564474,0.3077074968351356,0.42359412121559514,0.2364804776881607,0.43959393831460564,0.0
