,比利时BFX,日经225,墨西哥BOLSA,恒生指数,韩国综合指数,荷兰AEX,Costa Rica Indice Accionario,加拿大多伦多S&P/TSX 综合指数,S&P CLX IPSA
比利时BFX,0.0,0.33509876889098744,0.41449312332305527,0.3717108288744571,0.32813931513325845,0.6199583185044052,0.26564191607740983,0.35551685578402037,0.4223138291030579
日经225,0.33509876889098744,0.0,0.30114201780463923,0.44458985504647697,0.47862284768523555,0.3379766836216356,0.28028453386003566,0.3205318361874035,0.32475654574676827
墨西哥BOLSA,0.41449312332305527,0.30114201780463923,0.0,0.36490473388374356,0.3321669464737281,0.42526260792948867,0.26240115093697247,0.4275995744298613,0.44423451640708705
恒生指数,0.3717108288744571,0.44458985504647697,0.36490473388374356,0.0,0.47344995975194226,0.3570985752633236,0.2582493607760448,0.3340252380649914,0.3469975110766622
韩国综合指数,0.32813931513325845,0.47862284768523555,0.3321669464737281,0.47344995975194226,0.0,0.3274358372564238,0.2920863447335462,0.309876618744124,0.32223400800233
荷兰AEX,0.6199583185044052,0.3379766836216356,0.42526260792948867,0.3570985752633236,0.3274358372564238,0.0,0.2723558170893698,0.384443274708558,0.4370316709691291
Costa Rica Indice Accionario,0.26564191607740983,0.28028453386003566,0.26240115093697247,0.2582493607760448,0.2920863447335462,0.2723558170893698,0.0,0.25807481120219755,0.252570731292631
加拿大多伦多S&P/TSX 综合指数,0.35551685578402037,0.3205318361874035,0.4275995744298613,0.3340252380649914,0.309876618744124,0.384443274708558,0.25807481120219755,0.0,0.37213096507060517
S&P CLX IPSA,0.4223138291030579,0.32475654574676827,0.44423451640708705,0.3469975110766622,0.32223400800233,0.4370316709691291,0.252570731292631,0.37213096507060517,0.0
