,比利时BFX,日经225,墨西哥BOLSA,恒生指数,韩国综合指数,荷兰AEX,Costa Rica Indice Accionario,加拿大多伦多S&P/TSX 综合指数,S&P CLX IPSA
比利时BFX,0.0,0.3401883675106295,0.42187530698126263,0.37931540815946924,0.3440616626093821,0.6100611789169869,0.2517459066834943,0.36891357655294876,0.4278747257760996
日经225,0.3401883675106295,0.0,0.3065881688673114,0.44713467883527913,0.4651521140163874,0.33988992372315957,0.25913365342367833,0.3221236030197954,0.33152894287153856
墨西哥BOLSA,0.42187530698126263,0.3065881688673114,0.0,0.3709158759847442,0.34101917095849515,0.43735206806817173,0.26154960966502827,0.4475593703867365,0.4551490397787838
恒生指数,0.37931540815946924,0.44713467883527913,0.3709158759847442,0.0,0.4654389738687662,0.3645484187247543,0.2588918411365542,0.3360012988769089,0.3541287785087866
韩国综合指数,0.3440616626093821,0.4651521140163874,0.34101917095849515,0.4654389738687662,0.0,0.34069877443452795,0.2606692586469963,0.31465966032736964,0.33065560997852345
荷兰AEX,0.6100611789169869,0.33988992372315957,0.43735206806817173,0.3645484187247543,0.34069877443452795,0.0,0.26242655440166807,0.39551188200907017,0.4490135855035941
Costa Rica Indice Accionario,0.2517459066834943,0.25913365342367833,0.26154960966502827,0.2588918411365542,0.2606692586469963,0.26242655440166807,0.0,0.2511885361613719,0.24463402257941283
加拿大多伦多S&P/TSX 综合指数,0.36891357655294876,0.3221236030197954,0.4475593703867365,0.3360012988769089,0.31465966032736964,0.39551188200907017,0.2511885361613719,0.0,0.38640881958709067
S&P CLX IPSA,0.4278747257760996,0.33152894287153856,0.4551490397787838,0.3541287785087866,0.33065560997852345,0.4490135855035941,0.24463402257941283,0.38640881958709067,0.0
