,比利时BFX,日经225,墨西哥BOLSA,恒生指数,韩国综合指数,荷兰AEX,Costa Rica Indice Accionario,加拿大多伦多S&P/TSX 综合指数,S&P CLX IPSA
比利时BFX,0.0,0.29607219995716505,0.41085328092839374,0.33780612806256266,0.2967531344977481,0.5904285762178333,0.23056973059896624,0.41845079591178064,0.36061446890674215
日经225,0.29607219995716505,0.0,0.26479688671674095,0.4170788162567311,0.44078277522953696,0.2868101487901397,0.24463430081807216,0.26671782566356095,0.2657521126934981
墨西哥BOLSA,0.41085328092839374,0.26479688671674095,0.0,0.34027823974701266,0.2979041563272357,0.45292325128524913,0.25396470452992465,0.4838236760294119,0.43527473456834714
恒生指数,0.33780612806256266,0.4170788162567311,0.34027823974701266,0.0,0.42426150577296606,0.3368732796388224,0.24627902421559025,0.31335870582005604,0.29645736041255416
韩国综合指数,0.2967531344977481,0.44078277522953696,0.2979041563272357,0.42426150577296606,0.0,0.3014862288948088,0.23689807138617588,0.2917777706295373,0.2943187374716754
荷兰AEX,0.5904285762178333,0.2868101487901397,0.45292325128524913,0.3368732796388224,0.3014862288948088,0.0,0.24424277805281236,0.4412127365882235,0.38960276491195023
Costa Rica Indice Accionario,0.23056973059896624,0.24463430081807216,0.25396470452992465,0.24627902421559025,0.23689807138617588,0.24424277805281236,0.0,0.23045041622098136,0.24250973429783984
加拿大多伦多S&P/TSX 综合指数,0.41845079591178064,0.26671782566356095,0.4838236760294119,0.31335870582005604,0.2917777706295373,0.4412127365882235,0.23045041622098136,0.0,0.4253690749390907
S&P CLX IPSA,0.36061446890674215,0.2657521126934981,0.43527473456834714,0.29645736041255416,0.2943187374716754,0.38960276491195023,0.24250973429783984,0.4253690749390907,0.0
