,比利时BFX,日经225,墨西哥BOLSA,恒生指数,韩国综合指数,荷兰AEX,Costa Rica Indice Accionario,加拿大多伦多S&P/TSX 综合指数,S&P CLX IPSA
比利时BFX,0.0,0.31529532997697407,0.40081652973116555,0.3298337805610225,0.3251886241236487,0.5532619338292394,0.2539003624547633,0.4003230722410612,0.37685778378817875
日经225,0.31529532997697407,0.0,0.2661845021886585,0.43253002585255823,0.44421246614201715,0.2949147478159955,0.25881367905045655,0.2756827096020636,0.2686544855151592
墨西哥BOLSA,0.40081652973116555,0.2661845021886585,0.0,0.3290141339752663,0.3045207374635022,0.4459120755924952,0.27658196654351064,0.4789370837049047,0.4419531415781945
恒生指数,0.3298337805610225,0.43253002585255823,0.3290141339752663,0.0,0.44338022099783275,0.3197092262640021,0.2806799688097139,0.30346728409262896,0.29538582322215307
韩国综合指数,0.3251886241236487,0.44421246614201715,0.3045207374635022,0.44338022099783275,0.0,0.3168279146033913,0.2610936592372684,0.30974615634588826,0.29301712481687603
荷兰AEX,0.5532619338292394,0.2949147478159955,0.4459120755924952,0.3197092262640021,0.3168279146033913,0.0,0.26546220975483364,0.41717978774351944,0.4141860528299689
Costa Rica Indice Accionario,0.2539003624547633,0.25881367905045655,0.27658196654351064,0.2806799688097139,0.2610936592372684,0.26546220975483364,0.0,0.25525706896660666,0.2425739452212757
加拿大多伦多S&P/TSX 综合指数,0.4003230722410612,0.2756827096020636,0.4789370837049047,0.30346728409262896,0.30974615634588826,0.41717978774351944,0.25525706896660666,0.0,0.42378020471812683
S&P CLX IPSA,0.37685778378817875,0.2686544855151592,0.4419531415781945,0.29538582322215307,0.29301712481687603,0.4141860528299689,0.2425739452212757,0.42378020471812683,0.0
