,比利时BFX,日经225,墨西哥BOLSA,恒生指数,韩国综合指数,荷兰AEX,Costa Rica Indice Accionario,加拿大多伦多S&P/TSX 综合指数,S&P CLX IPSA
比利时BFX,0.0,0.30742338473416053,0.40817549341025633,0.35009090818792304,0.32815363786453994,0.5717586320697974,0.23135660962307186,0.42790837321082315,0.37643513613642515
日经225,0.30742338473416053,0.0,0.27199432615332414,0.41684948096351226,0.41960896685829613,0.28974374275330395,0.25603192023122445,0.27440906532764986,0.2667624934365853
墨西哥BOLSA,0.40817549341025633,0.27199432615332414,0.0,0.3494882145347225,0.31350724897297905,0.449544124749616,0.2572129323574259,0.49565564731598016,0.44831642448438447
恒生指数,0.35009090818792304,0.41684948096351226,0.3494882145347225,0.0,0.4175447324578442,0.3535762795020545,0.27860610195324004,0.31524612457393014,0.30741597421990835
韩国综合指数,0.32815363786453994,0.41960896685829613,0.31350724897297905,0.4175447324578442,0.0,0.32647117374574236,0.23189214162362873,0.3029793394954324,0.30620255155392584
荷兰AEX,0.5717586320697974,0.28974374275330395,0.449544124749616,0.3535762795020545,0.32647117374574236,0.0,0.24577152593013873,0.4545757972998872,0.4160855270910019
Costa Rica Indice Accionario,0.23135660962307186,0.25603192023122445,0.2572129323574259,0.27860610195324004,0.23189214162362873,0.24577152593013873,0.0,0.23824032389186017,0.2363080899523026
加拿大多伦多S&P/TSX 综合指数,0.42790837321082315,0.27440906532764986,0.49565564731598016,0.31524612457393014,0.3029793394954324,0.4545757972998872,0.23824032389186017,0.0,0.43551916157826087
S&P CLX IPSA,0.37643513613642515,0.2667624934365853,0.44831642448438447,0.30741597421990835,0.30620255155392584,0.4160855270910019,0.2363080899523026,0.43551916157826087,0.0
