,比利时BFX,日经225,墨西哥BOLSA,恒生指数,韩国综合指数,荷兰AEX,Costa Rica Indice Accionario,加拿大多伦多S&P/TSX 综合指数,S&P CLX IPSA
比利时BFX,0.0,0.31880007393117227,0.3966142461919786,0.3346276442659852,0.32433027503353484,0.5473556506169348,0.2511881325177286,0.3945187282161099,0.37535957808348813
日经225,0.31880007393117227,0.0,0.2697898834971503,0.42470642971872485,0.44197675012225973,0.29732414171132465,0.25884822626642556,0.28365632412739755,0.2701518545926951
墨西哥BOLSA,0.3966142461919786,0.2697898834971503,0.0,0.33783709435350123,0.30615330296265175,0.45390621295461414,0.2765339095528552,0.47326463629977644,0.4308496676642057
恒生指数,0.3346276442659852,0.42470642971872485,0.33783709435350123,0.0,0.4373406915960179,0.3242476524304124,0.28025479260559677,0.3148964502220518,0.2994269281533026
韩国综合指数,0.32433027503353484,0.44197675012225973,0.30615330296265175,0.4373406915960179,0.0,0.3179985072667024,0.2593558963652945,0.31438817530059093,0.29368646178723834
荷兰AEX,0.5473556506169348,0.29732414171132465,0.45390621295461414,0.3242476524304124,0.3179985072667024,0.0,0.26287738995301396,0.41557938869879896,0.4183872587139291
Costa Rica Indice Accionario,0.2511881325177286,0.25884822626642556,0.2765339095528552,0.28025479260559677,0.2593558963652945,0.26287738995301396,0.0,0.2530776076574854,0.24080062805677713
加拿大多伦多S&P/TSX 综合指数,0.3945187282161099,0.28365632412739755,0.47326463629977644,0.3148964502220518,0.31438817530059093,0.41557938869879896,0.2530776076574854,0.0,0.4209547571292925
S&P CLX IPSA,0.37535957808348813,0.2701518545926951,0.4308496676642057,0.2994269281533026,0.29368646178723834,0.4183872587139291,0.24080062805677713,0.4209547571292925,0.0
