,比利时BFX,日经225,墨西哥BOLSA,恒生指数,韩国综合指数,荷兰AEX,Costa Rica Indice Accionario,加拿大多伦多S&P/TSX 综合指数,S&P CLX IPSA
比利时BFX,0.0,0.33639788109722024,0.4177585339471638,0.3725551325261048,0.33028144459527364,0.6270803034534226,0.2642348419430813,0.35946642266557655,0.42412633430048663
日经225,0.33639788109722024,0.0,0.302241584276786,0.4503458796699271,0.4799238147948914,0.3415897617895321,0.277226578885902,0.33128902082419437,0.32749187646557043
墨西哥BOLSA,0.4177585339471638,0.302241584276786,0.0,0.3619964621220862,0.33778647233602227,0.42674333248255114,0.26010528156909973,0.4219889885990208,0.4485197030636442
恒生指数,0.3725551325261048,0.4503458796699271,0.3619964621220862,0.0,0.4823893266583275,0.35910643009830173,0.25622092781143196,0.33700519760717756,0.3465401587838849
韩国综合指数,0.33028144459527364,0.4799238147948914,0.33778647233602227,0.4823893266583275,0.0,0.33160994840631536,0.2871041604374737,0.3192655006822149,0.3266877720867465
荷兰AEX,0.6270803034534226,0.3415897617895321,0.42674333248255114,0.35910643009830173,0.33160994840631536,0.0,0.27164759665910937,0.388118126015605,0.4401831296712604
Costa Rica Indice Accionario,0.2642348419430813,0.277226578885902,0.26010528156909973,0.25622092781143196,0.2871041604374737,0.27164759665910937,0.0,0.26007799304835727,0.2535782176372904
加拿大多伦多S&P/TSX 综合指数,0.35946642266557655,0.33128902082419437,0.4219889885990208,0.33700519760717756,0.3192655006822149,0.388118126015605,0.26007799304835727,0.0,0.37371565667798506
S&P CLX IPSA,0.42412633430048663,0.32749187646557043,0.4485197030636442,0.3465401587838849,0.3266877720867465,0.4401831296712604,0.2535782176372904,0.37371565667798506,0.0
