,比利时BFX,日经225,墨西哥BOLSA,恒生指数,韩国综合指数,荷兰AEX,Costa Rica Indice Accionario,加拿大多伦多S&P/TSX 综合指数,S&P CLX IPSA
比利时BFX,0.0,0.3082101802682567,0.407118793299535,0.3498152646053609,0.3327091678592156,0.5525170493458549,0.2403007769111435,0.4122399246047551,0.37236337381529194
日经225,0.3082101802682567,0.0,0.26890510559853587,0.4062962190235529,0.4126135731251121,0.291844232451428,0.24773306430215195,0.2648319239453218,0.2661751059209168
墨西哥BOLSA,0.407118793299535,0.26890510559853587,0.0,0.3490248319527098,0.311281855943845,0.44655359315189025,0.2651765416597939,0.4893469331638782,0.44174237781592934
恒生指数,0.3498152646053609,0.4062962190235529,0.3490248319527098,0.0,0.40180758156466684,0.345789540222237,0.26928485226384613,0.31014481805740096,0.3108198291952938
韩国综合指数,0.3327091678592156,0.4126135731251121,0.311281855943845,0.40180758156466684,0.0,0.33337711695976263,0.2385734667678593,0.2885273231438539,0.2999967658622981
荷兰AEX,0.5525170493458549,0.291844232451428,0.44655359315189025,0.345789540222237,0.33337711695976263,0.0,0.25269216167921854,0.43656281332065466,0.4262079294116864
Costa Rica Indice Accionario,0.2403007769111435,0.24773306430215195,0.2651765416597939,0.26928485226384613,0.2385734667678593,0.25269216167921854,0.0,0.24194684974858555,0.23706832880529385
加拿大多伦多S&P/TSX 综合指数,0.4122399246047551,0.2648319239453218,0.4893469331638782,0.31014481805740096,0.2885273231438539,0.43656281332065466,0.24194684974858555,0.0,0.4388351917060113
S&P CLX IPSA,0.37236337381529194,0.2661751059209168,0.44174237781592934,0.3108198291952938,0.2999967658622981,0.4262079294116864,0.23706832880529385,0.4388351917060113,0.0
