,比利时BFX,日经225,墨西哥BOLSA,恒生指数,韩国综合指数,荷兰AEX,Costa Rica Indice Accionario,加拿大多伦多S&P/TSX 综合指数,S&P CLX IPSA
比利时BFX,0.0,0.32640283919331653,0.4085240481492729,0.3455359853864124,0.3347152421438909,0.686111767287316,0.2786116801383395,0.4042263090734433,0.39002870436938736
日经225,0.32640283919331653,0.0,0.2862563479834365,0.3999284740201153,0.45101482756337524,0.33637775247249335,0.24235802997294334,0.2897702773189762,0.287842468815692
墨西哥BOLSA,0.4085240481492729,0.2862563479834365,0.0,0.3051295651086821,0.31063326558339155,0.41038544014975675,0.2596898454613933,0.4711911838793118,0.39065798299990073
恒生指数,0.3455359853864124,0.3999284740201153,0.3051295651086821,0.0,0.4288994920019027,0.3527190439729012,0.2554604933117818,0.307368434977191,0.2962883665004676
韩国综合指数,0.3347152421438909,0.45101482756337524,0.31063326558339155,0.4288994920019027,0.0,0.3515105653452127,0.24645597899908187,0.30413795204764016,0.3180303782771923
荷兰AEX,0.686111767287316,0.33637775247249335,0.41038544014975675,0.3527190439729012,0.3515105653452127,0.0,0.2765083038706818,0.40039303319781644,0.3967449410716628
Costa Rica Indice Accionario,0.2786116801383395,0.24235802997294334,0.2596898454613933,0.2554604933117818,0.24645597899908187,0.2765083038706818,0.0,0.27032449123717334,0.26025536879659633
加拿大多伦多S&P/TSX 综合指数,0.4042263090734433,0.2897702773189762,0.4711911838793118,0.307368434977191,0.30413795204764016,0.40039303319781644,0.27032449123717334,0.0,0.3669621541155553
S&P CLX IPSA,0.39002870436938736,0.287842468815692,0.39065798299990073,0.2962883665004676,0.3180303782771923,0.3967449410716628,0.26025536879659633,0.3669621541155553,0.0
