,比利时BFX,日经225,墨西哥BOLSA,恒生指数,韩国综合指数,荷兰AEX,Costa Rica Indice Accionario,加拿大多伦多S&P/TSX 综合指数,S&P CLX IPSA
比利时BFX,0.0,0.2776052077997763,0.4250026919327632,0.31547654496091954,0.2775408539601932,0.6079183526170595,0.24612281834750857,0.4140028690557455,0.37589379128575223
日经225,0.2776052077997763,0.0,0.2639296935682529,0.41515965805936134,0.4399090583055386,0.27146492838479197,0.241885594557907,0.2576190305719088,0.2686673644032631
墨西哥BOLSA,0.4250026919327632,0.2639296935682529,0.0,0.3041737355628841,0.27772399650592927,0.44080451626826694,0.26214611408728283,0.4815474304485796,0.391218841054542
恒生指数,0.31547654496091954,0.41515965805936134,0.3041737355628841,0.0,0.4341003084010887,0.3070837825645359,0.23412629781162297,0.29931542627194396,0.289465945444862
韩国综合指数,0.2775408539601932,0.4399090583055386,0.27772399650592927,0.4341003084010887,0.0,0.28304871962392747,0.24804776229389228,0.2716606197345091,0.2764964577028686
荷兰AEX,0.6079183526170595,0.27146492838479197,0.44080451626826694,0.3070837825645359,0.28304871962392747,0.0,0.2525359957708468,0.4356918424610897,0.3956122605450597
Costa Rica Indice Accionario,0.24612281834750857,0.241885594557907,0.26214611408728283,0.23412629781162297,0.24804776229389228,0.2525359957708468,0.0,0.2565742420547283,0.26100904845365036
加拿大多伦多S&P/TSX 综合指数,0.4140028690557455,0.2576190305719088,0.4815474304485796,0.29931542627194396,0.2716606197345091,0.4356918424610897,0.2565742420547283,0.0,0.38925022989449926
S&P CLX IPSA,0.37589379128575223,0.2686673644032631,0.391218841054542,0.289465945444862,0.2764964577028686,0.3956122605450597,0.26100904845365036,0.38925022989449926,0.0
