,比利时BFX,日经225,墨西哥BOLSA,恒生指数,韩国综合指数,荷兰AEX,Costa Rica Indice Accionario,加拿大多伦多S&P/TSX 综合指数,S&P CLX IPSA
比利时BFX,0.0,0.3268568709777964,0.4086225579378258,0.35705368284741906,0.32277212411815237,0.679346252554262,0.2620490195985766,0.4032453534247705,0.4069398612841486
日经225,0.3268568709777964,0.0,0.2871489594258987,0.3974929890614536,0.48016680573967857,0.33269948576514463,0.247094876805456,0.283144946520362,0.2927717375841371
墨西哥BOLSA,0.4086225579378258,0.2871489594258987,0.0,0.31383709725518305,0.3017099477887816,0.40812161128757213,0.26043187247946703,0.4617297655186513,0.38915440570982507
恒生指数,0.35705368284741906,0.3974929890614536,0.31383709725518305,0.0,0.4456445055116416,0.35217302150789687,0.23931260716142647,0.30934860399472175,0.30781630418776285
韩国综合指数,0.32277212411815237,0.48016680573967857,0.3017099477887816,0.4456445055116416,0.0,0.3408972400078826,0.25233740839961233,0.30588207491627767,0.31615658377691497
荷兰AEX,0.679346252554262,0.33269948576514463,0.40812161128757213,0.35217302150789687,0.3408972400078826,0.0,0.2708009119547365,0.3966467349956813,0.4218104991370756
Costa Rica Indice Accionario,0.2620490195985766,0.247094876805456,0.26043187247946703,0.23931260716142647,0.25233740839961233,0.2708009119547365,0.0,0.26969841562940855,0.2663424710359485
加拿大多伦多S&P/TSX 综合指数,0.4032453534247705,0.283144946520362,0.4617297655186513,0.30934860399472175,0.30588207491627767,0.3966467349956813,0.26969841562940855,0.0,0.3661006439383529
S&P CLX IPSA,0.4069398612841486,0.2927717375841371,0.38915440570982507,0.30781630418776285,0.31615658377691497,0.4218104991370756,0.2663424710359485,0.3661006439383529,0.0
