,比利时BFX,日经225,墨西哥BOLSA,恒生指数,韩国综合指数,荷兰AEX,Costa Rica Indice Accionario,加拿大多伦多S&P/TSX 综合指数,S&P CLX IPSA
比利时BFX,0.0,0.32732295399575095,0.40948137773721005,0.35744655923921526,0.3236682821682114,0.6778346628134309,0.26187556685876423,0.39985340846135886,0.4072064295976133
日经225,0.32732295399575095,0.0,0.28554567361954175,0.39956540557087494,0.48250107495809724,0.33311625136442113,0.24684332549440105,0.2784860608110752,0.2892353228114834
墨西哥BOLSA,0.40948137773721005,0.28554567361954175,0.0,0.3133566750752811,0.3023768097256691,0.4077969698477827,0.26067951824218033,0.45838622810438023,0.39008821162850604
恒生指数,0.35744655923921526,0.39956540557087494,0.3133566750752811,0.0,0.44721796832255084,0.35179042540863004,0.2393690078152611,0.30728278643143353,0.30636226770647323
韩国综合指数,0.3236682821682114,0.48250107495809724,0.3023768097256691,0.44721796832255084,0.0,0.34104963939315674,0.2518722206073901,0.3027730816769439,0.3148381750957338
荷兰AEX,0.6778346628134309,0.33311625136442113,0.4077969698477827,0.35179042540863004,0.34104963939315674,0.0,0.27058446220331894,0.39135032683683135,0.4222535166362634
Costa Rica Indice Accionario,0.26187556685876423,0.24684332549440105,0.26067951824218033,0.2393690078152611,0.2518722206073901,0.27058446220331894,0.0,0.2699274344700972,0.2671294187913772
加拿大多伦多S&P/TSX 综合指数,0.39985340846135886,0.2784860608110752,0.45838622810438023,0.30728278643143353,0.3027730816769439,0.39135032683683135,0.2699274344700972,0.0,0.36568022736820227
S&P CLX IPSA,0.4072064295976133,0.2892353228114834,0.39008821162850604,0.30636226770647323,0.3148381750957338,0.4222535166362634,0.2671294187913772,0.36568022736820227,0.0
