,比利时BFX,日经225,墨西哥BOLSA,恒生指数,韩国综合指数,荷兰AEX,Costa Rica Indice Accionario,加拿大多伦多S&P/TSX 综合指数,S&P CLX IPSA
比利时BFX,0.0,0.3249516971864791,0.4044547472097485,0.3562927968124975,0.3406121398429886,0.6933414907266813,0.27863355999712747,0.40705002515507327,0.39260668086516837
日经225,0.3249516971864791,0.0,0.2815873361491154,0.3843193133404222,0.4353254602731272,0.3351809466314601,0.23979852338681634,0.28882249482854483,0.2834779588221341
墨西哥BOLSA,0.4044547472097485,0.2815873361491154,0.0,0.31722784752071204,0.3109657151509322,0.40902383068461046,0.2578173172962683,0.4755220683686131,0.4002238111755044
恒生指数,0.3562927968124975,0.3843193133404222,0.31722784752071204,0.0,0.4157756621502426,0.36327747624275003,0.2546474637938271,0.3215063144954116,0.2992476609680438
韩国综合指数,0.3406121398429886,0.4353254602731272,0.3109657151509322,0.4157756621502426,0.0,0.3583088915332079,0.24631183187298805,0.3120445156300061,0.3127565325276543
荷兰AEX,0.6933414907266813,0.3351809466314601,0.40902383068461046,0.36327747624275003,0.3583088915332079,0.0,0.2776955376728069,0.4035290610438293,0.40201110009766683
Costa Rica Indice Accionario,0.27863355999712747,0.23979852338681634,0.2578173172962683,0.2546474637938271,0.24631183187298805,0.2776955376728069,0.0,0.26883138441739174,0.26172239856231655
加拿大多伦多S&P/TSX 综合指数,0.40705002515507327,0.28882249482854483,0.4755220683686131,0.3215063144954116,0.3120445156300061,0.4035290610438293,0.26883138441739174,0.0,0.36614801767753613
S&P CLX IPSA,0.39260668086516837,0.2834779588221341,0.4002238111755044,0.2992476609680438,0.3127565325276543,0.40201110009766683,0.26172239856231655,0.36614801767753613,0.0
