,比利时BFX,日经225,墨西哥BOLSA,恒生指数,韩国综合指数,荷兰AEX,Costa Rica Indice Accionario,加拿大多伦多S&P/TSX 综合指数,S&P CLX IPSA
比利时BFX,0.0,0.3253594678315872,0.40418199221609047,0.3562718253872003,0.34059723679782394,0.6939672683138732,0.2797788193155432,0.4065415038997664,0.38930086045157575
日经225,0.3253594678315872,0.0,0.2817303474335978,0.3841898938230572,0.4361829674972808,0.33609152804838316,0.23961359010172034,0.2890648741539288,0.28387540304021797
墨西哥BOLSA,0.40418199221609047,0.2817303474335978,0.0,0.31745764813361427,0.31126056713094613,0.409337240498191,0.2582956199139499,0.4752754129422709,0.3994620150821779
恒生指数,0.3562718253872003,0.3841898938230572,0.31745764813361427,0.0,0.41514553525592396,0.3634802855332102,0.2543737063671274,0.3220272622219667,0.2979456365436721
韩国综合指数,0.34059723679782394,0.4361829674972808,0.31126056713094613,0.41514553525592396,0.0,0.3580676942669142,0.24625016045028802,0.3124810880511199,0.31117426737899667
荷兰AEX,0.6939672683138732,0.33609152804838316,0.409337240498191,0.3634802855332102,0.3580676942669142,0.0,0.2792983566880041,0.4033132638604268,0.39744835842484577
Costa Rica Indice Accionario,0.2797788193155432,0.23961359010172034,0.2582956199139499,0.2543737063671274,0.24625016045028802,0.2792983566880041,0.0,0.2698141179210557,0.2629672687279722
加拿大多伦多S&P/TSX 综合指数,0.4065415038997664,0.2890648741539288,0.4752754129422709,0.3220272622219667,0.3124810880511199,0.4033132638604268,0.2698141179210557,0.0,0.36399910199540436
S&P CLX IPSA,0.38930086045157575,0.28387540304021797,0.3994620150821779,0.2979456365436721,0.31117426737899667,0.39744835842484577,0.2629672687279722,0.36399910199540436,0.0
