,比利时BFX,日经225,墨西哥BOLSA,恒生指数,韩国综合指数,荷兰AEX,Costa Rica Indice Accionario,加拿大多伦多S&P/TSX 综合指数,S&P CLX IPSA
比利时BFX,0.0,0.28269187955377556,0.41670734735110804,0.318750788624317,0.2843901966123242,0.5987274964843232,0.24661096181187603,0.39025591626359946,0.3653356542370624
日经225,0.28269187955377556,0.0,0.2574068106233217,0.4018169508930906,0.44145350435708186,0.28249747815697135,0.24482025681850106,0.2569577082950889,0.2647588137996149
墨西哥BOLSA,0.41670734735110804,0.2574068106233217,0.0,0.3036847779483422,0.27995138839628336,0.4335930857124215,0.2601899740177112,0.4555671501142929,0.37077322957781567
恒生指数,0.318750788624317,0.4018169508930906,0.3036847779483422,0.0,0.41923823266708576,0.3087205098030195,0.23324825990131934,0.2992295173065773,0.28059308740402944
韩国综合指数,0.2843901966123242,0.44145350435708186,0.27995138839628336,0.41923823266708576,0.0,0.29309088849042725,0.24618324941794104,0.2843281883055964,0.27396378457652454
荷兰AEX,0.5987274964843232,0.28249747815697135,0.4335930857124215,0.3087205098030195,0.29309088849042725,0.0,0.25094232292710317,0.40683724023614315,0.3824010506302677
Costa Rica Indice Accionario,0.24661096181187603,0.24482025681850106,0.2601899740177112,0.23324825990131934,0.24618324941794104,0.25094232292710317,0.0,0.2568127956631374,0.25971708958745976
加拿大多伦多S&P/TSX 综合指数,0.39025591626359946,0.2569577082950889,0.4555671501142929,0.2992295173065773,0.2843281883055964,0.40683724023614315,0.2568127956631374,0.0,0.3566983284106825
S&P CLX IPSA,0.3653356542370624,0.2647588137996149,0.37077322957781567,0.28059308740402944,0.27396378457652454,0.3824010506302677,0.25971708958745976,0.3566983284106825,0.0
