,比利时BFX,日经225,墨西哥BOLSA,恒生指数,韩国综合指数,荷兰AEX,Costa Rica Indice Accionario,加拿大多伦多S&P/TSX 综合指数,S&P CLX IPSA
比利时BFX,0.0,0.28466775726188837,0.41502282096206755,0.317665246251522,0.2834403243455932,0.6009201534481347,0.2444015843203772,0.40204439028876116,0.37655067719874613
日经225,0.28466775726188837,0.0,0.25887973483006044,0.40762067922849243,0.4344694695947931,0.2783292309260126,0.24376512042146395,0.25842603709425893,0.2650985077268855
墨西哥BOLSA,0.41502282096206755,0.25887973483006044,0.0,0.3043980387328442,0.2827134400698767,0.4332892416650428,0.2592492991566274,0.46310261884972087,0.378814560847622
恒生指数,0.317665246251522,0.40762067922849243,0.3043980387328442,0.0,0.42311341059354396,0.3033761655297542,0.23204695679312945,0.3009554021834219,0.2813457655059009
韩国综合指数,0.2834403243455932,0.4344694695947931,0.2827134400698767,0.42311341059354396,0.0,0.28739418306676257,0.24616517594507145,0.28188105586344275,0.2710115194135996
荷兰AEX,0.6009201534481347,0.2783292309260126,0.4332892416650428,0.3033761655297542,0.28739418306676257,0.0,0.24979244667197378,0.41776675914467937,0.3930989750819037
Costa Rica Indice Accionario,0.2444015843203772,0.24376512042146395,0.2592492991566274,0.23204695679312945,0.24616517594507145,0.24979244667197378,0.0,0.2550839218683633,0.25874378520547464
加拿大多伦多S&P/TSX 综合指数,0.40204439028876116,0.25842603709425893,0.46310261884972087,0.3009554021834219,0.28188105586344275,0.41776675914467937,0.2550839218683633,0.0,0.36887309174955885
S&P CLX IPSA,0.37655067719874613,0.2650985077268855,0.378814560847622,0.2813457655059009,0.2710115194135996,0.3930989750819037,0.25874378520547464,0.36887309174955885,0.0
