,比利时BFX,日经225,墨西哥BOLSA,恒生指数,韩国综合指数,荷兰AEX,Costa Rica Indice Accionario,加拿大多伦多S&P/TSX 综合指数,S&P CLX IPSA
比利时BFX,0.0,0.2820351600783696,0.4076070570912501,0.3217111484071083,0.28257100352474357,0.588029223860824,0.2393055520243336,0.4132360839779462,0.36017772769137674
日经225,0.2820351600783696,0.0,0.24549212918875232,0.3975645911709022,0.41690227972233396,0.2701148991948089,0.26197848157897263,0.2480989610260712,0.24867989322539988
墨西哥BOLSA,0.4076070570912501,0.24549212918875232,0.0,0.3189225974134715,0.28169943162850847,0.4463163788462118,0.2578026854181111,0.4738118354918172,0.4224418815753388
恒生指数,0.3217111484071083,0.3975645911709022,0.3189225974134715,0.0,0.41994022312604135,0.3173850211353639,0.2481385198933413,0.2998005049053403,0.28489692912399134
韩国综合指数,0.28257100352474357,0.41690227972233396,0.28169943162850847,0.41994022312604135,0.0,0.28696019493310043,0.25156122573032036,0.27767672668037197,0.28010208269704034
荷兰AEX,0.588029223860824,0.2701148991948089,0.4463163788462118,0.3173850211353639,0.28696019493310043,0.0,0.2441300429819239,0.4546523926849391,0.3936565168034126
Costa Rica Indice Accionario,0.2393055520243336,0.26197848157897263,0.2578026854181111,0.2481385198933413,0.25156122573032036,0.2441300429819239,0.0,0.24211761097779808,0.2494877155994742
加拿大多伦多S&P/TSX 综合指数,0.4132360839779462,0.2480989610260712,0.4738118354918172,0.2998005049053403,0.27767672668037197,0.4546523926849391,0.24211761097779808,0.0,0.4150607654357944
S&P CLX IPSA,0.36017772769137674,0.24867989322539988,0.4224418815753388,0.28489692912399134,0.28010208269704034,0.3936565168034126,0.2494877155994742,0.4150607654357944,0.0
