,比利时BFX,日经225,墨西哥BOLSA,恒生指数,韩国综合指数,荷兰AEX,Costa Rica Indice Accionario,加拿大多伦多S&P/TSX 综合指数,S&P CLX IPSA
比利时BFX,0.0,0.2963941630261775,0.42443600802693765,0.3327052733470035,0.2902192606496904,0.6358213479759517,0.2548055136809778,0.4237372939823525,0.39388453575782534
日经225,0.2963941630261775,0.0,0.266322398975312,0.416714469440205,0.4600083131043485,0.29803095130182444,0.25299892595187334,0.26692954759805565,0.27595064061397845
墨西哥BOLSA,0.42443600802693765,0.266322398975312,0.0,0.3006585761476044,0.2798482533069689,0.4312137191676587,0.25933003736277593,0.4589163254207286,0.37860591947701094
恒生指数,0.3327052733470035,0.416714469440205,0.3006585761476044,0.0,0.4236607384601399,0.31970561069512327,0.23900949338113944,0.3057308126027429,0.28624692082088155
韩国综合指数,0.2902192606496904,0.4600083131043485,0.2798482533069689,0.4236607384601399,0.0,0.3015956709506521,0.2505612027475407,0.288980493652118,0.2770602430241619
荷兰AEX,0.6358213479759517,0.29803095130182444,0.4312137191676587,0.31970561069512327,0.3015956709506521,0.0,0.2613359530856606,0.4251147815321336,0.40054029895394033
Costa Rica Indice Accionario,0.2548055136809778,0.25299892595187334,0.25933003736277593,0.23900949338113944,0.2505612027475407,0.2613359530856606,0.0,0.26463438066593714,0.2667048205659169
加拿大多伦多S&P/TSX 综合指数,0.4237372939823525,0.26692954759805565,0.4589163254207286,0.3057308126027429,0.288980493652118,0.4251147815321336,0.26463438066593714,0.0,0.3680222134297213
S&P CLX IPSA,0.39388453575782534,0.27595064061397845,0.37860591947701094,0.28624692082088155,0.2770602430241619,0.40054029895394033,0.2667048205659169,0.3680222134297213,0.0
