,比利时BFX,日经225,墨西哥BOLSA,恒生指数,韩国综合指数,荷兰AEX,Costa Rica Indice Accionario,加拿大多伦多S&P/TSX 综合指数,S&P CLX IPSA
比利时BFX,0.0,0.3240645475511576,0.4074456128091653,0.349966674829661,0.33589188511730544,0.6899533128558543,0.2798628461121688,0.40662864088038303,0.3905415477681842
日经225,0.3240645475511576,0.0,0.28350651369292046,0.39667235715091287,0.455195197778781,0.3348247980445948,0.24150506295240234,0.2884139099078837,0.2874574958992501
墨西哥BOLSA,0.4074456128091653,0.28350651369292046,0.0,0.30832931566259447,0.31027231802741395,0.41137573000482347,0.25986026674824075,0.47386102532608326,0.3951042440434303
恒生指数,0.349966674829661,0.39667235715091287,0.30832931566259447,0.0,0.425843304359621,0.35749679340446683,0.2565779149182648,0.30855576094720255,0.2976733177425631
韩国综合指数,0.33589188511730544,0.455195197778781,0.31027231802741395,0.425843304359621,0.0,0.3530097709278405,0.24650979767446093,0.30243965163684267,0.3168671035664536
荷兰AEX,0.6899533128558543,0.3348247980445948,0.41137573000482347,0.35749679340446683,0.3530097709278405,0.0,0.2776146523450524,0.4043356484671144,0.39811435633918735
Costa Rica Indice Accionario,0.2798628461121688,0.24150506295240234,0.25986026674824075,0.2565779149182648,0.24650979767446093,0.2776146523450524,0.0,0.2710698636059266,0.26026005256166307
加拿大多伦多S&P/TSX 综合指数,0.40662864088038303,0.2884139099078837,0.47386102532608326,0.30855576094720255,0.30243965163684267,0.4043356484671144,0.2710698636059266,0.0,0.36862501576997475
S&P CLX IPSA,0.3905415477681842,0.2874574958992501,0.3951042440434303,0.2976733177425631,0.3168671035664536,0.39811435633918735,0.26026005256166307,0.36862501576997475,0.0
