,比利时BFX,日经225,墨西哥BOLSA,恒生指数,韩国综合指数,荷兰AEX,Costa Rica Indice Accionario,加拿大多伦多S&P/TSX 综合指数,S&P CLX IPSA
比利时BFX,0.0,0.31901005957733997,0.4195476801051279,0.3458193384041992,0.3120856759087136,0.6801550656756836,0.2611103490233139,0.40751363186856004,0.40805315723036795
日经225,0.31901005957733997,0.0,0.28557259027515586,0.4074606838711821,0.4778988499110978,0.327104699057616,0.2478558052893295,0.2764065935256595,0.29024549074379424
墨西哥BOLSA,0.4195476801051279,0.28557259027515586,0.0,0.3115828376871648,0.2956922147465991,0.4236752964356604,0.2625546005015404,0.47276995558702933,0.3993261655791755
恒生指数,0.3458193384041992,0.4074606838711821,0.3115828376871648,0.0,0.46601092683991224,0.3443268820187243,0.2384736076052541,0.30227582847619766,0.2986601600252237
韩国综合指数,0.3120856759087136,0.4778988499110978,0.2956922147465991,0.46601092683991224,0.0,0.3267062638175051,0.25309531946898656,0.2967164300234717,0.3028673944074109
荷兰AEX,0.6801550656756836,0.327104699057616,0.4236752964356604,0.3443268820187243,0.3267062638175051,0.0,0.2667263018335424,0.40233300103203246,0.4157439012133735
Costa Rica Indice Accionario,0.2611103490233139,0.2478558052893295,0.2625546005015404,0.2384736076052541,0.25309531946898656,0.2667263018335424,0.0,0.27337254778231834,0.27060963198822596
加拿大多伦多S&P/TSX 综合指数,0.40751363186856004,0.2764065935256595,0.47276995558702933,0.30227582847619766,0.2967164300234717,0.40233300103203246,0.27337254778231834,0.0,0.37548937287323514
S&P CLX IPSA,0.40805315723036795,0.29024549074379424,0.3993261655791755,0.2986601600252237,0.3028673944074109,0.4157439012133735,0.27060963198822596,0.37548937287323514,0.0
