,比利时BFX,日经225,墨西哥BOLSA,恒生指数,韩国综合指数,荷兰AEX,Costa Rica Indice Accionario,加拿大多伦多S&P/TSX 综合指数,S&P CLX IPSA
比利时BFX,0.0,0.29408559132260986,0.4102412269870991,0.32160365657695333,0.28888866053032625,0.6063400333530234,0.25544576164666216,0.40103746266717183,0.3708874269375229
日经225,0.29408559132260986,0.0,0.2600814942849508,0.40981730873093536,0.45543558218897706,0.292304483460026,0.2518645393967148,0.2610089624314376,0.27079671665118266
墨西哥BOLSA,0.4102412269870991,0.2600814942849508,0.0,0.2964492551615631,0.2765225127040903,0.42266068610425456,0.2588529590062089,0.44662550246547117,0.37580305627614546
恒生指数,0.32160365657695333,0.40981730873093536,0.2964492551615631,0.0,0.4185026415260573,0.30449667703114736,0.2370166198953259,0.2917933761541926,0.27877584560582364
韩国综合指数,0.28888866053032625,0.45543558218897706,0.2765225127040903,0.4185026415260573,0.0,0.29787084512951156,0.2492773308067789,0.28346888196802067,0.27540339157663224
荷兰AEX,0.6063400333530234,0.292304483460026,0.42266068610425456,0.30449667703114736,0.29787084512951156,0.0,0.26252753454174205,0.40934003665657587,0.3851773193807226
Costa Rica Indice Accionario,0.25544576164666216,0.2518645393967148,0.2588529590062089,0.2370166198953259,0.2492773308067789,0.26252753454174205,0.0,0.2664833247538085,0.2681082025571257
加拿大多伦多S&P/TSX 综合指数,0.40103746266717183,0.2610089624314376,0.44662550246547117,0.2917933761541926,0.28346888196802067,0.40934003665657587,0.2664833247538085,0.0,0.35973473878386203
S&P CLX IPSA,0.3708874269375229,0.27079671665118266,0.37580305627614546,0.27877584560582364,0.27540339157663224,0.3851773193807226,0.2681082025571257,0.35973473878386203,0.0
