,比利时BFX,日经225,墨西哥BOLSA,恒生指数,韩国综合指数,荷兰AEX,Costa Rica Indice Accionario,加拿大多伦多S&P/TSX 综合指数,S&P CLX IPSA
比利时BFX,0.0,0.32463903562922,0.40457411107198255,0.35500259428690994,0.33910538078891855,0.6933812546226636,0.2806919894517781,0.40703378322199535,0.39205821314928196
日经225,0.32463903562922,0.0,0.28174729891572653,0.3832514238872286,0.436116791024486,0.33538499284413853,0.2400867866018067,0.2890604514907805,0.28484294662305787
墨西哥BOLSA,0.40457411107198255,0.28174729891572653,0.0,0.3177469649879101,0.31193431184067405,0.4095211961830129,0.25839295662485023,0.47518506653064274,0.40015349250421256
恒生指数,0.35500259428690994,0.3832514238872286,0.3177469649879101,0.0,0.41241141811072557,0.3625098582145842,0.25545935021671595,0.32248258041578526,0.3000896687673493
韩国综合指数,0.33910538078891855,0.436116791024486,0.31193431184067405,0.41241141811072557,0.0,0.3571052270467479,0.2476446629881048,0.31331528139618536,0.3148921218594097
荷兰AEX,0.6933812546226636,0.33538499284413853,0.4095211961830129,0.3625098582145842,0.3571052270467479,0.0,0.28006647098884613,0.40365822490331466,0.399901224890281
Costa Rica Indice Accionario,0.2806919894517781,0.2400867866018067,0.25839295662485023,0.25545935021671595,0.2476446629881048,0.28006647098884613,0.0,0.26989759962872745,0.2624375270634549
加拿大多伦多S&P/TSX 综合指数,0.40703378322199535,0.2890604514907805,0.47518506653064274,0.32248258041578526,0.31331528139618536,0.40365822490331466,0.26989759962872745,0.0,0.36442409627114103
S&P CLX IPSA,0.39205821314928196,0.28484294662305787,0.40015349250421256,0.3000896687673493,0.3148921218594097,0.399901224890281,0.2624375270634549,0.36442409627114103,0.0
