,比利时BFX,日经225,墨西哥BOLSA,恒生指数,韩国综合指数,荷兰AEX,Costa Rica Indice Accionario,加拿大多伦多S&P/TSX 综合指数,S&P CLX IPSA
比利时BFX,0.0,0.3270459035142001,0.4089837793526198,0.3568363587473835,0.3226071248987799,0.6791856748254921,0.2620045739763193,0.401376998573019,0.40690165790804367
日经225,0.3270459035142001,0.0,0.2872816804101368,0.39724267552681747,0.48085872926687745,0.3329019560009834,0.24707539377520263,0.282446246627274,0.2929608121128691
墨西哥BOLSA,0.4089837793526198,0.2872816804101368,0.0,0.31367032359059993,0.30200877510926144,0.40838693311689794,0.26040012498406545,0.4581846955290684,0.38948910869636166
恒生指数,0.3568363587473835,0.39724267552681747,0.31367032359059993,0.0,0.44527598767960125,0.3516177256352885,0.23931641511594753,0.3093921061646494,0.30755628052336736
韩国综合指数,0.3226071248987799,0.48085872926687745,0.30200877510926144,0.44527598767960125,0.0,0.3411704358191935,0.2522785830416458,0.30490285125803773,0.31614900534951573
荷兰AEX,0.6791856748254921,0.3329019560009834,0.40838693311689794,0.3516177256352885,0.3411704358191935,0.0,0.2706978121398996,0.3932364705430559,0.4221125543256975
Costa Rica Indice Accionario,0.2620045739763193,0.24707539377520263,0.26040012498406545,0.23931641511594753,0.2522785830416458,0.2706978121398996,0.0,0.2696648854006796,0.2662772018971692
加拿大多伦多S&P/TSX 综合指数,0.401376998573019,0.282446246627274,0.4581846955290684,0.3093921061646494,0.30490285125803773,0.3932364705430559,0.2696648854006796,0.0,0.36413530091157387
S&P CLX IPSA,0.40690165790804367,0.2929608121128691,0.38948910869636166,0.30755628052336736,0.31614900534951573,0.4221125543256975,0.2662772018971692,0.36413530091157387,0.0
