,比利时BFX,日经225,墨西哥BOLSA,恒生指数,韩国综合指数,荷兰AEX,Costa Rica Indice Accionario,加拿大多伦多S&P/TSX 综合指数,S&P CLX IPSA
比利时BFX,0.0,0.3257990235330326,0.4057247680912513,0.35536670599093373,0.3438035138707771,0.6945775724570696,0.2788608726893413,0.4048244292146528,0.3852978605687638
日经225,0.3257990235330326,0.0,0.2843008234511435,0.391042145020511,0.43982700482188347,0.3364003700937018,0.24143585817148852,0.2900078101227915,0.28504772837183984
墨西哥BOLSA,0.4057247680912513,0.2843008234511435,0.0,0.3152622568143978,0.3145486833654176,0.41040129837943906,0.2597668462478628,0.47133497392741847,0.3907854183424425
恒生指数,0.35536670599093373,0.391042145020511,0.3152622568143978,0.0,0.4139152393937665,0.364238954357392,0.2569816496730787,0.31729725584245,0.2989477326598394
韩国综合指数,0.3438035138707771,0.43982700482188347,0.3145486833654176,0.4139152393937665,0.0,0.3610490929799703,0.24664805799552833,0.30972963365787143,0.31453613436124933
荷兰AEX,0.6945775724570696,0.3364003700937018,0.41040129837943906,0.364238954357392,0.3610490929799703,0.0,0.27706908521374807,0.40307826391663176,0.39256326496596305
Costa Rica Indice Accionario,0.2788608726893413,0.24143585817148852,0.2597668462478628,0.2569816496730787,0.24664805799552833,0.27706908521374807,0.0,0.2714644296742187,0.26007366688937217
加拿大多伦多S&P/TSX 综合指数,0.4048244292146528,0.2900078101227915,0.47133497392741847,0.31729725584245,0.30972963365787143,0.40307826391663176,0.2714644296742187,0.0,0.362822642544384
S&P CLX IPSA,0.3852978605687638,0.28504772837183984,0.3907854183424425,0.2989477326598394,0.31453613436124933,0.39256326496596305,0.26007366688937217,0.362822642544384,0.0
