,比利时BFX,日经225,墨西哥BOLSA,恒生指数,韩国综合指数,荷兰AEX,Costa Rica Indice Accionario,加拿大多伦多S&P/TSX 综合指数,S&P CLX IPSA
比利时BFX,0.0,0.320702584450603,0.41193470566708573,0.3360496274294954,0.308355922906483,0.683393509990377,0.2610478381339733,0.4052287606970662,0.40693442212541964
日经225,0.320702584450603,0.0,0.2856689224718462,0.4120978413306499,0.48715158408521025,0.32806729294648374,0.2480754143936429,0.2795724673640108,0.28937417784363306
墨西哥BOLSA,0.41193470566708573,0.2856689224718462,0.0,0.3048953991077061,0.2932630530479058,0.41115594241617104,0.26100851111642415,0.4630351496854211,0.3966621225591235
恒生指数,0.3360496274294954,0.4120978413306499,0.3048953991077061,0.0,0.46920946553549153,0.3358702144520454,0.24031930998133638,0.30215093835916973,0.2984029067592863
韩国综合指数,0.308355922906483,0.48715158408521025,0.2932630530479058,0.46920946553549153,0.0,0.3261182146567,0.2529413153969161,0.2967998810198612,0.30345975471328146
荷兰AEX,0.683393509990377,0.32806729294648374,0.41115594241617104,0.3358702144520454,0.3261182146567,0.0,0.2700315539556925,0.3968662339788152,0.4231103843969528
Costa Rica Indice Accionario,0.2610478381339733,0.2480754143936429,0.26100851111642415,0.24031930998133638,0.2529413153969161,0.2700315539556925,0.0,0.2711942648994095,0.26662231358259314
加拿大多伦多S&P/TSX 综合指数,0.4052287606970662,0.2795724673640108,0.4630351496854211,0.30215093835916973,0.2967998810198612,0.3968662339788152,0.2711942648994095,0.0,0.37053896863860997
S&P CLX IPSA,0.40693442212541964,0.28937417784363306,0.3966621225591235,0.2984029067592863,0.30345975471328146,0.4231103843969528,0.26662231358259314,0.37053896863860997,0.0
