,比利时BFX,日经225,墨西哥BOLSA,恒生指数,韩国综合指数,荷兰AEX,Costa Rica Indice Accionario,加拿大多伦多S&P/TSX 综合指数,S&P CLX IPSA
比利时BFX,0.0,0.32719386811030027,0.408502545418219,0.35688336468523457,0.3227394026476871,0.6792093400249344,0.26198030957012297,0.39917216430490543,0.40614974385409397
日经225,0.32719386811030027,0.0,0.285238473782727,0.3993969985333384,0.48355894797645155,0.3330836995642655,0.24697794769279546,0.27823514157097146,0.28882327235944905
墨西哥BOLSA,0.408502545418219,0.285238473782727,0.0,0.31270560891721855,0.30079161856134706,0.4079153499722509,0.2604120343769845,0.45802028684947044,0.3898934234198147
恒生指数,0.35688336468523457,0.3993969985333384,0.31270560891721855,0.0,0.4465236512459013,0.3516902608935964,0.2392853186906571,0.30688204069255187,0.3060339297259127
韩国综合指数,0.3227394026476871,0.48355894797645155,0.30079161856134706,0.4465236512459013,0.0,0.34125236219266675,0.2521843061802509,0.3018185305987791,0.313762085248888
荷兰AEX,0.6792093400249344,0.3330836995642655,0.4079153499722509,0.3516902608935964,0.34125236219266675,0.0,0.2706704580758802,0.39113484654113,0.42132313725334253
Costa Rica Indice Accionario,0.26198030957012297,0.24697794769279546,0.2604120343769845,0.2392853186906571,0.2521843061802509,0.2706704580758802,0.0,0.26958236347681647,0.26630476945009174
加拿大多伦多S&P/TSX 综合指数,0.39917216430490543,0.27823514157097146,0.45802028684947044,0.30688204069255187,0.3018185305987791,0.39113484654113,0.26958236347681647,0.0,0.3655360479421705
S&P CLX IPSA,0.40614974385409397,0.28882327235944905,0.3898934234198147,0.3060339297259127,0.313762085248888,0.42132313725334253,0.26630476945009174,0.3655360479421705,0.0
