,比利时BFX,日经225,墨西哥BOLSA,恒生指数,韩国综合指数,荷兰AEX,Costa Rica Indice Accionario,加拿大多伦多S&P/TSX 综合指数,S&P CLX IPSA
比利时BFX,0.0,0.3243514488107172,0.40409508784088355,0.35628231209084077,0.341930649366536,0.6953485443410086,0.2784076904010861,0.4072088186039101,0.39661935209922283
日经225,0.3243514488107172,0.0,0.2809125816767474,0.38307979135662856,0.43381480767666997,0.3340989254430301,0.24005347227755186,0.2874442150931248,0.28521906673770836
墨西哥BOLSA,0.40409508784088355,0.2809125816767474,0.0,0.317559983830316,0.3102664117676692,0.4080048519071937,0.2576953854604038,0.4759085345289041,0.403454326156038
恒生指数,0.35628231209084077,0.38307979135662856,0.317559983830316,0.0,0.4143875361168928,0.36395295821785656,0.25475505276688437,0.31880499121360995,0.3023757796849268
韩国综合指数,0.341930649366536,0.43381480767666997,0.3102664117676692,0.4143875361168928,0.0,0.35885959681300683,0.24625503007483418,0.3106074266516202,0.31489221065654677
荷兰AEX,0.6953485443410086,0.3340989254430301,0.4080048519071937,0.36395295821785656,0.35885959681300683,0.0,0.27725803611630206,0.40320853780273497,0.4059163452576435
Costa Rica Indice Accionario,0.2784076904010861,0.24005347227755186,0.2576953854604038,0.25475505276688437,0.24625503007483418,0.27725803611630206,0.0,0.26936875809586425,0.2626389235687825
加拿大多伦多S&P/TSX 综合指数,0.4072088186039101,0.2874442150931248,0.4759085345289041,0.31880499121360995,0.3106074266516202,0.40320853780273497,0.26936875809586425,0.0,0.37270448130572364
S&P CLX IPSA,0.39661935209922283,0.28521906673770836,0.403454326156038,0.3023757796849268,0.31489221065654677,0.4059163452576435,0.2626389235687825,0.37270448130572364,0.0
