,比利时BFX,日经225,墨西哥BOLSA,恒生指数,韩国综合指数,荷兰AEX,Costa Rica Indice Accionario,加拿大多伦多S&P/TSX 综合指数,S&P CLX IPSA
比利时BFX,0.0,0.32426783780467966,0.40923282560292634,0.352993668722677,0.3227900854387538,0.6844066502419347,0.26729129915605615,0.40366162753738877,0.4076666865717823
日经225,0.32426783780467966,0.0,0.2869464118796162,0.40311953224539265,0.4916732767578638,0.33144275522716543,0.2481152590064089,0.2834856151897489,0.2916556925941013
墨西哥BOLSA,0.40923282560292634,0.2869464118796162,0.0,0.31128442405297313,0.3003269904666261,0.40831796979126855,0.2631718577605025,0.4614323930400548,0.39018561263173906
恒生指数,0.352993668722677,0.40311953224539265,0.31128442405297313,0.0,0.4545489622695042,0.3507354621336191,0.24944254043759484,0.30788033571098694,0.3039519163505962
韩国综合指数,0.3227900854387538,0.4916732767578638,0.3003269904666261,0.4545489622695042,0.0,0.3401311725466585,0.25221517312085373,0.3048138627501984,0.31539666970963487
荷兰AEX,0.6844066502419347,0.33144275522716543,0.40831796979126855,0.3507354621336191,0.3401311725466585,0.0,0.27214980441244463,0.3964779671504915,0.4191846426682934
Costa Rica Indice Accionario,0.26729129915605615,0.2481152590064089,0.2631718577605025,0.24944254043759484,0.25221517312085373,0.27214980441244463,0.0,0.26593531098548717,0.2691438460592044
加拿大多伦多S&P/TSX 综合指数,0.40366162753738877,0.2834856151897489,0.4614323930400548,0.30788033571098694,0.3048138627501984,0.3964779671504915,0.26593531098548717,0.0,0.3683263597262843
S&P CLX IPSA,0.4076666865717823,0.2916556925941013,0.39018561263173906,0.3039519163505962,0.31539666970963487,0.4191846426682934,0.2691438460592044,0.3683263597262843,0.0
