,比利时BFX,日经225,墨西哥BOLSA,恒生指数,韩国综合指数,荷兰AEX,Costa Rica Indice Accionario,加拿大多伦多S&P/TSX 综合指数,S&P CLX IPSA
比利时BFX,0.0,0.30212409864381823,0.42740854561753183,0.33750913627883283,0.29886854304010735,0.6673590536060034,0.2604114026071437,0.42586417570501905,0.4027520644888644
日经225,0.30212409864381823,0.0,0.27345657263021395,0.41832990674440296,0.4639812256493482,0.3146004626630447,0.24841264779486247,0.271919691462647,0.2829460194619325
墨西哥BOLSA,0.42740854561753183,0.27345657263021395,0.0,0.3104947053323831,0.2912706309593956,0.42778117809901234,0.26005884763278575,0.4810340073711995,0.39961597824121764
恒生指数,0.33750913627883283,0.41832990674440296,0.3104947053323831,0.0,0.44492488833733546,0.33811056140246926,0.2394707339986541,0.3058823314646309,0.2906940753572303
韩国综合指数,0.29886854304010735,0.4639812256493482,0.2912706309593956,0.44492488833733546,0.0,0.31655330422000744,0.25173638500968804,0.29165397200011184,0.2902386468893341
荷兰AEX,0.6673590536060034,0.3146004626630447,0.42778117809901234,0.33811056140246926,0.31655330422000744,0.0,0.26523004034125514,0.4224393371083618,0.4056861712174381
Costa Rica Indice Accionario,0.2604114026071437,0.24841264779486247,0.26005884763278575,0.2394707339986541,0.25173638500968804,0.26523004034125514,0.0,0.2690390307794174,0.27023160972742466
加拿大多伦多S&P/TSX 综合指数,0.42586417570501905,0.271919691462647,0.4810340073711995,0.3058823314646309,0.29165397200011184,0.4224393371083618,0.2690390307794174,0.0,0.3769991054413122
S&P CLX IPSA,0.4027520644888644,0.2829460194619325,0.39961597824121764,0.2906940753572303,0.2902386468893341,0.4056861712174381,0.27023160972742466,0.3769991054413122,0.0
