,比利时BFX,日经225,墨西哥BOLSA,恒生指数,韩国综合指数,荷兰AEX,Costa Rica Indice Accionario,加拿大多伦多S&P/TSX 综合指数,S&P CLX IPSA
比利时BFX,0.0,0.2800201024252551,0.4219531976498879,0.31789886823450736,0.2766730735637509,0.5996509662638136,0.24583946307993854,0.40699060956398336,0.3695147058282135
日经225,0.2800201024252551,0.0,0.26567251569081546,0.41269091406602637,0.4378771913039771,0.2745879068094385,0.24054877695427296,0.25959387187330546,0.27170306163217717
墨西哥BOLSA,0.4219531976498879,0.26567251569081546,0.0,0.3069056903734329,0.2801383488930091,0.4452865269316084,0.25835473107497875,0.4818884378731527,0.3981452388713059
恒生指数,0.31789886823450736,0.41269091406602637,0.3069056903734329,0.0,0.42864760065711804,0.3116193303115918,0.23240193539330048,0.302450642111881,0.2945678515614639
韩国综合指数,0.2766730735637509,0.4378771913039771,0.2801383488930091,0.42864760065711804,0.0,0.2828270125913974,0.24604951176340412,0.2770393190861579,0.2818231954891874
荷兰AEX,0.5996509662638136,0.2745879068094385,0.4452865269316084,0.3116193303115918,0.2828270125913974,0.0,0.24996028457207528,0.4300319112223914,0.3967765133418164
Costa Rica Indice Accionario,0.24583946307993854,0.24054877695427296,0.25835473107497875,0.23240193539330048,0.24604951176340412,0.24996028457207528,0.0,0.25299077780278617,0.25526258729760737
加拿大多伦多S&P/TSX 综合指数,0.40699060956398336,0.25959387187330546,0.4818884378731527,0.302450642111881,0.2770393190861579,0.4300319112223914,0.25299077780278617,0.0,0.3964823189354086
S&P CLX IPSA,0.3695147058282135,0.27170306163217717,0.3981452388713059,0.2945678515614639,0.2818231954891874,0.3967765133418164,0.25526258729760737,0.3964823189354086,0.0
