,比利时BFX,日经225,墨西哥BOLSA,恒生指数,韩国综合指数,荷兰AEX,Costa Rica Indice Accionario,加拿大多伦多S&P/TSX 综合指数,S&P CLX IPSA
比利时BFX,0.0,0.32509284827635143,0.40894078322016014,0.35293804319879835,0.32300397296606953,0.6798707734586423,0.2687526123641653,0.4037694971605437,0.4058250822743931
日经225,0.32509284827635143,0.0,0.28711185183243554,0.4001490940490663,0.4832040883807536,0.33234916828729005,0.2515365765667187,0.2835240763196599,0.2935651685134991
墨西哥BOLSA,0.40894078322016014,0.28711185183243554,0.0,0.31240610391867807,0.3015789777073153,0.4074067212494435,0.2622951912991562,0.4602173232966099,0.3891958401637381
恒生指数,0.35293804319879835,0.4001490940490663,0.31240610391867807,0.0,0.4507740452173904,0.3493536544957814,0.24391597581613056,0.30779217902935235,0.3058876610980912
韩国综合指数,0.32300397296606953,0.4832040883807536,0.3015789777073153,0.4507740452173904,0.0,0.341163930839767,0.25158230205373266,0.3056185381685805,0.31682446836763595
荷兰AEX,0.6798707734586423,0.33234916828729005,0.4074067212494435,0.3493536544957814,0.341163930839767,0.0,0.27543845745290807,0.3961173445209595,0.42044151442652483
Costa Rica Indice Accionario,0.2687526123641653,0.2515365765667187,0.2622951912991562,0.24391597581613056,0.25158230205373266,0.27543845745290807,0.0,0.27111958293474625,0.269831202856041
加拿大多伦多S&P/TSX 综合指数,0.4037694971605437,0.2835240763196599,0.4602173232966099,0.30779217902935235,0.3056185381685805,0.3961173445209595,0.27111958293474625,0.0,0.36599843509898
S&P CLX IPSA,0.4058250822743931,0.2935651685134991,0.3891958401637381,0.3058876610980912,0.31682446836763595,0.42044151442652483,0.269831202856041,0.36599843509898,0.0
