,比利时BFX,日经225,墨西哥BOLSA,恒生指数,韩国综合指数,荷兰AEX,Costa Rica Indice Accionario,加拿大多伦多S&P/TSX 综合指数,S&P CLX IPSA
比利时BFX,0.0,0.3100497260522349,0.4196543290506678,0.3363120893314104,0.30433556358100916,0.678060734385823,0.26057322233224745,0.4082570377774769,0.40658093992106625
日经225,0.3100497260522349,0.0,0.27873182471052654,0.40952407586496287,0.47793379448330914,0.32007559869768754,0.24804460364851297,0.2674854736111531,0.2819957345024873
墨西哥BOLSA,0.4196543290506678,0.27873182471052654,0.0,0.3048474552275493,0.2893709407757804,0.42288175937637457,0.26210721083564786,0.47258049772424005,0.39772895891212545
恒生指数,0.3363120893314104,0.40952407586496287,0.3048474552275493,0.0,0.46793906864261003,0.33763848495021515,0.2387897618660054,0.293418200071297,0.29289106228752987
韩国综合指数,0.30433556358100916,0.47793379448330914,0.2893709407757804,0.46793906864261003,0.0,0.32048443462625786,0.2533037860909431,0.28785594035648904,0.2959234607740464
荷兰AEX,0.678060734385823,0.32007559869768754,0.42288175937637457,0.33763848495021515,0.32048443462625786,0.0,0.26641882027854885,0.40114447286943744,0.41413737886028906
Costa Rica Indice Accionario,0.26057322233224745,0.24804460364851297,0.26210721083564786,0.2387897618660054,0.2533037860909431,0.26641882027854885,0.0,0.27257127349151494,0.2705143983965846
加拿大多伦多S&P/TSX 综合指数,0.4082570377774769,0.2674854736111531,0.47258049772424005,0.293418200071297,0.28785594035648904,0.40114447286943744,0.27257127349151494,0.0,0.3728014145565598
S&P CLX IPSA,0.40658093992106625,0.2819957345024873,0.39772895891212545,0.29289106228752987,0.2959234607740464,0.41413737886028906,0.2705143983965846,0.3728014145565598,0.0
