,比利时BFX,日经225,墨西哥BOLSA,恒生指数,韩国综合指数,荷兰AEX,Costa Rica Indice Accionario,加拿大多伦多S&P/TSX 综合指数,S&P CLX IPSA
比利时BFX,0.0,0.2944907262059898,0.4130223978935223,0.3335837906632306,0.29640010721808846,0.5983870394866291,0.23517089271624952,0.4226341126874356,0.36061884777595316
日经225,0.2944907262059898,0.0,0.26168792149672654,0.4121250775608582,0.43200155967392323,0.28878145519286835,0.261558384592873,0.2591907213118051,0.26083108775776354
墨西哥BOLSA,0.4130223978935223,0.26168792149672654,0.0,0.33139514779539964,0.29661391456707414,0.4584587746366043,0.25880106928602975,0.4767272569666417,0.4307256777176521
恒生指数,0.3335837906632306,0.4121250775608582,0.33139514779539964,0.0,0.4327815019558833,0.33599389000440166,0.24928328052275828,0.3046118806805259,0.29112369851802183
韩国综合指数,0.29640010721808846,0.43200155967392323,0.29661391456707414,0.4327815019558833,0.0,0.3059678141111382,0.25263335319215785,0.2881666879540425,0.2889498561073883
荷兰AEX,0.5983870394866291,0.28878145519286835,0.4584587746366043,0.33599389000440166,0.3059678141111382,0.0,0.24127472064390423,0.4583195913881828,0.3940840016870976
Costa Rica Indice Accionario,0.23517089271624952,0.261558384592873,0.25880106928602975,0.24928328052275828,0.25263335319215785,0.24127472064390423,0.0,0.24024364160882433,0.2498996837931882
加拿大多伦多S&P/TSX 综合指数,0.4226341126874356,0.2591907213118051,0.4767272569666417,0.3046118806805259,0.2881666879540425,0.4583195913881828,0.24024364160882433,0.0,0.41836664379962096
S&P CLX IPSA,0.36061884777595316,0.26083108775776354,0.4307256777176521,0.29112369851802183,0.2889498561073883,0.3940840016870976,0.2498996837931882,0.41836664379962096,0.0
