,比利时BFX,日经225,墨西哥BOLSA,恒生指数,韩国综合指数,荷兰AEX,Costa Rica Indice Accionario,加拿大多伦多S&P/TSX 综合指数,S&P CLX IPSA
比利时BFX,0.0,0.28295113978799946,0.41752326143306684,0.3270087859912601,0.2812447398764275,0.5992119783664334,0.24583441028144323,0.39758833427127926,0.3665786459176998
日经225,0.28295113978799946,0.0,0.26039778122524754,0.41242560636059317,0.43491504958766475,0.27182723362548195,0.2409146902692903,0.26057569996928365,0.2605102892691492
墨西哥BOLSA,0.41752326143306684,0.26039778122524754,0.0,0.30416694643725967,0.2759139844147744,0.44951730186781624,0.2569377567021054,0.48431761422725633,0.4053221462819253
恒生指数,0.3270087859912601,0.41242560636059317,0.30416694643725967,0.0,0.423663474413968,0.31438460439111326,0.23277767495296428,0.2967035781337631,0.28399607393201687
韩国综合指数,0.2812447398764275,0.43491504958766475,0.2759139844147744,0.423663474413968,0.0,0.28099378493632854,0.24676444878780773,0.2789919791674393,0.2757028422717949
荷兰AEX,0.5992119783664334,0.27182723362548195,0.44951730186781624,0.31438460439111326,0.28099378493632854,0.0,0.2502457653398435,0.42756367118433597,0.4009009789143075
Costa Rica Indice Accionario,0.24583441028144323,0.2409146902692903,0.2569377567021054,0.23277767495296428,0.24676444878780773,0.2502457653398435,0.0,0.25198393462374835,0.2553079522275433
加拿大多伦多S&P/TSX 综合指数,0.39758833427127926,0.26057569996928365,0.48431761422725633,0.2967035781337631,0.2789919791674393,0.42756367118433597,0.25198393462374835,0.0,0.3884804643741878
S&P CLX IPSA,0.3665786459176998,0.2605102892691492,0.4053221462819253,0.28399607393201687,0.2757028422717949,0.4009009789143075,0.2553079522275433,0.3884804643741878,0.0
