,比利时BFX,日经225,墨西哥BOLSA,恒生指数,韩国综合指数,荷兰AEX,Costa Rica Indice Accionario,加拿大多伦多S&P/TSX 综合指数,S&P CLX IPSA
比利时BFX,0.0,0.28055529360096326,0.423469844277004,0.32317532346976335,0.27967328916277584,0.5903115698945384,0.23957841407704122,0.41420871423325156,0.3604716862518783
日经225,0.28055529360096326,0.0,0.24865976836349377,0.3955163428408803,0.4125631188028658,0.26897320631833527,0.2631201479237276,0.24722581943236407,0.24595530253287232
墨西哥BOLSA,0.423469844277004,0.24865976836349377,0.0,0.3143236532282829,0.2784692188058189,0.4641533649637649,0.2551860616532704,0.506593009590053,0.41836857730551197
恒生指数,0.32317532346976335,0.3955163428408803,0.3143236532282829,0.0,0.407480271144513,0.31895641281495873,0.24684332331067074,0.3037369188531562,0.2795118356210297
韩国综合指数,0.27967328916277584,0.4125631188028658,0.2784692188058189,0.407480271144513,0.0,0.2844694001091786,0.25075323310507985,0.2772676514960704,0.27260051218656195
荷兰AEX,0.5903115698945384,0.26897320631833527,0.4641533649637649,0.31895641281495873,0.2844694001091786,0.0,0.24436706309646236,0.45551122998107113,0.39222885237595106
Costa Rica Indice Accionario,0.23957841407704122,0.2631201479237276,0.2551860616532704,0.24684332331067074,0.25075323310507985,0.24436706309646236,0.0,0.24262019679950797,0.248081539087986
加拿大多伦多S&P/TSX 综合指数,0.41420871423325156,0.24722581943236407,0.506593009590053,0.3037369188531562,0.2772676514960704,0.45551122998107113,0.24262019679950797,0.0,0.41724888556529577
S&P CLX IPSA,0.3604716862518783,0.24595530253287232,0.41836857730551197,0.2795118356210297,0.27260051218656195,0.39222885237595106,0.248081539087986,0.41724888556529577,0.0
