,比利时BFX,日经225,墨西哥BOLSA,恒生指数,韩国综合指数,荷兰AEX,Costa Rica Indice Accionario,加拿大多伦多S&P/TSX 综合指数,S&P CLX IPSA
比利时BFX,0.0,0.2794928153325648,0.4201337945078888,0.31791607108647213,0.2755053493455691,0.5988056442549745,0.24585228560166775,0.40297809119114375,0.3607865922523085
日经225,0.2794928153325648,0.0,0.2643767271522499,0.41215942990415444,0.4341526127178624,0.2727031202569719,0.24058629289571404,0.25682595029926264,0.2659376963365603
墨西哥BOLSA,0.4201337945078888,0.2643767271522499,0.0,0.30231434993154105,0.2801531878229148,0.4448218941410977,0.2584439602765518,0.4818142808525192,0.39594332055208714
恒生指数,0.31791607108647213,0.41215942990415444,0.30231434993154105,0.0,0.4145346933366942,0.3094108277959065,0.23246800074242474,0.2949437425525864,0.28043124464750585
韩国综合指数,0.2755053493455691,0.4341526127178624,0.2801531878229148,0.4145346933366942,0.0,0.28176335709027284,0.2461691752138999,0.27709553504518775,0.28219701060184565
荷兰AEX,0.5988056442549745,0.2727031202569719,0.4448218941410977,0.3094108277959065,0.28176335709027284,0.0,0.2500902183718893,0.42715838755033114,0.3889993916792757
Costa Rica Indice Accionario,0.24585228560166775,0.24058629289571404,0.2584439602765518,0.23246800074242474,0.2461691752138999,0.2500902183718893,0.0,0.2531664391353966,0.255406465374493
加拿大多伦多S&P/TSX 综合指数,0.40297809119114375,0.25682595029926264,0.4818142808525192,0.2949437425525864,0.27709553504518775,0.42715838755033114,0.2531664391353966,0.0,0.3969441132156992
S&P CLX IPSA,0.3607865922523085,0.2659376963365603,0.39594332055208714,0.28043124464750585,0.28219701060184565,0.3889993916792757,0.255406465374493,0.3969441132156992,0.0
