,比利时BFX,日经225,墨西哥BOLSA,恒生指数,韩国综合指数,荷兰AEX,Costa Rica Indice Accionario,加拿大多伦多S&P/TSX 综合指数,S&P CLX IPSA
比利时BFX,0.0,0.2838734659678125,0.4183172720035894,0.31844804409018157,0.28408651020180264,0.6046091194800134,0.24480698439584808,0.40373544722821625,0.37550315793303174
日经225,0.2838734659678125,0.0,0.2583597293274201,0.4046917830866064,0.42850891024365306,0.27607319824828075,0.24263713824256927,0.25825805396198104,0.2629122829634382
墨西哥BOLSA,0.4183172720035894,0.2583597293274201,0.0,0.3056213173820438,0.28046954482022934,0.4364371476987859,0.25959096301606555,0.46402807978977373,0.37630746793601483
恒生指数,0.31844804409018157,0.4046917830866064,0.3056213173820438,0.0,0.4197850634378074,0.30455564213199077,0.23244480058757228,0.3029885578292234,0.2810711033307697
韩国综合指数,0.28408651020180264,0.42850891024365306,0.28046954482022934,0.4197850634378074,0.0,0.2865214511405646,0.24619105078092945,0.27787092761298454,0.26997018542608
荷兰AEX,0.6046091194800134,0.27607319824828075,0.4364371476987859,0.30455564213199077,0.2865214511405646,0.0,0.25056839387608887,0.41916068533430584,0.3890503440385496
Costa Rica Indice Accionario,0.24480698439584808,0.24263713824256927,0.25959096301606555,0.23244480058757228,0.24619105078092945,0.25056839387608887,0.0,0.25562018362489686,0.2588486609278233
加拿大多伦多S&P/TSX 综合指数,0.40373544722821625,0.25825805396198104,0.46402807978977373,0.3029885578292234,0.27787092761298454,0.41916068533430584,0.25562018362489686,0.0,0.3661432551821808
S&P CLX IPSA,0.37550315793303174,0.2629122829634382,0.37630746793601483,0.2810711033307697,0.26997018542608,0.3890503440385496,0.2588486609278233,0.3661432551821808,0.0
