,比利时BFX,日经225,墨西哥BOLSA,恒生指数,韩国综合指数,荷兰AEX,Costa Rica Indice Accionario,加拿大多伦多S&P/TSX 综合指数,S&P CLX IPSA
比利时BFX,0.0,0.32196877425022846,0.4184707870090002,0.34241250090292835,0.3094790782946117,0.6842513668914073,0.26249395413819954,0.41061110748041113,0.40817113567854746
日经225,0.32196877425022846,0.0,0.28535770727116627,0.4075896967328113,0.4882602725090634,0.3296952601987674,0.2510504495543348,0.2791521125104602,0.2923525772949156
墨西哥BOLSA,0.4184707870090002,0.28535770727116627,0.0,0.3113569184098913,0.29399467867537643,0.42104983999426443,0.26370648535574276,0.4686573594051516,0.39817372133425677
恒生指数,0.34241250090292835,0.4075896967328113,0.3113569184098913,0.0,0.4680187618017739,0.34392611653931676,0.2440422798297615,0.3057577945318944,0.303502608614702
韩国综合指数,0.3094790782946117,0.4882602725090634,0.29399467867537643,0.4680187618017739,0.0,0.3266240795951754,0.25472859127496655,0.2978506802439281,0.30628396027930577
荷兰AEX,0.6842513668914073,0.3296952601987674,0.42104983999426443,0.34392611653931676,0.3266240795951754,0.0,0.2715462663321632,0.40311597293066675,0.41931193903466846
Costa Rica Indice Accionario,0.26249395413819954,0.2510504495543348,0.26370648535574276,0.2440422798297615,0.25472859127496655,0.2715462663321632,0.0,0.2741242885739765,0.26678134055059866
加拿大多伦多S&P/TSX 综合指数,0.41061110748041113,0.2791521125104602,0.4686573594051516,0.3057577945318944,0.2978506802439281,0.40311597293066675,0.2741242885739765,0.0,0.37627846074476184
S&P CLX IPSA,0.40817113567854746,0.2923525772949156,0.39817372133425677,0.303502608614702,0.30628396027930577,0.41931193903466846,0.26678134055059866,0.37627846074476184,0.0
