,比利时BFX,日经225,墨西哥BOLSA,恒生指数,韩国综合指数,荷兰AEX,Costa Rica Indice Accionario,加拿大多伦多S&P/TSX 综合指数,S&P CLX IPSA
比利时BFX,0.0,0.27826294724101136,0.41922527643741647,0.32686035232004107,0.28166898055048895,0.5800120977374202,0.23939327616985798,0.4067827153112568,0.35838697978536327
日经225,0.27826294724101136,0.0,0.24888000584350561,0.3993700464164643,0.4185088023899736,0.26733793031269865,0.2632083721763836,0.24636514312073785,0.24670097512613423
墨西哥BOLSA,0.41922527643741647,0.24888000584350561,0.0,0.31701029355540566,0.27937066453415166,0.45821876615080925,0.25532247940850306,0.500207076750713,0.4129092688993088
恒生指数,0.32686035232004107,0.3993700464164643,0.31701029355540566,0.0,0.4108258976433363,0.3227602037720586,0.24693487120509414,0.30610849721119276,0.281402505230566
韩国综合指数,0.28166898055048895,0.4185088023899736,0.27937066453415166,0.4108258976433363,0.0,0.2871866748617634,0.2508798075960677,0.27872359971284993,0.2732027038931945
荷兰AEX,0.5800120977374202,0.26733793031269865,0.45821876615080925,0.3227602037720586,0.2871866748617634,0.0,0.24432099999353024,0.4480377750648543,0.39149833092869907
Costa Rica Indice Accionario,0.23939327616985798,0.2632083721763836,0.25532247940850306,0.24693487120509414,0.2508798075960677,0.24432099999353024,0.0,0.24253923580134054,0.24824385079251504
加拿大多伦多S&P/TSX 综合指数,0.4067827153112568,0.24636514312073785,0.500207076750713,0.30610849721119276,0.27872359971284993,0.4480377750648543,0.24253923580134054,0.0,0.4143576362322354
S&P CLX IPSA,0.35838697978536327,0.24670097512613423,0.4129092688993088,0.281402505230566,0.2732027038931945,0.39149833092869907,0.24824385079251504,0.4143576362322354,0.0
