,比利时BFX,日经225,墨西哥BOLSA,恒生指数,韩国综合指数,荷兰AEX,Costa Rica Indice Accionario,加拿大多伦多S&P/TSX 综合指数,S&P CLX IPSA
比利时BFX,0.0,0.2905841186945387,0.4080473066806009,0.3282830754520229,0.2895339358962115,0.5924196759514789,0.23482003301957954,0.4161203213121307,0.35943165157401985
日经225,0.2905841186945387,0.0,0.2530942590953635,0.4049467862544835,0.4270122456568251,0.28082903293385625,0.26173049520904373,0.25443803446149865,0.25353319588142603
墨西哥BOLSA,0.4080473066806009,0.2530942590953635,0.0,0.32419918052033525,0.2887355194668648,0.4506120325917978,0.258978020761936,0.4716125702732056,0.4228233810288066
恒生指数,0.3282830754520229,0.4049467862544835,0.32419918052033525,0.0,0.4254418109027528,0.32739040355862825,0.24927488206546683,0.2999420981963879,0.2853888935381428
韩国综合指数,0.2895339358962115,0.4270122456568251,0.2887355194668648,0.4254418109027528,0.0,0.29650354133126666,0.2525620529566168,0.2825361022264221,0.2837006253461823
荷兰AEX,0.5924196759514789,0.28082903293385625,0.4506120325917978,0.32739040355862825,0.29650354133126666,0.0,0.24104399701645507,0.4531968453343031,0.39142080936902934
Costa Rica Indice Accionario,0.23482003301957954,0.26173049520904373,0.258978020761936,0.24927488206546683,0.2525620529566168,0.24104399701645507,0.0,0.2400048285432735,0.24968186374374665
加拿大多伦多S&P/TSX 综合指数,0.4161203213121307,0.25443803446149865,0.4716125702732056,0.2999420981963879,0.2825361022264221,0.4531968453343031,0.2400048285432735,0.0,0.4174626989376223
S&P CLX IPSA,0.35943165157401985,0.25353319588142603,0.4228233810288066,0.2853888935381428,0.2837006253461823,0.39142080936902934,0.24968186374374665,0.4174626989376223,0.0
