,比利时BFX,日经225,墨西哥BOLSA,恒生指数,韩国综合指数,荷兰AEX,Costa Rica Indice Accionario,加拿大多伦多S&P/TSX 综合指数,S&P CLX IPSA
比利时BFX,0.0,0.3227328007788263,0.41547116344432977,0.3458309247031814,0.3074884769970148,0.68048490223279,0.26551662322588243,0.4107520067585891,0.39894978156827443
日经225,0.3227328007788263,0.0,0.28925718898117614,0.40726799711639555,0.479684991260374,0.33297220463848315,0.2518799374645549,0.2780469961700782,0.2952444505546688
墨西哥BOLSA,0.41547116344432977,0.28925718898117614,0.0,0.31456883492523424,0.29249027846573616,0.416790994332129,0.2668235500382114,0.46746118673903053,0.3874763453259508
恒生指数,0.3458309247031814,0.40726799711639555,0.31456883492523424,0.0,0.46346402841890577,0.34753148519316834,0.2442856029174913,0.30818287274019335,0.3015138883078867
韩国综合指数,0.3074884769970148,0.479684991260374,0.29249027846573616,0.46346402841890577,0.0,0.32506422712862715,0.2558953353193121,0.29790860484423026,0.30336181546669466
荷兰AEX,0.68048490223279,0.33297220463848315,0.416790994332129,0.34753148519316834,0.32506422712862715,0.0,0.2744961579183529,0.4023993550677631,0.41012535420411744
Costa Rica Indice Accionario,0.26551662322588243,0.2518799374645549,0.2668235500382114,0.2442856029174913,0.2558953353193121,0.2744961579183529,0.0,0.27561530357844544,0.26884960115525863
加拿大多伦多S&P/TSX 综合指数,0.4107520067585891,0.2780469961700782,0.46746118673903053,0.30818287274019335,0.29790860484423026,0.4023993550677631,0.27561530357844544,0.0,0.36507691158211586
S&P CLX IPSA,0.39894978156827443,0.2952444505546688,0.3874763453259508,0.3015138883078867,0.30336181546669466,0.41012535420411744,0.26884960115525863,0.36507691158211586,0.0
