,比利时BFX,日经225,墨西哥BOLSA,恒生指数,韩国综合指数,荷兰AEX,Costa Rica Indice Accionario,加拿大多伦多S&P/TSX 综合指数,S&P CLX IPSA
比利时BFX,0.0,0.3072827701815562,0.4277224025661379,0.33993630862422525,0.30124383490278667,0.675140746407358,0.260678590794333,0.424750513358658,0.4058106556307804
日经225,0.3072827701815562,0.0,0.2806204281352091,0.4214148371075375,0.48082447915370335,0.3223487122555944,0.24895254830981017,0.2681413488586168,0.28835559184678855
墨西哥BOLSA,0.4277224025661379,0.2806204281352091,0.0,0.31097925078956873,0.2867659280174558,0.42351215270096465,0.26188818953455545,0.4803715174864846,0.4033857474243647
恒生指数,0.33993630862422525,0.4214148371075375,0.31097925078956873,0.0,0.4519265055723832,0.3394588079619505,0.2393389480467395,0.3011583477569974,0.2911665062881265
韩国综合指数,0.30124383490278667,0.48082447915370335,0.2867659280174558,0.4519265055723832,0.0,0.31842882486003193,0.2524820311038574,0.28471721531218036,0.2903559304278251
荷兰AEX,0.675140746407358,0.3223487122555944,0.42351215270096465,0.3394588079619505,0.31842882486003193,0.0,0.2658107673080059,0.4104782846834931,0.4093812604718547
Costa Rica Indice Accionario,0.260678590794333,0.24895254830981017,0.26188818953455545,0.2393389480467395,0.2524820311038574,0.2658107673080059,0.0,0.2718056845059551,0.27046785416419333
加拿大多伦多S&P/TSX 综合指数,0.424750513358658,0.2681413488586168,0.4803715174864846,0.3011583477569974,0.28471721531218036,0.4104782846834931,0.2718056845059551,0.0,0.38130663920802665
S&P CLX IPSA,0.4058106556307804,0.28835559184678855,0.4033857474243647,0.2911665062881265,0.2903559304278251,0.4093812604718547,0.27046785416419333,0.38130663920802665,0.0
