,比利时BFX,日经225,墨西哥BOLSA,恒生指数,韩国综合指数,荷兰AEX,Costa Rica Indice Accionario,加拿大多伦多S&P/TSX 综合指数,S&P CLX IPSA
比利时BFX,0.0,0.32557303724953934,0.403742694660885,0.3563172916922431,0.32439099421225415,0.6922170692880428,0.279379815662399,0.39979469166080367,0.4052898959927908
日经225,0.32557303724953934,0.0,0.283097434745643,0.40907545580592874,0.48342688688419283,0.3310267248126826,0.24126291307540426,0.27974184799694146,0.28928937630646007
墨西哥BOLSA,0.403742694660885,0.283097434745643,0.0,0.310730561505193,0.30527911450009326,0.40354608136230496,0.2590932582138579,0.46335001311849777,0.3837586602944109
恒生指数,0.3563172916922431,0.40907545580592874,0.310730561505193,0.0,0.45821559409171037,0.3560019759405422,0.25518709170646137,0.30380343338707216,0.3074042255277903
韩国综合指数,0.32439099421225415,0.48342688688419283,0.30527911450009326,0.45821559409171037,0.0,0.3428479165389735,0.24526011220646876,0.29948072264976133,0.31270175259236915
荷兰AEX,0.6922170692880428,0.3310267248126826,0.40354608136230496,0.3560019759405422,0.3428479165389735,0.0,0.2765723710485422,0.39162127412493997,0.41298930241900167
Costa Rica Indice Accionario,0.279379815662399,0.24126291307540426,0.2590932582138579,0.25518709170646137,0.24526011220646876,0.2765723710485422,0.0,0.2701052191459145,0.2626740710400682
加拿大多伦多S&P/TSX 综合指数,0.39979469166080367,0.27974184799694146,0.46335001311849777,0.30380343338707216,0.29948072264976133,0.39162127412493997,0.2701052191459145,0.0,0.3589954492017848
S&P CLX IPSA,0.4052898959927908,0.28928937630646007,0.3837586602944109,0.3074042255277903,0.31270175259236915,0.41298930241900167,0.2626740710400682,0.3589954492017848,0.0
