,比利时BFX,日经225,墨西哥BOLSA,恒生指数,韩国综合指数,荷兰AEX,Costa Rica Indice Accionario,加拿大多伦多S&P/TSX 综合指数,S&P CLX IPSA
比利时BFX,0.0,0.301457384977479,0.4225004662265071,0.33483020508519035,0.2986786691165774,0.6620499757802463,0.2600291316622216,0.42168462858536454,0.40334760067553793
日经225,0.301457384977479,0.0,0.2728265423055608,0.4181101324649609,0.4625663613248743,0.31307511425594114,0.24755052896359728,0.26871047756239835,0.28556116841357754
墨西哥BOLSA,0.4225004662265071,0.2728265423055608,0.0,0.30518458785951535,0.28904637763766766,0.42342118837692855,0.2603762146958532,0.47119622767502345,0.3940061400831472
恒生指数,0.33483020508519035,0.4181101324649609,0.30518458785951535,0.0,0.4449152268733459,0.335807152816449,0.23889724675539986,0.30043635578781963,0.2916959021522055
韩国综合指数,0.2986786691165774,0.4625663613248743,0.28904637763766766,0.4449152268733459,0.0,0.3153477776724214,0.2509405120091273,0.28988153976402226,0.2918770752357255
荷兰AEX,0.6620499757802463,0.31307511425594114,0.42342118837692855,0.335807152816449,0.3153477776724214,0.0,0.26512170914045863,0.4186628298243744,0.4086670751908354
Costa Rica Indice Accionario,0.2600291316622216,0.24755052896359728,0.2603762146958532,0.23889724675539986,0.2509405120091273,0.26512170914045863,0.0,0.2694887953419989,0.27006986801518257
加拿大多伦多S&P/TSX 综合指数,0.42168462858536454,0.26871047756239835,0.47119622767502345,0.30043635578781963,0.28988153976402226,0.4186628298243744,0.2694887953419989,0.0,0.3714087810178637
S&P CLX IPSA,0.40334760067553793,0.28556116841357754,0.3940061400831472,0.2916959021522055,0.2918770752357255,0.4086670751908354,0.27006986801518257,0.3714087810178637,0.0
