,比利时BFX,日经225,墨西哥BOLSA,恒生指数,韩国综合指数,荷兰AEX,Costa Rica Indice Accionario,加拿大多伦多S&P/TSX 综合指数,S&P CLX IPSA
比利时BFX,0.0,0.2874061175888397,0.41450903196035943,0.33687964313214896,0.2817534103650463,0.5906017667153697,0.24942926996272127,0.3997554437866303,0.37054501853956356
日经225,0.2874061175888397,0.0,0.2531698941205147,0.39871018687212306,0.42097681573957857,0.2698865070421387,0.25074402643533555,0.25171074577388985,0.2578485435007232
墨西哥BOLSA,0.41450903196035943,0.2531698941205147,0.0,0.31644110174213175,0.27862968098066343,0.46130950704890317,0.2526331432953526,0.5060193031441371,0.41795952159409533
恒生指数,0.33687964313214896,0.39871018687212306,0.31644110174213175,0.0,0.41709723620840017,0.3281123712753796,0.23525948536497696,0.3101474450155703,0.2933907810552026
韩国综合指数,0.2817534103650463,0.42097681573957857,0.27862968098066343,0.41709723620840017,0.0,0.28367497981797607,0.24777984831234479,0.27949935551794525,0.2767137716140382
荷兰AEX,0.5906017667153697,0.2698865070421387,0.46130950704890317,0.3281123712753796,0.28367497981797607,0.0,0.2500064548202807,0.4428810438071409,0.4095203282143515
Costa Rica Indice Accionario,0.24942926996272127,0.25074402643533555,0.2526331432953526,0.23525948536497696,0.24777984831234479,0.2500064548202807,0.0,0.24704328292731853,0.2539157677305205
加拿大多伦多S&P/TSX 综合指数,0.3997554437866303,0.25171074577388985,0.5060193031441371,0.3101474450155703,0.27949935551794525,0.4428810438071409,0.24704328292731853,0.0,0.40455806408341594
S&P CLX IPSA,0.37054501853956356,0.2578485435007232,0.41795952159409533,0.2933907810552026,0.2767137716140382,0.4095203282143515,0.2539157677305205,0.40455806408341594,0.0
