,比利时BFX,日经225,墨西哥BOLSA,恒生指数,韩国综合指数,荷兰AEX,Costa Rica Indice Accionario,加拿大多伦多S&P/TSX 综合指数,S&P CLX IPSA
比利时BFX,0.0,0.28586002782311015,0.4115548833577579,0.31693297779197876,0.28243710420080986,0.6048723073431025,0.2520074162697914,0.39574970202593995,0.36565909582238126
日经225,0.28586002782311015,0.0,0.25682950608631167,0.4135800857056561,0.4473493596516748,0.28237257237029906,0.2557101924215144,0.25901021918483685,0.2654416139329931
墨西哥BOLSA,0.4115548833577579,0.25682950608631167,0.0,0.2984425834647759,0.2743060248214551,0.4359439472629698,0.25551544394997255,0.45442058801285207,0.3721219180521017
恒生指数,0.31693297779197876,0.4135800857056561,0.2984425834647759,0.0,0.4183253803887488,0.3038846892122601,0.2367720074822325,0.29360147278440973,0.2759830909406366
韩国综合指数,0.28243710420080986,0.4473493596516748,0.2743060248214551,0.4183253803887488,0.0,0.28961411978371415,0.2502841811269453,0.28101643432004586,0.27061161871806866
荷兰AEX,0.6048723073431025,0.28237257237029906,0.4359439472629698,0.3038846892122601,0.28961411978371415,0.0,0.2610375591135201,0.40946701755248704,0.38278167064556823
Costa Rica Indice Accionario,0.2520074162697914,0.2557101924215144,0.25551544394997255,0.2367720074822325,0.2502841811269453,0.2610375591135201,0.0,0.26390669843894615,0.2673298032097079
加拿大多伦多S&P/TSX 综合指数,0.39574970202593995,0.25901021918483685,0.45442058801285207,0.29360147278440973,0.28101643432004586,0.40946701755248704,0.26390669843894615,0.0,0.35619872855461365
S&P CLX IPSA,0.36565909582238126,0.2654416139329931,0.3721219180521017,0.2759830909406366,0.27061161871806866,0.38278167064556823,0.2673298032097079,0.35619872855461365,0.0
