,比利时BFX,日经225,墨西哥BOLSA,恒生指数,韩国综合指数,荷兰AEX,Costa Rica Indice Accionario,加拿大多伦多S&P/TSX 综合指数,S&P CLX IPSA
比利时BFX,0.0,0.3224470549030918,0.41628025538099417,0.3520958718645832,0.3093046593066561,0.6762595240728622,0.2612903369127869,0.40437614959265034,0.40045384561396713
日经225,0.3224470549030918,0.0,0.2892106960588627,0.4064686810189038,0.47686508024248514,0.3320998334221071,0.24671558650004038,0.27876760397889566,0.29273210138986944
墨西哥BOLSA,0.41628025538099417,0.2892106960588627,0.0,0.31845771362931163,0.29522582013408305,0.42050476599110215,0.26267940223398645,0.46960174813481464,0.3936783687147855
恒生指数,0.3520958718645832,0.4064686810189038,0.31845771362931163,0.0,0.4690333818874004,0.3519888393804755,0.23819916032794952,0.30769218423436645,0.30426772007525277
韩国综合指数,0.3093046593066561,0.47686508024248514,0.29522582013408305,0.4690333818874004,0.0,0.32622732651706626,0.2520046061413336,0.2966985884850914,0.30357366081345216
荷兰AEX,0.6762595240728622,0.3320998334221071,0.42050476599110215,0.3519888393804755,0.32622732651706626,0.0,0.2669641407958111,0.39979736257512016,0.4104574090175128
Costa Rica Indice Accionario,0.2612903369127869,0.24671558650004038,0.26267940223398645,0.23819916032794952,0.2520046061413336,0.2669641407958111,0.0,0.2732852180596724,0.26961631100547184
加拿大多伦多S&P/TSX 综合指数,0.40437614959265034,0.27876760397889566,0.46960174813481464,0.30769218423436645,0.2966985884850914,0.39979736257512016,0.2732852180596724,0.0,0.3700747857439081
S&P CLX IPSA,0.40045384561396713,0.29273210138986944,0.3936783687147855,0.30426772007525277,0.30357366081345216,0.4104574090175128,0.26961631100547184,0.3700747857439081,0.0
