,比利时BFX,日经225,墨西哥BOLSA,恒生指数,韩国综合指数,荷兰AEX,Costa Rica Indice Accionario,加拿大多伦多S&P/TSX 综合指数,S&P CLX IPSA
比利时BFX,0.0,0.3243689649641024,0.4038304335022318,0.35612678893363603,0.34204409767103183,0.6943464463945502,0.27857746917246823,0.40768160849663904,0.39688534720634494
日经225,0.3243689649641024,0.0,0.28089529935625557,0.3821358470330853,0.4335118675357998,0.33414266900067824,0.2399649638708995,0.2873609684908529,0.28518249535806034
墨西哥BOLSA,0.4038304335022318,0.28089529935625557,0.0,0.3164747788532323,0.30988946185320565,0.40814197728626844,0.25769458526479255,0.47500179960800026,0.40338265818709845
恒生指数,0.35612678893363603,0.3821358470330853,0.3164747788532323,0.0,0.4146745420369471,0.3626926583464215,0.2545310045861287,0.3193424411901765,0.30214704605756876
韩国综合指数,0.34204409767103183,0.4335118675357998,0.30988946185320565,0.4146745420369471,0.0,0.35852248423023364,0.24613391878075944,0.31089258983352597,0.3148463531082692
荷兰AEX,0.6943464463945502,0.33414266900067824,0.40814197728626844,0.3626926583464215,0.35852248423023364,0.0,0.2775363419465892,0.40318883129841193,0.4062199655037201
Costa Rica Indice Accionario,0.27857746917246823,0.2399649638708995,0.25769458526479255,0.2545310045861287,0.24613391878075944,0.2775363419465892,0.0,0.26887099439195344,0.2623183229577896
加拿大多伦多S&P/TSX 综合指数,0.40768160849663904,0.2873609684908529,0.47500179960800026,0.3193424411901765,0.31089258983352597,0.40318883129841193,0.26887099439195344,0.0,0.37238253403494137
S&P CLX IPSA,0.39688534720634494,0.28518249535806034,0.40338265818709845,0.30214704605756876,0.3148463531082692,0.4062199655037201,0.2623183229577896,0.37238253403494137,0.0
