,比利时BFX,日经225,墨西哥BOLSA,恒生指数,韩国综合指数,荷兰AEX,Costa Rica Indice Accionario,加拿大多伦多S&P/TSX 综合指数,S&P CLX IPSA
比利时BFX,0.0,0.30428357149448637,0.42787964414630975,0.338844563931902,0.30098194898266206,0.671940224987162,0.2601499933492928,0.42869313768769435,0.40496998126649675
日经225,0.30428357149448637,0.0,0.27359208752543124,0.41451271369062864,0.4651783659852422,0.3180915230918675,0.24848655453926044,0.27110661382949636,0.28437993834339925
墨西哥BOLSA,0.42787964414630975,0.27359208752543124,0.0,0.3088015958540904,0.29080304203599,0.42654617619695306,0.26024203145618374,0.48332725877889376,0.40282954098456497
恒生指数,0.338844563931902,0.41451271369062864,0.3088015958540904,0.0,0.4446086141844018,0.33779419789349263,0.23953776566620866,0.3064566020637044,0.2901562973372789
韩国综合指数,0.30098194898266206,0.4651783659852422,0.29080304203599,0.4446086141844018,0.0,0.31740986630684814,0.2518683297470007,0.2907024303271542,0.2907363367407353
荷兰AEX,0.671940224987162,0.3180915230918675,0.42654617619695306,0.33779419789349263,0.31740986630684814,0.0,0.2648746802620511,0.42087324048834285,0.40982971398542234
Costa Rica Indice Accionario,0.2601499933492928,0.24848655453926044,0.26024203145618374,0.23953776566620866,0.2518683297470007,0.2648746802620511,0.0,0.26904459369884065,0.2700440142080065
加拿大多伦多S&P/TSX 综合指数,0.42869313768769435,0.27110661382949636,0.48332725877889376,0.3064566020637044,0.2907024303271542,0.42087324048834285,0.26904459369884065,0.0,0.3786719483052413
S&P CLX IPSA,0.40496998126649675,0.28437993834339925,0.40282954098456497,0.2901562973372789,0.2907363367407353,0.40982971398542234,0.2700440142080065,0.3786719483052413,0.0
