,比利时BFX,日经225,墨西哥BOLSA,恒生指数,韩国综合指数,荷兰AEX,Costa Rica Indice Accionario,加拿大多伦多S&P/TSX 综合指数,S&P CLX IPSA
比利时BFX,0.0,0.27677452427228333,0.42062941092549994,0.31170439635131386,0.27663671828411834,0.6094272598294791,0.24563772384738966,0.409885300369386,0.3697883691177906
日经225,0.27677452427228333,0.0,0.2581829247516272,0.4117590544901638,0.43740980724465317,0.2709256645970628,0.24329031042051097,0.2573419818442585,0.26595046811709844
墨西哥BOLSA,0.42062941092549994,0.2581829247516272,0.0,0.30309854111954565,0.27612972715435297,0.43931895088278927,0.261508157162543,0.48398292445757846,0.38750037703864587
恒生指数,0.31170439635131386,0.4117590544901638,0.30309854111954565,0.0,0.4280056213579289,0.3008081793135367,0.23304920098119858,0.29937796075300843,0.2835964325391115
韩国综合指数,0.27663671828411834,0.43740980724465317,0.27612972715435297,0.4280056213579289,0.0,0.2799541508777785,0.24638117050406916,0.2719952586907899,0.27112529331284707
荷兰AEX,0.6094272598294791,0.2709256645970628,0.43931895088278927,0.3008081793135367,0.2799541508777785,0.0,0.2512725712507676,0.4251528170448272,0.3856245466227404
Costa Rica Indice Accionario,0.24563772384738966,0.24329031042051097,0.261508157162543,0.23304920098119858,0.24638117050406916,0.2512725712507676,0.0,0.2574550027267332,0.26068469156932883
加拿大多伦多S&P/TSX 综合指数,0.409885300369386,0.2573419818442585,0.48398292445757846,0.29937796075300843,0.2719952586907899,0.4251528170448272,0.2574550027267332,0.0,0.37870301783970073
S&P CLX IPSA,0.3697883691177906,0.26595046811709844,0.38750037703864587,0.2835964325391115,0.27112529331284707,0.3856245466227404,0.26068469156932883,0.37870301783970073,0.0
