,比利时BFX,日经225,墨西哥BOLSA,恒生指数,韩国综合指数,荷兰AEX,Costa Rica Indice Accionario,加拿大多伦多S&P/TSX 综合指数,S&P CLX IPSA
比利时BFX,0.0,0.3223128480850726,0.40582817333002424,0.34953940519902704,0.3346117007129687,0.6893268121905481,0.27957287648046536,0.4061374666296393,0.3881024068248494
日经225,0.3223128480850726,0.0,0.282296920096951,0.3951430097627579,0.4509837262126301,0.3335425034991286,0.24118697741140682,0.28813577250961453,0.2851711773646057
墨西哥BOLSA,0.40582817333002424,0.282296920096951,0.0,0.3086161268795241,0.30909765722651916,0.41024619847906596,0.2594836002619182,0.47158331834479855,0.39151044453440254
恒生指数,0.34953940519902704,0.3951430097627579,0.3086161268795241,0.0,0.42510625189999146,0.35712085418905154,0.2563211285158549,0.30894413536583953,0.2972813479788219
韩国综合指数,0.3346117007129687,0.4509837262126301,0.30909765722651916,0.42510625189999146,0.0,0.3518579937337803,0.2459714186353728,0.3023072831913344,0.31525223048924955
荷兰AEX,0.6893268121905481,0.3335425034991286,0.41024619847906596,0.35712085418905154,0.3518579937337803,0.0,0.2773565043742426,0.40393585200378135,0.39617227640032693
Costa Rica Indice Accionario,0.27957287648046536,0.24118697741140682,0.2594836002619182,0.2563211285158549,0.2459714186353728,0.2773565043742426,0.0,0.27082941207065214,0.25975086418969934
加拿大多伦多S&P/TSX 综合指数,0.4061374666296393,0.28813577250961453,0.47158331834479855,0.30894413536583953,0.3023072831913344,0.40393585200378135,0.27082941207065214,0.0,0.3663271533327286
S&P CLX IPSA,0.3881024068248494,0.2851711773646057,0.39151044453440254,0.2972813479788219,0.31525223048924955,0.39617227640032693,0.25975086418969934,0.3663271533327286,0.0
