,比利时BFX,日经225,墨西哥BOLSA,恒生指数,韩国综合指数,荷兰AEX,Costa Rica Indice Accionario,加拿大多伦多S&P/TSX 综合指数,S&P CLX IPSA
比利时BFX,0.0,0.32499303812393254,0.4036869890340145,0.35593305666391595,0.3395000688640147,0.6903762995424056,0.28135467613447884,0.40694913334925803,0.39199338937139017
日经225,0.32499303812393254,0.0,0.2827855116563178,0.38515349526368675,0.4337885102587255,0.33679209277658706,0.23812351045645858,0.29056501318663763,0.2843133452053661
墨西哥BOLSA,0.4036869890340145,0.2827855116563178,0.0,0.31956893044357254,0.31238680046778744,0.4093639048963665,0.2622826780881974,0.4768298131149901,0.39768015190746764
恒生指数,0.35593305666391595,0.38515349526368675,0.31956893044357254,0.0,0.409169217575957,0.36299996632939463,0.25405476205940153,0.3248050310394653,0.3038443875156379
韩国综合指数,0.3395000688640147,0.4337885102587255,0.31238680046778744,0.409169217575957,0.0,0.3579547397427924,0.2465724585470299,0.31416824842317825,0.318426371278505
荷兰AEX,0.6903762995424056,0.33679209277658706,0.4093639048963665,0.36299996632939463,0.3579547397427924,0.0,0.28137624662303506,0.40313511095586557,0.39628396043536585
Costa Rica Indice Accionario,0.28135467613447884,0.23812351045645858,0.2622826780881974,0.25405476205940153,0.2465724585470299,0.28137624662303506,0.0,0.2680684455291379,0.2605137955644091
加拿大多伦多S&P/TSX 综合指数,0.40694913334925803,0.29056501318663763,0.4768298131149901,0.3248050310394653,0.31416824842317825,0.40313511095586557,0.2680684455291379,0.0,0.3613905680417986
S&P CLX IPSA,0.39199338937139017,0.2843133452053661,0.39768015190746764,0.3038443875156379,0.318426371278505,0.39628396043536585,0.2605137955644091,0.3613905680417986,0.0
