,比利时BFX,日经225,墨西哥BOLSA,恒生指数,韩国综合指数,荷兰AEX,Costa Rica Indice Accionario,加拿大多伦多S&P/TSX 综合指数,S&P CLX IPSA
比利时BFX,0.0,0.2848334236913435,0.41798160516499433,0.31808248051694443,0.28376819999563474,0.6053141355300676,0.24443442021177428,0.4033032968149168,0.37470882780599674
日经225,0.2848334236913435,0.0,0.2591356933076856,0.407831830981759,0.4287275300845843,0.2781810601323451,0.24364905828012628,0.2596504177812372,0.26382412238738595
墨西哥BOLSA,0.41798160516499433,0.2591356933076856,0.0,0.3053376611262961,0.28054222752671093,0.4362564599105205,0.2591816413749473,0.4637651680146657,0.37588675881974937
恒生指数,0.31808248051694443,0.407831830981759,0.3053376611262961,0.0,0.42006435160538946,0.3039888022722651,0.2320169823242213,0.3025152833636526,0.2808137951596016
韩国综合指数,0.28376819999563474,0.4287275300845843,0.28054222752671093,0.42006435160538946,0.0,0.28689277743580766,0.24635218555166088,0.2781872712867269,0.2704947699885358
荷兰AEX,0.6053141355300676,0.2781810601323451,0.4362564599105205,0.3039888022722651,0.28689277743580766,0.0,0.24962698350406004,0.4180751346385861,0.3884330014281438
Costa Rica Indice Accionario,0.24443442021177428,0.24364905828012628,0.2591816413749473,0.2320169823242213,0.24635218555166088,0.24962698350406004,0.0,0.2548595801047627,0.25837911696896243
加拿大多伦多S&P/TSX 综合指数,0.4033032968149168,0.2596504177812372,0.4637651680146657,0.3025152833636526,0.2781872712867269,0.4180751346385861,0.2548595801047627,0.0,0.3656144418822206
S&P CLX IPSA,0.37470882780599674,0.26382412238738595,0.37588675881974937,0.2808137951596016,0.2704947699885358,0.3884330014281438,0.25837911696896243,0.3656144418822206,0.0
