,比利时BFX,日经225,墨西哥BOLSA,恒生指数,韩国综合指数,荷兰AEX,Costa Rica Indice Accionario,加拿大多伦多S&P/TSX 综合指数,S&P CLX IPSA
比利时BFX,0.0,0.3300921059102874,0.4135523832584171,0.35760923308007253,0.32398889618927956,0.6828976164746132,0.26218983853912575,0.40470628778260226,0.4108452978993741
日经225,0.3300921059102874,0.0,0.2889446591416844,0.400892830445293,0.48240183350827803,0.3363260241822101,0.2471461504214159,0.2821261091351777,0.2924481668083307
墨西哥BOLSA,0.4135523832584171,0.2889446591416844,0.0,0.31445117854633636,0.30312780329965383,0.41270829078214355,0.2609358822458449,0.46409504314115413,0.39513006993548394
恒生指数,0.35760923308007253,0.400892830445293,0.31445117854633636,0.0,0.44737396277865854,0.3535826336325703,0.23962808219735898,0.3092006074134621,0.3069983352850033
韩国综合指数,0.32398889618927956,0.48240183350827803,0.30312780329965383,0.44737396277865854,0.0,0.3418202070036336,0.2520657563177981,0.30386548609695807,0.31527759413215956
荷兰AEX,0.6828976164746132,0.3363260241822101,0.41270829078214355,0.3535826336325703,0.3418202070036336,0.0,0.2706952455236375,0.39635762094474125,0.42719596910817365
Costa Rica Indice Accionario,0.26218983853912575,0.2471461504214159,0.2609358822458449,0.23962808219735898,0.2520657563177981,0.2706952455236375,0.0,0.269993460332109,0.2673595099689017
加拿大多伦多S&P/TSX 综合指数,0.40470628778260226,0.2821261091351777,0.46409504314115413,0.3092006074134621,0.30386548609695807,0.39635762094474125,0.269993460332109,0.0,0.37137031114240043
S&P CLX IPSA,0.4108452978993741,0.2924481668083307,0.39513006993548394,0.3069983352850033,0.31527759413215956,0.42719596910817365,0.2673595099689017,0.37137031114240043,0.0
