,比利时BFX,日经225,墨西哥BOLSA,恒生指数,韩国综合指数,荷兰AEX,Costa Rica Indice Accionario,加拿大多伦多S&P/TSX 综合指数,S&P CLX IPSA
比利时BFX,0.0,0.32184022345800256,0.41674304563781367,0.35192575897068296,0.3101965409630606,0.6775183958129385,0.26114000367753415,0.40445035962417136,0.4049293224240141
日经225,0.32184022345800256,0.0,0.28890321311611256,0.4064070991750229,0.479372990965439,0.33111386124096676,0.24793161251521256,0.2791539934707551,0.29440143037748817
墨西哥BOLSA,0.41674304563781367,0.28890321311611256,0.0,0.3184664205655918,0.2951003006767201,0.4205216727701429,0.26269516601375137,0.46952298520229535,0.39487334386808837
恒生指数,0.35192575897068296,0.4064070991750229,0.3184664205655918,0.0,0.4711067759734406,0.35182345394309944,0.23853389171330827,0.30785509125833044,0.30581277595879497
韩国综合指数,0.3101965409630606,0.479372990965439,0.2951003006767201,0.4711067759734406,0.0,0.3261473688960056,0.25305968920379246,0.2972382496207727,0.3028197353928181
荷兰AEX,0.6775183958129385,0.33111386124096676,0.4205216727701429,0.35182345394309944,0.3261473688960056,0.0,0.2668466318188493,0.39964417615578657,0.41238222715391953
Costa Rica Indice Accionario,0.26114000367753415,0.24793161251521256,0.26269516601375137,0.23853389171330827,0.25305968920379246,0.2668466318188493,0.0,0.27353854769696345,0.2709311572574992
加拿大多伦多S&P/TSX 综合指数,0.40445035962417136,0.2791539934707551,0.46952298520229535,0.30785509125833044,0.2972382496207727,0.39964417615578657,0.27353854769696345,0.0,0.37207812791007083
S&P CLX IPSA,0.4049293224240141,0.29440143037748817,0.39487334386808837,0.30581277595879497,0.3028197353928181,0.41238222715391953,0.2709311572574992,0.37207812791007083,0.0
