,比利时BFX,日经225,墨西哥BOLSA,恒生指数,韩国综合指数,荷兰AEX,Costa Rica Indice Accionario,加拿大多伦多S&P/TSX 综合指数,S&P CLX IPSA
比利时BFX,0.0,0.2976032918632666,0.4170009013213555,0.333039457264799,0.28937764631671486,0.6309611442573191,0.2542572172967553,0.40503320322871333,0.3869818085704915
日经225,0.2976032918632666,0.0,0.2649833388350432,0.41799832210716004,0.45957240125871696,0.29835865420459134,0.25282856489046784,0.2635974078508184,0.27424459807701146
墨西哥BOLSA,0.4170009013213555,0.2649833388350432,0.0,0.29793655459765694,0.2790830607004965,0.42971472041548037,0.2591929699050377,0.4586529921645652,0.37961744816086157
恒生指数,0.333039457264799,0.41799832210716004,0.29793655459765694,0.0,0.42244744322255395,0.31803793421554727,0.23864190413378972,0.2987347854422086,0.2836122590715517
韩国综合指数,0.28937764631671486,0.45957240125871696,0.2790830607004965,0.42244744322255395,0.0,0.300629909996293,0.25035703403370874,0.2866628327278096,0.2763261129878817
荷兰AEX,0.6309611442573191,0.29835865420459134,0.42971472041548037,0.31803793421554727,0.300629909996293,0.0,0.26087420666692607,0.4151634099629963,0.39915045421193485
Costa Rica Indice Accionario,0.2542572172967553,0.25282856489046784,0.2591929699050377,0.23864190413378972,0.25035703403370874,0.26087420666692607,0.0,0.2641393305216491,0.2665727940866595
加拿大多伦多S&P/TSX 综合指数,0.40503320322871333,0.2635974078508184,0.4586529921645652,0.2987347854422086,0.2866628327278096,0.4151634099629963,0.2641393305216491,0.0,0.37010960085560185
S&P CLX IPSA,0.3869818085704915,0.27424459807701146,0.37961744816086157,0.2836122590715517,0.2763261129878817,0.39915045421193485,0.2665727940866595,0.37010960085560185,0.0
