,比利时BFX,日经225,墨西哥BOLSA,恒生指数,韩国综合指数,荷兰AEX,Costa Rica Indice Accionario,加拿大多伦多S&P/TSX 综合指数,S&P CLX IPSA
比利时BFX,0.0,0.3010296980972306,0.4249764177554809,0.34083916899484107,0.3000554738408536,0.6563217270413959,0.2606602537221302,0.4246606842638368,0.39821871299352174
日经225,0.3010296980972306,0.0,0.2661825260882279,0.41580034573242375,0.4591565166866773,0.3069591640547314,0.25525936490791007,0.26202938487360095,0.28249491161757395
墨西哥BOLSA,0.4249764177554809,0.2661825260882279,0.0,0.3039921913246529,0.2862342366140241,0.4293890974092359,0.2649940924095276,0.4627493536031479,0.3812135815621963
恒生指数,0.34083916899484107,0.41580034573242375,0.3039921913246529,0.0,0.43579543902355367,0.3340053444234826,0.24090600846911886,0.3022243942417939,0.29197613792844035
韩国综合指数,0.3000554738408536,0.4591565166866773,0.2862342366140241,0.43579543902355367,0.0,0.312431974515453,0.2544238750864836,0.2877709428724816,0.28794320492869113
荷兰AEX,0.6563217270413959,0.3069591640547314,0.4293890974092359,0.3340053444234826,0.312431974515453,0.0,0.26613440496199925,0.4214237829587909,0.40339759845090517
Costa Rica Indice Accionario,0.2606602537221302,0.25525936490791007,0.2649940924095276,0.24090600846911886,0.2544238750864836,0.26613440496199925,0.0,0.2701335032007083,0.268582037370653
加拿大多伦多S&P/TSX 综合指数,0.4246606842638368,0.26202938487360095,0.4627493536031479,0.3022243942417939,0.2877709428724816,0.4214237829587909,0.2701335032007083,0.0,0.3646913806363673
S&P CLX IPSA,0.39821871299352174,0.28249491161757395,0.3812135815621963,0.29197613792844035,0.28794320492869113,0.40339759845090517,0.268582037370653,0.3646913806363673,0.0
