,比利时BFX,日经225,墨西哥BOLSA,恒生指数,韩国综合指数,荷兰AEX,Costa Rica Indice Accionario,加拿大多伦多S&P/TSX 综合指数,S&P CLX IPSA
比利时BFX,0.0,0.27819812625711277,0.42548372001098844,0.3157633331593644,0.2773770005682204,0.6071947777243849,0.24617869688612967,0.4146068311985,0.3756718210230217
日经225,0.27819812625711277,0.0,0.2638816830509364,0.412395548763861,0.4409675541391908,0.2719286944125934,0.24188753705199703,0.25755121216958304,0.2687865960567254
墨西哥BOLSA,0.42548372001098844,0.2638816830509364,0.0,0.3032135611575344,0.2777541874676893,0.4413014108367409,0.2620973951696581,0.4813821757505222,0.3912595380287925
恒生指数,0.3157633331593644,0.412395548763861,0.3032135611575344,0.0,0.4324255420983606,0.3063471708910066,0.23473194252465024,0.2991606966614278,0.2881110686098724
韩国综合指数,0.2773770005682204,0.4409675541391908,0.2777541874676893,0.4324255420983606,0.0,0.2828558909948858,0.2480832281583448,0.27173476571991856,0.27637945992838014
荷兰AEX,0.6071947777243849,0.2719286944125934,0.4413014108367409,0.3063471708910066,0.2828558909948858,0.0,0.2524667217177245,0.43599909583379354,0.3957047525961242
Costa Rica Indice Accionario,0.24617869688612967,0.24188753705199703,0.2620973951696581,0.23473194252465024,0.2480832281583448,0.2524667217177245,0.0,0.25663818824571016,0.26083791662045347
加拿大多伦多S&P/TSX 综合指数,0.4146068311985,0.25755121216958304,0.4813821757505222,0.2991606966614278,0.27173476571991856,0.43599909583379354,0.25663818824571016,0.0,0.3889778698237771
S&P CLX IPSA,0.3756718210230217,0.2687865960567254,0.3912595380287925,0.2881110686098724,0.27637945992838014,0.3957047525961242,0.26083791662045347,0.3889778698237771,0.0
