,比利时BFX,日经225,墨西哥BOLSA,恒生指数,韩国综合指数,荷兰AEX,Costa Rica Indice Accionario,加拿大多伦多S&P/TSX 综合指数,S&P CLX IPSA
比利时BFX,0.0,0.29529923254840096,0.41394408443006403,0.3339330591836149,0.29691447505730656,0.5922196040005768,0.23295385347564676,0.4231038976579529,0.3611713181221259
日经225,0.29529923254840096,0.0,0.26255824669069505,0.4127686305270087,0.4325304069838217,0.28774163630705435,0.2576341279530915,0.2605334731588164,0.2610780819385537
墨西哥BOLSA,0.41394408443006403,0.26255824669069505,0.0,0.33225890980972134,0.2977889231260551,0.4561987516878166,0.25631465416880234,0.47767496208335397,0.4302808057659766
恒生指数,0.3339330591836149,0.4127686305270087,0.33225890980972134,0.0,0.4305956608271523,0.3310570507322913,0.2445844700147531,0.3072356080992425,0.2908568850164684
韩国综合指数,0.29691447505730656,0.4325304069838217,0.2977889231260551,0.4305956608271523,0.0,0.30570181743609726,0.2498216987908767,0.28843136365919086,0.29033974321032874
荷兰AEX,0.5922196040005768,0.28774163630705435,0.4561987516878166,0.3310570507322913,0.30570181743609726,0.0,0.24201253846956608,0.4515298275536379,0.39517715607280035
Costa Rica Indice Accionario,0.23295385347564676,0.2576341279530915,0.25631465416880234,0.2445844700147531,0.2498216987908767,0.24201253846956608,0.0,0.23663574788671551,0.24980349090163975
加拿大多伦多S&P/TSX 综合指数,0.4231038976579529,0.2605334731588164,0.47767496208335397,0.3072356080992425,0.28843136365919086,0.4515298275536379,0.23663574788671551,0.0,0.41808419817641795
S&P CLX IPSA,0.3611713181221259,0.2610780819385537,0.4302808057659766,0.2908568850164684,0.29033974321032874,0.39517715607280035,0.24980349090163975,0.41808419817641795,0.0
