,比利时BFX,日经225,墨西哥BOLSA,恒生指数,韩国综合指数,荷兰AEX,Costa Rica Indice Accionario,加拿大多伦多S&P/TSX 综合指数,S&P CLX IPSA
比利时BFX,0.0,0.3223825849905489,0.4172755172117336,0.34127696795272383,0.31008765152220147,0.6857203051991501,0.2625794699106752,0.4103599701621743,0.41345231355341094
日经225,0.3223825849905489,0.0,0.28572331800320727,0.4095170906380171,0.48857538036793247,0.330380221278187,0.2506247634203571,0.28016286148516656,0.2932971537979067
墨西哥BOLSA,0.4172755172117336,0.28572331800320727,0.0,0.30978301945174286,0.2947246851726529,0.41897797027400596,0.2633769051746234,0.468890968285162,0.40529356627993873
恒生指数,0.34127696795272383,0.4095170906380171,0.30978301945174286,0.0,0.4707566229119344,0.3420122615038825,0.24342964250403767,0.3063457713764137,0.3067138843136049
韩国综合指数,0.31008765152220147,0.48857538036793247,0.2947246851726529,0.4707566229119344,0.0,0.3278957012574679,0.25467876447338494,0.2984598516594823,0.30661880980503564
荷兰AEX,0.6857203051991501,0.330380221278187,0.41897797027400596,0.3420122615038825,0.3278957012574679,0.0,0.27102373476204267,0.4033554061392618,0.42904839781530213
Costa Rica Indice Accionario,0.2625794699106752,0.2506247634203571,0.2633769051746234,0.24342964250403767,0.25467876447338494,0.27102373476204267,0.0,0.2738556556926868,0.2677234895296588
加拿大多伦多S&P/TSX 综合指数,0.4103599701621743,0.28016286148516656,0.468890968285162,0.3063457713764137,0.2984598516594823,0.4033554061392618,0.2738556556926868,0.0,0.37840770331035184
S&P CLX IPSA,0.41345231355341094,0.2932971537979067,0.40529356627993873,0.3067138843136049,0.30661880980503564,0.42904839781530213,0.2677234895296588,0.37840770331035184,0.0
