,比利时BFX,日经225,墨西哥BOLSA,恒生指数,韩国综合指数,荷兰AEX,Costa Rica Indice Accionario,加拿大多伦多S&P/TSX 综合指数,S&P CLX IPSA
比利时BFX,0.0,0.2795688281926871,0.42275712252867587,0.32216819767044247,0.278235858752461,0.5896375510516572,0.23962921397160208,0.41339382498480187,0.359116769933447
日经225,0.2795688281926871,0.0,0.24821807792049558,0.39749269519647273,0.4146074885278209,0.2686668987520491,0.2631227587157086,0.2472248028199671,0.24590014762973775
墨西哥BOLSA,0.42275712252867587,0.24821807792049558,0.0,0.31391605751125784,0.27748830412065817,0.4636672156775243,0.25529276241427373,0.5059254910043292,0.41717061586406806
恒生指数,0.32216819767044247,0.39749269519647273,0.31391605751125784,0.0,0.4100788200987231,0.31866263408577483,0.24687851283037818,0.30386073517113,0.28030905893172176
韩国综合指数,0.278235858752461,0.4146074885278209,0.27748830412065817,0.4100788200987231,0.0,0.2838000356691407,0.25082146818339063,0.2769793487420478,0.2723291405236397
荷兰AEX,0.5896375510516572,0.2686668987520491,0.4636672156775243,0.31866263408577483,0.2838000356691407,0.0,0.2444255041910185,0.45506339640998833,0.39177082858211637
Costa Rica Indice Accionario,0.23962921397160208,0.2631227587157086,0.25529276241427373,0.24687851283037818,0.25082146818339063,0.2444255041910185,0.0,0.2426885064528657,0.2482819185051527
加拿大多伦多S&P/TSX 综合指数,0.41339382498480187,0.2472248028199671,0.5059254910043292,0.30386073517113,0.2769793487420478,0.45506339640998833,0.2426885064528657,0.0,0.41687177128239494
S&P CLX IPSA,0.359116769933447,0.24590014762973775,0.41717061586406806,0.28030905893172176,0.2723291405236397,0.39177082858211637,0.2482819185051527,0.41687177128239494,0.0
