,比利时BFX,日经225,墨西哥BOLSA,恒生指数,韩国综合指数,荷兰AEX,Costa Rica Indice Accionario,加拿大多伦多S&P/TSX 综合指数,S&P CLX IPSA
比利时BFX,0.0,0.2813923970239379,0.4187162736459911,0.3179896638927581,0.28312932550555936,0.5968772939342288,0.24610536478423986,0.39724010784157676,0.3738380160182158
日经225,0.2813923970239379,0.0,0.2591065687751021,0.408180319747358,0.44109584454111506,0.27570256372776325,0.2440959971766081,0.25544171453256986,0.26323402729008805
墨西哥BOLSA,0.4187162736459911,0.2591065687751021,0.0,0.3056939406165704,0.2830514149099564,0.43884028534901814,0.2595342444029435,0.46361291434866375,0.3794683230470094
恒生指数,0.3179896638927581,0.408180319747358,0.3056939406165704,0.0,0.4229660261936307,0.3036416237726794,0.23271468538144388,0.2986954652406776,0.2807819807398914
韩国综合指数,0.28312932550555936,0.44109584454111506,0.2830514149099564,0.4229660261936307,0.0,0.2875289582497565,0.24505354046449143,0.28217638399696354,0.2712866303185447
荷兰AEX,0.5968772939342288,0.27570256372776325,0.43884028534901814,0.3036416237726794,0.2875289582497565,0.0,0.2506694361812673,0.4134947453034599,0.3917755136518638
Costa Rica Indice Accionario,0.24610536478423986,0.2440959971766081,0.2595342444029435,0.23271468538144388,0.24505354046449143,0.2506694361812673,0.0,0.25666029079049457,0.25943226560465116
加拿大多伦多S&P/TSX 综合指数,0.39724010784157676,0.25544171453256986,0.46361291434866375,0.2986954652406776,0.28217638399696354,0.4134947453034599,0.25666029079049457,0.0,0.363846526237588
S&P CLX IPSA,0.3738380160182158,0.26323402729008805,0.3794683230470094,0.2807819807398914,0.2712866303185447,0.3917755136518638,0.25943226560465116,0.363846526237588,0.0
