,比利时BFX,日经225,墨西哥BOLSA,恒生指数,韩国综合指数,荷兰AEX,Costa Rica Indice Accionario,加拿大多伦多S&P/TSX 综合指数,S&P CLX IPSA
比利时BFX,0.0,0.32581007218482,0.4111336455397256,0.34880893830164866,0.31999132067778435,0.6836771504799288,0.2618330158726926,0.40490845187377317,0.40628292044000885
日经225,0.32581007218482,0.0,0.2894807760890844,0.405768765902167,0.48507236562178874,0.3322756425743755,0.2485552262751879,0.28066327988794165,0.29439888573972345
墨西哥BOLSA,0.4111336455397256,0.2894807760890844,0.0,0.3146858129355513,0.30359602938298147,0.4107665344749475,0.2614531133053876,0.46327217025162554,0.3955279733227388
恒生指数,0.34880893830164866,0.405768765902167,0.3146858129355513,0.0,0.4517163820460274,0.34623172373442357,0.24019976250671124,0.3067019345639678,0.3092097302021962
韩国综合指数,0.31999132067778435,0.48507236562178874,0.30359602938298147,0.4517163820460274,0.0,0.3377112930768595,0.2533223410424363,0.3021624938128415,0.3171662228650397
荷兰AEX,0.6836771504799288,0.3322756425743755,0.4107665344749475,0.34623172373442357,0.3377112930768595,0.0,0.27081516434042696,0.3963734628344838,0.4231383579425934
Costa Rica Indice Accionario,0.2618330158726926,0.2485552262751879,0.2614531133053876,0.24019976250671124,0.2533223410424363,0.27081516434042696,0.0,0.27097076210644644,0.2676051405024958
加拿大多伦多S&P/TSX 综合指数,0.40490845187377317,0.28066327988794165,0.46327217025162554,0.3067019345639678,0.3021624938128415,0.3963734628344838,0.27097076210644644,0.0,0.3703916367489571
S&P CLX IPSA,0.40628292044000885,0.29439888573972345,0.3955279733227388,0.3092097302021962,0.3171662228650397,0.4231383579425934,0.2676051405024958,0.3703916367489571,0.0
