,比利时BFX,日经225,墨西哥BOLSA,恒生指数,韩国综合指数,荷兰AEX,Costa Rica Indice Accionario,加拿大多伦多S&P/TSX 综合指数,S&P CLX IPSA
比利时BFX,0.0,0.3235732497331511,0.40677977153716327,0.3555457070933326,0.32209954770894317,0.6874231818173193,0.27915598224940885,0.40227999220277016,0.40845886563143735
日经225,0.3235732497331511,0.0,0.2815748035235097,0.40694561068383023,0.48236683452869106,0.32993684180372895,0.2420954131931682,0.27928826585518185,0.28832052791807017
墨西哥BOLSA,0.40677977153716327,0.2815748035235097,0.0,0.3120379520785656,0.302791198806471,0.404847255793022,0.2589828512775118,0.46632462942454517,0.38519341755120345
恒生指数,0.3555457070933326,0.40694561068383023,0.3120379520785656,0.0,0.44894962755871204,0.35667122325710743,0.254928581804221,0.3033559354810459,0.308720570313144
韩国综合指数,0.32209954770894317,0.48236683452869106,0.302791198806471,0.44894962755871204,0.0,0.34089119188516465,0.24547717216544016,0.29813272373750493,0.3142960111156907
荷兰AEX,0.6874231818173193,0.32993684180372895,0.404847255793022,0.35667122325710743,0.34089119188516465,0.0,0.27713883831866865,0.3926326065279423,0.4161825132683674
Costa Rica Indice Accionario,0.27915598224940885,0.2420954131931682,0.2589828512775118,0.254928581804221,0.24547717216544016,0.27713883831866865,0.0,0.269247184423981,0.26357674515563945
加拿大多伦多S&P/TSX 综合指数,0.40227999220277016,0.27928826585518185,0.46632462942454517,0.3033559354810459,0.29813272373750493,0.3926326065279423,0.269247184423981,0.0,0.36237323346787625
S&P CLX IPSA,0.40845886563143735,0.28832052791807017,0.38519341755120345,0.308720570313144,0.3142960111156907,0.4161825132683674,0.26357674515563945,0.36237323346787625,0.0
