,比利时BFX,日经225,墨西哥BOLSA,恒生指数,韩国综合指数,荷兰AEX,Costa Rica Indice Accionario,加拿大多伦多S&P/TSX 综合指数,S&P CLX IPSA
比利时BFX,0.0,0.27851277781834,0.4124675940956613,0.3232430328146498,0.2789367905258106,0.5884421046517262,0.23997325710663,0.4135890595252333,0.35926378277006216
日经225,0.27851277781834,0.0,0.24390530712953323,0.3872435851944756,0.40491650860981,0.26709884975548465,0.2624298521521483,0.2455456177097758,0.24464620814036073
墨西哥BOLSA,0.4124675940956613,0.24390530712953323,0.0,0.3229568653962362,0.2816589620183824,0.4511752948905843,0.2584027022972663,0.48382916913499985,0.4262607656879218
恒生指数,0.3232430328146498,0.3872435851944756,0.3229568653962362,0.0,0.41005413327993057,0.3192575379283458,0.2488177958003579,0.30312417873623504,0.28467542084786207
韩国综合指数,0.2789367905258106,0.40491650860981,0.2816589620183824,0.41005413327993057,0.0,0.2839776202627407,0.2519216600693527,0.27603717007831635,0.2761122850453077
荷兰AEX,0.5884421046517262,0.26709884975548465,0.4511752948905843,0.3192575379283458,0.2839776202627407,0.0,0.2448553868678231,0.4550892633810241,0.39255239211590087
Costa Rica Indice Accionario,0.23997325710663,0.2624298521521483,0.2584027022972663,0.2488177958003579,0.2519216600693527,0.2448553868678231,0.0,0.24278742672749684,0.24993168037101288
加拿大多伦多S&P/TSX 综合指数,0.4135890595252333,0.2455456177097758,0.48382916913499985,0.30312417873623504,0.27603717007831635,0.4550892633810241,0.24278742672749684,0.0,0.414925340234551
S&P CLX IPSA,0.35926378277006216,0.24464620814036073,0.4262607656879218,0.28467542084786207,0.2761122850453077,0.39255239211590087,0.24993168037101288,0.414925340234551,0.0
