,比利时BFX,日经225,墨西哥BOLSA,恒生指数,韩国综合指数,荷兰AEX,Costa Rica Indice Accionario,加拿大多伦多S&P/TSX 综合指数,S&P CLX IPSA
比利时BFX,0.0,0.3122454239816622,0.42955440900120767,0.3400295908154516,0.30657181157782937,0.6773731331106247,0.26081853623009676,0.41868905155162894,0.41505910306629296
日经225,0.3122454239816622,0.0,0.28199206989195863,0.41368320101386313,0.4824753419907951,0.32224805950089463,0.24842225567834114,0.27108654727528875,0.28457903223439984
墨西哥BOLSA,0.42955440900120767,0.28199206989195863,0.0,0.30954323958559465,0.2923200961410978,0.4253403187161333,0.2626255922932816,0.48253064659532635,0.4054043692844069
恒生指数,0.3400295908154516,0.41368320101386313,0.30954323958559465,0.0,0.4688878870704351,0.33891749279759914,0.23923648918562287,0.29522370776820706,0.29624956007771996
韩国综合指数,0.30657181157782937,0.4824753419907951,0.2923200961410978,0.4688878870704351,0.0,0.32085031321479063,0.25317122948029724,0.290113498372688,0.29953203541551066
荷兰AEX,0.6773731331106247,0.32224805950089463,0.4253403187161333,0.33891749279759914,0.32085031321479063,0.0,0.2663014411878708,0.4062542879240792,0.42006363111998607
Costa Rica Indice Accionario,0.26081853623009676,0.24842225567834114,0.2626255922932816,0.23923648918562287,0.25317122948029724,0.2663014411878708,0.0,0.27238652610168373,0.27071399675839036
加拿大多伦多S&P/TSX 综合指数,0.41868905155162894,0.27108654727528875,0.48253064659532635,0.29522370776820706,0.290113498372688,0.4062542879240792,0.27238652610168373,0.0,0.3795539696353498
S&P CLX IPSA,0.41505910306629296,0.28457903223439984,0.4054043692844069,0.29624956007771996,0.29953203541551066,0.42006363111998607,0.27071399675839036,0.3795539696353498,0.0
