,比利时BFX,日经225,墨西哥BOLSA,恒生指数,韩国综合指数,荷兰AEX,Costa Rica Indice Accionario,加拿大多伦多S&P/TSX 综合指数,S&P CLX IPSA
比利时BFX,0.0,0.30225541580550275,0.4229674780918463,0.3432255431846795,0.2985953392351716,0.6528530094226779,0.2548531305469783,0.42536611323757045,0.40103492026674614
日经225,0.30225541580550275,0.0,0.26899710644673136,0.41941729423695634,0.463016994740436,0.30811108535118764,0.2529832647080797,0.26901944758154206,0.28406850869486294
墨西哥BOLSA,0.4229674780918463,0.26899710644673136,0.0,0.3095316854544185,0.2843810943821753,0.4289852916524499,0.25945164736722826,0.4623518733038343,0.38047010968070627
恒生指数,0.3432255431846795,0.41941729423695634,0.3095316854544185,0.0,0.43648663016283973,0.33594343797965287,0.23896850768002353,0.31327882778884264,0.2945381241137775
韩国综合指数,0.2985953392351716,0.463016994740436,0.2843810943821753,0.43648663016283973,0.0,0.31052546599377456,0.2505408740124257,0.2924288420198202,0.2855537761822219
荷兰AEX,0.6528530094226779,0.30811108535118764,0.4289852916524499,0.33594343797965287,0.31052546599377456,0.0,0.2613181189902182,0.42123397761785497,0.40476227369939766
Costa Rica Indice Accionario,0.2548531305469783,0.2529832647080797,0.25945164736722826,0.23896850768002353,0.2505408740124257,0.2613181189902182,0.0,0.26450892858704844,0.2664244853246799
加拿大多伦多S&P/TSX 综合指数,0.42536611323757045,0.26901944758154206,0.4623518733038343,0.31327882778884264,0.2924288420198202,0.42123397761785497,0.26450892858704844,0.0,0.36986784766898734
S&P CLX IPSA,0.40103492026674614,0.28406850869486294,0.38047010968070627,0.2945381241137775,0.2855537761822219,0.40476227369939766,0.2664244853246799,0.36986784766898734,0.0
