,比利时BFX,日经225,墨西哥BOLSA,恒生指数,韩国综合指数,荷兰AEX,Costa Rica Indice Accionario,加拿大多伦多S&P/TSX 综合指数,S&P CLX IPSA
比利时BFX,0.0,0.3252536610605983,0.4083772525338489,0.3521709915310672,0.32242438975778603,0.6847161013299397,0.2854972448957725,0.4049709024359283,0.404406582709501
日经225,0.3252536610605983,0.0,0.28407588813257145,0.4033638919790279,0.48914483249431917,0.33160403797207655,0.25016629418859615,0.2828435694419024,0.28877952971050613
墨西哥BOLSA,0.4083772525338489,0.28407588813257145,0.0,0.3096416634249705,0.2991603744126736,0.40562292265219196,0.27144475371037524,0.45974804133700553,0.3878683838534283
恒生指数,0.3521709915310672,0.4033638919790279,0.3096416634249705,0.0,0.45416289344434946,0.3501926047670494,0.2573873085443313,0.30624586900064943,0.30154606547989393
韩国综合指数,0.32242438975778603,0.48914483249431917,0.2991603744126736,0.45416289344434946,0.0,0.34006121195328814,0.2552173551100483,0.3006324014377752,0.31471067281395576
荷兰AEX,0.6847161013299397,0.33160403797207655,0.40562292265219196,0.3501926047670494,0.34006121195328814,0.0,0.2837205848272675,0.39495462784101604,0.41415093000666253
Costa Rica Indice Accionario,0.2854972448957725,0.25016629418859615,0.27144475371037524,0.2573873085443313,0.2552173551100483,0.2837205848272675,0.0,0.27264495241664694,0.2699571316408305
加拿大多伦多S&P/TSX 综合指数,0.4049709024359283,0.2828435694419024,0.45974804133700553,0.30624586900064943,0.3006324014377752,0.39495462784101604,0.27264495241664694,0.0,0.36496209423217757
S&P CLX IPSA,0.404406582709501,0.28877952971050613,0.3878683838534283,0.30154606547989393,0.31471067281395576,0.41415093000666253,0.2699571316408305,0.36496209423217757,0.0
