,比利时BFX,日经225,墨西哥BOLSA,恒生指数,韩国综合指数,荷兰AEX,Costa Rica Indice Accionario,加拿大多伦多S&P/TSX 综合指数,S&P CLX IPSA
比利时BFX,0.0,0.27939630547361227,0.42463441949052155,0.31555454196056515,0.2791617590028352,0.608137970128938,0.2446306336508704,0.4167019874066825,0.37364427434719005
日经225,0.27939630547361227,0.0,0.264408780495009,0.41990437924596863,0.44178871371971135,0.2728757122411007,0.24202010422407952,0.25918231946144776,0.26853205501372185
墨西哥BOLSA,0.42463441949052155,0.264408780495009,0.0,0.30663142740886856,0.27873790391385866,0.4388449299695904,0.26209340616963,0.4789643590997403,0.3880450717107377
恒生指数,0.31555454196056515,0.41990437924596863,0.30663142740886856,0.0,0.43984667591345394,0.30689873832525427,0.2330388215353025,0.3027952016959876,0.28849892631207846
韩国综合指数,0.2791617590028352,0.44178871371971135,0.27873790391385866,0.43984667591345394,0.0,0.2842093560806012,0.2471860551589123,0.27592930163620255,0.2765190431369316
荷兰AEX,0.608137970128938,0.2728757122411007,0.4388449299695904,0.30689873832525427,0.2842093560806012,0.0,0.25088655540800514,0.4359689686293955,0.39284333610922845
Costa Rica Indice Accionario,0.2446306336508704,0.24202010422407952,0.26209340616963,0.2330388215353025,0.2471860551589123,0.25088655540800514,0.0,0.2564865731138813,0.2606118600669356
加拿大多伦多S&P/TSX 综合指数,0.4167019874066825,0.25918231946144776,0.4789643590997403,0.3027952016959876,0.27592930163620255,0.4359689686293955,0.2564865731138813,0.0,0.3858840506572654
S&P CLX IPSA,0.37364427434719005,0.26853205501372185,0.3880450717107377,0.28849892631207846,0.2765190431369316,0.39284333610922845,0.2606118600669356,0.3858840506572654,0.0
