,比利时BFX,日经225,墨西哥BOLSA,恒生指数,韩国综合指数,荷兰AEX,Costa Rica Indice Accionario,加拿大多伦多S&P/TSX 综合指数,S&P CLX IPSA
比利时BFX,0.0,0.2811456225176541,0.41315400936298113,0.3182411139417986,0.28366367229276757,0.6071704102785479,0.24480486384367717,0.4038791513230841,0.3671683690577638
日经225,0.2811456225176541,0.0,0.26111828259652226,0.40813991734551264,0.4332189572630612,0.27348711847129026,0.24371241465733798,0.2613446963152874,0.26557314948699023
墨西哥BOLSA,0.41315400936298113,0.26111828259652226,0.0,0.3105235572452631,0.28397072795340417,0.42870821046089813,0.2608735814801626,0.4682392665939362,0.37755166927769324
恒生指数,0.3182411139417986,0.40813991734551264,0.3105235572452631,0.0,0.4242607891444522,0.3049725053081008,0.2334018538768057,0.30821142076526514,0.2849717466849717
韩国综合指数,0.28366367229276757,0.4332189572630612,0.28397072795340417,0.4242607891444522,0.0,0.2855824363653714,0.2471480153543836,0.28134051242592234,0.27346591123178254
荷兰AEX,0.6071704102785479,0.27348711847129026,0.42870821046089813,0.3049725053081008,0.2855824363653714,0.0,0.2504434603273367,0.41765749824124476,0.3792366870103735
Costa Rica Indice Accionario,0.24480486384367717,0.24371241465733798,0.2608735814801626,0.2334018538768057,0.2471480153543836,0.2504434603273367,0.0,0.2565545461537636,0.26034819184827834
加拿大多伦多S&P/TSX 综合指数,0.4038791513230841,0.2613446963152874,0.4682392665939362,0.30821142076526514,0.28134051242592234,0.41765749824124476,0.2565545461537636,0.0,0.36889482949655045
S&P CLX IPSA,0.3671683690577638,0.26557314948699023,0.37755166927769324,0.2849717466849717,0.27346591123178254,0.3792366870103735,0.26034819184827834,0.36889482949655045,0.0
