,比利时BFX,日经225,墨西哥BOLSA,恒生指数,韩国综合指数,荷兰AEX,Costa Rica Indice Accionario,加拿大多伦多S&P/TSX 综合指数,S&P CLX IPSA
比利时BFX,0.0,0.3111137187178413,0.42732907646507234,0.33765649532370484,0.30472337079602485,0.6758536040826009,0.2611451780834202,0.4188900134747272,0.41449455961804393
日经225,0.3111137187178413,0.0,0.2826356994569958,0.41770799313472434,0.4844683348556396,0.32257578444977053,0.24838659571420596,0.27096404647067623,0.2862469545891697
墨西哥BOLSA,0.42732907646507234,0.2826356994569958,0.0,0.3083062037971435,0.29151785971032107,0.4227710443419676,0.2628349859205357,0.4835715507311023,0.4035110496337555
恒生指数,0.33765649532370484,0.41770799313472434,0.3083062037971435,0.0,0.4675507290452475,0.33688116390242445,0.23939514369285825,0.29500886545043037,0.29432368033613204
韩国综合指数,0.30472337079602485,0.4844683348556396,0.29151785971032107,0.4675507290452475,0.0,0.3200207786754572,0.25325279461181155,0.2887402552231141,0.2990586874631736
荷兰AEX,0.6758536040826009,0.32257578444977053,0.4227710443419676,0.33688116390242445,0.3200207786754572,0.0,0.2666674671796439,0.4050575538523574,0.41749911687034286
Costa Rica Indice Accionario,0.2611451780834202,0.24838659571420596,0.2628349859205357,0.23939514369285825,0.25325279461181155,0.2666674671796439,0.0,0.27231368125195987,0.270869879748913
加拿大多伦多S&P/TSX 综合指数,0.4188900134747272,0.27096404647067623,0.4835715507311023,0.29500886545043037,0.2887402552231141,0.4050575538523574,0.27231368125195987,0.0,0.3810372563125002
S&P CLX IPSA,0.41449455961804393,0.2862469545891697,0.4035110496337555,0.29432368033613204,0.2990586874631736,0.41749911687034286,0.270869879748913,0.3810372563125002,0.0
