,比利时BFX,日经225,墨西哥BOLSA,恒生指数,韩国综合指数,荷兰AEX,Costa Rica Indice Accionario,加拿大多伦多S&P/TSX 综合指数,S&P CLX IPSA
比利时BFX,0.0,0.3118306432720028,0.4265663997567887,0.33641967423189495,0.30865006657205457,0.6752155904441978,0.26112838192191123,0.4239711779818231,0.40347066543403276
日经225,0.3118306432720028,0.0,0.28530355481462377,0.4190903212660272,0.48277077385328426,0.32551704092174427,0.24896812030116477,0.2719733953156398,0.2889713381088156
墨西哥BOLSA,0.4265663997567887,0.28530355481462377,0.0,0.3083548714027897,0.2942796379062856,0.4232599334382128,0.2622133689011515,0.47892205618660727,0.3985364805994472
恒生指数,0.33641967423189495,0.4190903212660272,0.3083548714027897,0.0,0.4623176817317065,0.3367490442640714,0.23941694523332632,0.2990348892686376,0.29030509119329795
韩国综合指数,0.30865006657205457,0.48277077385328426,0.2942796379062856,0.4623176817317065,0.0,0.3241760011285214,0.25251421985437555,0.29120488152602214,0.2957864114284979
荷兰AEX,0.6752155904441978,0.32551704092174427,0.4232599334382128,0.3367490442640714,0.3241760011285214,0.0,0.26611993991542515,0.4102909237992732,0.40816084589466045
Costa Rica Indice Accionario,0.26112838192191123,0.24896812030116477,0.2622133689011515,0.23941694523332632,0.25251421985437555,0.26611993991542515,0.0,0.2721376178147602,0.2707932287748363
加拿大多伦多S&P/TSX 综合指数,0.4239711779818231,0.2719733953156398,0.47892205618660727,0.2990348892686376,0.29120488152602214,0.4102909237992732,0.2721376178147602,0.0,0.3777582825017107
S&P CLX IPSA,0.40347066543403276,0.2889713381088156,0.3985364805994472,0.29030509119329795,0.2957864114284979,0.40816084589466045,0.2707932287748363,0.3777582825017107,0.0
