,比利时BFX,日经225,墨西哥BOLSA,恒生指数,韩国综合指数,荷兰AEX,Costa Rica Indice Accionario,加拿大多伦多S&P/TSX 综合指数,S&P CLX IPSA
比利时BFX,0.0,0.29930493814156633,0.4246786404391275,0.3373549248123124,0.29723720345135196,0.6626711433080826,0.2604518158404995,0.41744674634856654,0.40162996281722674
日经225,0.29930493814156633,0.0,0.2750038966345953,0.41472542947573204,0.4629658584773227,0.31050881826574694,0.24890760004711793,0.27030726454727744,0.28678299511394134
墨西哥BOLSA,0.4246786404391275,0.2750038966345953,0.0,0.30996483451228585,0.2917013549962025,0.425012528433113,0.26023387102398726,0.4682507603920314,0.3908435069427585
恒生指数,0.3373549248123124,0.41472542947573204,0.30996483451228585,0.0,0.43798227049539756,0.33661650447228436,0.23929971296301794,0.30489541040357176,0.2916448121760058
韩国综合指数,0.29723720345135196,0.4629658584773227,0.2917013549962025,0.43798227049539756,0.0,0.3139519694415137,0.251270224932063,0.2946701371072882,0.29445514900095426
荷兰AEX,0.6626711433080826,0.31050881826574694,0.425012528433113,0.33661650447228436,0.3139519694415137,0.0,0.26557109468626583,0.41566026259325545,0.4088389007007135
Costa Rica Indice Accionario,0.2604518158404995,0.24890760004711793,0.26023387102398726,0.23929971296301794,0.251270224932063,0.26557109468626583,0.0,0.2688456310286264,0.2698726962510222
加拿大多伦多S&P/TSX 综合指数,0.41744674634856654,0.27030726454727744,0.4682507603920314,0.30489541040357176,0.2946701371072882,0.41566026259325545,0.2688456310286264,0.0,0.37095321801368686
S&P CLX IPSA,0.40162996281722674,0.28678299511394134,0.3908435069427585,0.2916448121760058,0.29445514900095426,0.4088389007007135,0.2698726962510222,0.37095321801368686,0.0
