,比利时BFX,日经225,墨西哥BOLSA,恒生指数,韩国综合指数,荷兰AEX,Costa Rica Indice Accionario,加拿大多伦多S&P/TSX 综合指数,S&P CLX IPSA
比利时BFX,0.0,0.2983520286444491,0.4235470576175821,0.3343599501828677,0.29822080035701193,0.6607142448443574,0.2598250642777731,0.4179682158196057,0.4046615934556295
日经225,0.2983520286444491,0.0,0.27444271013765864,0.41701328307361596,0.46362284618853933,0.3097557378623094,0.24837064207464649,0.27055922866694915,0.2870477740501898
墨西哥BOLSA,0.4235470576175821,0.27444271013765864,0.0,0.30870342945603885,0.2920194580921943,0.4239816350314726,0.2598134328870729,0.468749330947388,0.39142290734472845
恒生指数,0.3343599501828677,0.41701328307361596,0.30870342945603885,0.0,0.4448196473362465,0.333788302711768,0.23870378845087373,0.3036204932417188,0.2934836850557493
韩国综合指数,0.29822080035701193,0.46362284618853933,0.2920194580921943,0.4448196473362465,0.0,0.31503852819137335,0.2512775072902004,0.29506857204791415,0.29462739761726814
荷兰AEX,0.6607142448443574,0.3097557378623094,0.4239816350314726,0.333788302711768,0.31503852819137335,0.0,0.2650011931408676,0.416030296445259,0.41145001647781265
Costa Rica Indice Accionario,0.2598250642777731,0.24837064207464649,0.2598134328870729,0.23870378845087373,0.2512775072902004,0.2650011931408676,0.0,0.26900675536092855,0.2701013834929035
加拿大多伦多S&P/TSX 综合指数,0.4179682158196057,0.27055922866694915,0.468749330947388,0.3036204932417188,0.29506857204791415,0.416030296445259,0.26900675536092855,0.0,0.3702539115170241
S&P CLX IPSA,0.4046615934556295,0.2870477740501898,0.39142290734472845,0.2934836850557493,0.29462739761726814,0.41145001647781265,0.2701013834929035,0.3702539115170241,0.0
