,比利时BFX,日经225,墨西哥BOLSA,恒生指数,韩国综合指数,荷兰AEX,Costa Rica Indice Accionario,加拿大多伦多S&P/TSX 综合指数,S&P CLX IPSA
比利时BFX,0.0,0.29452045075439154,0.36458606777132246,0.32953583997117486,0.3115270476442356,0.6299001986151942,0.2518552053285977,0.36368930627863244,0.33248714055891304
日经225,0.29452045075439154,0.0,0.2715200265231271,0.35162149984776064,0.3583618631268874,0.2916261678283133,0.24171732635986778,0.2785398040540688,0.25352364919063053
墨西哥BOLSA,0.36458606777132246,0.2715200265231271,0.0,0.31771937576756637,0.2968067146133668,0.3888659993565818,0.23534013729010603,0.4027050988888753,0.36199673563982293
恒生指数,0.32953583997117486,0.35162149984776064,0.31771937576756637,0.0,0.37607265640935467,0.3217841297928047,0.23654609300552823,0.3127786482309088,0.2991133192344302
韩国综合指数,0.3115270476442356,0.3583618631268874,0.2968067146133668,0.37607265640935467,0.0,0.31805500040042234,0.23398648200485728,0.3000312797530892,0.2964051907256967
荷兰AEX,0.6299001986151942,0.2916261678283133,0.3888659993565818,0.3217841297928047,0.31805500040042234,0.0,0.25760994648678726,0.37864282702104096,0.33552920539146497
Costa Rica Indice Accionario,0.2518552053285977,0.24171732635986778,0.23534013729010603,0.23654609300552823,0.23398648200485728,0.25760994648678726,0.0,0.23947621798430985,0.23481988269247273
加拿大多伦多S&P/TSX 综合指数,0.36368930627863244,0.2785398040540688,0.4027050988888753,0.3127786482309088,0.3000312797530892,0.37864282702104096,0.23947621798430985,0.0,0.30639725994611994
S&P CLX IPSA,0.33248714055891304,0.25352364919063053,0.36199673563982293,0.2991133192344302,0.2964051907256967,0.33552920539146497,0.23481988269247273,0.30639725994611994,0.0
