,比利时BFX,日经225,墨西哥BOLSA,恒生指数,韩国综合指数,荷兰AEX,Costa Rica Indice Accionario,加拿大多伦多S&P/TSX 综合指数,S&P CLX IPSA
比利时BFX,0.0,0.2989674349148779,0.416666758829262,0.33743809518411366,0.31729304088188764,0.7073221942248811,0.25093627559455023,0.4368628090585795,0.4195589929702299
日经225,0.2989674349148779,0.0,0.2682913715682329,0.3942488256360023,0.4034466647366107,0.3045168540582542,0.24957344492293668,0.282325919328307,0.2858719300483625
墨西哥BOLSA,0.416666758829262,0.2682913715682329,0.0,0.29070800174977024,0.30115817775352005,0.43860433266561566,0.2514292642250662,0.4729565194337145,0.44188286850221714
恒生指数,0.33743809518411366,0.3942488256360023,0.29070800174977024,0.0,0.4415607858386529,0.34485238929609285,0.249002703812588,0.30397663272368736,0.32832001084274454
韩国综合指数,0.31729304088188764,0.4034466647366107,0.30115817775352005,0.4415607858386529,0.0,0.3350952160164645,0.24624066179482038,0.2945044785280402,0.324728715237301
荷兰AEX,0.7073221942248811,0.3045168540582542,0.43860433266561566,0.34485238929609285,0.3350952160164645,0.0,0.24923027666375694,0.4537969948925432,0.432252802381889
Costa Rica Indice Accionario,0.25093627559455023,0.24957344492293668,0.2514292642250662,0.249002703812588,0.24624066179482038,0.24923027666375694,0.0,0.2428423644176688,0.24383114286062998
加拿大多伦多S&P/TSX 综合指数,0.4368628090585795,0.282325919328307,0.4729565194337145,0.30397663272368736,0.2945044785280402,0.4537969948925432,0.2428423644176688,0.0,0.4848316941157903
S&P CLX IPSA,0.4195589929702299,0.2858719300483625,0.44188286850221714,0.32832001084274454,0.324728715237301,0.432252802381889,0.24383114286062998,0.4848316941157903,0.0
