,比利时BFX,日经225,墨西哥BOLSA,恒生指数,韩国综合指数,荷兰AEX,Costa Rica Indice Accionario,加拿大多伦多S&P/TSX 综合指数,S&P CLX IPSA
比利时BFX,0.0,0.29380924191545865,0.33723394768405396,0.3406322586762927,0.3205260703075321,0.6009443809303783,0.237805635023701,0.3564710511946613,0.3199693312616157
日经225,0.29380924191545865,0.0,0.2711689420966978,0.35177619513635044,0.355117624696364,0.30094094844787606,0.2395124669203657,0.2764727381968539,0.25217761932632443
墨西哥BOLSA,0.33723394768405396,0.2711689420966978,0.0,0.3220816880858399,0.3034424325010519,0.36295601101839564,0.2460020101763712,0.4045486312918213,0.34722968322563075
恒生指数,0.3406322586762927,0.35177619513635044,0.3220816880858399,0.0,0.3825182429027992,0.33505812731500706,0.23558304069563224,0.31670799065107025,0.29100593178929224
韩国综合指数,0.3205260703075321,0.355117624696364,0.3034424325010519,0.3825182429027992,0.0,0.3278804911144722,0.23292760042948565,0.29512515562949676,0.2826331698940385
荷兰AEX,0.6009443809303783,0.30094094844787606,0.36295601101839564,0.33505812731500706,0.3278804911144722,0.0,0.2345363897565947,0.38288183887434557,0.32010053237269115
Costa Rica Indice Accionario,0.237805635023701,0.2395124669203657,0.2460020101763712,0.23558304069563224,0.23292760042948565,0.2345363897565947,0.0,0.23427378260435958,0.23333295772735496
加拿大多伦多S&P/TSX 综合指数,0.3564710511946613,0.2764727381968539,0.4045486312918213,0.31670799065107025,0.29512515562949676,0.38288183887434557,0.23427378260435958,0.0,0.3101416015973866
S&P CLX IPSA,0.3199693312616157,0.25217761932632443,0.34722968322563075,0.29100593178929224,0.2826331698940385,0.32010053237269115,0.23333295772735496,0.3101416015973866,0.0
