,比利时BFX,日经225,墨西哥BOLSA,恒生指数,韩国综合指数,荷兰AEX,Costa Rica Indice Accionario,加拿大多伦多S&P/TSX 综合指数,S&P CLX IPSA
比利时BFX,0.0,0.30163004687686085,0.3964079727446817,0.3471718773304247,0.3206348870798875,0.6902236949093122,0.2469495682612768,0.413397711232833,0.4041865334299714
日经225,0.30163004687686085,0.0,0.2711457400509315,0.3936973274765805,0.3904798245210449,0.308687259452515,0.2482782622148405,0.283353078164288,0.2829861473477097
墨西哥BOLSA,0.3964079727446817,0.2711457400509315,0.0,0.29718799589833667,0.3043952639355165,0.42157533104056,0.25150251348601077,0.44316781918635634,0.42519103288734494
恒生指数,0.3471718773304247,0.3936973274765805,0.29718799589833667,0.0,0.4343161104180656,0.35996068076115056,0.24858825576571889,0.3105159883790981,0.33444723163293166
韩国综合指数,0.3206348870798875,0.3904798245210449,0.3043952639355165,0.4343161104180656,0.0,0.3471375723724144,0.25060217321305417,0.2957789686952773,0.32123242448141387
荷兰AEX,0.6902236949093122,0.308687259452515,0.42157533104056,0.35996068076115056,0.3471375723724144,0.0,0.24470683896284345,0.4274379710666865,0.4161534182456172
Costa Rica Indice Accionario,0.2469495682612768,0.2482782622148405,0.25150251348601077,0.24858825576571889,0.25060217321305417,0.24470683896284345,0.0,0.23973667589122244,0.2429816271439345
加拿大多伦多S&P/TSX 综合指数,0.413397711232833,0.283353078164288,0.44316781918635634,0.3105159883790981,0.2957789686952773,0.4274379710666865,0.23973667589122244,0.0,0.45259198836502496
S&P CLX IPSA,0.4041865334299714,0.2829861473477097,0.42519103288734494,0.33444723163293166,0.32123242448141387,0.4161534182456172,0.2429816271439345,0.45259198836502496,0.0
