,比利时BFX,日经225,墨西哥BOLSA,恒生指数,韩国综合指数,荷兰AEX,Costa Rica Indice Accionario,加拿大多伦多S&P/TSX 综合指数,S&P CLX IPSA
比利时BFX,0.0,0.2947196669173069,0.3678136597493579,0.3146754720298567,0.32966351386199455,0.6351345455359814,0.24372476699104204,0.39036218369685294,0.3450481479404557
日经225,0.2947196669173069,0.0,0.27383921143012785,0.3708306004728436,0.3787433125353889,0.303466690294632,0.24342935362032228,0.2835074074544021,0.2619265368612043
墨西哥BOLSA,0.3678136597493579,0.27383921143012785,0.0,0.2966243733088358,0.31180579571388456,0.39820968499143766,0.25447689311693195,0.4301196901975254,0.40958045702697515
恒生指数,0.3146754720298567,0.3708306004728436,0.2966243733088358,0.0,0.42781123824826134,0.3203058634101128,0.24681204368244122,0.29666998871638145,0.27516288083946566
韩国综合指数,0.32966351386199455,0.3787433125353889,0.31180579571388456,0.42781123824826134,0.0,0.3464915009531603,0.24527851433687684,0.3048750314940553,0.2970656062294853
荷兰AEX,0.6351345455359814,0.303466690294632,0.39820968499143766,0.3203058634101128,0.3464915009531603,0.0,0.24264263750638448,0.40217426352384855,0.34717640989454657
Costa Rica Indice Accionario,0.24372476699104204,0.24342935362032228,0.25447689311693195,0.24681204368244122,0.24527851433687684,0.24264263750638448,0.0,0.23746320194599038,0.23961348426833132
加拿大多伦多S&P/TSX 综合指数,0.39036218369685294,0.2835074074544021,0.4301196901975254,0.29666998871638145,0.3048750314940553,0.40217426352384855,0.23746320194599038,0.0,0.3988666691513731
S&P CLX IPSA,0.3450481479404557,0.2619265368612043,0.40958045702697515,0.27516288083946566,0.2970656062294853,0.34717640989454657,0.23961348426833132,0.3988666691513731,0.0
