,比利时BFX,日经225,墨西哥BOLSA,恒生指数,韩国综合指数,荷兰AEX,Costa Rica Indice Accionario,加拿大多伦多S&P/TSX 综合指数,S&P CLX IPSA
比利时BFX,0.0,0.2971928796355009,0.3850401963412527,0.3272431263030138,0.3168580742578512,0.6683699162051673,0.2442173811505989,0.403725689243353,0.37841597046949094
日经225,0.2971928796355009,0.0,0.2701918182868262,0.3831391300390838,0.382659753856654,0.30652593426083524,0.2467141059760409,0.2863989211183035,0.2710426635194209
墨西哥BOLSA,0.3850401963412527,0.2701918182868262,0.0,0.30333675731014903,0.3211428925747566,0.4181294134520225,0.250109640797374,0.43443129159442717,0.43006261628280207
恒生指数,0.3272431263030138,0.3831391300390838,0.30333675731014903,0.0,0.4226144357413874,0.33911009431809314,0.24608331800440436,0.3044915981416466,0.2920339084667969
韩国综合指数,0.3168580742578512,0.382659753856654,0.3211428925747566,0.4226144357413874,0.0,0.3460697893036666,0.247797934186177,0.30992199330721687,0.30841344071128124
荷兰AEX,0.6683699162051673,0.30652593426083524,0.4181294134520225,0.33911009431809314,0.3460697893036666,0.0,0.24344804740394008,0.41950753552720105,0.3838791849672754
Costa Rica Indice Accionario,0.2442173811505989,0.2467141059760409,0.250109640797374,0.24608331800440436,0.247797934186177,0.24344804740394008,0.0,0.23791201864883604,0.24198636310379745
加拿大多伦多S&P/TSX 综合指数,0.403725689243353,0.2863989211183035,0.43443129159442717,0.3044915981416466,0.30992199330721687,0.41950753552720105,0.23791201864883604,0.0,0.42062686878435546
S&P CLX IPSA,0.37841597046949094,0.2710426635194209,0.43006261628280207,0.2920339084667969,0.30841344071128124,0.3838791849672754,0.24198636310379745,0.42062686878435546,0.0
