,比利时BFX,日经225,墨西哥BOLSA,恒生指数,韩国综合指数,荷兰AEX,Costa Rica Indice Accionario,加拿大多伦多S&P/TSX 综合指数,S&P CLX IPSA
比利时BFX,0.0,0.30259334991605497,0.399481692663761,0.344939785422841,0.32367737224060733,0.6938899865219043,0.24656816320111274,0.4159471491252199,0.40613981282513445
日经225,0.30259334991605497,0.0,0.27144908104278165,0.39499767699629185,0.39321484745378943,0.3097730852499323,0.2473479988556952,0.2858484600764131,0.2843517851030511
墨西哥BOLSA,0.399481692663761,0.27144908104278165,0.0,0.298287298413921,0.3069140376287113,0.4248726580077871,0.2506960334587629,0.44501491243360825,0.4265028307205285
恒生指数,0.344939785422841,0.39499767699629185,0.298287298413921,0.0,0.4378991780395511,0.35739253096686385,0.24636056923823926,0.313681308677116,0.33446716801808424
韩国综合指数,0.32367737224060733,0.39321484745378943,0.3069140376287113,0.4378991780395511,0.0,0.34945342733690143,0.2491755579695779,0.29937166508469476,0.3248674330084351
荷兰AEX,0.6938899865219043,0.3097730852499323,0.4248726580077871,0.35739253096686385,0.34945342733690143,0.0,0.2444106188345107,0.4285513683644068,0.4190249952247759
Costa Rica Indice Accionario,0.24656816320111274,0.2473479988556952,0.2506960334587629,0.24636056923823926,0.2491755579695779,0.2444106188345107,0.0,0.23882135011494418,0.24248621055320388
加拿大多伦多S&P/TSX 综合指数,0.4159471491252199,0.2858484600764131,0.44501491243360825,0.313681308677116,0.29937166508469476,0.4285513683644068,0.23882135011494418,0.0,0.45688741002652533
S&P CLX IPSA,0.40613981282513445,0.2843517851030511,0.4265028307205285,0.33446716801808424,0.3248674330084351,0.4190249952247759,0.24248621055320388,0.45688741002652533,0.0
