,比利时BFX,日经225,墨西哥BOLSA,恒生指数,韩国综合指数,荷兰AEX,Costa Rica Indice Accionario,加拿大多伦多S&P/TSX 综合指数,S&P CLX IPSA
比利时BFX,0.0,0.29978049986748634,0.4089202178705968,0.33965382569056013,0.3185676646716576,0.701473185344102,0.25186752558192294,0.4309258766146942,0.4113571664723708
日经225,0.29978049986748634,0.0,0.26915534534969676,0.39987110921657015,0.39967404441837445,0.3055245037505561,0.2498983026056089,0.28428253030490036,0.28655466335934926
墨西哥BOLSA,0.4089202178705968,0.26915534534969676,0.0,0.2925372281171257,0.3033525714330444,0.433920707275254,0.2522191846137587,0.46694392583430977,0.4322326489775906
恒生指数,0.33965382569056013,0.39987110921657015,0.2925372281171257,0.0,0.4524232418119743,0.3502398467730443,0.24997443944626246,0.3129229463146034,0.3310343539354842
韩国综合指数,0.3185676646716576,0.39967404441837445,0.3033525714330444,0.4524232418119743,0.0,0.33997597581737343,0.2471513991908134,0.2970090013192109,0.32663515575424495
荷兰AEX,0.701473185344102,0.3055245037505561,0.433920707275254,0.3502398467730443,0.33997597581737343,0.0,0.2504055418396902,0.44455018222884596,0.4265963120059824
Costa Rica Indice Accionario,0.25186752558192294,0.2498983026056089,0.2522191846137587,0.24997443944626246,0.2471513991908134,0.2504055418396902,0.0,0.24285443642343418,0.244788325275146
加拿大多伦多S&P/TSX 综合指数,0.4309258766146942,0.28428253030490036,0.46694392583430977,0.3129229463146034,0.2970090013192109,0.44455018222884596,0.24285443642343418,0.0,0.4750872089780519
S&P CLX IPSA,0.4113571664723708,0.28655466335934926,0.4322326489775906,0.3310343539354842,0.32663515575424495,0.4265963120059824,0.244788325275146,0.4750872089780519,0.0
