,比利时BFX,日经225,墨西哥BOLSA,恒生指数,韩国综合指数,荷兰AEX,Costa Rica Indice Accionario,加拿大多伦多S&P/TSX 综合指数,S&P CLX IPSA
比利时BFX,0.0,0.2889264646104954,0.35880790011954694,0.3103323433241881,0.30712390996943756,0.6442188941154532,0.24628932185474148,0.38414835678204445,0.34948520129511246
日经225,0.2889264646104954,0.0,0.26970055767042006,0.369127961463336,0.3730018062937991,0.2967843576778307,0.2437684132620555,0.27866352886314794,0.261105615402422
墨西哥BOLSA,0.35880790011954694,0.26970055767042006,0.0,0.2912539581613907,0.30799769613719097,0.391138527930138,0.25262856316324156,0.43897368943446685,0.41353864143346847
恒生指数,0.3103323433241881,0.369127961463336,0.2912539581613907,0.0,0.4064493769662204,0.3160291639634786,0.24744455993046638,0.29297484919973515,0.2734567882543098
韩国综合指数,0.30712390996943756,0.3730018062937991,0.30799769613719097,0.4064493769662204,0.0,0.3294004556504631,0.24417264793544435,0.29478147470685523,0.29065300340219113
荷兰AEX,0.6442188941154532,0.2967843576778307,0.391138527930138,0.3160291639634786,0.3294004556504631,0.0,0.2451697362776343,0.3991398161179339,0.3528382336578465
Costa Rica Indice Accionario,0.24628932185474148,0.2437684132620555,0.25262856316324156,0.24744455993046638,0.24417264793544435,0.2451697362776343,0.0,0.23752572376927447,0.24130179175030472
加拿大多伦多S&P/TSX 综合指数,0.38414835678204445,0.27866352886314794,0.43897368943446685,0.29297484919973515,0.29478147470685523,0.3991398161179339,0.23752572376927447,0.0,0.407577783145401
S&P CLX IPSA,0.34948520129511246,0.261105615402422,0.41353864143346847,0.2734567882543098,0.29065300340219113,0.3528382336578465,0.24130179175030472,0.407577783145401,0.0
