,比利时BFX,日经225,墨西哥BOLSA,恒生指数,韩国综合指数,荷兰AEX,Costa Rica Indice Accionario,加拿大多伦多S&P/TSX 综合指数,S&P CLX IPSA
比利时BFX,0.0,0.2892682432891878,0.3517240967496902,0.3315606127310427,0.31100128014625095,0.606149796194105,0.24108772016886765,0.3576270752100403,0.3321351349469734
日经225,0.2892682432891878,0.0,0.2636604924341891,0.3568796566727275,0.3578523203474351,0.2941678137778455,0.23970196434116245,0.2744519862279626,0.2508147428121054
墨西哥BOLSA,0.3517240967496902,0.2636604924341891,0.0,0.3196160782130837,0.29574393509970887,0.37296914608068604,0.2432800640247143,0.4046032964739769,0.35567389775972186
恒生指数,0.3315606127310427,0.3568796566727275,0.3196160782130837,0.0,0.3729269599324512,0.3211217180636257,0.23332298841693422,0.31846858410546314,0.2929402239884397
韩国综合指数,0.31100128014625095,0.3578523203474351,0.29574393509970887,0.3729269599324512,0.0,0.31606634816823376,0.22873221595420637,0.29138911159651865,0.2878332625346813
荷兰AEX,0.606149796194105,0.2941678137778455,0.37296914608068604,0.3211217180636257,0.31606634816823376,0.0,0.2418641259407986,0.3770923589335719,0.3316370952637466
Costa Rica Indice Accionario,0.24108772016886765,0.23970196434116245,0.2432800640247143,0.23332298841693422,0.22873221595420637,0.2418641259407986,0.0,0.2372123638234426,0.23371034127308787
加拿大多伦多S&P/TSX 综合指数,0.3576270752100403,0.2744519862279626,0.4046032964739769,0.31846858410546314,0.29138911159651865,0.3770923589335719,0.2372123638234426,0.0,0.3025906291914045
S&P CLX IPSA,0.3321351349469734,0.2508147428121054,0.35567389775972186,0.2929402239884397,0.2878332625346813,0.3316370952637466,0.23371034127308787,0.3025906291914045,0.0
