,比利时BFX,日经225,墨西哥BOLSA,恒生指数,韩国综合指数,荷兰AEX,Costa Rica Indice Accionario,加拿大多伦多S&P/TSX 综合指数,S&P CLX IPSA
比利时BFX,0.0,0.29255237241962023,0.34287308874216504,0.3442283873967633,0.31900199854534533,0.5969055044120752,0.23817116640313263,0.35821325973309964,0.3242276251090451
日经225,0.29255237241962023,0.0,0.2693458015682769,0.3525599488411685,0.353414485436796,0.29916293565388113,0.23921526895823259,0.27495519531284557,0.25204014170323713
墨西哥BOLSA,0.34287308874216504,0.2693458015682769,0.0,0.32691619407235006,0.306005155773987,0.36438123158822205,0.24537289481449948,0.4023275092330309,0.34559650762163935
恒生指数,0.3442283873967633,0.3525599488411685,0.32691619407235006,0.0,0.3822386649697794,0.3366470702335591,0.23499718909027592,0.3201374169430649,0.29343491551853584
韩国综合指数,0.31900199854534533,0.353414485436796,0.306005155773987,0.3822386649697794,0.0,0.32745968770208245,0.2322441444134118,0.2975511243779821,0.2844635582643382
荷兰AEX,0.5969055044120752,0.29916293565388113,0.36438123158822205,0.3366470702335591,0.32745968770208245,0.0,0.23532220141634677,0.3820976712053839,0.31967841393187857
Costa Rica Indice Accionario,0.23817116640313263,0.23921526895823259,0.24537289481449948,0.23499718909027592,0.2322441444134118,0.23532220141634677,0.0,0.23455526170601024,0.23270402169152457
加拿大多伦多S&P/TSX 综合指数,0.35821325973309964,0.27495519531284557,0.4023275092330309,0.3201374169430649,0.2975511243779821,0.3820976712053839,0.23455526170601024,0.0,0.30807622587937156
S&P CLX IPSA,0.3242276251090451,0.25204014170323713,0.34559650762163935,0.29343491551853584,0.2844635582643382,0.31967841393187857,0.23270402169152457,0.30807622587937156,0.0
