,比利时BFX,日经225,墨西哥BOLSA,恒生指数,韩国综合指数,荷兰AEX,Costa Rica Indice Accionario,加拿大多伦多S&P/TSX 综合指数,S&P CLX IPSA
比利时BFX,0.0,0.2897964165000468,0.3642934330294111,0.31086903491261225,0.30394530372991213,0.6546032466206406,0.2455935076408059,0.3986753532271944,0.3513428468942015
日经225,0.2897964165000468,0.0,0.27074140823628634,0.37568981234157944,0.3801531314244081,0.2991013504348049,0.24490292988545387,0.28161995707970894,0.26282046674832515
墨西哥BOLSA,0.3642934330294111,0.27074140823628634,0.0,0.29777768167131513,0.31282078034124206,0.39880407570890913,0.2510176602113784,0.4496404437730892,0.4151383799753
恒生指数,0.31086903491261225,0.37568981234157944,0.29777768167131513,0.0,0.42907720154904366,0.3208306609393116,0.24716666584963512,0.2996079934684041,0.2762357254770591
韩国综合指数,0.30394530372991213,0.3801531314244081,0.31282078034124206,0.42907720154904366,0.0,0.33384817432302366,0.24580054252969372,0.3100528521280647,0.29361241122937864
荷兰AEX,0.6546032466206406,0.2991013504348049,0.39880407570890913,0.3208306609393116,0.33384817432302366,0.0,0.24488638328422116,0.41799810456775044,0.3560348373545357
Costa Rica Indice Accionario,0.2455935076408059,0.24490292988545387,0.2510176602113784,0.24716666584963512,0.24580054252969372,0.24488638328422116,0.0,0.23749994388598483,0.24169393335144096
加拿大多伦多S&P/TSX 综合指数,0.3986753532271944,0.28161995707970894,0.4496404437730892,0.2996079934684041,0.3100528521280647,0.41799810456775044,0.23749994388598483,0.0,0.4114124343127343
S&P CLX IPSA,0.3513428468942015,0.26282046674832515,0.4151383799753,0.2762357254770591,0.29361241122937864,0.3560348373545357,0.24169393335144096,0.4114124343127343,0.0
