,比利时BFX,日经225,墨西哥BOLSA,恒生指数,韩国综合指数,荷兰AEX,Costa Rica Indice Accionario,加拿大多伦多S&P/TSX 综合指数,S&P CLX IPSA
比利时BFX,0.0,0.2909395825675112,0.3572601384651767,0.32577589051728795,0.3076582375989517,0.612823781346923,0.2509860469546127,0.36975833132180563,0.3348059995658042
日经225,0.2909395825675112,0.0,0.26615577186258343,0.35361206451645927,0.3568562891968502,0.2936228362641681,0.24154004325392728,0.2770014520924399,0.2537464138260847
墨西哥BOLSA,0.3572601384651767,0.26615577186258343,0.0,0.3236194136241341,0.29690257406567766,0.37658860868545607,0.23013183735183726,0.41254621727986496,0.3615335552998638
恒生指数,0.32577589051728795,0.35361206451645927,0.3236194136241341,0.0,0.37365744940697754,0.3181246301867498,0.23360723660880647,0.3237397884119446,0.29599257866182216
韩国综合指数,0.3076582375989517,0.3568562891968502,0.29690257406567766,0.37365744940697754,0.0,0.31872536373983723,0.23164718865814654,0.3004053744516322,0.2911290844909447
荷兰AEX,0.612823781346923,0.2936228362641681,0.37658860868545607,0.3181246301867498,0.31872536373983723,0.0,0.25614764917057237,0.39050513052990404,0.33636839086890313
Costa Rica Indice Accionario,0.2509860469546127,0.24154004325392728,0.23013183735183726,0.23360723660880647,0.23164718865814654,0.25614764917057237,0.0,0.2331150044209476,0.23488031082045133
加拿大多伦多S&P/TSX 综合指数,0.36975833132180563,0.2770014520924399,0.41254621727986496,0.3237397884119446,0.3004053744516322,0.39050513052990404,0.2331150044209476,0.0,0.3097708007628064
S&P CLX IPSA,0.3348059995658042,0.2537464138260847,0.3615335552998638,0.29599257866182216,0.2911290844909447,0.33636839086890313,0.23488031082045133,0.3097708007628064,0.0
