,比利时BFX,日经225,墨西哥BOLSA,恒生指数,韩国综合指数,荷兰AEX,Costa Rica Indice Accionario,加拿大多伦多S&P/TSX 综合指数,S&P CLX IPSA
比利时BFX,0.0,0.32135874742921294,0.3973403938162291,0.35896358146727153,0.3390879891116868,0.6914846456627962,0.28081020377498506,0.39451190050978674,0.385481222565627
日经225,0.32135874742921294,0.0,0.29138821385169955,0.38022284198094763,0.42076401845601846,0.32906451749858895,0.2397773549302048,0.28023820871975547,0.2791168881442078
墨西哥BOLSA,0.3973403938162291,0.29138821385169955,0.0,0.31674254870592555,0.31595453097511556,0.40152251278247914,0.26059417464937995,0.4690700907713121,0.387804199395023
恒生指数,0.35896358146727153,0.38022284198094763,0.31674254870592555,0.0,0.4119006913925985,0.3615304065963469,0.25413326015306953,0.32018614296118836,0.30153716275195963
韩国综合指数,0.3390879891116868,0.42076401845601846,0.31595453097511556,0.4119006913925985,0.0,0.35140831419774265,0.24806046644398655,0.3104039043873281,0.31059731682260466
荷兰AEX,0.6914846456627962,0.32906451749858895,0.40152251278247914,0.3615304065963469,0.35140831419774265,0.0,0.28202260489920894,0.39436767275445955,0.376609659184647
Costa Rica Indice Accionario,0.28081020377498506,0.2397773549302048,0.26059417464937995,0.25413326015306953,0.24806046644398655,0.28202260489920894,0.0,0.2657221248382268,0.2565495740168985
加拿大多伦多S&P/TSX 综合指数,0.39451190050978674,0.28023820871975547,0.4690700907713121,0.32018614296118836,0.3104039043873281,0.39436767275445955,0.2657221248382268,0.0,0.33884897384408985
S&P CLX IPSA,0.385481222565627,0.2791168881442078,0.387804199395023,0.30153716275195963,0.31059731682260466,0.376609659184647,0.2565495740168985,0.33884897384408985,0.0
