,比利时BFX,日经225,墨西哥BOLSA,恒生指数,韩国综合指数,荷兰AEX,Costa Rica Indice Accionario,加拿大多伦多S&P/TSX 综合指数,S&P CLX IPSA
比利时BFX,0.0,0.28962498617270743,0.34989828699944475,0.3317582665286193,0.30591662837671973,0.6027510038380036,0.24124540707215908,0.35316332414565393,0.3298205915969146
日经225,0.28962498617270743,0.0,0.2646005966513828,0.357481222617828,0.3594355947414529,0.2949532055819512,0.2396537594558338,0.2754893472259841,0.2518057972471781
墨西哥BOLSA,0.34989828699944475,0.2646005966513828,0.0,0.32014033825193744,0.2969853184146466,0.37192911166160114,0.2432918927304668,0.4045143221854983,0.3559629790124353
恒生指数,0.3317582665286193,0.357481222617828,0.32014033825193744,0.0,0.37232203311442497,0.32150922561736195,0.23331472317686058,0.31929400605693387,0.2934796952699596
韩国综合指数,0.30591662837671973,0.3594355947414529,0.2969853184146466,0.37232203311442497,0.0,0.3127437264574493,0.2289388744322267,0.2897920316195364,0.28927847221643577
荷兰AEX,0.6027510038380036,0.2949532055819512,0.37192911166160114,0.32150922561736195,0.3127437264574493,0.0,0.24199374129745221,0.373462706170651,0.3301271304332895
Costa Rica Indice Accionario,0.24124540707215908,0.2396537594558338,0.2432918927304668,0.23331472317686058,0.2289388744322267,0.24199374129745221,0.0,0.23728811847127945,0.23373461299308407
加拿大多伦多S&P/TSX 综合指数,0.35316332414565393,0.2754893472259841,0.4045143221854983,0.31929400605693387,0.2897920316195364,0.373462706170651,0.23728811847127945,0.0,0.30142164847962244
S&P CLX IPSA,0.3298205915969146,0.2518057972471781,0.3559629790124353,0.2934796952699596,0.28927847221643577,0.3301271304332895,0.23373461299308407,0.30142164847962244,0.0
