,比利时BFX,日经225,墨西哥BOLSA,恒生指数,韩国综合指数,荷兰AEX,Costa Rica Indice Accionario,加拿大多伦多S&P/TSX 综合指数,S&P CLX IPSA
比利时BFX,0.0,0.304158643397424,0.4083586828714476,0.3418219716589749,0.318075677154543,0.7051379277689169,0.2505423377639986,0.42702173187610526,0.4031936195498402
日经225,0.304158643397424,0.0,0.2743259589272381,0.39488282839732136,0.3946371525277233,0.3140550515583426,0.24903939758006446,0.2876717401779413,0.28898500985278547
墨西哥BOLSA,0.4083586828714476,0.2743259589272381,0.0,0.2990723246583216,0.3053708762061853,0.431821071717212,0.25142152169830073,0.45255063375626825,0.42702247903732854
恒生指数,0.3418219716589749,0.39488282839732136,0.2990723246583216,0.0,0.43839716020638525,0.3584381539276099,0.24869290867370966,0.3144433078756122,0.3330072058168007
韩国综合指数,0.318075677154543,0.3946371525277233,0.3053708762061853,0.43839716020638525,0.0,0.34522386237043506,0.24918643882109118,0.2965996016671956,0.32554976201458524
荷兰AEX,0.7051379277689169,0.3140550515583426,0.431821071717212,0.3584381539276099,0.34522386237043506,0.0,0.2485792238650538,0.4366469067623375,0.41481009777000627
Costa Rica Indice Accionario,0.2505423377639986,0.24903939758006446,0.25142152169830073,0.24869290867370966,0.24918643882109118,0.2485792238650538,0.0,0.24034044072971258,0.24205946368812886
加拿大多伦多S&P/TSX 综合指数,0.42702173187610526,0.2876717401779413,0.45255063375626825,0.3144433078756122,0.2965996016671956,0.4366469067623375,0.24034044072971258,0.0,0.45274374045402305
S&P CLX IPSA,0.4031936195498402,0.28898500985278547,0.42702247903732854,0.3330072058168007,0.32554976201458524,0.41481009777000627,0.24205946368812886,0.45274374045402305,0.0
