,比利时BFX,日经225,墨西哥BOLSA,恒生指数,韩国综合指数,荷兰AEX,Costa Rica Indice Accionario,加拿大多伦多S&P/TSX 综合指数,S&P CLX IPSA
比利时BFX,0.0,0.2954325529888687,0.41789884597661553,0.3325717019035304,0.31372766029794436,0.7074915369290654,0.252657392202922,0.43837259772940546,0.4161557275309321
日经225,0.2954325529888687,0.0,0.2675207600847455,0.3944863203841908,0.4075113368545816,0.29975300058941523,0.25054187128885896,0.2809404841202743,0.28547857949469635
墨西哥BOLSA,0.41789884597661553,0.2675207600847455,0.0,0.28765805748834694,0.29865610105731105,0.4389269360200134,0.2525316272820372,0.4723298908856879,0.43723857770404323
恒生指数,0.3325717019035304,0.3944863203841908,0.28765805748834694,0.0,0.44667965294040135,0.33891622991884085,0.24979667398038422,0.30133554650659466,0.3261539654424376
韩国综合指数,0.31372766029794436,0.4075113368545816,0.29865610105731105,0.44667965294040135,0.0,0.3296606788521039,0.24672334855710415,0.2926731271439174,0.32311863454131606
荷兰AEX,0.7074915369290654,0.29975300058941523,0.4389269360200134,0.33891622991884085,0.3296606788521039,0.0,0.2504988099434343,0.455024419484456,0.42794173955924053
Costa Rica Indice Accionario,0.252657392202922,0.25054187128885896,0.2525316272820372,0.24979667398038422,0.24672334855710415,0.2504988099434343,0.0,0.24500956345342367,0.24469882858029526
加拿大多伦多S&P/TSX 综合指数,0.43837259772940546,0.2809404841202743,0.4723298908856879,0.30133554650659466,0.2926731271439174,0.455024419484456,0.24500956345342367,0.0,0.48238183897910564
S&P CLX IPSA,0.4161557275309321,0.28547857949469635,0.43723857770404323,0.3261539654424376,0.32311863454131606,0.42794173955924053,0.24469882858029526,0.48238183897910564,0.0
