,比利时BFX,日经225,墨西哥BOLSA,恒生指数,韩国综合指数,荷兰AEX,Costa Rica Indice Accionario,加拿大多伦多S&P/TSX 综合指数,S&P CLX IPSA
比利时BFX,0.0,0.28882425779603316,0.35914170215361374,0.3105102607342815,0.30732405733848694,0.6443217488123708,0.2462386693117534,0.3849956327638702,0.34988362757934754
日经225,0.28882425779603316,0.0,0.26906901840197606,0.36850217128698776,0.37243300737462537,0.29660268255569566,0.24391453642734132,0.2776850886221956,0.26038971069799516
墨西哥BOLSA,0.35914170215361374,0.26906901840197606,0.0,0.2911544430924446,0.30812816644555885,0.39152656808625597,0.2526833292401951,0.43856452225366205,0.41313410238589343
恒生指数,0.3105102607342815,0.36850217128698776,0.2911544430924446,0.0,0.40662824373645556,0.31622440799834306,0.247441161425392,0.2928302220972707,0.27331209974095905
韩国综合指数,0.30732405733848694,0.37243300737462537,0.30812816644555885,0.40662824373645556,0.0,0.329647000462461,0.24411751361634218,0.2949926785433895,0.29077178335719206
荷兰AEX,0.6443217488123708,0.29660268255569566,0.39152656808625597,0.31622440799834306,0.329647000462461,0.0,0.2451131081410642,0.40004777844114003,0.3532222256916094
Costa Rica Indice Accionario,0.2462386693117534,0.24391453642734132,0.2526833292401951,0.247441161425392,0.24411751361634218,0.2451131081410642,0.0,0.23759116881538217,0.24135994399274632
加拿大多伦多S&P/TSX 综合指数,0.3849956327638702,0.2776850886221956,0.43856452225366205,0.2928302220972707,0.2949926785433895,0.40004777844114003,0.23759116881538217,0.0,0.4069118192652549
S&P CLX IPSA,0.34988362757934754,0.26038971069799516,0.41313410238589343,0.27331209974095905,0.29077178335719206,0.3532222256916094,0.24135994399274632,0.4069118192652549,0.0
