,比利时BFX,日经225,墨西哥BOLSA,恒生指数,韩国综合指数,荷兰AEX,Costa Rica Indice Accionario,加拿大多伦多S&P/TSX 综合指数,S&P CLX IPSA
比利时BFX,0.0,0.29381897201998397,0.33661008231850253,0.34293063003205154,0.32125144480392365,0.6003275086847298,0.2379184537763045,0.3578374605036403,0.31918355553726674
日经225,0.29381897201998397,0.0,0.27130481900964765,0.35135590971892505,0.3552557464485137,0.3009060214276146,0.23948297586564982,0.2763008775092264,0.25203286677321046
墨西哥BOLSA,0.33661008231850253,0.27130481900964765,0.0,0.32117039087372856,0.3042758149802867,0.3623311358359551,0.24586310163626407,0.4030627631350146,0.3464785315151069
恒生指数,0.34293063003205154,0.35135590971892505,0.32117039087372856,0.0,0.38134329827416213,0.33823828312687587,0.23610554007997814,0.31859151566490973,0.29210382044318317
韩国综合指数,0.32125144480392365,0.3552557464485137,0.3042758149802867,0.38134329827416213,0.0,0.32948516475058665,0.23300186505691883,0.2949705047041062,0.2827427369399532
荷兰AEX,0.6003275086847298,0.3009060214276146,0.3623311358359551,0.33823828312687587,0.32948516475058665,0.0,0.2346907250502874,0.38391624375148303,0.3189779111645139
Costa Rica Indice Accionario,0.2379184537763045,0.23948297586564982,0.24586310163626407,0.23610554007997814,0.23300186505691883,0.2346907250502874,0.0,0.23447847401891378,0.23330682409490122
加拿大多伦多S&P/TSX 综合指数,0.3578374605036403,0.2763008775092264,0.4030627631350146,0.31859151566490973,0.2949705047041062,0.38391624375148303,0.23447847401891378,0.0,0.31072052627131086
S&P CLX IPSA,0.31918355553726674,0.25203286677321046,0.3464785315151069,0.29210382044318317,0.2827427369399532,0.3189779111645139,0.23330682409490122,0.31072052627131086,0.0
