,比利时BFX,日经225,墨西哥BOLSA,恒生指数,韩国综合指数,荷兰AEX,Costa Rica Indice Accionario,加拿大多伦多S&P/TSX 综合指数,S&P CLX IPSA
比利时BFX,0.0,0.30281141731266664,0.40829695936998645,0.34150708901796845,0.317355893299047,0.7050698565502703,0.25026666051504476,0.42770529294627124,0.40289633232604555
日经225,0.30281141731266664,0.0,0.27291810862550125,0.3942571792892658,0.3949611243567597,0.3122926368083291,0.2491614883040373,0.2876226859622434,0.2877353053604045
墨西哥BOLSA,0.40829695936998645,0.27291810862550125,0.0,0.2987515138489757,0.30484471314080713,0.4322381980286716,0.2511103208751027,0.45497782869103,0.4256771841733006
恒生指数,0.34150708901796845,0.3942571792892658,0.2987515138489757,0.0,0.43809773444404954,0.35793013795503353,0.2486370445232458,0.314594702605021,0.33281106559985635
韩国综合指数,0.317355893299047,0.3949611243567597,0.30484471314080713,0.43809773444404954,0.0,0.3439381179375052,0.24928685728620104,0.2964862399097561,0.3252716742711162
荷兰AEX,0.7050698565502703,0.3122926368083291,0.4322381980286716,0.35793013795503353,0.3439381179375052,0.0,0.24823804562838991,0.4368617187061142,0.4147798562410939
Costa Rica Indice Accionario,0.25026666051504476,0.2491614883040373,0.2511103208751027,0.2486370445232458,0.24928685728620104,0.24823804562838991,0.0,0.24030920382524473,0.24180157447079195
加拿大多伦多S&P/TSX 综合指数,0.42770529294627124,0.2876226859622434,0.45497782869103,0.314594702605021,0.2964862399097561,0.4368617187061142,0.24030920382524473,0.0,0.4553649202636614
S&P CLX IPSA,0.40289633232604555,0.2877353053604045,0.4256771841733006,0.33281106559985635,0.3252716742711162,0.4147798562410939,0.24180157447079195,0.4553649202636614,0.0
