,比利时BFX,日经225,墨西哥BOLSA,恒生指数,韩国综合指数,荷兰AEX,Costa Rica Indice Accionario,加拿大多伦多S&P/TSX 综合指数,S&P CLX IPSA
比利时BFX,0.0,0.30303964624365703,0.39725631678438683,0.3561273220057105,0.3200638948328903,0.6995771416804047,0.24573024371218782,0.41969010151124186,0.41008197402573227
日经225,0.30303964624365703,0.0,0.27648407532047703,0.38877938593270356,0.38427905257825673,0.31019853334447633,0.24796854418262224,0.28475657166487256,0.2796087614027876
墨西哥BOLSA,0.39725631678438683,0.27648407532047703,0.0,0.3144443366784336,0.3118986384920847,0.42145848114767365,0.2522967900001414,0.43942867192401,0.43454753872591
恒生指数,0.3561273220057105,0.38877938593270356,0.3144443366784336,0.0,0.4265189423416738,0.3666113686389547,0.24889336757759412,0.32054158544242406,0.3287649431191762
韩国综合指数,0.3200638948328903,0.38427905257825673,0.3118986384920847,0.4265189423416738,0.0,0.3452257843003595,0.249381202607598,0.29899841027513424,0.31812791222490433
荷兰AEX,0.6995771416804047,0.31019853334447633,0.42145848114767365,0.3666113686389547,0.3452257843003595,0.0,0.24493663450418632,0.43536170068876395,0.4123101298502859
Costa Rica Indice Accionario,0.24573024371218782,0.24796854418262224,0.2522967900001414,0.24889336757759412,0.249381202607598,0.24493663450418632,0.0,0.2401322640609835,0.24412006687635057
加拿大多伦多S&P/TSX 综合指数,0.41969010151124186,0.28475657166487256,0.43942867192401,0.32054158544242406,0.29899841027513424,0.43536170068876395,0.2401322640609835,0.0,0.4473303578198034
S&P CLX IPSA,0.41008197402573227,0.2796087614027876,0.43454753872591,0.3287649431191762,0.31812791222490433,0.4123101298502859,0.24412006687635057,0.4473303578198034,0.0
