,比利时BFX,日经225,墨西哥BOLSA,恒生指数,韩国综合指数,荷兰AEX,Costa Rica Indice Accionario,加拿大多伦多S&P/TSX 综合指数,S&P CLX IPSA
比利时BFX,0.0,0.31643699586867835,0.37965594471720426,0.3438522523953031,0.3274779004311731,0.6768856934766693,0.2677037549975546,0.37238253864616566,0.3502633255889076
日经225,0.31643699586867835,0.0,0.285886735955752,0.37203225469190926,0.3946472713595918,0.32067485901050446,0.23986790895453391,0.27885193366173594,0.26993710115071734
墨西哥BOLSA,0.37965594471720426,0.285886735955752,0.0,0.31483241127976175,0.3101358927519226,0.3895425362715695,0.2450547342350749,0.4607771191253465,0.3721022490539136
恒生指数,0.3438522523953031,0.37203225469190926,0.31483241127976175,0.0,0.39906199963205996,0.34405454489242865,0.24240447743959,0.3121919728451117,0.29353079450275715
韩国综合指数,0.3274779004311731,0.3946472713595918,0.3101358927519226,0.39906199963205996,0.0,0.33372265906640536,0.2454183077963634,0.30658764478840334,0.3000788570720178
荷兰AEX,0.6768856934766693,0.32067485901050446,0.3895425362715695,0.34405454489242865,0.33372265906640536,0.0,0.2709714972761093,0.3768066894477069,0.3462360975701087
Costa Rica Indice Accionario,0.2677037549975546,0.23986790895453391,0.2450547342350749,0.24240447743959,0.2454183077963634,0.2709714972761093,0.0,0.2521974592397649,0.24764050527765155
加拿大多伦多S&P/TSX 综合指数,0.37238253864616566,0.27885193366173594,0.4607771191253465,0.3121919728451117,0.30658764478840334,0.3768066894477069,0.2521974592397649,0.0,0.31477633169315833
S&P CLX IPSA,0.3502633255889076,0.26993710115071734,0.3721022490539136,0.29353079450275715,0.3000788570720178,0.3462360975701087,0.24764050527765155,0.31477633169315833,0.0
