,比利时BFX,日经225,墨西哥BOLSA,恒生指数,韩国综合指数,荷兰AEX,Costa Rica Indice Accionario,加拿大多伦多S&P/TSX 综合指数,S&P CLX IPSA
比利时BFX,0.0,0.2928518335604047,0.35062395292257187,0.33517700095074826,0.3122290214425375,0.5994355125791726,0.2389097709660857,0.3504491059972526,0.3307393102430563
日经225,0.2928518335604047,0.0,0.2670748209258157,0.3594261999282729,0.36064714107623913,0.29705642214520844,0.23648817914639975,0.2757048045975659,0.25112713095876793
墨西哥BOLSA,0.35062395292257187,0.2670748209258157,0.0,0.3222136379750568,0.3001963581711665,0.3740039337585279,0.24585689556877363,0.4016314585730552,0.35662141855423035
恒生指数,0.33517700095074826,0.3594261999282729,0.3222136379750568,0.0,0.37725840355366386,0.3246199912632217,0.23371018874210256,0.3181956234491054,0.2930139410766127
韩国综合指数,0.3122290214425375,0.36064714107623913,0.3001963581711665,0.37725840355366386,0.0,0.3185252419212622,0.23021711573827217,0.2890608895957328,0.2882242984073389
荷兰AEX,0.5994355125791726,0.29705642214520844,0.3740039337585279,0.3246199912632217,0.3185252419212622,0.0,0.23682860570871575,0.37255268136287517,0.33186645830424627
Costa Rica Indice Accionario,0.2389097709660857,0.23648817914639975,0.24585689556877363,0.23371018874210256,0.23021711573827217,0.23682860570871575,0.0,0.23649655116311455,0.23247126765438625
加拿大多伦多S&P/TSX 综合指数,0.3504491059972526,0.2757048045975659,0.4016314585730552,0.3181956234491054,0.2890608895957328,0.37255268136287517,0.23649655116311455,0.0,0.3016177693884286
S&P CLX IPSA,0.3307393102430563,0.25112713095876793,0.35662141855423035,0.2930139410766127,0.2882242984073389,0.33186645830424627,0.23247126765438625,0.3016177693884286,0.0
