,比利时BFX,日经225,墨西哥BOLSA,恒生指数,韩国综合指数,荷兰AEX,Costa Rica Indice Accionario,加拿大多伦多S&P/TSX 综合指数,S&P CLX IPSA
比利时BFX,0.0,0.30070065421393394,0.39471313291507903,0.3449991756987095,0.31771375771827803,0.6835642545952749,0.24642243387879073,0.41120832269008784,0.3913585367066462
日经225,0.30070065421393394,0.0,0.27791796710936734,0.3846211465971192,0.3779476735860143,0.308831754802895,0.2478108878839824,0.2872139788944079,0.2737388383303914
墨西哥BOLSA,0.39471313291507903,0.27791796710936734,0.0,0.3146557239421557,0.31672976428383176,0.4218246499107271,0.25249461809614465,0.43880401297872296,0.43810462116968796
恒生指数,0.3449991756987095,0.3846211465971192,0.3146557239421557,0.0,0.4261237807880983,0.3572881803844472,0.24844578531387915,0.3159617832976454,0.3088893786215581
韩国综合指数,0.31771375771827803,0.3779476735860143,0.31672976428383176,0.4261237807880983,0.0,0.34447838153538235,0.24956819120324042,0.3095697519595855,0.3144296678418091
荷兰AEX,0.6835642545952749,0.308831754802895,0.4218246499107271,0.3572881803844472,0.34447838153538235,0.0,0.24545599895621215,0.42733835339337933,0.395778512100627
Costa Rica Indice Accionario,0.24642243387879073,0.2478108878839824,0.25249461809614465,0.24844578531387915,0.24956819120324042,0.24545599895621215,0.0,0.23977338180846494,0.24444675007871947
加拿大多伦多S&P/TSX 综合指数,0.41120832269008784,0.2872139788944079,0.43880401297872296,0.3159617832976454,0.3095697519595855,0.42733835339337933,0.23977338180846494,0.0,0.4366982828135458
S&P CLX IPSA,0.3913585367066462,0.2737388383303914,0.43810462116968796,0.3088893786215581,0.3144296678418091,0.395778512100627,0.24444675007871947,0.4366982828135458,0.0
