,比利时BFX,日经225,墨西哥BOLSA,恒生指数,韩国综合指数,荷兰AEX,Costa Rica Indice Accionario,加拿大多伦多S&P/TSX 综合指数,S&P CLX IPSA
比利时BFX,0.0,0.31393589369730335,0.3807646404895534,0.3426883853179301,0.32596078708640186,0.6737100669087219,0.26802201717392693,0.3742276132129476,0.3567875012274805
日经225,0.31393589369730335,0.0,0.2852494841686154,0.37472881962112314,0.4018064464082092,0.32030503785910885,0.24015171583886816,0.27502771962647926,0.2695483115298588
墨西哥BOLSA,0.3807646404895534,0.2852494841686154,0.0,0.3147283995969519,0.30953406937174205,0.39028960588216016,0.24520414509112787,0.4594103804760863,0.37674857683428453
恒生指数,0.3426883853179301,0.37472881962112314,0.3147283995969519,0.0,0.4062896613776788,0.3448322575638925,0.24292553716919418,0.30817908444922026,0.29452585007279614
韩国综合指数,0.32596078708640186,0.4018064464082092,0.30953406937174205,0.4062896613776788,0.0,0.33377489632814167,0.2447449642132042,0.3036274348791895,0.2939338466169067
荷兰AEX,0.6737100669087219,0.32030503785910885,0.39028960588216016,0.3448322575638925,0.33377489632814167,0.0,0.2710673977062446,0.37635239350737615,0.3497030263449083
Costa Rica Indice Accionario,0.26802201717392693,0.24015171583886816,0.24520414509112787,0.24292553716919418,0.2447449642132042,0.2710673977062446,0.0,0.252780926515313,0.24716927799788824
加拿大多伦多S&P/TSX 综合指数,0.3742276132129476,0.27502771962647926,0.4594103804760863,0.30817908444922026,0.3036274348791895,0.37635239350737615,0.252780926515313,0.0,0.3215791839531377
S&P CLX IPSA,0.3567875012274805,0.2695483115298588,0.37674857683428453,0.29452585007279614,0.2939338466169067,0.3497030263449083,0.24716927799788824,0.3215791839531377,0.0
