,比利时BFX,日经225,墨西哥BOLSA,恒生指数,韩国综合指数,荷兰AEX,Costa Rica Indice Accionario,加拿大多伦多S&P/TSX 综合指数,S&P CLX IPSA
比利时BFX,0.0,0.3224036389059726,0.39695727902817535,0.3636582457910177,0.34158623803880755,0.6825327439684066,0.281450322553077,0.4046530326566237,0.39357913190594374
日经225,0.3224036389059726,0.0,0.28223324171435943,0.38194276415048717,0.430115011769321,0.3330928389777447,0.23859135857477562,0.28591956050185474,0.28201090487005437
墨西哥BOLSA,0.39695727902817535,0.28223324171435943,0.0,0.31851044617697394,0.31309498655348256,0.40478184679579826,0.26235346447046254,0.46854295057658246,0.392050183012204
恒生指数,0.3636582457910177,0.38194276415048717,0.31851044617697394,0.0,0.41646167303340104,0.3693808260632517,0.25496286017255393,0.3241199997161232,0.30768792764591085
韩国综合指数,0.34158623803880755,0.430115011769321,0.31309498655348256,0.41646167303340104,0.0,0.3594157980348386,0.24583323227091491,0.31352015875310985,0.31527196666918444
荷兰AEX,0.6825327439684066,0.3330928389777447,0.40478184679579826,0.3693808260632517,0.3594157980348386,0.0,0.28172074917097817,0.4034902053209846,0.3853688089932489
Costa Rica Indice Accionario,0.281450322553077,0.23859135857477562,0.26235346447046254,0.25496286017255393,0.24583323227091491,0.28172074917097817,0.0,0.26707633367563294,0.2598872787421384
加拿大多伦多S&P/TSX 综合指数,0.4046530326566237,0.28591956050185474,0.46854295057658246,0.3241199997161232,0.31352015875310985,0.4034902053209846,0.26707633367563294,0.0,0.3511795438866713
S&P CLX IPSA,0.39357913190594374,0.28201090487005437,0.392050183012204,0.30768792764591085,0.31527196666918444,0.3853688089932489,0.2598872787421384,0.3511795438866713,0.0
