,比利时BFX,日经225,墨西哥BOLSA,恒生指数,韩国综合指数,荷兰AEX,Costa Rica Indice Accionario,加拿大多伦多S&P/TSX 综合指数,S&P CLX IPSA
比利时BFX,0.0,0.3097024773142385,0.3750172936175058,0.3290817323223045,0.31273261583483836,0.6496102821249933,0.2505430051350822,0.3700520597644799,0.3449686477417707
日经225,0.3097024773142385,0.0,0.287020427632631,0.36629720440032343,0.38068738969629673,0.3122155754375919,0.22874665959477133,0.28272923411482465,0.27121667956110906
墨西哥BOLSA,0.3750172936175058,0.287020427632631,0.0,0.3187005455058582,0.30197436585600057,0.39108615656886814,0.23051985690303292,0.4503896848689576,0.3688529897298449
恒生指数,0.3290817323223045,0.36629720440032343,0.3187005455058582,0.0,0.38496983900011944,0.33026507588042286,0.22939500731050338,0.3140078703783799,0.2933294503451478
韩国综合指数,0.31273261583483836,0.38068738969629673,0.30197436585600057,0.38496983900011944,0.0,0.3216924652117853,0.22564122893672667,0.2969196129027929,0.2960506815929088
荷兰AEX,0.6496102821249933,0.3122155754375919,0.39108615656886814,0.33026507588042286,0.3216924652117853,0.0,0.2538715074000511,0.37513790908025535,0.34186770814817824
Costa Rica Indice Accionario,0.2505430051350822,0.22874665959477133,0.23051985690303292,0.22939500731050338,0.22564122893672667,0.2538715074000511,0.0,0.2338122315493196,0.23505581342758067
加拿大多伦多S&P/TSX 综合指数,0.3700520597644799,0.28272923411482465,0.4503896848689576,0.3140078703783799,0.2969196129027929,0.37513790908025535,0.2338122315493196,0.0,0.3143350088968011
S&P CLX IPSA,0.3449686477417707,0.27121667956110906,0.3688529897298449,0.2933294503451478,0.2960506815929088,0.34186770814817824,0.23505581342758067,0.3143350088968011,0.0
