,比利时BFX,日经225,墨西哥BOLSA,恒生指数,韩国综合指数,荷兰AEX,Costa Rica Indice Accionario,加拿大多伦多S&P/TSX 综合指数,S&P CLX IPSA
比利时BFX,0.0,0.3161965339924001,0.39085513202576333,0.35117562770550836,0.3327321931531373,0.6923615688626311,0.26780367090049884,0.3832842182741698,0.3682510856616225
日经225,0.3161965339924001,0.0,0.28834717364443746,0.37596483680534254,0.4029744414251563,0.3217572251416042,0.2404592231141241,0.27685951576140166,0.272050361056116
墨西哥BOLSA,0.39085513202576333,0.28834717364443746,0.0,0.3212616324004508,0.3156830857347246,0.39923794926348094,0.24591536471071826,0.4678504883541916,0.3845551884057185
恒生指数,0.35117562770550836,0.37596483680534254,0.3212616324004508,0.0,0.4088340065182561,0.353563743166415,0.24352151529916333,0.3125466769761907,0.300021076350156
韩国综合指数,0.3327321931531373,0.4029744414251563,0.3156830857347246,0.4088340065182561,0.0,0.3407482658152963,0.2452089041362152,0.3061474336015872,0.2979882495197321
荷兰AEX,0.6923615688626311,0.3217572251416042,0.39923794926348094,0.353563743166415,0.3407482658152963,0.0,0.27026298338900023,0.38532565896076126,0.36195621566896424
Costa Rica Indice Accionario,0.26780367090049884,0.2404592231141241,0.24591536471071826,0.24352151529916333,0.2452089041362152,0.27026298338900023,0.0,0.25334239379650203,0.2478538022984552
加拿大多伦多S&P/TSX 综合指数,0.3832842182741698,0.27685951576140166,0.4678504883541916,0.3125466769761907,0.3061474336015872,0.38532565896076126,0.25334239379650203,0.0,0.32776864945709333
S&P CLX IPSA,0.3682510856616225,0.272050361056116,0.3845551884057185,0.300021076350156,0.2979882495197321,0.36195621566896424,0.2478538022984552,0.32776864945709333,0.0
