,比利时BFX,日经225,墨西哥BOLSA,恒生指数,韩国综合指数,荷兰AEX,Costa Rica Indice Accionario,加拿大多伦多S&P/TSX 综合指数,S&P CLX IPSA
比利时BFX,0.0,0.2909612074553973,0.34478193903394183,0.3398194490406524,0.31683692134530345,0.5950225030053632,0.24140838210608684,0.3536516376460898,0.32044786612104575
日经225,0.2909612074553973,0.0,0.270410529532361,0.3546010305828146,0.35277522276929724,0.2964885621427322,0.23658587441091378,0.2739170393668905,0.2502987930192623
墨西哥BOLSA,0.34478193903394183,0.270410529532361,0.0,0.32499528722471005,0.3062403804946387,0.36473843704117764,0.24476554999153263,0.4015510403553396,0.3498239612259868
恒生指数,0.3398194490406524,0.3546010305828146,0.32499528722471005,0.0,0.3780112116159374,0.3298945498203491,0.23317704779087425,0.31495577040066003,0.2902907151625125
韩国综合指数,0.31683692134530345,0.35277522276929724,0.3062403804946387,0.3780112116159374,0.0,0.3248688973877211,0.23077171802729993,0.29460671222259555,0.2843281494964078
荷兰AEX,0.5950225030053632,0.2964885621427322,0.36473843704117764,0.3298945498203491,0.3248688973877211,0.0,0.23853795684999737,0.37467054636523595,0.3187326189953426
Costa Rica Indice Accionario,0.24140838210608684,0.23658587441091378,0.24476554999153263,0.23317704779087425,0.23077171802729993,0.23853795684999737,0.0,0.23211217358739106,0.23501067748542054
加拿大多伦多S&P/TSX 综合指数,0.3536516376460898,0.2739170393668905,0.4015510403553396,0.31495577040066003,0.29460671222259555,0.37467054636523595,0.23211217358739106,0.0,0.30268802662409083
S&P CLX IPSA,0.32044786612104575,0.2502987930192623,0.3498239612259868,0.2902907151625125,0.2843281494964078,0.3187326189953426,0.23501067748542054,0.30268802662409083,0.0
