,比利时BFX,日经225,墨西哥BOLSA,恒生指数,韩国综合指数,荷兰AEX,Costa Rica Indice Accionario,加拿大多伦多S&P/TSX 综合指数,S&P CLX IPSA
比利时BFX,0.0,0.29059744930280546,0.34402612699728435,0.3404086038922523,0.3158783695628718,0.594445075329322,0.24143715378481032,0.3527486359031327,0.3215959071507165
日经225,0.29059744930280546,0.0,0.2696150771428747,0.35506487487883465,0.35209834210996516,0.29601589638958636,0.23661057481802644,0.2730527241017177,0.2508491378245376
墨西哥BOLSA,0.34402612699728435,0.2696150771428747,0.0,0.32634952101961107,0.30410974055957335,0.3634597740115706,0.24487633875833606,0.3989539460631852,0.35293636119451344
恒生指数,0.3404086038922523,0.35506487487883465,0.32634952101961107,0.0,0.37928259698351136,0.33084180244239564,0.23313801266585454,0.3159613240129254,0.29057535078181057
韩国综合指数,0.3158783695628718,0.35209834210996516,0.30410974055957335,0.37928259698351136,0.0,0.32327921838631773,0.23081664690550285,0.2925647505924341,0.2853657381648308
荷兰AEX,0.594445075329322,0.29601589638958636,0.3634597740115706,0.33084180244239564,0.32327921838631773,0.0,0.2385569311807779,0.37293487794724123,0.3206558699531653
Costa Rica Indice Accionario,0.24143715378481032,0.23661057481802644,0.24487633875833606,0.23313801266585454,0.23081664690550285,0.2385569311807779,0.0,0.23215351084166294,0.23491729923046312
加拿大多伦多S&P/TSX 综合指数,0.3527486359031327,0.2730527241017177,0.3989539460631852,0.3159613240129254,0.2925647505924341,0.37293487794724123,0.23215351084166294,0.0,0.3044268678417676
S&P CLX IPSA,0.3215959071507165,0.2508491378245376,0.35293636119451344,0.29057535078181057,0.2853657381648308,0.3206558699531653,0.23491729923046312,0.3044268678417676,0.0
