,比利时BFX,日经225,墨西哥BOLSA,恒生指数,韩国综合指数,荷兰AEX,Costa Rica Indice Accionario,加拿大多伦多S&P/TSX 综合指数,S&P CLX IPSA
比利时BFX,0.0,0.2876970019130147,0.4183502060557794,0.32624451298817253,0.30697635265595,0.7094952214759432,0.2566700658717769,0.44172597749492104,0.4222557896476485
日经225,0.2876970019130147,0.0,0.27331597848061895,0.4269235092868763,0.45352600904693025,0.2932280846521765,0.24969347892760885,0.2857488446643553,0.3005910312985548
墨西哥BOLSA,0.4183502060557794,0.27331597848061895,0.0,0.2893709081204102,0.3030887728007442,0.43893627367938476,0.24973197719497664,0.4752325436564955,0.43530147713371586
恒生指数,0.32624451298817253,0.4269235092868763,0.2893709081204102,0.0,0.44532455137195415,0.33280161542759906,0.2504988835188203,0.30353576833053286,0.32736127418286826
韩国综合指数,0.30697635265595,0.45352600904693025,0.3030887728007442,0.44532455137195415,0.0,0.3227437788212263,0.2452887057091588,0.2950365535149558,0.3216880929471274
荷兰AEX,0.7094952214759432,0.2932280846521765,0.43893627367938476,0.33280161542759906,0.3227437788212263,0.0,0.25506664704575105,0.45684976066477145,0.4317519951168041
Costa Rica Indice Accionario,0.2566700658717769,0.24969347892760885,0.24973197719497664,0.2504988835188203,0.2452887057091588,0.25506664704575105,0.0,0.2462144583584603,0.2474460961177322
加拿大多伦多S&P/TSX 综合指数,0.44172597749492104,0.2857488446643553,0.4752325436564955,0.30353576833053286,0.2950365535149558,0.45684976066477145,0.2462144583584603,0.0,0.4796893037893328
S&P CLX IPSA,0.4222557896476485,0.3005910312985548,0.43530147713371586,0.32736127418286826,0.3216880929471274,0.4317519951168041,0.2474460961177322,0.4796893037893328,0.0
