,比利时BFX,日经225,墨西哥BOLSA,恒生指数,韩国综合指数,荷兰AEX,Costa Rica Indice Accionario,加拿大多伦多S&P/TSX 综合指数,S&P CLX IPSA
比利时BFX,0.0,0.2914766425562017,0.3583995868806816,0.3272935788921359,0.30419803422359126,0.6095975858141262,0.24942588228203266,0.3684542228176216,0.3341506166732034
日经225,0.2914766425562017,0.0,0.267877260133131,0.3566986079612035,0.35931934146339434,0.2976756332568295,0.2431755746227483,0.2809148150745603,0.2550343859674805
墨西哥BOLSA,0.3583995868806816,0.267877260133131,0.0,0.32099480543000236,0.29977417456260774,0.38083509519415437,0.23401752348693775,0.413996910730773,0.36112271630592263
恒生指数,0.3272935788921359,0.3566986079612035,0.32099480543000236,0.0,0.36874674518398015,0.319048279807436,0.23708288833636318,0.32200251885508563,0.292834384262854
韩国综合指数,0.30419803422359126,0.35931934146339434,0.29977417456260774,0.36874674518398015,0.0,0.3164456800723243,0.23113195985686033,0.3010211016668039,0.2936304470365822
荷兰AEX,0.6095975858141262,0.2976756332568295,0.38083509519415437,0.319048279807436,0.3164456800723243,0.0,0.2539382085406426,0.38841292896880775,0.3367373920108177
Costa Rica Indice Accionario,0.24942588228203266,0.2431755746227483,0.23401752348693775,0.23708288833636318,0.23113195985686033,0.2539382085406426,0.0,0.24098130699181392,0.23222171704399963
加拿大多伦多S&P/TSX 综合指数,0.3684542228176216,0.2809148150745603,0.413996910730773,0.32200251885508563,0.3010211016668039,0.38841292896880775,0.24098130699181392,0.0,0.3090168771367886
S&P CLX IPSA,0.3341506166732034,0.2550343859674805,0.36112271630592263,0.292834384262854,0.2936304470365822,0.3367373920108177,0.23222171704399963,0.3090168771367886,0.0
