,比利时BFX,日经225,墨西哥BOLSA,恒生指数,韩国综合指数,荷兰AEX,Costa Rica Indice Accionario,加拿大多伦多S&P/TSX 综合指数,S&P CLX IPSA
比利时BFX,0.0,0.2970506338649158,0.42102816056999287,0.32696819064620336,0.3079314783765919,0.7078877561366288,0.2555661941261487,0.43955795050681684,0.420560324844732
日经225,0.2970506338649158,0.0,0.2800476019049628,0.44501072452089563,0.461932562566465,0.3033879447794683,0.24798129586700898,0.29060957778478397,0.3089594766555428
墨西哥BOLSA,0.42102816056999287,0.2800476019049628,0.0,0.2892937787744564,0.3048667244258728,0.44223223735317513,0.2487417623769726,0.48285899968731955,0.4386158172967325
恒生指数,0.32696819064620336,0.44501072452089563,0.2892937787744564,0.0,0.44656049803994824,0.3344112152664069,0.24972945269666655,0.3045099508796512,0.3256929345792366
韩国综合指数,0.3079314783765919,0.461932562566465,0.3048667244258728,0.44656049803994824,0.0,0.3238042137322877,0.24872843012803114,0.295095495988322,0.3223786348495491
荷兰AEX,0.7078877561366288,0.3033879447794683,0.44223223735317513,0.3344112152664069,0.3238042137322877,0.0,0.2526027336848953,0.455246861890447,0.43127235452142626
Costa Rica Indice Accionario,0.2555661941261487,0.24798129586700898,0.2487417623769726,0.24972945269666655,0.24872843012803114,0.2526027336848953,0.0,0.245988365772919,0.24791754288185847
加拿大多伦多S&P/TSX 综合指数,0.43955795050681684,0.29060957778478397,0.48285899968731955,0.3045099508796512,0.295095495988322,0.455246861890447,0.245988365772919,0.0,0.4806387895865459
S&P CLX IPSA,0.420560324844732,0.3089594766555428,0.4386158172967325,0.3256929345792366,0.3223786348495491,0.43127235452142626,0.24791754288185847,0.4806387895865459,0.0
