,比利时BFX,日经225,墨西哥BOLSA,恒生指数,韩国综合指数,荷兰AEX,Costa Rica Indice Accionario,加拿大多伦多S&P/TSX 综合指数,S&P CLX IPSA
比利时BFX,0.0,0.2966637262091286,0.3853160663322264,0.3212750708063605,0.3253341599171823,0.664981327441683,0.24472806625171456,0.3968570206086247,0.3739157723505999
日经225,0.2966637262091286,0.0,0.2721485346149982,0.38142762399629193,0.3852581262381856,0.30631383862761064,0.24583495489093554,0.28408217194535557,0.26913479204206836
墨西哥BOLSA,0.3853160663322264,0.2721485346149982,0.0,0.3056448914336913,0.3312891582600002,0.41912720566368833,0.25128122723519036,0.43807752691857527,0.43279691787236746
恒生指数,0.3212750708063605,0.38142762399629193,0.3056448914336913,0.0,0.43911661058373996,0.3331380631806899,0.24593255804421804,0.2982147706498705,0.28700781902457423
韩国综合指数,0.3253341599171823,0.3852581262381856,0.3312891582600002,0.43911661058373996,0.0,0.3575178023750573,0.2455996267879763,0.3150116961013985,0.31264021145170423
荷兰AEX,0.664981327441683,0.30631383862761064,0.41912720566368833,0.3331380631806899,0.3575178023750573,0.0,0.2439062724824353,0.4130301316433896,0.3794769818682903
Costa Rica Indice Accionario,0.24472806625171456,0.24583495489093554,0.25128122723519036,0.24593255804421804,0.2455996267879763,0.2439062724824353,0.0,0.23774038530193267,0.24219598070869858
加拿大多伦多S&P/TSX 综合指数,0.3968570206086247,0.28408217194535557,0.43807752691857527,0.2982147706498705,0.3150116961013985,0.4130301316433896,0.23774038530193267,0.0,0.4162096223126678
S&P CLX IPSA,0.3739157723505999,0.26913479204206836,0.43279691787236746,0.28700781902457423,0.31264021145170423,0.3794769818682903,0.24219598070869858,0.4162096223126678,0.0
