,比利时BFX,日经225,墨西哥BOLSA,恒生指数,韩国综合指数,荷兰AEX,Costa Rica Indice Accionario,加拿大多伦多S&P/TSX 综合指数,S&P CLX IPSA
比利时BFX,0.0,0.3018818299662797,0.40886300816067445,0.3396774109565634,0.31715401666372256,0.6965440713552672,0.2503384084623272,0.4279012395992573,0.4035321026005587
日经225,0.3018818299662797,0.0,0.27147648032964894,0.39480296136514537,0.39422735128560377,0.3090366598956235,0.24908264539717692,0.28558092383842065,0.28642795462135934
墨西哥BOLSA,0.40886300816067445,0.27147648032964894,0.0,0.29591755032768363,0.30456931369022905,0.43553044814305236,0.25123956756941296,0.45819143509171667,0.4274759638005741
恒生指数,0.3396774109565634,0.39480296136514537,0.29591755032768363,0.0,0.4375095833650761,0.3516204617009255,0.24850572979540672,0.31037417132432243,0.330015259988937
韩国综合指数,0.31715401666372256,0.39422735128560377,0.30456931369022905,0.4375095833650761,0.0,0.34215653500464654,0.24930272907773599,0.29647359534569795,0.3249227309913075
荷兰AEX,0.6965440713552672,0.3090366598956235,0.43553044814305236,0.3516204617009255,0.34215653500464654,0.0,0.24841351454962196,0.4418068622917194,0.416605157659213
Costa Rica Indice Accionario,0.2503384084623272,0.24908264539717692,0.25123956756941296,0.24850572979540672,0.24930272907773599,0.24841351454962196,0.0,0.2405668172664049,0.24193635037732897
加拿大多伦多S&P/TSX 综合指数,0.4279012395992573,0.28558092383842065,0.45819143509171667,0.31037417132432243,0.29647359534569795,0.4418068622917194,0.2405668172664049,0.0,0.4573077242293093
S&P CLX IPSA,0.4035321026005587,0.28642795462135934,0.4274759638005741,0.330015259988937,0.3249227309913075,0.416605157659213,0.24193635037732897,0.4573077242293093,0.0
