,比利时BFX,日经225,墨西哥BOLSA,恒生指数,韩国综合指数,荷兰AEX,Costa Rica Indice Accionario,加拿大多伦多S&P/TSX 综合指数,S&P CLX IPSA
比利时BFX,0.0,0.29004105520975376,0.3450274296632895,0.3403646032539515,0.315476876136454,0.5960731165105482,0.24155967871539555,0.35536983888753443,0.322424516674819
日经225,0.29004105520975376,0.0,0.2695627682080237,0.3519536445057668,0.3521783396387181,0.2955740546934134,0.23666103343101544,0.2737106762670115,0.24976561813529644
墨西哥BOLSA,0.3450274296632895,0.2695627682080237,0.0,0.3247160451811831,0.30546364341815024,0.3649684875597877,0.2448725529754705,0.4021458483766051,0.35015346157412336
恒生指数,0.3403646032539515,0.3519536445057668,0.3247160451811831,0.0,0.3766469334995577,0.33046974148755104,0.23332072247991173,0.3166150078903869,0.2914230016871616
韩国综合指数,0.315476876136454,0.3521783396387181,0.30546364341815024,0.3766469334995577,0.0,0.3233995322579752,0.23078559825863665,0.29366266034550703,0.28292784098631957
荷兰AEX,0.5960731165105482,0.2955740546934134,0.3649684875597877,0.33046974148755104,0.3233995322579752,0.0,0.23869701684615455,0.376450185580947,0.3207879614868362
Costa Rica Indice Accionario,0.24155967871539555,0.23666103343101544,0.2448725529754705,0.23332072247991173,0.23078559825863665,0.23869701684615455,0.0,0.23227575930368227,0.23524995175699562
加拿大多伦多S&P/TSX 综合指数,0.35536983888753443,0.2737106762670115,0.4021458483766051,0.3166150078903869,0.29366266034550703,0.376450185580947,0.23227575930368227,0.0,0.30512087481747424
S&P CLX IPSA,0.322424516674819,0.24976561813529644,0.35015346157412336,0.2914230016871616,0.28292784098631957,0.3207879614868362,0.23524995175699562,0.30512087481747424,0.0
