,比利时BFX,日经225,墨西哥BOLSA,恒生指数,韩国综合指数,荷兰AEX,Costa Rica Indice Accionario,加拿大多伦多S&P/TSX 综合指数,S&P CLX IPSA
比利时BFX,0.0,0.3078670371681914,0.38118298912169357,0.3276749807152129,0.3167263608848548,0.6612884223382303,0.26836741649561247,0.37361344980215994,0.34595023949952125
日经225,0.3078670371681914,0.0,0.28375904905338184,0.3657762390317314,0.3802738022038388,0.31071949795996917,0.23782378728049094,0.277348975860174,0.266484417425242
墨西哥BOLSA,0.38118298912169357,0.28375904905338184,0.0,0.320900743951966,0.30734896316636967,0.3939443712257855,0.246530832652255,0.4527012093675558,0.37296184364974
恒生指数,0.3276749807152129,0.3657762390317314,0.320900743951966,0.0,0.3870444756015322,0.33030103096630625,0.24083520048060286,0.3157542103584647,0.2958943947873195
韩国综合指数,0.3167263608848548,0.3802738022038388,0.30734896316636967,0.3870444756015322,0.0,0.32528044642174714,0.24635062900315152,0.29591911580833874,0.2913565967322167
荷兰AEX,0.6612884223382303,0.31071949795996917,0.3939443712257855,0.33030103096630625,0.32528044642174714,0.0,0.27227912976501434,0.3782221026984336,0.3415419571043749
Costa Rica Indice Accionario,0.26836741649561247,0.23782378728049094,0.246530832652255,0.24083520048060286,0.24635062900315152,0.27227912976501434,0.0,0.2518908349483507,0.24884655529960809
加拿大多伦多S&P/TSX 综合指数,0.37361344980215994,0.277348975860174,0.4527012093675558,0.3157542103584647,0.29591911580833874,0.3782221026984336,0.2518908349483507,0.0,0.31520123902248404
S&P CLX IPSA,0.34595023949952125,0.266484417425242,0.37296184364974,0.2958943947873195,0.2913565967322167,0.3415419571043749,0.24884655529960809,0.31520123902248404,0.0
