,比利时BFX,日经225,墨西哥BOLSA,恒生指数,韩国综合指数,荷兰AEX,Costa Rica Indice Accionario,加拿大多伦多S&P/TSX 综合指数,S&P CLX IPSA
比利时BFX,0.0,0.298885130735099,0.41676322232626384,0.33705456335719,0.3175333523926654,0.7070246712213889,0.25119753850932075,0.4376938970046344,0.42017981374518343
日经225,0.298885130735099,0.0,0.26840663965532285,0.3984601857934754,0.4036184733743126,0.3044584419398029,0.2497200870018712,0.28241027463495594,0.2862841039630471
墨西哥BOLSA,0.41676322232626384,0.26840663965532285,0.0,0.2908267174142267,0.30129209108176613,0.43883688940563964,0.25159253454182867,0.4728955447232026,0.4424812439908283
恒生指数,0.33705456335719,0.3984601857934754,0.2908267174142267,0.0,0.45234823289892734,0.34430080385571127,0.2500356113125741,0.3070550101085984,0.3314462355023804
韩国综合指数,0.3175333523926654,0.4036184733743126,0.30129209108176613,0.45234823289892734,0.0,0.33542255646209673,0.24626585771027149,0.29449871413687984,0.324751402672133
荷兰AEX,0.7070246712213889,0.3044584419398029,0.43883688940563964,0.34430080385571127,0.33542255646209673,0.0,0.24951516580185817,0.454789388391103,0.43319405630319774
Costa Rica Indice Accionario,0.25119753850932075,0.2497200870018712,0.25159253454182867,0.2500356113125741,0.24626585771027149,0.24951516580185817,0.0,0.2427941287802815,0.24394893255764588
加拿大多伦多S&P/TSX 综合指数,0.4376938970046344,0.28241027463495594,0.4728955447232026,0.3070550101085984,0.29449871413687984,0.454789388391103,0.2427941287802815,0.0,0.48318432593128047
S&P CLX IPSA,0.42017981374518343,0.2862841039630471,0.4424812439908283,0.3314462355023804,0.324751402672133,0.43319405630319774,0.24394893255764588,0.48318432593128047,0.0
