,比利时BFX,日经225,墨西哥BOLSA,恒生指数,韩国综合指数,荷兰AEX,Costa Rica Indice Accionario,加拿大多伦多S&P/TSX 综合指数,S&P CLX IPSA
比利时BFX,0.0,0.29369398131766633,0.3485827104512708,0.3373545566794439,0.314921546141631,0.602050961921366,0.23662794110371552,0.3487636075635861,0.32740607063931604
日经225,0.29369398131766633,0.0,0.2638649043855142,0.3597793054285294,0.36147921788325976,0.29711841666353417,0.23611733831022302,0.272829086436933,0.25025815345339464
墨西哥BOLSA,0.3485827104512708,0.2638649043855142,0.0,0.3189416302977945,0.2991956211135802,0.36949973490825855,0.2403931916381622,0.3997449105150526,0.3578928146923587
恒生指数,0.3373545566794439,0.3597793054285294,0.3189416302977945,0.0,0.37885729418360137,0.3257945811606861,0.23228823563097425,0.31500332504456874,0.2913062301541009
韩国综合指数,0.314921546141631,0.36147921788325976,0.2991956211135802,0.37885729418360137,0.0,0.32062805175647696,0.22931126054881834,0.2877044324360971,0.28702365963599225
荷兰AEX,0.602050961921366,0.29711841666353417,0.36949973490825855,0.3257945811606861,0.32062805175647696,0.0,0.23367108500422523,0.369666682769709,0.32865228013030384
Costa Rica Indice Accionario,0.23662794110371552,0.23611733831022302,0.2403931916381622,0.23228823563097425,0.22931126054881834,0.23367108500422523,0.0,0.2296141154179783,0.23270447956650464
加拿大多伦多S&P/TSX 综合指数,0.3487636075635861,0.272829086436933,0.3997449105150526,0.31500332504456874,0.2877044324360971,0.369666682769709,0.2296141154179783,0.0,0.2995122233746422
S&P CLX IPSA,0.32740607063931604,0.25025815345339464,0.3578928146923587,0.2913062301541009,0.28702365963599225,0.32865228013030384,0.23270447956650464,0.2995122233746422,0.0
