,比利时BFX,日经225,墨西哥BOLSA,恒生指数,韩国综合指数,荷兰AEX,Costa Rica Indice Accionario,加拿大多伦多S&P/TSX 综合指数,S&P CLX IPSA
比利时BFX,0.0,0.29705749268789816,0.4186402963705596,0.3289213219931752,0.30875535522110953,0.7081523480626852,0.2554540239542032,0.44081023661317403,0.42290590548405116
日经225,0.29705749268789816,0.0,0.2804186816251512,0.4440285859645528,0.46162137216386956,0.30356114835405573,0.24796441558836788,0.2907156216033218,0.3084092415279367
墨西哥BOLSA,0.4186402963705596,0.2804186816251512,0.0,0.28970760199526946,0.3049324103842067,0.44013307606743046,0.2488375266194306,0.47975470521138913,0.4353487760803883
恒生指数,0.3289213219931752,0.4440285859645528,0.28970760199526946,0.0,0.44718002190111283,0.33625639470501356,0.24960740416756963,0.3063350138737237,0.32760756737516783
韩国综合指数,0.30875535522110953,0.46162137216386956,0.3049324103842067,0.44718002190111283,0.0,0.3245861389837023,0.24867538491667368,0.2959007746143383,0.32313356161428286
荷兰AEX,0.7081523480626852,0.30356114835405573,0.44013307606743046,0.33625639470501356,0.3245861389837023,0.0,0.25255947808738055,0.4559984580666115,0.4327982262384563
Costa Rica Indice Accionario,0.2554540239542032,0.24796441558836788,0.2488375266194306,0.24960740416756963,0.24867538491667368,0.25255947808738055,0.0,0.24593693413851633,0.24775120466679348
加拿大多伦多S&P/TSX 综合指数,0.44081023661317403,0.2907156216033218,0.47975470521138913,0.3063350138737237,0.2959007746143383,0.4559984580666115,0.24593693413851633,0.0,0.4826427818661739
S&P CLX IPSA,0.42290590548405116,0.3084092415279367,0.4353487760803883,0.32760756737516783,0.32313356161428286,0.4327982262384563,0.24775120466679348,0.4826427818661739,0.0
