,比利时BFX,日经225,墨西哥BOLSA,恒生指数,韩国综合指数,荷兰AEX,Costa Rica Indice Accionario,加拿大多伦多S&P/TSX 综合指数,S&P CLX IPSA
比利时BFX,0.0,0.2912118595457522,0.3632054051160758,0.3314470158855404,0.31640421243536543,0.6213838623577901,0.25057204292010016,0.37040517292493624,0.33597377080258156
日经225,0.2912118595457522,0.0,0.2662064568074639,0.35307646435499085,0.35432321336980427,0.29154135139535864,0.24220132990305326,0.2797987663943444,0.2529412528927324
墨西哥BOLSA,0.3632054051160758,0.2662064568074639,0.0,0.32526183867978287,0.30134121621253024,0.38696947041481655,0.23028638296688902,0.40799343097286295,0.3645462094484458
恒生指数,0.3314470158855404,0.35307646435499085,0.32526183867978287,0.0,0.3776564023539447,0.32416963413107486,0.2342553062444021,0.32330300378422533,0.2984077197764921
韩国综合指数,0.31640421243536543,0.35432321336980427,0.30134121621253024,0.3776564023539447,0.0,0.3259618183724907,0.23247660252599653,0.310113973406288,0.2965850078680032
荷兰AEX,0.6213838623577901,0.29154135139535864,0.38696947041481655,0.32416963413107486,0.3259618183724907,0.0,0.2557295009513412,0.39050001674403534,0.33944713261466886
Costa Rica Indice Accionario,0.25057204292010016,0.24220132990305326,0.23028638296688902,0.2342553062444021,0.23247660252599653,0.2557295009513412,0.0,0.23327556398818733,0.2345095798978295
加拿大多伦多S&P/TSX 综合指数,0.37040517292493624,0.2797987663943444,0.40799343097286295,0.32330300378422533,0.310113973406288,0.39050001674403534,0.23327556398818733,0.0,0.3094402733796283
S&P CLX IPSA,0.33597377080258156,0.2529412528927324,0.3645462094484458,0.2984077197764921,0.2965850078680032,0.33944713261466886,0.2345095798978295,0.3094402733796283,0.0
