,比利时BFX,日经225,墨西哥BOLSA,恒生指数,韩国综合指数,荷兰AEX,Costa Rica Indice Accionario,加拿大多伦多S&P/TSX 综合指数,S&P CLX IPSA
比利时BFX,0.0,0.29941203756079476,0.368341822987816,0.33150589213743026,0.31807320802904565,0.6492984167599374,0.25150983207504446,0.37623989165652155,0.33814050448511024
日经225,0.29941203756079476,0.0,0.2716271415579306,0.35327315279751803,0.36441956009961707,0.29900612623639233,0.24201294970264026,0.27495289825196617,0.2558798845659766
墨西哥BOLSA,0.368341822987816,0.2716271415579306,0.0,0.3178623263404602,0.2977405251029634,0.3868828092789418,0.23586585602025648,0.42230086494358265,0.36332100535513995
恒生指数,0.33150589213743026,0.35327315279751803,0.3178623263404602,0.0,0.3845233467285691,0.3256046885249609,0.23615136370062173,0.31532182504548933,0.29382205648667103
韩国综合指数,0.31807320802904565,0.36441956009961707,0.2977405251029634,0.3845233467285691,0.0,0.32360912314086493,0.23366828334494855,0.2992868172033577,0.2910502762692385
荷兰AEX,0.6492984167599374,0.29900612623639233,0.3868828092789418,0.3256046885249609,0.32360912314086493,0.0,0.25733114866459295,0.38429448825188256,0.33776789472539753
Costa Rica Indice Accionario,0.25150983207504446,0.24201294970264026,0.23586585602025648,0.23615136370062173,0.23366828334494855,0.25733114866459295,0.0,0.24041306080825756,0.2353523125938945
加拿大多伦多S&P/TSX 综合指数,0.37623989165652155,0.27495289825196617,0.42230086494358265,0.31532182504548933,0.2992868172033577,0.38429448825188256,0.24041306080825756,0.0,0.30969152075117345
S&P CLX IPSA,0.33814050448511024,0.2558798845659766,0.36332100535513995,0.29382205648667103,0.2910502762692385,0.33776789472539753,0.2353523125938945,0.30969152075117345,0.0
