,比利时BFX,日经225,墨西哥BOLSA,恒生指数,韩国综合指数,荷兰AEX,Costa Rica Indice Accionario,加拿大多伦多S&P/TSX 综合指数,S&P CLX IPSA
比利时BFX,0.0,0.30438674039912106,0.39802916023513585,0.3593043552189948,0.3225027126299236,0.7006624908718354,0.24541058339699517,0.4224317991172497,0.41204149803745643
日经225,0.30438674039912106,0.0,0.2772298883174531,0.38732386121372675,0.38603299053843365,0.3120807085304629,0.24771113612083218,0.28686914776504086,0.28217483339959387
墨西哥BOLSA,0.39802916023513585,0.2772298883174531,0.0,0.31509695781156033,0.3129124841347368,0.4216135204749225,0.2521357593663437,0.43823675041732263,0.4303027184238842
恒生指数,0.3593043552189948,0.38732386121372675,0.31509695781156033,0.0,0.42937926466042675,0.3732677381806163,0.24781752828647705,0.3298495433470052,0.34215335463720337
韩国综合指数,0.3225027126299236,0.38603299053843365,0.3129124841347368,0.42937926466042675,0.0,0.34835695844565245,0.24905499818414104,0.30290544948889164,0.3228753053660618
荷兰AEX,0.7006624908718354,0.3120807085304629,0.4216135204749225,0.3732677381806163,0.34835695844565245,0.0,0.24455143136254556,0.4402321856522822,0.4177504807296089
Costa Rica Indice Accionario,0.24541058339699517,0.24771113612083218,0.2521357593663437,0.24781752828647705,0.24905499818414104,0.24455143136254556,0.0,0.23970183697087813,0.24340084963727543
加拿大多伦多S&P/TSX 综合指数,0.4224317991172497,0.28686914776504086,0.43823675041732263,0.3298495433470052,0.30290544948889164,0.4402321856522822,0.23970183697087813,0.0,0.45503020169347386
S&P CLX IPSA,0.41204149803745643,0.28217483339959387,0.4303027184238842,0.34215335463720337,0.3228753053660618,0.4177504807296089,0.24340084963727543,0.45503020169347386,0.0
