,比利时BFX,日经225,墨西哥BOLSA,恒生指数,韩国综合指数,荷兰AEX,Costa Rica Indice Accionario,加拿大多伦多S&P/TSX 综合指数,S&P CLX IPSA
比利时BFX,0.0,0.2928538056223615,0.34766086224122267,0.33587795255550346,0.3141648413351744,0.6008635697512639,0.2365716426305986,0.3501630913792631,0.3268400770371187
日经225,0.2928538056223615,0.0,0.26478419080073434,0.3602511805270454,0.35983096525324865,0.29650886580344893,0.23609256063588724,0.27432214375169134,0.24872197013737163
墨西哥BOLSA,0.34766086224122267,0.26478419080073434,0.0,0.32059602567684625,0.3002937890937294,0.3698647822093817,0.24051768201467946,0.39912823367689776,0.3587292858807502
恒生指数,0.33587795255550346,0.3602511805270454,0.32059602567684625,0.0,0.3791546725823692,0.32562305919655665,0.23243662088586353,0.31529682783799945,0.29084717914364877
韩国综合指数,0.3141648413351744,0.35983096525324865,0.3002937890937294,0.3791546725823692,0.0,0.3198479491878315,0.22917054781730414,0.29023119099488365,0.28478547428811346
荷兰AEX,0.6008635697512639,0.29650886580344893,0.3698647822093817,0.32562305919655665,0.3198479491878315,0.0,0.23365110377573936,0.371719127517951,0.3278512311949059
Costa Rica Indice Accionario,0.2365716426305986,0.23609256063588724,0.24051768201467946,0.23243662088586353,0.22917054781730414,0.23365110377573936,0.0,0.22962753639745342,0.23258560154799926
加拿大多伦多S&P/TSX 综合指数,0.3501630913792631,0.27432214375169134,0.39912823367689776,0.31529682783799945,0.29023119099488365,0.371719127517951,0.22962753639745342,0.0,0.30194982187158553
S&P CLX IPSA,0.3268400770371187,0.24872197013737163,0.3587292858807502,0.29084717914364877,0.28478547428811346,0.3278512311949059,0.23258560154799926,0.30194982187158553,0.0
