,比利时BFX,日经225,墨西哥BOLSA,恒生指数,韩国综合指数,荷兰AEX,Costa Rica Indice Accionario,加拿大多伦多S&P/TSX 综合指数,S&P CLX IPSA
比利时BFX,0.0,0.30046549104524334,0.41124191895583945,0.3385403876117408,0.3171239086789411,0.6961380630212293,0.24998757026540463,0.4296741058684137,0.4082867716979541
日经225,0.30046549104524334,0.0,0.26921761506525954,0.4010871900258065,0.40071060938732733,0.3062716773834095,0.24961290526940688,0.2853135095741278,0.28715835578621574
墨西哥BOLSA,0.41124191895583945,0.26921761506525954,0.0,0.2922361479134911,0.3013855269222525,0.4346990627627938,0.25156356057635665,0.46224942196272,0.4298781271521747
恒生指数,0.3385403876117408,0.4010871900258065,0.2922361479134911,0.0,0.4504795011981403,0.34718771146772853,0.2490720404769285,0.31022462543337875,0.3277846277609315
韩国综合指数,0.3171239086789411,0.40071060938732733,0.3013855269222525,0.4504795011981403,0.0,0.33754267607091587,0.24710962004831974,0.29522923192210637,0.3204201950624984
荷兰AEX,0.6961380630212293,0.3062716773834095,0.4346990627627938,0.34718771146772853,0.33754267607091587,0.0,0.24850164703014171,0.44408657270000695,0.4210490462152616
Costa Rica Indice Accionario,0.24998757026540463,0.24961290526940688,0.25156356057635665,0.2490720404769285,0.24710962004831974,0.24850164703014171,0.0,0.24229122517558935,0.242269753998327
加拿大多伦多S&P/TSX 综合指数,0.4296741058684137,0.2853135095741278,0.46224942196272,0.31022462543337875,0.29522923192210637,0.44408657270000695,0.24229122517558935,0.0,0.4681670126549586
S&P CLX IPSA,0.4082867716979541,0.28715835578621574,0.4298781271521747,0.3277846277609315,0.3204201950624984,0.4210490462152616,0.242269753998327,0.4681670126549586,0.0
