,比利时BFX,日经225,墨西哥BOLSA,恒生指数,韩国综合指数,荷兰AEX,Costa Rica Indice Accionario,加拿大多伦多S&P/TSX 综合指数,S&P CLX IPSA
比利时BFX,0.0,0.29144846087619025,0.33537220306871734,0.3420384930452491,0.317294131413523,0.5995102959209659,0.23662732722348798,0.35643547001502673,0.32021313694779496
日经225,0.29144846087619025,0.0,0.2697522789349451,0.3522139551434768,0.35369872470245184,0.29860019497163887,0.23907224275102756,0.2756371799336361,0.25199269597923746
墨西哥BOLSA,0.33537220306871734,0.2697522789349451,0.0,0.3224597102026305,0.30155184388923695,0.36160188034608975,0.24530235127903438,0.4042882538798389,0.34720380406622525
恒生指数,0.3420384930452491,0.3522139551434768,0.3224597102026305,0.0,0.3837612177779322,0.33522851983656327,0.23557823140258938,0.31677488484720184,0.2910139385257273
韩国综合指数,0.317294131413523,0.35369872470245184,0.30155184388923695,0.3837612177779322,0.0,0.3248904682373636,0.23225696341831964,0.29417087857507423,0.28252209700354675
荷兰AEX,0.5995102959209659,0.29860019497163887,0.36160188034608975,0.33522851983656327,0.3248904682373636,0.0,0.23358794092501126,0.38264411457378994,0.31959070316119564
Costa Rica Indice Accionario,0.23662732722348798,0.23907224275102756,0.24530235127903438,0.23557823140258938,0.23225696341831964,0.23358794092501126,0.0,0.2338693047978332,0.23324136899900816
加拿大多伦多S&P/TSX 综合指数,0.35643547001502673,0.2756371799336361,0.4042882538798389,0.31677488484720184,0.29417087857507423,0.38264411457378994,0.2338693047978332,0.0,0.30994481326610496
S&P CLX IPSA,0.32021313694779496,0.25199269597923746,0.34720380406622525,0.2910139385257273,0.28252209700354675,0.31959070316119564,0.23324136899900816,0.30994481326610496,0.0
