,比利时BFX,日经225,墨西哥BOLSA,恒生指数,韩国综合指数,荷兰AEX,Costa Rica Indice Accionario,加拿大多伦多S&P/TSX 综合指数,S&P CLX IPSA
比利时BFX,0.0,0.3021738542516135,0.36860566786560045,0.33269452488685547,0.31802199304044904,0.6518701118758582,0.25034595172555457,0.378686230080885,0.3387301800446436
日经225,0.3021738542516135,0.0,0.2697092645876259,0.35253341260057863,0.36601047556666444,0.3018837631250496,0.2415716328159457,0.27295602752030446,0.2546800681497126
墨西哥BOLSA,0.36860566786560045,0.2697092645876259,0.0,0.3163242838776636,0.295003307419419,0.38670367651649645,0.2348601463556637,0.42656449782202155,0.36368554730115127
恒生指数,0.33269452488685547,0.35253341260057863,0.3163242838776636,0.0,0.3854210142148625,0.32889289630630164,0.23611328532497222,0.3119654908253057,0.2924012163505472
韩国综合指数,0.31802199304044904,0.36601047556666444,0.295003307419419,0.3854210142148625,0.0,0.32359261908117204,0.23365880333662076,0.29625478947033235,0.2905209939371249
荷兰AEX,0.6518701118758582,0.3018837631250496,0.38670367651649645,0.32889289630630164,0.32359261908117204,0.0,0.2560069606120939,0.38585254732432295,0.3375365180498792
Costa Rica Indice Accionario,0.25034595172555457,0.2415716328159457,0.2348601463556637,0.23611328532497222,0.23365880333662076,0.2560069606120939,0.0,0.23920756794027442,0.23508754646354285
加拿大多伦多S&P/TSX 综合指数,0.378686230080885,0.27295602752030446,0.42656449782202155,0.3119654908253057,0.29625478947033235,0.38585254732432295,0.23920756794027442,0.0,0.31115097382179296
S&P CLX IPSA,0.3387301800446436,0.2546800681497126,0.36368554730115127,0.2924012163505472,0.2905209939371249,0.3375365180498792,0.23508754646354285,0.31115097382179296,0.0
