,比利时BFX,日经225,墨西哥BOLSA,恒生指数,韩国综合指数,荷兰AEX,Costa Rica Indice Accionario,加拿大多伦多S&P/TSX 综合指数,S&P CLX IPSA
比利时BFX,0.0,0.2974111651252604,0.41917186019436964,0.3331968931122642,0.3155471043872619,0.7056480507148827,0.25246345966853656,0.4376231213633566,0.4152149852278914
日经225,0.2974111651252604,0.0,0.26788522037324675,0.39500572975752035,0.40732627580875924,0.30229755523524954,0.2502782699922144,0.28219359701712654,0.286748548554347
墨西哥BOLSA,0.41917186019436964,0.26788522037324675,0.0,0.2877700620119559,0.29930015651035335,0.4411036378673431,0.2521905968656091,0.47327559457115176,0.4373131517869178
恒生指数,0.3331968931122642,0.39500572975752035,0.2877700620119559,0.0,0.4465032855256631,0.3397867466756612,0.24964785123329597,0.30157751105566777,0.3261236349854631
韩国综合指数,0.3155471043872619,0.40732627580875924,0.29930015651035335,0.4465032855256631,0.0,0.3326306971414219,0.24608188510952253,0.29404144507995456,0.3254401276183296
荷兰AEX,0.7056480507148827,0.30229755523524954,0.4411036378673431,0.3397867466756612,0.3326306971414219,0.0,0.25005592867714926,0.45464799423403424,0.42840435908690044
Costa Rica Indice Accionario,0.25246345966853656,0.2502782699922144,0.2521905968656091,0.24964785123329597,0.24608188510952253,0.25005592867714926,0.0,0.24466162209616232,0.2438157871603507
加拿大多伦多S&P/TSX 综合指数,0.4376231213633566,0.28219359701712654,0.47327559457115176,0.30157751105566777,0.29404144507995456,0.45464799423403424,0.24466162209616232,0.0,0.4816870028263903
S&P CLX IPSA,0.4152149852278914,0.286748548554347,0.4373131517869178,0.3261236349854631,0.3254401276183296,0.42840435908690044,0.2438157871603507,0.4816870028263903,0.0
