,比利时BFX,日经225,墨西哥BOLSA,恒生指数,韩国综合指数,荷兰AEX,Costa Rica Indice Accionario,加拿大多伦多S&P/TSX 综合指数,S&P CLX IPSA
比利时BFX,0.0,0.30151191184271925,0.39972481074676736,0.34571388128210273,0.32213526352973665,0.6914525944880453,0.246928915671272,0.4144493200519201,0.40457310938844404
日经225,0.30151191184271925,0.0,0.27103745443291444,0.39422998702235934,0.3897829599451484,0.3082807695798903,0.24828301845305922,0.283276206739204,0.2829253850985557
墨西哥BOLSA,0.39972481074676736,0.27103745443291444,0.0,0.29760758322392034,0.3060229828894468,0.4247162404295885,0.25124521091655344,0.44447855832304545,0.426898659357438
恒生指数,0.34571388128210273,0.39422998702235934,0.29760758322392034,0.0,0.43425929799592355,0.3586225504753284,0.24871090070649912,0.3102739944329831,0.3337932471110835
韩国综合指数,0.32213526352973665,0.3897829599451484,0.3060229828894468,0.43425929799592355,0.0,0.3487951192379028,0.2504585596640407,0.2966763170051775,0.3221341947335528
荷兰AEX,0.6914525944880453,0.3082807695798903,0.4247162404295885,0.3586225504753284,0.3487951192379028,0.0,0.24460352271929164,0.42824688250753046,0.4166186431075894
Costa Rica Indice Accionario,0.246928915671272,0.24828301845305922,0.25124521091655344,0.24871090070649912,0.2504585596640407,0.24460352271929164,0.0,0.2396832507996431,0.24295786255524757
加拿大多伦多S&P/TSX 综合指数,0.4144493200519201,0.283276206739204,0.44447855832304545,0.3102739944329831,0.2966763170051775,0.42824688250753046,0.2396832507996431,0.0,0.4531875741283866
S&P CLX IPSA,0.40457310938844404,0.2829253850985557,0.426898659357438,0.3337932471110835,0.3221341947335528,0.4166186431075894,0.24295786255524757,0.4531875741283866,0.0
