,比利时BFX,日经225,墨西哥BOLSA,恒生指数,韩国综合指数,荷兰AEX,Costa Rica Indice Accionario,加拿大多伦多S&P/TSX 综合指数,S&P CLX IPSA
比利时BFX,0.0,0.2929906127882169,0.35342486760146435,0.3360931456003398,0.3129372725623466,0.6012017676791249,0.2372454866267936,0.3524542791577264,0.3303679701488697
日经225,0.2929906127882169,0.0,0.26632389355146063,0.359067096870274,0.3603306672222046,0.29668467914470353,0.23648875746540446,0.2743147178806078,0.2512278687103579
墨西哥BOLSA,0.35342486760146435,0.26632389355146063,0.0,0.32188396603997294,0.2996750871765663,0.37628275295753677,0.24130028107215262,0.4052403371924104,0.35606331122473533
恒生指数,0.3360931456003398,0.359067096870274,0.32188396603997294,0.0,0.3770274549327103,0.3249098312091691,0.2327443943603575,0.31723469536832555,0.29319582400727917
韩国综合指数,0.3129372725623466,0.3603306672222046,0.2996750871765663,0.3770274549327103,0.0,0.31861680027462724,0.22956538412989225,0.2883389668427627,0.28842927238807375
荷兰AEX,0.6012017676791249,0.29668467914470353,0.37628275295753677,0.3249098312091691,0.31861680027462724,0.0,0.23439323439128795,0.3745250128509923,0.3314466606608062
Costa Rica Indice Accionario,0.2372454866267936,0.23648875746540446,0.24130028107215262,0.2327443943603575,0.22956538412989225,0.23439323439128795,0.0,0.2302481092596464,0.23274934110104586
加拿大多伦多S&P/TSX 综合指数,0.3524542791577264,0.2743147178806078,0.4052403371924104,0.31723469536832555,0.2883389668427627,0.3745250128509923,0.2302481092596464,0.0,0.3001978987697664
S&P CLX IPSA,0.3303679701488697,0.2512278687103579,0.35606331122473533,0.29319582400727917,0.28842927238807375,0.3314466606608062,0.23274934110104586,0.3001978987697664,0.0
