,比利时BFX,日经225,墨西哥BOLSA,恒生指数,韩国综合指数,荷兰AEX,Costa Rica Indice Accionario,加拿大多伦多S&P/TSX 综合指数,S&P CLX IPSA
比利时BFX,0.0,0.29356003461235236,0.337952103419153,0.3464949160531771,0.32601418702597235,0.6181644743393906,0.23966259184313374,0.3633062891506679,0.3104049718613138
日经225,0.29356003461235236,0.0,0.275032598409103,0.3528233467932123,0.3644298678156004,0.30219292193802716,0.24015143978276415,0.2827325835144513,0.253813155996725
墨西哥BOLSA,0.337952103419153,0.275032598409103,0.0,0.3303981330942684,0.3051273582320993,0.36235037546905696,0.2464343124143097,0.39212108210817176,0.34967726825000617
恒生指数,0.3464949160531771,0.3528233467932123,0.3303981330942684,0.0,0.39887363251798796,0.3472394832748007,0.2403596968345033,0.3264641266335186,0.28962085504039997
韩国综合指数,0.32601418702597235,0.3644298678156004,0.3051273582320993,0.39887363251798796,0.0,0.3336228980675277,0.23642478597174083,0.30121233682298526,0.28740769092689
荷兰AEX,0.6181644743393906,0.30219292193802716,0.36235037546905696,0.3472394832748007,0.3336228980675277,0.0,0.23556703243243163,0.38938495162701614,0.31428212694736146
Costa Rica Indice Accionario,0.23966259184313374,0.24015143978276415,0.2464343124143097,0.2403596968345033,0.23642478597174083,0.23556703243243163,0.0,0.23249348520559412,0.2309304310821596
加拿大多伦多S&P/TSX 综合指数,0.3633062891506679,0.2827325835144513,0.39212108210817176,0.3264641266335186,0.30121233682298526,0.38938495162701614,0.23249348520559412,0.0,0.3261592662216265
S&P CLX IPSA,0.3104049718613138,0.253813155996725,0.34967726825000617,0.28962085504039997,0.28740769092689,0.31428212694736146,0.2309304310821596,0.3261592662216265,0.0
