,比利时BFX,日经225,墨西哥BOLSA,恒生指数,韩国综合指数,荷兰AEX,Costa Rica Indice Accionario,加拿大多伦多S&P/TSX 综合指数,S&P CLX IPSA
比利时BFX,0.0,0.2941683061685071,0.41921487547091846,0.330512096550458,0.31127286636691914,0.711567146637663,0.256765637240574,0.44122459186411495,0.4178831227975672
日经225,0.2941683061685071,0.0,0.26919724655582555,0.39490467810822866,0.40745214787282913,0.2974863988369706,0.2496669122052657,0.28153226247999047,0.2831739657930038
墨西哥BOLSA,0.41921487547091846,0.26919724655582555,0.0,0.28919313351320536,0.3025796187022667,0.4382092358003253,0.2499407564709699,0.4743609555024508,0.43469182783758414
恒生指数,0.330512096550458,0.39490467810822866,0.28919313351320536,0.0,0.44589177030581734,0.33568621523109227,0.25071761743777427,0.3036772562870653,0.32484768681937737
韩国综合指数,0.31127286636691914,0.40745214787282913,0.3025796187022667,0.44589177030581734,0.0,0.32557774866479505,0.24555018580119373,0.2951087992466201,0.3198280926675865
荷兰AEX,0.711567146637663,0.2974863988369706,0.4382092358003253,0.33568621523109227,0.32557774866479505,0.0,0.25530942561204173,0.4557724187562107,0.42827059560186354
Costa Rica Indice Accionario,0.256765637240574,0.2496669122052657,0.2499407564709699,0.25071761743777427,0.24555018580119373,0.25530942561204173,0.0,0.24640286958632748,0.24741168635958202
加拿大多伦多S&P/TSX 综合指数,0.44122459186411495,0.28153226247999047,0.4743609555024508,0.3036772562870653,0.2951087992466201,0.4557724187562107,0.24640286958632748,0.0,0.4790230393242406
S&P CLX IPSA,0.4178831227975672,0.2831739657930038,0.43469182783758414,0.32484768681937737,0.3198280926675865,0.42827059560186354,0.24741168635958202,0.4790230393242406,0.0
