,比利时BFX,日经225,墨西哥BOLSA,恒生指数,韩国综合指数,荷兰AEX,Costa Rica Indice Accionario,加拿大多伦多S&P/TSX 综合指数,S&P CLX IPSA
比利时BFX,0.0,0.2952691107618155,0.36134176229969267,0.32781142113352996,0.3110836769248193,0.6368642255823648,0.25303526329252823,0.36752719921466537,0.3362010516660107
日经225,0.2952691107618155,0.0,0.2687153439112805,0.35119649576682543,0.35918527043134424,0.2917240232707661,0.24249688089874205,0.27433030889694093,0.25232560553491357
墨西哥BOLSA,0.36134176229969267,0.2687153439112805,0.0,0.3109936460779334,0.29364595374988534,0.3831719034430687,0.23651714326464535,0.40970468632179124,0.36338319960646187
恒生指数,0.32781142113352996,0.35119649576682543,0.3109936460779334,0.0,0.37676464576117513,0.3198146679474015,0.23728311339309105,0.30584655588505855,0.295296715426717
韩国综合指数,0.3110836769248193,0.35918527043134424,0.29364595374988534,0.37676464576117513,0.0,0.31676999716934384,0.23426346558930927,0.2931485952043739,0.2914941567886028
荷兰AEX,0.6368642255823648,0.2917240232707661,0.3831719034430687,0.3198146679474015,0.31676999716934384,0.0,0.2593567641677173,0.380463342419809,0.33801512544568557
Costa Rica Indice Accionario,0.25303526329252823,0.24249688089874205,0.23651714326464535,0.23728311339309105,0.23426346558930927,0.2593567641677173,0.0,0.24154666937169217,0.23622736731498628
加拿大多伦多S&P/TSX 综合指数,0.36752719921466537,0.27433030889694093,0.40970468632179124,0.30584655588505855,0.2931485952043739,0.380463342419809,0.24154666937169217,0.0,0.3076982063810737
S&P CLX IPSA,0.3362010516660107,0.25232560553491357,0.36338319960646187,0.295296715426717,0.2914941567886028,0.33801512544568557,0.23622736731498628,0.3076982063810737,0.0
