,比利时BFX,日经225,墨西哥BOLSA,恒生指数,韩国综合指数,荷兰AEX,Costa Rica Indice Accionario,加拿大多伦多S&P/TSX 综合指数,S&P CLX IPSA
比利时BFX,0.0,0.30257831013817693,0.3987299067520317,0.350930040412556,0.32290353874083555,0.6942324016767114,0.24563108104151823,0.4138399595447193,0.3990672030108555
日经225,0.30257831013817693,0.0,0.2758162732403478,0.3911900445061814,0.3851044134786213,0.3105494827663628,0.24768695549739905,0.284655003444557,0.27605094847328576
墨西哥BOLSA,0.3987299067520317,0.2758162732403478,0.0,0.3131755332328465,0.3120952600330959,0.42335830232194954,0.2520275602980229,0.44449436853224134,0.43939039315808753
恒生指数,0.350930040412556,0.3911900445061814,0.3131755332328465,0.0,0.437078608231856,0.36414738802325214,0.24792430973658883,0.3133396860605786,0.3141753509110943
韩国综合指数,0.32290353874083555,0.3851044134786213,0.3120952600330959,0.437078608231856,0.0,0.3489996728838657,0.24918261587462734,0.30515399046075936,0.3182170138687848
荷兰AEX,0.6942324016767114,0.3105494827663628,0.42335830232194954,0.36414738802325214,0.3489996728838657,0.0,0.24475419681248323,0.4286545391300652,0.4033222220054586
Costa Rica Indice Accionario,0.24563108104151823,0.24768695549739905,0.2520275602980229,0.24792430973658883,0.24918261587462734,0.24475419681248323,0.0,0.23940331459042563,0.24404792105427925
加拿大多伦多S&P/TSX 综合指数,0.4138399595447193,0.284655003444557,0.44449436853224134,0.3133396860605786,0.30515399046075936,0.4286545391300652,0.23940331459042563,0.0,0.4380004216611799
S&P CLX IPSA,0.3990672030108555,0.27605094847328576,0.43939039315808753,0.3141753509110943,0.3182170138687848,0.4033222220054586,0.24404792105427925,0.4380004216611799,0.0
