,比利时BFX,日经225,墨西哥BOLSA,恒生指数,韩国综合指数,荷兰AEX,Costa Rica Indice Accionario,加拿大多伦多S&P/TSX 综合指数,S&P CLX IPSA
比利时BFX,0.0,0.29098273752975545,0.35987390542266706,0.33187251113835486,0.31586567954119116,0.6184790687981444,0.25077902414943176,0.3692968580486796,0.33659075534079447
日经225,0.29098273752975545,0.0,0.2662284865538485,0.3528967513865061,0.3543312113658091,0.2915482525406904,0.24219408369564216,0.2801056997702798,0.2529452909612788
墨西哥BOLSA,0.35987390542266706,0.2662284865538485,0.0,0.3237011301539331,0.30135031197062684,0.3859365598132882,0.23026273413580048,0.40740025297377336,0.3649214389303103
恒生指数,0.33187251113835486,0.3528967513865061,0.3237011301539331,0.0,0.3772473712893228,0.3240287062565236,0.23438959730968068,0.32286096068003667,0.298879646896788
韩国综合指数,0.31586567954119116,0.3543312113658091,0.30135031197062684,0.3772473712893228,0.0,0.3259146443293345,0.2324699268427388,0.31054883430582864,0.2966882025937793
荷兰AEX,0.6184790687981444,0.2915482525406904,0.3859365598132882,0.3240287062565236,0.3259146443293345,0.0,0.25580726335830895,0.39084875936274194,0.34005118806980433
Costa Rica Indice Accionario,0.25077902414943176,0.24219408369564216,0.23026273413580048,0.23438959730968068,0.2324699268427388,0.25580726335830895,0.0,0.2333958789971906,0.23444203004647987
加拿大多伦多S&P/TSX 综合指数,0.3692968580486796,0.2801056997702798,0.40740025297377336,0.32286096068003667,0.31054883430582864,0.39084875936274194,0.2333958789971906,0.0,0.31158988639409746
S&P CLX IPSA,0.33659075534079447,0.2529452909612788,0.3649214389303103,0.298879646896788,0.2966882025937793,0.34005118806980433,0.23444203004647987,0.31158988639409746,0.0
