,比利时BFX,日经225,墨西哥BOLSA,恒生指数,韩国综合指数,荷兰AEX,Costa Rica Indice Accionario,加拿大多伦多S&P/TSX 综合指数,S&P CLX IPSA
比利时BFX,0.0,0.3136150271744685,0.3728940400823676,0.33914011875181493,0.3274801185593095,0.6682137791804971,0.26854174841415573,0.37100688269002713,0.348877572021452
日经225,0.3136150271744685,0.0,0.28367851512471115,0.3698781898297208,0.3932735284471511,0.31808284917246377,0.23990645283841983,0.2775510740726119,0.26856698835944953
墨西哥BOLSA,0.3728940400823676,0.28367851512471115,0.0,0.3131664446241606,0.3121831983330338,0.3845111863196369,0.2451905098075591,0.4580794392547034,0.3679452005725259
恒生指数,0.33914011875181493,0.3698781898297208,0.3131664446241606,0.0,0.40194953147005635,0.34098685582527916,0.2425078451630192,0.31005762803030107,0.2903614600996906
韩国综合指数,0.3274801185593095,0.3932735284471511,0.3121831983330338,0.40194953147005635,0.0,0.3357816453526028,0.2454777620127135,0.3054847413653862,0.297016975463337
荷兰AEX,0.6682137791804971,0.31808284917246377,0.3845111863196369,0.34098685582527916,0.3357816453526028,0.0,0.2717999849848121,0.37503983661428464,0.34345839903055203
Costa Rica Indice Accionario,0.26854174841415573,0.23990645283841983,0.2451905098075591,0.2425078451630192,0.2454777620127135,0.2717999849848121,0.0,0.25227067344126863,0.24765256221263685
加拿大多伦多S&P/TSX 综合指数,0.37100688269002713,0.2775510740726119,0.4580794392547034,0.31005762803030107,0.3054847413653862,0.37503983661428464,0.25227067344126863,0.0,0.3135967316566561
S&P CLX IPSA,0.348877572021452,0.26856698835944953,0.3679452005725259,0.2903614600996906,0.297016975463337,0.34345839903055203,0.24765256221263685,0.3135967316566561,0.0
