,比利时BFX,日经225,墨西哥BOLSA,恒生指数,韩国综合指数,荷兰AEX,Costa Rica Indice Accionario,加拿大多伦多S&P/TSX 综合指数,S&P CLX IPSA
比利时BFX,0.0,0.2899705054020576,0.33970790058008243,0.3408485802333707,0.3166731318607052,0.601598608451937,0.23670409609422682,0.359002585523798,0.32191588120182496
日经225,0.2899705054020576,0.0,0.2693454678843308,0.3517731844933215,0.35373983633990896,0.2972159650189076,0.23866118796802072,0.2746823190660211,0.2519988548245624
墨西哥BOLSA,0.33970790058008243,0.2693454678843308,0.0,0.3249781417891772,0.3057331432095962,0.3623684276421592,0.24563246742325204,0.4016445205976686,0.3440182204759881
恒生指数,0.3408485802333707,0.3517731844933215,0.3249781417891772,0.0,0.3813449802305218,0.3355385739831334,0.2348336915210424,0.3198922349069176,0.2915306251461975
韩国综合指数,0.3166731318607052,0.35373983633990896,0.3057331432095962,0.3813449802305218,0.0,0.3259261483787612,0.2315221289843587,0.29752204190645337,0.2843011616490191
荷兰AEX,0.601598608451937,0.2972159650189076,0.3623684276421592,0.3355385739831334,0.3259261483787612,0.0,0.23366519628623206,0.3828969077454329,0.3188775351349403
Costa Rica Indice Accionario,0.23670409609422682,0.23866118796802072,0.24563246742325204,0.2348336915210424,0.2315221289843587,0.23366519628623206,0.0,0.23424121619487398,0.23325901451412218
加拿大多伦多S&P/TSX 综合指数,0.359002585523798,0.2746823190660211,0.4016445205976686,0.3198922349069176,0.29752204190645337,0.3828969077454329,0.23424121619487398,0.0,0.30741286135607976
S&P CLX IPSA,0.32191588120182496,0.2519988548245624,0.3440182204759881,0.2915306251461975,0.2843011616490191,0.3188775351349403,0.23325901451412218,0.30741286135607976,0.0
