,比利时BFX,日经225,墨西哥BOLSA,恒生指数,韩国综合指数,荷兰AEX,Costa Rica Indice Accionario,加拿大多伦多S&P/TSX 综合指数,S&P CLX IPSA
比利时BFX,0.0,0.3010557918898326,0.3685269446615439,0.33155968606853775,0.31678417032776884,0.6521067649225494,0.2501876446772844,0.3778484045152887,0.33920795929939795
日经225,0.3010557918898326,0.0,0.26929943527827016,0.3499496306887218,0.3639593676026489,0.30006397058883044,0.24135169577464644,0.27352176216689644,0.254865340591322
墨西哥BOLSA,0.3685269446615439,0.26929943527827016,0.0,0.3168959103689608,0.29451675817254,0.3869222043122713,0.23473231320635168,0.42524990498332116,0.3641794981157194
恒生指数,0.33155968606853775,0.3499496306887218,0.3168959103689608,0.0,0.3820175722048224,0.32578752316105725,0.23544847984376027,0.3145016348322832,0.29326704830086014
韩国综合指数,0.31678417032776884,0.3639593676026489,0.29451675817254,0.3820175722048224,0.0,0.3214536420690425,0.23343258105771875,0.29629390492799246,0.29092408826455746
荷兰AEX,0.6521067649225494,0.30006397058883044,0.3869222043122713,0.32578752316105725,0.3214536420690425,0.0,0.2558087844721637,0.38600115633306314,0.3384762425478198
Costa Rica Indice Accionario,0.2501876446772844,0.24135169577464644,0.23473231320635168,0.23544847984376027,0.23343258105771875,0.2558087844721637,0.0,0.23902109130462545,0.23489236962590593
加拿大多伦多S&P/TSX 综合指数,0.3778484045152887,0.27352176216689644,0.42524990498332116,0.3145016348322832,0.29629390492799246,0.38600115633306314,0.23902109130462545,0.0,0.3112061340389218
S&P CLX IPSA,0.33920795929939795,0.254865340591322,0.3641794981157194,0.29326704830086014,0.29092408826455746,0.3384762425478198,0.23489236962590593,0.3112061340389218,0.0
