,比利时BFX,日经225,墨西哥BOLSA,恒生指数,韩国综合指数,荷兰AEX,Costa Rica Indice Accionario,加拿大多伦多S&P/TSX 综合指数,S&P CLX IPSA
比利时BFX,0.0,0.3192720187375127,0.3940774035853538,0.3598351690178833,0.3358396169390907,0.6817128045952934,0.2811924120729542,0.4028485633959277,0.39285916296936596
日经225,0.3192720187375127,0.0,0.28094585219412854,0.37916964866770936,0.43017943423673927,0.32842833936017396,0.2383007385866206,0.28616718176051553,0.28113818721285455
墨西哥BOLSA,0.3940774035853538,0.28094585219412854,0.0,0.31452210782124956,0.310612941206047,0.40021740941438916,0.261747851410469,0.4694166660675166,0.3908379938891854
恒生指数,0.3598351690178833,0.37916964866770936,0.31452210782124956,0.0,0.412994112326776,0.36370925662144027,0.2543766467821357,0.32351690670253075,0.30663354485760974
韩国综合指数,0.3358396169390907,0.43017943423673927,0.310612941206047,0.412994112326776,0.0,0.35060372292643865,0.2453820980625,0.31304864759876094,0.3126895889878681
荷兰AEX,0.6817128045952934,0.32842833936017396,0.40021740941438916,0.36370925662144027,0.35060372292643865,0.0,0.28131669146114985,0.4000490444705777,0.384152862933723
Costa Rica Indice Accionario,0.2811924120729542,0.2383007385866206,0.261747851410469,0.2543766467821357,0.2453820980625,0.28131669146114985,0.0,0.2663162215071947,0.2590533064551246
加拿大多伦多S&P/TSX 综合指数,0.4028485633959277,0.28616718176051553,0.4694166660675166,0.32351690670253075,0.31304864759876094,0.4000490444705777,0.2663162215071947,0.0,0.3510445217246275
S&P CLX IPSA,0.39285916296936596,0.28113818721285455,0.3908379938891854,0.30663354485760974,0.3126895889878681,0.384152862933723,0.2590533064551246,0.3510445217246275,0.0
