,比利时BFX,日经225,墨西哥BOLSA,恒生指数,韩国综合指数,荷兰AEX,Costa Rica Indice Accionario,加拿大多伦多S&P/TSX 综合指数,S&P CLX IPSA
比利时BFX,0.0,0.29623612250488224,0.410185866291177,0.3066255434350349,0.29600005443636934,0.6638097697132999,0.26640821635588363,0.44228520408453914,0.37773937817203784
日经225,0.29623612250488224,0.0,0.2628585610263129,0.4152579790106342,0.4622455086813865,0.2879575709361679,0.24022862556248678,0.2836617243841107,0.29751558761274327
墨西哥BOLSA,0.410185866291177,0.2628585610263129,0.0,0.26948548321142346,0.2794422362332214,0.41374818010623793,0.24051072109188942,0.45072346103254585,0.38465442160251506
恒生指数,0.3066255434350349,0.4152579790106342,0.26948548321142346,0.0,0.4671324027814123,0.29877373358897774,0.26370717415738276,0.29744850201311246,0.2997011248839619
韩国综合指数,0.29600005443636934,0.4622455086813865,0.2794422362332214,0.4671324027814123,0.0,0.28437821691609816,0.2583280742599488,0.2957632326767185,0.30609359683095233
荷兰AEX,0.6638097697132999,0.2879575709361679,0.41374818010623793,0.29877373358897774,0.28437821691609816,0.0,0.2657202922775908,0.45340419860835135,0.3936158278593633
Costa Rica Indice Accionario,0.26640821635588363,0.24022862556248678,0.24051072109188942,0.26370717415738276,0.2583280742599488,0.2657202922775908,0.0,0.26187760545417726,0.25390164981462743
加拿大多伦多S&P/TSX 综合指数,0.44228520408453914,0.2836617243841107,0.45072346103254585,0.29744850201311246,0.2957632326767185,0.45340419860835135,0.26187760545417726,0.0,0.383065397002536
S&P CLX IPSA,0.37773937817203784,0.29751558761274327,0.38465442160251506,0.2997011248839619,0.30609359683095233,0.3936158278593633,0.25390164981462743,0.383065397002536,0.0
