,比利时BFX,日经225,墨西哥BOLSA,恒生指数,韩国综合指数,荷兰AEX,Costa Rica Indice Accionario,加拿大多伦多S&P/TSX 综合指数,S&P CLX IPSA
比利时BFX,0.0,0.30566478237168115,0.3580382477662056,0.3188822429673592,0.31096249412207644,0.6331722975987663,0.25953017879812046,0.4119370217453469,0.34961726108471025
日经225,0.30566478237168115,0.0,0.2568805932470843,0.41824010661627165,0.45025629821449564,0.30024187722341156,0.23982169151019891,0.2890564539463864,0.2998280184587236
墨西哥BOLSA,0.3580382477662056,0.2568805932470843,0.0,0.26521356494177456,0.2705399404574297,0.3635527214142226,0.23733804617566434,0.382989447343577,0.3225528139017153
恒生指数,0.3188822429673592,0.41824010661627165,0.26521356494177456,0.0,0.47936211047563654,0.31456977666399283,0.2633064797214651,0.30808718705754373,0.3139228787614861
韩国综合指数,0.31096249412207644,0.45025629821449564,0.2705399404574297,0.47936211047563654,0.0,0.2973940251959044,0.2658515109077236,0.30002020994698914,0.312754822185862
荷兰AEX,0.6331722975987663,0.30024187722341156,0.3635527214142226,0.31456977666399283,0.2973940251959044,0.0,0.25586907353328386,0.41549081519082626,0.3544024671596527
Costa Rica Indice Accionario,0.25953017879812046,0.23982169151019891,0.23733804617566434,0.2633064797214651,0.2658515109077236,0.25586907353328386,0.0,0.2582763077526012,0.25000265358629514
加拿大多伦多S&P/TSX 综合指数,0.4119370217453469,0.2890564539463864,0.382989447343577,0.30808718705754373,0.30002020994698914,0.41549081519082626,0.2582763077526012,0.0,0.3399230884203328
S&P CLX IPSA,0.34961726108471025,0.2998280184587236,0.3225528139017153,0.3139228787614861,0.312754822185862,0.3544024671596527,0.25000265358629514,0.3399230884203328,0.0
