,比利时BFX,日经225,墨西哥BOLSA,恒生指数,韩国综合指数,荷兰AEX,Costa Rica Indice Accionario,加拿大多伦多S&P/TSX 综合指数,S&P CLX IPSA
比利时BFX,0.0,0.2857518429855277,0.40985819439564836,0.3017885794178635,0.29400204757328585,0.6532970988070873,0.26607137109050905,0.4270666240700015,0.37571204695318416
日经225,0.2857518429855277,0.0,0.25278196960738636,0.4200770231165508,0.4617636662789873,0.27992117546925804,0.23976576699393345,0.2768540250776445,0.29969875031683924
墨西哥BOLSA,0.40985819439564836,0.25278196960738636,0.0,0.25695404665949767,0.27109222882151757,0.41678044587483587,0.24062938935861683,0.45018809831753387,0.3785084484534178
恒生指数,0.3017885794178635,0.4200770231165508,0.25695404665949767,0.0,0.46910842783004164,0.2965219435028922,0.261306570572302,0.28900770689678934,0.31448510796481965
韩国综合指数,0.29400204757328585,0.4617636662789873,0.27109222882151757,0.46910842783004164,0.0,0.28684111932908335,0.2573260931606282,0.2908351936529178,0.31392547031993834
荷兰AEX,0.6532970988070873,0.27992117546925804,0.41678044587483587,0.2965219435028922,0.28684111932908335,0.0,0.26479779344093135,0.4388878728423029,0.3989397231316419
Costa Rica Indice Accionario,0.26607137109050905,0.23976576699393345,0.24062938935861683,0.261306570572302,0.2573260931606282,0.26479779344093135,0.0,0.26003916459097626,0.25317186794877344
加拿大多伦多S&P/TSX 综合指数,0.4270666240700015,0.2768540250776445,0.45018809831753387,0.28900770689678934,0.2908351936529178,0.4388878728423029,0.26003916459097626,0.0,0.3983021311919808
S&P CLX IPSA,0.37571204695318416,0.29969875031683924,0.3785084484534178,0.31448510796481965,0.31392547031993834,0.3989397231316419,0.25317186794877344,0.3983021311919808,0.0
