,比利时BFX,日经225,墨西哥BOLSA,恒生指数,韩国综合指数,荷兰AEX,Costa Rica Indice Accionario,加拿大多伦多S&P/TSX 综合指数,S&P CLX IPSA
比利时BFX,0.0,0.3030513395026468,0.42147073221436376,0.3255578515703821,0.30907037349730515,0.702512552486142,0.26528056098467484,0.44702094832411915,0.4206323545432621
日经225,0.3030513395026468,0.0,0.2731417143045243,0.4580548153630094,0.4639376898729997,0.3052306808249134,0.245106590455816,0.290550414148756,0.3141575312513443
墨西哥BOLSA,0.42147073221436376,0.2731417143045243,0.0,0.2810391494881791,0.29729218831349735,0.43853285487094107,0.24297507594228404,0.47181367348492986,0.4354197951018155
恒生指数,0.3255578515703821,0.4580548153630094,0.2810391494881791,0.0,0.44905001776583126,0.32739128012201063,0.25960376730110135,0.3018415678031446,0.3249527098511063
韩国综合指数,0.30907037349730515,0.4639376898729997,0.29729218831349735,0.44905001776583126,0.0,0.32004781693634865,0.2594456779172551,0.29561378051624654,0.32495127151351266
荷兰AEX,0.702512552486142,0.3052306808249134,0.43853285487094107,0.32739128012201063,0.32004781693634865,0.0,0.2659581361499519,0.4581348729247769,0.4334784316019502
Costa Rica Indice Accionario,0.26528056098467484,0.245106590455816,0.24297507594228404,0.25960376730110135,0.2594456779172551,0.2659581361499519,0.0,0.2576514361024929,0.2504090897130396
加拿大多伦多S&P/TSX 综合指数,0.44702094832411915,0.290550414148756,0.47181367348492986,0.3018415678031446,0.29561378051624654,0.4581348729247769,0.2576514361024929,0.0,0.4824914792298265
S&P CLX IPSA,0.4206323545432621,0.3141575312513443,0.4354197951018155,0.3249527098511063,0.32495127151351266,0.4334784316019502,0.2504090897130396,0.4824914792298265,0.0
