,比利时BFX,日经225,墨西哥BOLSA,恒生指数,韩国综合指数,荷兰AEX,Costa Rica Indice Accionario,加拿大多伦多S&P/TSX 综合指数,S&P CLX IPSA
比利时BFX,0.0,0.2935999267136499,0.38388512516824697,0.31227970960268686,0.2953140409590511,0.6542337847292414,0.26632691990262336,0.42861254282199385,0.37348513852068943
日经225,0.2935999267136499,0.0,0.2575085335265206,0.4028169333467226,0.4559083819424096,0.28616015702823067,0.23956321103134598,0.2833926364809551,0.28839568303031515
墨西哥BOLSA,0.38388512516824697,0.2575085335265206,0.0,0.2696816299098206,0.27575318803814614,0.38525725671422895,0.2408562191022469,0.4184991651357157,0.3580119889007751
恒生指数,0.31227970960268686,0.4028169333467226,0.2696816299098206,0.0,0.44561693692616655,0.3059198894919883,0.262762525269204,0.29617288290760113,0.3014341550874926
韩国综合指数,0.2953140409590511,0.4559083819424096,0.27575318803814614,0.44561693692616655,0.0,0.28373996283080877,0.2603344835555279,0.29150039834621944,0.2962828041032587
荷兰AEX,0.6542337847292414,0.28616015702823067,0.38525725671422895,0.3059198894919883,0.28373996283080877,0.0,0.2651396617844021,0.43838051326771316,0.38621488116001684
Costa Rica Indice Accionario,0.26632691990262336,0.23956321103134598,0.2408562191022469,0.262762525269204,0.2603344835555279,0.2651396617844021,0.0,0.26617320189841004,0.2589876891463083
加拿大多伦多S&P/TSX 综合指数,0.42861254282199385,0.2833926364809551,0.4184991651357157,0.29617288290760113,0.29150039834621944,0.43838051326771316,0.26617320189841004,0.0,0.36627519781330237
S&P CLX IPSA,0.37348513852068943,0.28839568303031515,0.3580119889007751,0.3014341550874926,0.2962828041032587,0.38621488116001684,0.2589876891463083,0.36627519781330237,0.0
