,比利时BFX,日经225,墨西哥BOLSA,恒生指数,韩国综合指数,荷兰AEX,Costa Rica Indice Accionario,加拿大多伦多S&P/TSX 综合指数,S&P CLX IPSA
比利时BFX,0.0,0.30921835992309876,0.3640874636155639,0.3119258703816606,0.3139878994102657,0.6460932981753823,0.24565118182836543,0.4216811014810617,0.3592231171383343
日经225,0.30921835992309876,0.0,0.2678948061360355,0.4071480911196948,0.4429107412137579,0.29756987558295106,0.2495455377355993,0.2937100567533914,0.2995605396738269
墨西哥BOLSA,0.3640874636155639,0.2678948061360355,0.0,0.2754050986067863,0.2735655442117987,0.3611192538696501,0.2508979713884053,0.37744803220591505,0.32004613802444026
恒生指数,0.3119258703816606,0.4071480911196948,0.2754050986067863,0.0,0.46189868769495873,0.31693684737527533,0.26218358395842306,0.3042756899751762,0.3085422878572724
韩国综合指数,0.3139878994102657,0.4429107412137579,0.2735655442117987,0.46189868769495873,0.0,0.3032151837836702,0.24431717292258207,0.2958028164001564,0.3130753606036923
荷兰AEX,0.6460932981753823,0.29756987558295106,0.3611192538696501,0.31693684737527533,0.3032151837836702,0.0,0.23695150640577517,0.4208922592698504,0.35381337646729577
Costa Rica Indice Accionario,0.24565118182836543,0.2495455377355993,0.2508979713884053,0.26218358395842306,0.24431717292258207,0.23695150640577517,0.0,0.24919028161036696,0.24947284919995946
加拿大多伦多S&P/TSX 综合指数,0.4216811014810617,0.2937100567533914,0.37744803220591505,0.3042756899751762,0.2958028164001564,0.4208922592698504,0.24919028161036696,0.0,0.34770650877060955
S&P CLX IPSA,0.3592231171383343,0.2995605396738269,0.32004613802444026,0.3085422878572724,0.3130753606036923,0.35381337646729577,0.24947284919995946,0.34770650877060955,0.0
