,比利时BFX,日经225,墨西哥BOLSA,恒生指数,韩国综合指数,荷兰AEX,Costa Rica Indice Accionario,加拿大多伦多S&P/TSX 综合指数,S&P CLX IPSA
比利时BFX,0.0,0.2897385892415406,0.39274497913233114,0.30742551454811956,0.29541603069162786,0.6486911364578525,0.2632740749572784,0.43103003504709547,0.3779197030956489
日经225,0.2897385892415406,0.0,0.2527877992744041,0.4126681859536793,0.45989309119205696,0.2780762773588241,0.24024211266676038,0.2788428778052478,0.2811448319044694
墨西哥BOLSA,0.39274497913233114,0.2527877992744041,0.0,0.2641947606814154,0.2751169328885721,0.3992300832624134,0.2384537533147059,0.42831055021589687,0.3691557884832872
恒生指数,0.30742551454811956,0.4126681859536793,0.2641947606814154,0.0,0.4614897949820864,0.2948400878372795,0.26236924720495036,0.29010400071226305,0.2922044294179194
韩国综合指数,0.29541603069162786,0.45989309119205696,0.2751169328885721,0.4614897949820864,0.0,0.28050454650004436,0.25801109141451495,0.29118147947092826,0.29266833414235705
荷兰AEX,0.6486911364578525,0.2780762773588241,0.3992300832624134,0.2948400878372795,0.28050454650004436,0.0,0.26232771191139437,0.44824371256263085,0.39541484064042715
Costa Rica Indice Accionario,0.2632740749572784,0.24024211266676038,0.2384537533147059,0.26236924720495036,0.25801109141451495,0.26232771191139437,0.0,0.26365618455437945,0.2570838830494935
加拿大多伦多S&P/TSX 综合指数,0.43103003504709547,0.2788428778052478,0.42831055021589687,0.29010400071226305,0.29118147947092826,0.44824371256263085,0.26365618455437945,0.0,0.3767769491945917
S&P CLX IPSA,0.3779197030956489,0.2811448319044694,0.3691557884832872,0.2922044294179194,0.29266833414235705,0.39541484064042715,0.2570838830494935,0.3767769491945917,0.0
