,比利时BFX,日经225,墨西哥BOLSA,恒生指数,韩国综合指数,荷兰AEX,Costa Rica Indice Accionario,加拿大多伦多S&P/TSX 综合指数,S&P CLX IPSA
比利时BFX,0.0,0.3051266134878693,0.3651992046401677,0.315857770922785,0.30891245446087273,0.6423084659742007,0.24717014507088866,0.4114953815259286,0.35835750781673986
日经225,0.3051266134878693,0.0,0.2644575319059046,0.41613226072208315,0.4623846113948423,0.3018811553385417,0.2352995354156126,0.29601169552507156,0.3018837689478258
墨西哥BOLSA,0.3651992046401677,0.2644575319059046,0.0,0.273263753149375,0.27328112030567064,0.3628572753941065,0.23204264210312486,0.377301340699238,0.32655137897035535
恒生指数,0.315857770922785,0.41613226072208315,0.273263753149375,0.0,0.4720648933127811,0.3173430633710526,0.24784330851789996,0.30387138150328696,0.31522861773959476
韩国综合指数,0.30891245446087273,0.4623846113948423,0.27328112030567064,0.4720648933127811,0.0,0.29866028275512924,0.24058556230409092,0.29598276496605996,0.31385326021546717
荷兰AEX,0.6423084659742007,0.3018811553385417,0.3628572753941065,0.3173430633710526,0.29866028275512924,0.0,0.2505376223973901,0.41730310800530407,0.35671017131618704
Costa Rica Indice Accionario,0.24717014507088866,0.2352995354156126,0.23204264210312486,0.24784330851789996,0.24058556230409092,0.2505376223973901,0.0,0.24366191671136506,0.24321728315575716
加拿大多伦多S&P/TSX 综合指数,0.4114953815259286,0.29601169552507156,0.377301340699238,0.30387138150328696,0.29598276496605996,0.41730310800530407,0.24366191671136506,0.0,0.34040015801864854
S&P CLX IPSA,0.35835750781673986,0.3018837689478258,0.32655137897035535,0.31522861773959476,0.31385326021546717,0.35671017131618704,0.24321728315575716,0.34040015801864854,0.0
