,比利时BFX,日经225,墨西哥BOLSA,恒生指数,韩国综合指数,荷兰AEX,Costa Rica Indice Accionario,加拿大多伦多S&P/TSX 综合指数,S&P CLX IPSA
比利时BFX,0.0,0.30385342922784664,0.42238452841129676,0.3249775806870709,0.309689207241328,0.7011114414129717,0.26496057588026956,0.4480163510848242,0.42075636415074924
日经225,0.30385342922784664,0.0,0.2739065632825125,0.4581544044078952,0.4636706300885767,0.30772011065921245,0.2449123148451783,0.2917155783195174,0.3163694471893244
墨西哥BOLSA,0.42238452841129676,0.2739065632825125,0.0,0.2814283531555978,0.2976461610464613,0.4392904678046925,0.2429411802206958,0.4732422773018463,0.43598072257053155
恒生指数,0.3249775806870709,0.4581544044078952,0.2814283531555978,0.0,0.4499060468217397,0.3269823243170475,0.2592410148506991,0.3012192961462017,0.32550519868325833
韩国综合指数,0.309689207241328,0.4636706300885767,0.2976461610464613,0.4499060468217397,0.0,0.32101819964759365,0.259262781494608,0.29649950088757454,0.3259915691617564
荷兰AEX,0.7011114414129717,0.30772011065921245,0.4392904678046925,0.3269823243170475,0.32101819964759365,0.0,0.26539734583405133,0.45938940093372227,0.4346684770758371
Costa Rica Indice Accionario,0.26496057588026956,0.2449123148451783,0.2429411802206958,0.2592410148506991,0.259262781494608,0.26539734583405133,0.0,0.2573279876416905,0.2502116818094486
加拿大多伦多S&P/TSX 综合指数,0.4480163510848242,0.2917155783195174,0.4732422773018463,0.3012192961462017,0.29649950088757454,0.45938940093372227,0.2573279876416905,0.0,0.48216564885762236
S&P CLX IPSA,0.42075636415074924,0.3163694471893244,0.43598072257053155,0.32550519868325833,0.3259915691617564,0.4346684770758371,0.2502116818094486,0.48216564885762236,0.0
