,比利时BFX,日经225,墨西哥BOLSA,恒生指数,韩国综合指数,荷兰AEX,Costa Rica Indice Accionario,加拿大多伦多S&P/TSX 综合指数,S&P CLX IPSA
比利时BFX,0.0,0.29107230129536127,0.3922938177839769,0.3075421579523025,0.2961888890601112,0.6485828427114901,0.26338426663795517,0.43104701726281475,0.3769435020869998
日经225,0.29107230129536127,0.0,0.25384989945546516,0.41373509300598793,0.45943798971992644,0.2797845924510689,0.24010432452089533,0.2793380254888795,0.2825546176074112
墨西哥BOLSA,0.3922938177839769,0.25384989945546516,0.0,0.264259875666787,0.2758847292510499,0.39860067845534974,0.23853515127241745,0.4283322898789827,0.3678187179672751
恒生指数,0.3075421579523025,0.41373509300598793,0.264259875666787,0.0,0.4619725706421658,0.2950281130327851,0.26236856082075755,0.2901194494038158,0.292262791283308
韩国综合指数,0.2961888890601112,0.45943798971992644,0.2758847292510499,0.4619725706421658,0.0,0.2815060727978654,0.2579504075475172,0.29146229255370504,0.2934947743559533
荷兰AEX,0.6485828427114901,0.2797845924510689,0.39860067845534974,0.2950281130327851,0.2815060727978654,0.0,0.26250367206874536,0.44857428525588205,0.39394243103957066
Costa Rica Indice Accionario,0.26338426663795517,0.24010432452089533,0.23853515127241745,0.26236856082075755,0.2579504075475172,0.26250367206874536,0.0,0.2636889932325382,0.2572039443209248
加拿大多伦多S&P/TSX 综合指数,0.43104701726281475,0.2793380254888795,0.4283322898789827,0.2901194494038158,0.29146229255370504,0.44857428525588205,0.2636889932325382,0.0,0.3765907458913831
S&P CLX IPSA,0.3769435020869998,0.2825546176074112,0.3678187179672751,0.292262791283308,0.2934947743559533,0.39394243103957066,0.2572039443209248,0.3765907458913831,0.0
