,比利时BFX,日经225,墨西哥BOLSA,恒生指数,韩国综合指数,荷兰AEX,Costa Rica Indice Accionario,加拿大多伦多S&P/TSX 综合指数,S&P CLX IPSA
比利时BFX,0.0,0.30576437237839144,0.3646028441130288,0.3167583971832041,0.30902510602416733,0.6420897143194237,0.247232604229624,0.41248819548649956,0.3586940509363885
日经225,0.30576437237839144,0.0,0.26270011208586713,0.4160323192846996,0.46403635075361105,0.30215870313795107,0.23776871369594546,0.2956156559302036,0.30203453138812303
墨西哥BOLSA,0.3646028441130288,0.26270011208586713,0.0,0.27223919165867144,0.27072614821919677,0.36250400533978594,0.23033981453706315,0.3763445026140774,0.3255930717545958
恒生指数,0.3167583971832041,0.4160323192846996,0.27223919165867144,0.0,0.4715704773667575,0.3179799730881083,0.2492084529971483,0.3035654358248024,0.3153681396447389
韩国综合指数,0.30902510602416733,0.46403635075361105,0.27072614821919677,0.4715704773667575,0.0,0.2984493152074973,0.24379742313448272,0.29554983008227254,0.31384902604808906
荷兰AEX,0.6420897143194237,0.30215870313795107,0.36250400533978594,0.3179799730881083,0.2984493152074973,0.0,0.2503313921077067,0.4181125849513546,0.35689697578542046
Costa Rica Indice Accionario,0.247232604229624,0.23776871369594546,0.23033981453706315,0.2492084529971483,0.24379742313448272,0.2503313921077067,0.0,0.24396280137389928,0.24381596777742584
加拿大多伦多S&P/TSX 综合指数,0.41248819548649956,0.2956156559302036,0.3763445026140774,0.3035654358248024,0.29554983008227254,0.4181125849513546,0.24396280137389928,0.0,0.34037682908499434
S&P CLX IPSA,0.3586940509363885,0.30203453138812303,0.3255930717545958,0.3153681396447389,0.31384902604808906,0.35689697578542046,0.24381596777742584,0.34037682908499434,0.0
