,比利时BFX,日经225,墨西哥BOLSA,恒生指数,韩国综合指数,荷兰AEX,Costa Rica Indice Accionario,加拿大多伦多S&P/TSX 综合指数,S&P CLX IPSA
比利时BFX,0.0,0.2987404464391984,0.42309460402428994,0.32066657853619485,0.30469655508151133,0.7061388468500078,0.2650758419593332,0.450442407172038,0.42130213524247456
日经225,0.2987404464391984,0.0,0.2695389046933301,0.45411437082430595,0.46050529573408033,0.3023653309740653,0.244862009318029,0.28943345369706125,0.31470688311369793
墨西哥BOLSA,0.42309460402428994,0.2695389046933301,0.0,0.2783874369790495,0.29427839464931926,0.43768488842212877,0.24310174255388153,0.47576457932306476,0.43318315762047627
恒生指数,0.32066657853619485,0.45411437082430595,0.2783874369790495,0.0,0.446277189843493,0.3231314794567326,0.25955531225896716,0.3003995458394893,0.32605323187741553
韩国综合指数,0.30469655508151133,0.46050529573408033,0.29427839464931926,0.446277189843493,0.0,0.3151164725786323,0.25932723151485093,0.2937799050601882,0.32418818022488755
荷兰AEX,0.7061388468500078,0.3023653309740653,0.43768488842212877,0.3231314794567326,0.3151164725786323,0.0,0.2651032150557872,0.4609033052916212,0.4328368056901245
Costa Rica Indice Accionario,0.2650758419593332,0.244862009318029,0.24310174255388153,0.25955531225896716,0.25932723151485093,0.2651032150557872,0.0,0.25733257143445926,0.2503087134316834
加拿大多伦多S&P/TSX 综合指数,0.450442407172038,0.28943345369706125,0.47576457932306476,0.3003995458394893,0.2937799050601882,0.4609033052916212,0.25733257143445926,0.0,0.48220505844780276
S&P CLX IPSA,0.42130213524247456,0.31470688311369793,0.43318315762047627,0.32605323187741553,0.32418818022488755,0.4328368056901245,0.2503087134316834,0.48220505844780276,0.0
