,比利时BFX,日经225,墨西哥BOLSA,恒生指数,韩国综合指数,荷兰AEX,Costa Rica Indice Accionario,加拿大多伦多S&P/TSX 综合指数,S&P CLX IPSA
比利时BFX,0.0,0.2932505353430589,0.3852329758750401,0.3102574929695612,0.2950484411967055,0.6556811206534534,0.26444661803767616,0.42935775264756887,0.37268946799404107
日经225,0.2932505353430589,0.0,0.2575388571028449,0.40037757092820975,0.4539880012499772,0.28681177751301484,0.23861341440766617,0.2852123876347164,0.2908461790682182
墨西哥BOLSA,0.3852329758750401,0.2575388571028449,0.0,0.26761808022843725,0.277678246489478,0.38843284915888926,0.23856108650053193,0.4150090707427314,0.35825968826323723
恒生指数,0.3102574929695612,0.40037757092820975,0.26761808022843725,0.0,0.4441149518136246,0.30521135871261346,0.26077447588889013,0.2959059133066377,0.30355321671398816
韩国综合指数,0.2950484411967055,0.4539880012499772,0.277678246489478,0.4441149518136246,0.0,0.28513088123981734,0.2600802491356844,0.2959688796854319,0.3023789839094542
荷兰AEX,0.6556811206534534,0.28681177751301484,0.38843284915888926,0.30521135871261346,0.28513088123981734,0.0,0.26335997211756706,0.43872545842532074,0.3842294752998742
Costa Rica Indice Accionario,0.26444661803767616,0.23861341440766617,0.23856108650053193,0.26077447588889013,0.2600802491356844,0.26335997211756706,0.0,0.26265669366329486,0.2561302037172539
加拿大多伦多S&P/TSX 综合指数,0.42935775264756887,0.2852123876347164,0.4150090707427314,0.2959059133066377,0.2959688796854319,0.43872545842532074,0.26265669366329486,0.0,0.3628140806674071
S&P CLX IPSA,0.37268946799404107,0.2908461790682182,0.35825968826323723,0.30355321671398816,0.3023789839094542,0.3842294752998742,0.2561302037172539,0.3628140806674071,0.0
