,比利时BFX,日经225,墨西哥BOLSA,恒生指数,韩国综合指数,荷兰AEX,Costa Rica Indice Accionario,加拿大多伦多S&P/TSX 综合指数,S&P CLX IPSA
比利时BFX,0.0,0.29199911782655064,0.39581988907481824,0.3045936809480458,0.2946893368223054,0.6584082055100757,0.26668045645644534,0.4329785075804117,0.38174241881763227
日经225,0.29199911782655064,0.0,0.2538152589969716,0.417340821864063,0.4602776054871103,0.28277868453859994,0.24015953928303693,0.27490828260605604,0.2977200877010684
墨西哥BOLSA,0.39581988907481824,0.2538152589969716,0.0,0.25562289910021113,0.27202898805286646,0.40474055832225625,0.24054766837337074,0.45296689161833414,0.38364216608072726
恒生指数,0.3045936809480458,0.417340821864063,0.25562289910021113,0.0,0.4623735915321602,0.29361717184091657,0.26306077881274287,0.28406794674611147,0.2951201193372588
韩国综合指数,0.2946893368223054,0.4602776054871103,0.27202898805286646,0.4623735915321602,0.0,0.2829276715845228,0.25840882221188327,0.28937906188500623,0.30716230359907454
荷兰AEX,0.6584082055100757,0.28277868453859994,0.40474055832225625,0.29361717184091657,0.2829276715845228,0.0,0.26582819362554844,0.44574250583141706,0.4011351205208732
Costa Rica Indice Accionario,0.26668045645644534,0.24015953928303693,0.24054766837337074,0.26306077881274287,0.25840882221188327,0.26582819362554844,0.0,0.26159688956820026,0.2539930580397917
加拿大多伦多S&P/TSX 综合指数,0.4329785075804117,0.27490828260605604,0.45296689161833414,0.28406794674611147,0.28937906188500623,0.44574250583141706,0.26159688956820026,0.0,0.38064583857754203
S&P CLX IPSA,0.38174241881763227,0.2977200877010684,0.38364216608072726,0.2951201193372588,0.30716230359907454,0.4011351205208732,0.2539930580397917,0.38064583857754203,0.0
