,比利时BFX,日经225,墨西哥BOLSA,恒生指数,韩国综合指数,荷兰AEX,Costa Rica Indice Accionario,加拿大多伦多S&P/TSX 综合指数,S&P CLX IPSA
比利时BFX,0.0,0.29957112722331897,0.4231214525444956,0.3202903494366518,0.30452077975822767,0.7060481366466467,0.2650820381800824,0.4514353623040449,0.42070507467236873
日经225,0.29957112722331897,0.0,0.2698377123693476,0.4535213619729557,0.4595843315009606,0.3029864897294589,0.24489906423099922,0.29003986660442826,0.31444854215567236
墨西哥BOLSA,0.4231214525444956,0.2698377123693476,0.0,0.2783379225617209,0.29430074306843174,0.43784859499995366,0.24312522985311083,0.47591160419852974,0.4332800276010186
恒生指数,0.3202903494366518,0.4535213619729557,0.2783379225617209,0.0,0.4466634626942733,0.32291646398921864,0.2595563781638684,0.3002546405156448,0.32619398218693213
韩国综合指数,0.30452077975822767,0.4595843315009606,0.29430074306843174,0.4466634626942733,0.0,0.31513471149050326,0.2593203273657597,0.29350450431042313,0.3240230386987774
荷兰AEX,0.7060481366466467,0.3029864897294589,0.43784859499995366,0.32291646398921864,0.31513471149050326,0.0,0.26512766172278024,0.46170623992354864,0.4328210682196393
Costa Rica Indice Accionario,0.2650820381800824,0.24489906423099922,0.24312522985311083,0.2595563781638684,0.2593203273657597,0.26512766172278024,0.0,0.25735310593747845,0.25030132496320157
加拿大多伦多S&P/TSX 综合指数,0.4514353623040449,0.29003986660442826,0.47591160419852974,0.3002546405156448,0.29350450431042313,0.46170623992354864,0.25735310593747845,0.0,0.48114097281025814
S&P CLX IPSA,0.42070507467236873,0.31444854215567236,0.4332800276010186,0.32619398218693213,0.3240230386987774,0.4328210682196393,0.25030132496320157,0.48114097281025814,0.0
