,比利时BFX,日经225,墨西哥BOLSA,恒生指数,韩国综合指数,荷兰AEX,Costa Rica Indice Accionario,加拿大多伦多S&P/TSX 综合指数,S&P CLX IPSA
比利时BFX,0.0,0.30990828121222547,0.3658908952870219,0.3131137839067128,0.3154678791291938,0.6435918278850062,0.24712614672724445,0.4318282017173613,0.3594369173139682
日经225,0.30990828121222547,0.0,0.2676915511754747,0.4090451871180457,0.44531565190005235,0.2967418653011969,0.2515967299397084,0.29470889614506485,0.29884284721007237
墨西哥BOLSA,0.3658908952870219,0.2676915511754747,0.0,0.2756500276305362,0.2761540705716888,0.3627097693437847,0.2508625306514511,0.38239664936689455,0.3266003897954445
恒生指数,0.3131137839067128,0.4090451871180457,0.2756500276305362,0.0,0.4599451835569106,0.3177316703754934,0.2626194576465557,0.30612724552975895,0.3058508297061084
韩国综合指数,0.3154678791291938,0.44531565190005235,0.2761540705716888,0.4599451835569106,0.0,0.30383546537425127,0.24616921475330372,0.2975765224821421,0.31083431366155767
荷兰AEX,0.6435918278850062,0.2967418653011969,0.3627097693437847,0.3177316703754934,0.30383546537425127,0.0,0.2381453017590219,0.43122720795532865,0.3544048107306078
Costa Rica Indice Accionario,0.24712614672724445,0.2515967299397084,0.2508625306514511,0.2626194576465557,0.24616921475330372,0.2381453017590219,0.0,0.24838503847469223,0.2526578479299449
加拿大多伦多S&P/TSX 综合指数,0.4318282017173613,0.29470889614506485,0.38239664936689455,0.30612724552975895,0.2975765224821421,0.43122720795532865,0.24838503847469223,0.0,0.3533055032214166
S&P CLX IPSA,0.3594369173139682,0.29884284721007237,0.3266003897954445,0.3058508297061084,0.31083431366155767,0.3544048107306078,0.2526578479299449,0.3533055032214166,0.0
