,比利时BFX,日经225,墨西哥BOLSA,恒生指数,韩国综合指数,荷兰AEX,Costa Rica Indice Accionario,加拿大多伦多S&P/TSX 综合指数,S&P CLX IPSA
比利时BFX,0.0,0.30227023875197795,0.4213848228541953,0.3284029391420396,0.30889272200717877,0.70633532796731,0.2590981820879369,0.44097459846419307,0.419904876888196
日经225,0.30227023875197795,0.0,0.2794908912429,0.45245110831142277,0.47280502212229986,0.3077622831927144,0.24817596890321855,0.29386037491983263,0.30820397145437595
墨西哥BOLSA,0.4213848228541953,0.2794908912429,0.0,0.28876398177049417,0.3042770693890573,0.44232298466233344,0.24903745347950637,0.48042223469041007,0.43573113819634485
恒生指数,0.3284029391420396,0.45245110831142277,0.28876398177049417,0.0,0.4484098298110234,0.33435424619522325,0.25559951331061725,0.3071382252963981,0.324934735672173
韩国综合指数,0.30889272200717877,0.47280502212229986,0.3042770693890573,0.4484098298110234,0.0,0.32332392258731796,0.2549657003971472,0.2978398933242214,0.3215637092326098
荷兰AEX,0.70633532796731,0.3077622831927144,0.44232298466233344,0.33435424619522325,0.32332392258731796,0.0,0.25328520762753165,0.45371391129560334,0.43014428497602714
Costa Rica Indice Accionario,0.2590981820879369,0.24817596890321855,0.24903745347950637,0.25559951331061725,0.2549657003971472,0.25328520762753165,0.0,0.2531476959054829,0.24835350313632343
加拿大多伦多S&P/TSX 综合指数,0.44097459846419307,0.29386037491983263,0.48042223469041007,0.3071382252963981,0.2978398933242214,0.45371391129560334,0.2531476959054829,0.0,0.4794451160688798
S&P CLX IPSA,0.419904876888196,0.30820397145437595,0.43573113819634485,0.324934735672173,0.3215637092326098,0.43014428497602714,0.24835350313632343,0.4794451160688798,0.0
