,比利时BFX,日经225,墨西哥BOLSA,恒生指数,韩国综合指数,荷兰AEX,Costa Rica Indice Accionario,加拿大多伦多S&P/TSX 综合指数,S&P CLX IPSA
比利时BFX,0.0,0.2894404115984118,0.41905764960125175,0.32443074128430455,0.2942749133487659,0.6739985666227434,0.2649801510757132,0.43959857741101954,0.4097309182499727
日经225,0.2894404115984118,0.0,0.2605758000061921,0.4251744393054058,0.4516907489837135,0.2857272137530238,0.24038412098761103,0.27235955697338354,0.3038460733943215
墨西哥BOLSA,0.41905764960125175,0.2605758000061921,0.0,0.27280199923548026,0.26650822476340547,0.4222425719935933,0.2399877202900411,0.45608605671141,0.3883514372645025
恒生指数,0.32443074128430455,0.4251744393054058,0.27280199923548026,0.0,0.45019884207510474,0.3188935573375986,0.25748275626644734,0.3024551904731515,0.34744578640804247
韩国综合指数,0.2942749133487659,0.4516907489837135,0.26650822476340547,0.45019884207510474,0.0,0.2916998283756354,0.25701956256077413,0.2780056496217822,0.31905939497648617
荷兰AEX,0.6739985666227434,0.2857272137530238,0.4222425719935933,0.3188935573375986,0.2916998283756354,0.0,0.26396948036214596,0.4521366924227413,0.42406234166813456
Costa Rica Indice Accionario,0.2649801510757132,0.24038412098761103,0.2399877202900411,0.25748275626644734,0.25701956256077413,0.26396948036214596,0.0,0.2582887895965639,0.2511793125398925
加拿大多伦多S&P/TSX 综合指数,0.43959857741101954,0.27235955697338354,0.45608605671141,0.3024551904731515,0.2780056496217822,0.4521366924227413,0.2582887895965639,0.0,0.4219550589375717
S&P CLX IPSA,0.4097309182499727,0.3038460733943215,0.3883514372645025,0.34744578640804247,0.31905939497648617,0.42406234166813456,0.2511793125398925,0.4219550589375717,0.0
