,比利时BFX,日经225,墨西哥BOLSA,恒生指数,韩国综合指数,荷兰AEX,Costa Rica Indice Accionario,加拿大多伦多S&P/TSX 综合指数,S&P CLX IPSA
比利时BFX,0.0,0.28309759378650595,0.4057951180921469,0.3005937182475001,0.28716105335526626,0.6570685662290195,0.26592789168562597,0.43261896307895625,0.381981749250895
日经225,0.28309759378650595,0.0,0.25257349801042783,0.4200353629711681,0.461293981027845,0.2779399836247248,0.23904040183411535,0.2744920303507204,0.2961344530998748
墨西哥BOLSA,0.4057951180921469,0.25257349801042783,0.0,0.2562017559337161,0.27076963502753276,0.41414784542694466,0.23894760887989522,0.4444663344685514,0.3745561898824571
恒生指数,0.3005937182475001,0.4200353629711681,0.2562017559337161,0.0,0.46655928709835626,0.29611873974012126,0.2589100553737922,0.28771818976330565,0.31238802639274743
韩国综合指数,0.28716105335526626,0.461293981027845,0.27076963502753276,0.46655928709835626,0.0,0.2813437272817454,0.25701995019232127,0.2844009336761056,0.3049645813244026
荷兰AEX,0.6570685662290195,0.2779399836247248,0.41414784542694466,0.29611873974012126,0.2813437272817454,0.0,0.2655147894599538,0.44404884018010893,0.4044882135361546
Costa Rica Indice Accionario,0.26592789168562597,0.23904040183411535,0.23894760887989522,0.2589100553737922,0.25701995019232127,0.2655147894599538,0.0,0.25913762954445546,0.25240229050515395
加拿大多伦多S&P/TSX 综合指数,0.43261896307895625,0.2744920303507204,0.4444663344685514,0.28771818976330565,0.2844009336761056,0.44404884018010893,0.25913762954445546,0.0,0.4041523826644954
S&P CLX IPSA,0.381981749250895,0.2961344530998748,0.3745561898824571,0.31238802639274743,0.3049645813244026,0.4044882135361546,0.25240229050515395,0.4041523826644954,0.0
