,比利时BFX,日经225,墨西哥BOLSA,恒生指数,韩国综合指数,荷兰AEX,Costa Rica Indice Accionario,加拿大多伦多S&P/TSX 综合指数,S&P CLX IPSA
比利时BFX,0.0,0.31091785415137,0.35784114963582075,0.3224663669778776,0.31431162009408986,0.6413272124585069,0.2537833147349693,0.41167017633268016,0.3592801239965355
日经225,0.31091785415137,0.0,0.262306111452809,0.41682529683624175,0.4661108615774119,0.30317118581766905,0.24319879267586625,0.29584153640099176,0.30431336672087816
墨西哥BOLSA,0.35784114963582075,0.262306111452809,0.0,0.2664716811330028,0.26726609936959234,0.35993562882167496,0.236013754452132,0.3809313324306302,0.3265674718720722
恒生指数,0.3224663669778776,0.41682529683624175,0.2664716811330028,0.0,0.4761488885610662,0.319214632839889,0.25705950514006715,0.30176732083660923,0.31582557757360774
韩国综合指数,0.31431162009408986,0.4661108615774119,0.26726609936959234,0.4761488885610662,0.0,0.29945386204409497,0.24974779486346527,0.2941073488620052,0.3157720936257754
荷兰AEX,0.6413272124585069,0.30317118581766905,0.35993562882167496,0.319214632839889,0.29945386204409497,0.0,0.2555846911920969,0.4163342565236666,0.3586607215309317
Costa Rica Indice Accionario,0.2537833147349693,0.24319879267586625,0.236013754452132,0.25705950514006715,0.24974779486346527,0.2555846911920969,0.0,0.24627623204997365,0.24749010015876674
加拿大多伦多S&P/TSX 综合指数,0.41167017633268016,0.29584153640099176,0.3809313324306302,0.30176732083660923,0.2941073488620052,0.4163342565236666,0.24627623204997365,0.0,0.34243031763445425
S&P CLX IPSA,0.3592801239965355,0.30431336672087816,0.3265674718720722,0.31582557757360774,0.3157720936257754,0.3586607215309317,0.24749010015876674,0.34243031763445425,0.0
