,比利时BFX,日经225,墨西哥BOLSA,恒生指数,韩国综合指数,荷兰AEX,Costa Rica Indice Accionario,加拿大多伦多S&P/TSX 综合指数,S&P CLX IPSA
比利时BFX,0.0,0.28483880355566094,0.4057534330895143,0.30507086102383474,0.2922879869580347,0.6585749470204193,0.26557508019423653,0.4321872503466018,0.38719809662201976
日经225,0.28483880355566094,0.0,0.25313626682705714,0.42077393116349593,0.46047775981862704,0.2793550400385615,0.23901636159796316,0.27507021947782845,0.2982097522935642
墨西哥BOLSA,0.4057534330895143,0.25313626682705714,0.0,0.25735234062632323,0.27180175124082756,0.41439213703230143,0.2388914630137376,0.44548056717540485,0.36970975613617507
恒生指数,0.30507086102383474,0.42077393116349593,0.25735234062632323,0.0,0.47239024258094625,0.29948184743302614,0.2585750788589908,0.2887323056943382,0.3214502600130872
韩国综合指数,0.2922879869580347,0.46047775981862704,0.27180175124082756,0.47239024258094625,0.0,0.28515711056845217,0.25661988031640603,0.2854905326124632,0.3162622703219823
荷兰AEX,0.6585749470204193,0.2793550400385615,0.41439213703230143,0.29948184743302614,0.28515711056845217,0.0,0.26528794389115345,0.4442173565717507,0.40514585424214483
Costa Rica Indice Accionario,0.26557508019423653,0.23901636159796316,0.2388914630137376,0.2585750788589908,0.25661988031640603,0.26528794389115345,0.0,0.2590918148125368,0.2517195172236687
加拿大多伦多S&P/TSX 综合指数,0.4321872503466018,0.27507021947782845,0.44548056717540485,0.2887323056943382,0.2854905326124632,0.4442173565717507,0.2590918148125368,0.0,0.3966173549770926
S&P CLX IPSA,0.38719809662201976,0.2982097522935642,0.36970975613617507,0.3214502600130872,0.3162622703219823,0.40514585424214483,0.2517195172236687,0.3966173549770926,0.0
