,比利时BFX,日经225,墨西哥BOLSA,恒生指数,韩国综合指数,荷兰AEX,Costa Rica Indice Accionario,加拿大多伦多S&P/TSX 综合指数,S&P CLX IPSA
比利时BFX,0.0,0.29842721464621513,0.39719862930001176,0.3096104459269618,0.2997895929810672,0.6592817280834318,0.2664688943655844,0.4344718840297839,0.37319353582871423
日经225,0.29842721464621513,0.0,0.25984519969176456,0.4161886137184014,0.46325735712155885,0.2878761709102125,0.2401901382195741,0.2812637391608438,0.2957370440558151
墨西哥BOLSA,0.39719862930001176,0.25984519969176456,0.0,0.2610239044500448,0.2779239635736486,0.4061317576564681,0.24060627491019532,0.4533758864363744,0.3815144941572108
恒生指数,0.3096104459269618,0.4161886137184014,0.2610239044500448,0.0,0.46565427891689926,0.2978023509094408,0.26313477923409834,0.2901701570732075,0.2948866461386153
韩国综合指数,0.2997895929810672,0.46325735712155885,0.2779239635736486,0.46565427891689926,0.0,0.28562564792420564,0.2583211269085035,0.2939458718333787,0.3062835327463039
荷兰AEX,0.6592817280834318,0.2878761709102125,0.4061317576564681,0.2978023509094408,0.28562564792420564,0.0,0.2657938703331369,0.4457072699838381,0.39429537570598333
Costa Rica Indice Accionario,0.2664688943655844,0.2401901382195741,0.24060627491019532,0.26313477923409834,0.2583211269085035,0.2657938703331369,0.0,0.2616962597285722,0.2538970442950115
加拿大多伦多S&P/TSX 综合指数,0.4344718840297839,0.2812637391608438,0.4533758864363744,0.2901701570732075,0.2939458718333787,0.4457072699838381,0.2616962597285722,0.0,0.37804023650171825
S&P CLX IPSA,0.37319353582871423,0.2957370440558151,0.3815144941572108,0.2948866461386153,0.3062835327463039,0.39429537570598333,0.2538970442950115,0.37804023650171825,0.0
