,比利时BFX,日经225,墨西哥BOLSA,恒生指数,韩国综合指数,荷兰AEX,Costa Rica Indice Accionario,加拿大多伦多S&P/TSX 综合指数,S&P CLX IPSA
比利时BFX,0.0,0.30103138635930965,0.4123889424339885,0.3299693883315354,0.31028601156985336,0.6968017555388086,0.259769324265365,0.4348902533713938,0.41361663355492456
日经225,0.30103138635930965,0.0,0.2749442566085397,0.4483075559326639,0.47349007558250894,0.30318722129279413,0.24708634566810975,0.28900697175000667,0.30770981423064336
墨西哥BOLSA,0.4123889424339885,0.2749442566085397,0.0,0.28250747534569204,0.29959603060262524,0.4310794691575784,0.2426474790003139,0.47817969945639266,0.42892840791508613
恒生指数,0.3299693883315354,0.4483075559326639,0.28250747534569204,0.0,0.4474387599997266,0.33216417310859464,0.25708824664697416,0.30239532332853175,0.3207681197393806
韩国综合指数,0.31028601156985336,0.47349007558250894,0.29959603060262524,0.4474387599997266,0.0,0.3215814255581998,0.25584033648730115,0.2950528150236485,0.3187331362181398
荷兰AEX,0.6968017555388086,0.30318722129279413,0.4310794691575784,0.33216417310859464,0.3215814255581998,0.0,0.25862477121426586,0.44902063455469826,0.42500585372877453
Costa Rica Indice Accionario,0.259769324265365,0.24708634566810975,0.2426474790003139,0.25708824664697416,0.25584033648730115,0.25862477121426586,0.0,0.25151666290192526,0.24848701314148616
加拿大多伦多S&P/TSX 综合指数,0.4348902533713938,0.28900697175000667,0.47817969945639266,0.30239532332853175,0.2950528150236485,0.44902063455469826,0.25151666290192526,0.0,0.47698331177152725
S&P CLX IPSA,0.41361663355492456,0.30770981423064336,0.42892840791508613,0.3207681197393806,0.3187331362181398,0.42500585372877453,0.24848701314148616,0.47698331177152725,0.0
