,比利时BFX,日经225,墨西哥BOLSA,恒生指数,韩国综合指数,荷兰AEX,Costa Rica Indice Accionario,加拿大多伦多S&P/TSX 综合指数,S&P CLX IPSA
比利时BFX,0.0,0.29393564359116375,0.37205990517331294,0.310130633571693,0.29706670915505795,0.6425455677693547,0.26521767591468726,0.41900287264417974,0.3479805916256001
日经225,0.29393564359116375,0.0,0.2584741887601245,0.41080754438179135,0.4606689393003537,0.28443400205542885,0.2409952775172598,0.28747661495375315,0.2944386498982522
墨西哥BOLSA,0.37205990517331294,0.2584741887601245,0.0,0.2642020514782869,0.27468493468480054,0.37546804177831977,0.23896651859476392,0.3919973113519605,0.31850946314028594
恒生指数,0.310130633571693,0.41080754438179135,0.2642020514782869,0.0,0.45276290957512544,0.3053149835275387,0.2622710404513265,0.3002083419441551,0.2999379602305341
韩国综合指数,0.29706670915505795,0.4606689393003537,0.27468493468480054,0.45276290957512544,0.0,0.2836250443523348,0.26317386102732715,0.29919673257662893,0.2983781802694416
荷兰AEX,0.6425455677693547,0.28443400205542885,0.37546804177831977,0.3053149835275387,0.2836250443523348,0.0,0.2627887353483787,0.4203849336130897,0.35637429067577225
Costa Rica Indice Accionario,0.26521767591468726,0.2409952775172598,0.23896651859476392,0.2622710404513265,0.26317386102732715,0.2627887353483787,0.0,0.263822366917793,0.2554115279290042
加拿大多伦多S&P/TSX 综合指数,0.41900287264417974,0.28747661495375315,0.3919973113519605,0.3002083419441551,0.29919673257662893,0.4203849336130897,0.263822366917793,0.0,0.33818038835530634
S&P CLX IPSA,0.3479805916256001,0.2944386498982522,0.31850946314028594,0.2999379602305341,0.2983781802694416,0.35637429067577225,0.2554115279290042,0.33818038835530634,0.0
