,比利时BFX,日经225,墨西哥BOLSA,恒生指数,韩国综合指数,荷兰AEX,Costa Rica Indice Accionario,加拿大多伦多S&P/TSX 综合指数,S&P CLX IPSA
比利时BFX,0.0,0.30111698309157414,0.4139087724788629,0.3268426696371245,0.309968681699396,0.7018816477347808,0.26389150978761944,0.4376294863214343,0.41490006513456484
日经225,0.30111698309157414,0.0,0.2755281568775116,0.4583076457300494,0.4704081695278496,0.30237731436402987,0.24731862026310567,0.2919647901229868,0.3124267657712202
墨西哥BOLSA,0.4139087724788629,0.2755281568775116,0.0,0.2802465444686368,0.2974356906734109,0.43499095414152683,0.24101916304149734,0.47424671154209475,0.42903184073823386
恒生指数,0.3268426696371245,0.4583076457300494,0.2802465444686368,0.0,0.4530139912836438,0.3285776364692507,0.25944531202729804,0.30146953662163983,0.32307667545391583
韩国综合指数,0.309968681699396,0.4704081695278496,0.2974356906734109,0.4530139912836438,0.0,0.32069706895927685,0.2599823520118499,0.29632845816556863,0.3216021459254456
荷兰AEX,0.7018816477347808,0.30237731436402987,0.43499095414152683,0.3285776364692507,0.32069706895927685,0.0,0.26393223365585633,0.45350009545809794,0.4269746025889665
Costa Rica Indice Accionario,0.26389150978761944,0.24731862026310567,0.24101916304149734,0.25944531202729804,0.2599823520118499,0.26393223365585633,0.0,0.2535599006378706,0.24984967284369552
加拿大多伦多S&P/TSX 综合指数,0.4376294863214343,0.2919647901229868,0.47424671154209475,0.30146953662163983,0.29632845816556863,0.45350009545809794,0.2535599006378706,0.0,0.4786843576503008
S&P CLX IPSA,0.41490006513456484,0.3124267657712202,0.42903184073823386,0.32307667545391583,0.3216021459254456,0.4269746025889665,0.24984967284369552,0.4786843576503008,0.0
