,比利时BFX,日经225,墨西哥BOLSA,恒生指数,韩国综合指数,荷兰AEX,Costa Rica Indice Accionario,加拿大多伦多S&P/TSX 综合指数,S&P CLX IPSA
比利时BFX,0.0,0.2994594544103002,0.41805290808313345,0.3263817708809329,0.30860438251538114,0.7017931106116153,0.26511620030963584,0.4432712956436351,0.4185050731508544
日经225,0.2994594544103002,0.0,0.2729484133050922,0.4599364723951909,0.466270681954352,0.302053693524804,0.2456224547822091,0.28796117457440656,0.3142071804507387
墨西哥BOLSA,0.41805290808313345,0.2729484133050922,0.0,0.28142886440280446,0.29630664925303785,0.43816243726175796,0.24317421836146655,0.47424371168485896,0.43685228731966624
恒生指数,0.3263817708809329,0.4599364723951909,0.28142886440280446,0.0,0.45037523913694494,0.3286637370815369,0.25974008776777746,0.3019632387172032,0.3256102269731256
韩国综合指数,0.30860438251538114,0.466270681954352,0.29630664925303785,0.45037523913694494,0.0,0.31948317813778704,0.2598763542403469,0.29482329141526287,0.3243899517084787
荷兰AEX,0.7017931106116153,0.302053693524804,0.43816243726175796,0.3286637370815369,0.31948317813778704,0.0,0.26565754230135735,0.4560156600620345,0.43240030499538706
Costa Rica Indice Accionario,0.26511620030963584,0.2456224547822091,0.24317421836146655,0.25974008776777746,0.2598763542403469,0.26565754230135735,0.0,0.2574462434816063,0.250284659973158
加拿大多伦多S&P/TSX 综合指数,0.4432712956436351,0.28796117457440656,0.47424371168485896,0.3019632387172032,0.29482329141526287,0.4560156600620345,0.2574462434816063,0.0,0.4832016664379124
S&P CLX IPSA,0.4185050731508544,0.3142071804507387,0.43685228731966624,0.3256102269731256,0.3243899517084787,0.43240030499538706,0.250284659973158,0.4832016664379124,0.0
