,比利时BFX,日经225,墨西哥BOLSA,恒生指数,韩国综合指数,荷兰AEX,Costa Rica Indice Accionario,加拿大多伦多S&P/TSX 综合指数,S&P CLX IPSA
比利时BFX,0.0,0.30755153278797615,0.3560993312686593,0.3061884838132884,0.31256614577261693,0.6298316321913121,0.2448461252166195,0.42528640233285625,0.35585468342383136
日经225,0.30755153278797615,0.0,0.2637494045806591,0.39661228199754545,0.4366415875068202,0.2921608748269207,0.2520522012447606,0.2916584305641531,0.29303432066585783
墨西哥BOLSA,0.3560993312686593,0.2637494045806591,0.0,0.26826544347209413,0.27300343797015364,0.3530207047551925,0.24508766732138587,0.3754329423733342,0.32203756718307025
恒生指数,0.3061884838132884,0.39661228199754545,0.26826544347209413,0.0,0.4532201885064096,0.31361246346047883,0.26174396812468687,0.30375248021552637,0.30194569663324183
韩国综合指数,0.31256614577261693,0.4366415875068202,0.27300343797015364,0.4532201885064096,0.0,0.3033737769747931,0.24640291029318875,0.2956334743486893,0.30482383440569066
荷兰AEX,0.6298316321913121,0.2921608748269207,0.3530207047551925,0.31361246346047883,0.3033737769747931,0.0,0.23480452936381943,0.42366726196984816,0.34924467665210956
Costa Rica Indice Accionario,0.2448461252166195,0.2520522012447606,0.24508766732138587,0.26174396812468687,0.24640291029318875,0.23480452936381943,0.0,0.24499130885835943,0.252443127994471
加拿大多伦多S&P/TSX 综合指数,0.42528640233285625,0.2916584305641531,0.3754329423733342,0.30375248021552637,0.2956334743486893,0.42366726196984816,0.24499130885835943,0.0,0.3503983653597009
S&P CLX IPSA,0.35585468342383136,0.29303432066585783,0.32203756718307025,0.30194569663324183,0.30482383440569066,0.34924467665210956,0.252443127994471,0.3503983653597009,0.0
