,比利时BFX,日经225,墨西哥BOLSA,恒生指数,韩国综合指数,荷兰AEX,Costa Rica Indice Accionario,加拿大多伦多S&P/TSX 综合指数,S&P CLX IPSA
比利时BFX,0.0,0.30006098224114003,0.4251202896321522,0.33191299219253395,0.3093768265986883,0.6855374559991806,0.2638409810574721,0.440381773163207,0.4296834021218068
日经225,0.30006098224114003,0.0,0.2702514275999511,0.4311522414587521,0.45086337241613406,0.2967838025018738,0.2415365886199405,0.28467465883644577,0.3202950881347327
墨西哥BOLSA,0.4251202896321522,0.2702514275999511,0.0,0.2857443450295091,0.2931695256253672,0.4355684268123075,0.240035723974876,0.45371826068226295,0.4109088049641492
恒生指数,0.33191299219253395,0.4311522414587521,0.2857443450295091,0.0,0.4491512116620069,0.3284584412246035,0.25660726049918275,0.31069960644897404,0.3622134322134921
韩国综合指数,0.3093768265986883,0.45086337241613406,0.2931695256253672,0.4491512116620069,0.0,0.30901169212154245,0.2566191824641779,0.29161051328469545,0.3394003148753586
荷兰AEX,0.6855374559991806,0.2967838025018738,0.4355684268123075,0.3284584412246035,0.30901169212154245,0.0,0.2632143528522912,0.45571200880861445,0.4464370683055725
Costa Rica Indice Accionario,0.2638409810574721,0.2415365886199405,0.240035723974876,0.25660726049918275,0.2566191824641779,0.2632143528522912,0.0,0.2583881622783982,0.2499849102398943
加拿大多伦多S&P/TSX 综合指数,0.440381773163207,0.28467465883644577,0.45371826068226295,0.31069960644897404,0.29161051328469545,0.45571200880861445,0.2583881622783982,0.0,0.43808060568875823
S&P CLX IPSA,0.4296834021218068,0.3202950881347327,0.4109088049641492,0.3622134322134921,0.3394003148753586,0.4464370683055725,0.2499849102398943,0.43808060568875823,0.0
