,比利时BFX,日经225,墨西哥BOLSA,恒生指数,韩国综合指数,荷兰AEX,Costa Rica Indice Accionario,加拿大多伦多S&P/TSX 综合指数,S&P CLX IPSA
比利时BFX,0.0,0.30665597499985653,0.43415483869313287,0.33959888587566434,0.31304278026313254,0.6917008610733179,0.2633565066098573,0.44695951183593163,0.43389690053861146
日经225,0.30665597499985653,0.0,0.27159876790467413,0.43042396918697345,0.45059255886692473,0.30149671504301906,0.24018188647996036,0.28643045602305217,0.32563611772128853
墨西哥BOLSA,0.43415483869313287,0.27159876790467413,0.0,0.2861043098328102,0.2888298039436082,0.4385195856556359,0.23975380480152259,0.44879470852413017,0.40840726512600733
恒生指数,0.33959888587566434,0.43042396918697345,0.2861043098328102,0.0,0.44800903931503383,0.33265947340199636,0.2559690738414532,0.31056669278186494,0.3665638812719909
韩国综合指数,0.31304278026313254,0.45059255886692473,0.2888298039436082,0.44800903931503383,0.0,0.30986493183246044,0.25555976554382415,0.2880525149762676,0.34051102027986113
荷兰AEX,0.6917008610733179,0.30149671504301906,0.4385195856556359,0.33265947340199636,0.30986493183246044,0.0,0.2622934204337363,0.4584732394109651,0.44648232800348003
Costa Rica Indice Accionario,0.2633565066098573,0.24018188647996036,0.23975380480152259,0.2559690738414532,0.25555976554382415,0.2622934204337363,0.0,0.25642288936734925,0.2496381784947695
加拿大多伦多S&P/TSX 综合指数,0.44695951183593163,0.28643045602305217,0.44879470852413017,0.31056669278186494,0.2880525149762676,0.4584732394109651,0.25642288936734925,0.0,0.43498282369731595
S&P CLX IPSA,0.43389690053861146,0.32563611772128853,0.40840726512600733,0.3665638812719909,0.34051102027986113,0.44648232800348003,0.2496381784947695,0.43498282369731595,0.0
