,比利时BFX,日经225,墨西哥BOLSA,恒生指数,韩国综合指数,荷兰AEX,Costa Rica Indice Accionario,加拿大多伦多S&P/TSX 综合指数,S&P CLX IPSA
比利时BFX,0.0,0.30788906097061564,0.3666953626221982,0.3111259778381658,0.31292207428030144,0.6450361424194134,0.24686400548766735,0.4227585903373954,0.35815819221687667
日经225,0.30788906097061564,0.0,0.269293441972191,0.40646324875340084,0.44151523064946696,0.29579731527184,0.25174276709673504,0.2938535572815654,0.2966384213222349
墨西哥BOLSA,0.3666953626221982,0.269293441972191,0.0,0.276458653875548,0.2751226915727284,0.363668377428166,0.249371468091435,0.37768287463338185,0.3247570373178258
恒生指数,0.3111259778381658,0.40646324875340084,0.276458653875548,0.0,0.46125029070818147,0.3158311261016188,0.26380739731381253,0.30444301374948407,0.3069637264251426
韩国综合指数,0.31292207428030144,0.44151523064946696,0.2751226915727284,0.46125029070818147,0.0,0.30192333294480383,0.2461536008339107,0.2961934632899209,0.31062919659905697
荷兰AEX,0.6450361424194134,0.29579731527184,0.363668377428166,0.3158311261016188,0.30192333294480383,0.0,0.23790722597888744,0.42201287433314544,0.35287462338080666
Costa Rica Indice Accionario,0.24686400548766735,0.25174276709673504,0.249371468091435,0.26380739731381253,0.2461536008339107,0.23790722597888744,0.0,0.24886270992113588,0.2525259168884802
加拿大多伦多S&P/TSX 综合指数,0.4227585903373954,0.2938535572815654,0.37768287463338185,0.30444301374948407,0.2961934632899209,0.42201287433314544,0.24886270992113588,0.0,0.3501446466210029
S&P CLX IPSA,0.35815819221687667,0.2966384213222349,0.3247570373178258,0.3069637264251426,0.31062919659905697,0.35287462338080666,0.2525259168884802,0.3501446466210029,0.0
