,比利时BFX,日经225,墨西哥BOLSA,恒生指数,韩国综合指数,荷兰AEX,Costa Rica Indice Accionario,加拿大多伦多S&P/TSX 综合指数,S&P CLX IPSA
比利时BFX,0.0,0.3009062321481961,0.4140095289196315,0.32926473803242634,0.3103929570636861,0.696443627066588,0.25950198996241947,0.4362861871605088,0.41522892158678243
日经225,0.3009062321481961,0.0,0.2756580107454336,0.44984533933266274,0.47490382994422303,0.30430020664125856,0.24695615870769516,0.2898407777281697,0.30761259912459277
墨西哥BOLSA,0.4140095289196315,0.2756580107454336,0.0,0.2831705600110118,0.3005089087914795,0.4325485235721427,0.2425523163553539,0.4789608412497546,0.42951486938916944
恒生指数,0.32926473803242634,0.44984533933266274,0.2831705600110118,0.0,0.44803260026316466,0.33271354084696536,0.25697417005348555,0.30290532290368893,0.32078771854023497
韩国综合指数,0.3103929570636861,0.47490382994422303,0.3005089087914795,0.44803260026316466,0.0,0.32281643509888647,0.255668374704442,0.29596834075718514,0.3191253151011105
荷兰AEX,0.696443627066588,0.30430020664125856,0.4325485235721427,0.33271354084696536,0.32281643509888647,0.0,0.2582982771599744,0.4507764129411772,0.4264315458950676
Costa Rica Indice Accionario,0.25950198996241947,0.24695615870769516,0.2425523163553539,0.25697417005348555,0.255668374704442,0.2582982771599744,0.0,0.2513622668035693,0.24837624633863023
加拿大多伦多S&P/TSX 综合指数,0.4362861871605088,0.2898407777281697,0.4789608412497546,0.30290532290368893,0.29596834075718514,0.4507764129411772,0.2513622668035693,0.0,0.47751394478783504
S&P CLX IPSA,0.41522892158678243,0.30761259912459277,0.42951486938916944,0.32078771854023497,0.3191253151011105,0.4264315458950676,0.24837624633863023,0.47751394478783504,0.0
