,比利时BFX,日经225,墨西哥BOLSA,恒生指数,韩国综合指数,荷兰AEX,Costa Rica Indice Accionario,加拿大多伦多S&P/TSX 综合指数,S&P CLX IPSA
比利时BFX,0.0,0.30167334901638393,0.42154641137489757,0.3271532926596679,0.30956677792949944,0.6991350125503218,0.25905540573405167,0.4407790107475234,0.41766539980125794
日经225,0.30167334901638393,0.0,0.2768080049892717,0.44987150783084784,0.473240544336497,0.3069328150014223,0.24801206285933036,0.29186401552030034,0.30879387533284797
墨西哥BOLSA,0.42154641137489757,0.2768080049892717,0.0,0.28656858223942216,0.30321354789292915,0.44061821095099224,0.2487249031995186,0.47848236525991095,0.4320627045680753
恒生指数,0.3271532926596679,0.44987150783084784,0.28656858223942216,0.0,0.4462651158102926,0.3332490094409136,0.2555945888308661,0.3056582903160194,0.3222836087839236
韩国综合指数,0.30956677792949944,0.473240544336497,0.30321354789292915,0.4462651158102926,0.0,0.3231277282093337,0.2551793930374149,0.2975656703109836,0.3204647486711192
荷兰AEX,0.6991350125503218,0.3069328150014223,0.44061821095099224,0.3332490094409136,0.3231277282093337,0.0,0.2533364862559817,0.4538714487095903,0.42853078371713293
Costa Rica Indice Accionario,0.25905540573405167,0.24801206285933036,0.2487249031995186,0.2555945888308661,0.2551793930374149,0.2533364862559817,0.0,0.2531617991205249,0.24869644355492693
加拿大多伦多S&P/TSX 综合指数,0.4407790107475234,0.29186401552030034,0.47848236525991095,0.3056582903160194,0.2975656703109836,0.4538714487095903,0.2531617991205249,0.0,0.4816212555606351
S&P CLX IPSA,0.41766539980125794,0.30879387533284797,0.4320627045680753,0.3222836087839236,0.3204647486711192,0.42853078371713293,0.24869644355492693,0.4816212555606351,0.0
