,比利时BFX,日经225,墨西哥BOLSA,恒生指数,韩国综合指数,荷兰AEX,Costa Rica Indice Accionario,加拿大多伦多S&P/TSX 综合指数,S&P CLX IPSA
比利时BFX,0.0,0.2994498913452152,0.4237932178415101,0.3335057399672486,0.3093871981667735,0.6853926731587109,0.26351408287955735,0.4415833074376643,0.42975288910170456
日经225,0.2994498913452152,0.0,0.26768432652575425,0.4340744505886727,0.4572742782252137,0.2971370314617498,0.24195293019143477,0.2862902734027441,0.32151652647785567
墨西哥BOLSA,0.4237932178415101,0.26768432652575425,0.0,0.28605163575832704,0.2901425085010227,0.433313669978417,0.2395895078429983,0.4533087387825959,0.4103401452895193
恒生指数,0.3335057399672486,0.4340744505886727,0.28605163575832704,0.0,0.44896007082941475,0.3308931276331001,0.2562770206842696,0.3132478470504582,0.3624275811645554
韩国综合指数,0.3093871981667735,0.4572742782252137,0.2901425085010227,0.44896007082941475,0.0,0.31087184795336215,0.25649133235549837,0.2942064119898638,0.33715382774543695
荷兰AEX,0.6853926731587109,0.2971370314617498,0.433313669978417,0.3308931276331001,0.31087184795336215,0.0,0.2629442994055056,0.45675129876440723,0.4459323345074147
Costa Rica Indice Accionario,0.26351408287955735,0.24195293019143477,0.2395895078429983,0.2562770206842696,0.25649133235549837,0.2629442994055056,0.0,0.25809617467685775,0.2501604298706347
加拿大多伦多S&P/TSX 综合指数,0.4415833074376643,0.2862902734027441,0.4533087387825959,0.3132478470504582,0.2942064119898638,0.45675129876440723,0.25809617467685775,0.0,0.43591141107448206
S&P CLX IPSA,0.42975288910170456,0.32151652647785567,0.4103401452895193,0.3624275811645554,0.33715382774543695,0.4459323345074147,0.2501604298706347,0.43591141107448206,0.0
