,比利时BFX,日经225,墨西哥BOLSA,恒生指数,韩国综合指数,荷兰AEX,Costa Rica Indice Accionario,加拿大多伦多S&P/TSX 综合指数,S&P CLX IPSA
比利时BFX,0.0,0.30464575690036083,0.4224555965202576,0.3256409707346168,0.30989373064175785,0.7007212304397915,0.2649897530832926,0.44762840663137116,0.42153611060630924
日经225,0.30464575690036083,0.0,0.2743208285191787,0.45761537986192635,0.46446883214209184,0.3084866889664577,0.24497770392235904,0.2924037544898383,0.3161784912605674
墨西哥BOLSA,0.4224555965202576,0.2743208285191787,0.0,0.2816112362422223,0.2979410083474651,0.439478200059096,0.24298091022670024,0.4731373439875864,0.4361962217982867
恒生指数,0.3256409707346168,0.45761537986192635,0.2816112362422223,0.0,0.4498443573742419,0.3273975174734101,0.2592750052623392,0.3018552812686037,0.3253485402122361
韩国综合指数,0.30989373064175785,0.46446883214209184,0.2979410083474651,0.4498443573742419,0.0,0.32144094867329714,0.25931654738519294,0.29651548441435976,0.32595551001656775
荷兰AEX,0.7007212304397915,0.3084866889664577,0.439478200059096,0.3273975174734101,0.32144094867329714,0.0,0.265440709867114,0.45890503284750134,0.4350304316025839
Costa Rica Indice Accionario,0.2649897530832926,0.24497770392235904,0.24298091022670024,0.2592750052623392,0.25931654738519294,0.265440709867114,0.0,0.2573298895815255,0.25022832368049563
加拿大多伦多S&P/TSX 综合指数,0.44762840663137116,0.2924037544898383,0.4731373439875864,0.3018552812686037,0.29651548441435976,0.45890503284750134,0.2573298895815255,0.0,0.48358161542656947
S&P CLX IPSA,0.42153611060630924,0.3161784912605674,0.4361962217982867,0.3253485402122361,0.32595551001656775,0.4350304316025839,0.25022832368049563,0.48358161542656947,0.0
