,比利时BFX,日经225,墨西哥BOLSA,恒生指数,韩国综合指数,荷兰AEX,Costa Rica Indice Accionario,加拿大多伦多S&P/TSX 综合指数,S&P CLX IPSA
比利时BFX,0.0,0.30279756198596497,0.4139841881153197,0.32881386156667386,0.3103177868179164,0.7034568085965456,0.25915833789607,0.4360453671267896,0.41298611667356494
日经225,0.30279756198596497,0.0,0.2761825001300812,0.45940310758498387,0.47512538995743,0.30448413920791406,0.2445157575224881,0.29112023700632533,0.312775339581946
墨西哥BOLSA,0.4139841881153197,0.2761825001300812,0.0,0.280771795626562,0.29862940621235606,0.4348292806907845,0.24341152110479092,0.4723472998891043,0.42871091915580806
恒生指数,0.32881386156667386,0.45940310758498387,0.280771795626562,0.0,0.4513954434776813,0.3312617057005423,0.2549028250457062,0.3020569247390066,0.3226969306494958
韩国综合指数,0.3103177868179164,0.47512538995743,0.29862940621235606,0.4513954434776813,0.0,0.3214735760219791,0.2543779294979124,0.2960849514185687,0.3213790976288357
荷兰AEX,0.7034568085965456,0.30448413920791406,0.4348292806907845,0.3312617057005423,0.3214735760219791,0.0,0.25788718521866943,0.4514580863360637,0.4257606232614994
Costa Rica Indice Accionario,0.25915833789607,0.2445157575224881,0.24341152110479092,0.2549028250457062,0.2543779294979124,0.25788718521866943,0.0,0.25209241296845825,0.24725682315933503
加拿大多伦多S&P/TSX 综合指数,0.4360453671267896,0.29112023700632533,0.4723472998891043,0.3020569247390066,0.2960849514185687,0.4514580863360637,0.25209241296845825,0.0,0.4780305520114448
S&P CLX IPSA,0.41298611667356494,0.312775339581946,0.42871091915580806,0.3226969306494958,0.3213790976288357,0.4257606232614994,0.24725682315933503,0.4780305520114448,0.0
