,比利时BFX,日经225,墨西哥BOLSA,恒生指数,韩国综合指数,荷兰AEX,Costa Rica Indice Accionario,加拿大多伦多S&P/TSX 综合指数,S&P CLX IPSA
比利时BFX,0.0,0.3070376215372148,0.3569967367800944,0.322870391107634,0.315496249080101,0.6331143861377821,0.25836125360427775,0.40930965346824144,0.3483574368747922
日经225,0.3070376215372148,0.0,0.2561951569839186,0.41621488995618894,0.4478230604482255,0.3006857968530099,0.24088574033904414,0.2899306158773852,0.2991451677863018
墨西哥BOLSA,0.3569967367800944,0.2561951569839186,0.0,0.2641756937558483,0.26596481755729734,0.358100789669345,0.23649599024920698,0.3792084915914169,0.3206095378558421
恒生指数,0.322870391107634,0.41621488995618894,0.2641756937558483,0.0,0.47682517600956215,0.3170461020307719,0.2635540737592324,0.3086078349376783,0.31359552189773127
韩国综合指数,0.315496249080101,0.4478230604482255,0.26596481755729734,0.47682517600956215,0.0,0.2980822116810321,0.2665058843308034,0.2985194934156481,0.31037316889569905
荷兰AEX,0.6331143861377821,0.3006857968530099,0.358100789669345,0.3170461020307719,0.2980822116810321,0.0,0.2545190403884998,0.40921269482955547,0.35183015204164647
Costa Rica Indice Accionario,0.25836125360427775,0.24088574033904414,0.23649599024920698,0.2635540737592324,0.2665058843308034,0.2545190403884998,0.0,0.25775216809045776,0.2499006600113045
加拿大多伦多S&P/TSX 综合指数,0.40930965346824144,0.2899306158773852,0.3792084915914169,0.3086078349376783,0.2985194934156481,0.40921269482955547,0.25775216809045776,0.0,0.33887849588613567
S&P CLX IPSA,0.3483574368747922,0.2991451677863018,0.3206095378558421,0.31359552189773127,0.31037316889569905,0.35183015204164647,0.2499006600113045,0.33887849588613567,0.0
