,比利时BFX,日经225,墨西哥BOLSA,恒生指数,韩国综合指数,荷兰AEX,Costa Rica Indice Accionario,加拿大多伦多S&P/TSX 综合指数,S&P CLX IPSA
比利时BFX,0.0,0.2845637096267748,0.3952273944932619,0.29580051695737464,0.2869910197090862,0.6489331122968748,0.2622274078175436,0.43351985274817784,0.37269910235874626
日经225,0.2845637096267748,0.0,0.25346038649983904,0.4174734145904422,0.4666686820065116,0.27615876689745045,0.23844196484775854,0.2748741777358944,0.27656654964723426
墨西哥BOLSA,0.3952273944932619,0.25346038649983904,0.0,0.2592645869910624,0.2709295931233689,0.4005572891436618,0.23857840086862248,0.4351999631170082,0.3716961241392055
恒生指数,0.29580051695737464,0.4174734145904422,0.2592645869910624,0.0,0.4709798501321454,0.287501504443028,0.26263809106715225,0.2830243604930611,0.28718745981505045
韩国综合指数,0.2869910197090862,0.4666686820065116,0.2709295931233689,0.4709798501321454,0.0,0.2758212506904308,0.2578760289070578,0.28561625722513123,0.29001579176089687
荷兰AEX,0.6489331122968748,0.27615876689745045,0.4005572891436618,0.287501504443028,0.2758212506904308,0.0,0.261938079598999,0.45087048004823443,0.3885243551712725
Costa Rica Indice Accionario,0.2622274078175436,0.23844196484775854,0.23857840086862248,0.26263809106715225,0.2578760289070578,0.261938079598999,0.0,0.2619838696274256,0.25594106850010623
加拿大多伦多S&P/TSX 综合指数,0.43351985274817784,0.2748741777358944,0.4351999631170082,0.2830243604930611,0.28561625722513123,0.45087048004823443,0.2619838696274256,0.0,0.3738726389640481
S&P CLX IPSA,0.37269910235874626,0.27656654964723426,0.3716961241392055,0.28718745981505045,0.29001579176089687,0.3885243551712725,0.25594106850010623,0.3738726389640481,0.0
