,比利时BFX,日经225,墨西哥BOLSA,恒生指数,韩国综合指数,荷兰AEX,Costa Rica Indice Accionario,加拿大多伦多S&P/TSX 综合指数,S&P CLX IPSA
比利时BFX,0.0,0.28499617239721164,0.3913008614765642,0.30131049082528133,0.2901914327295391,0.6469127141043752,0.2625793653532488,0.43000453830543783,0.3736176584975944
日经225,0.28499617239721164,0.0,0.2536311747161866,0.41979136611898427,0.46820262465174195,0.2764366251010968,0.23844004914724481,0.27520946627399023,0.27657283024310253
墨西哥BOLSA,0.3913008614765642,0.2536311747161866,0.0,0.2640655542186922,0.2745941536014486,0.39721514779587286,0.2387192863865618,0.4310463365001457,0.3735570684558172
恒生指数,0.30131049082528133,0.41979136611898427,0.2640655542186922,0.0,0.46858782881275884,0.2920542681114812,0.26259286679041133,0.28783601097220096,0.2880461426878406
韩国综合指数,0.2901914327295391,0.46820262465174195,0.2745941536014486,0.46858782881275884,0.0,0.2783723502740811,0.2578180448794242,0.28907917409748585,0.29052192281129563
荷兰AEX,0.6469127141043752,0.2764366251010968,0.39721514779587286,0.2920542681114812,0.2783723502740811,0.0,0.26223823658154016,0.4478169942401581,0.389388109656265
Costa Rica Indice Accionario,0.2625793653532488,0.23844004914724481,0.2387192863865618,0.26259286679041133,0.2578180448794242,0.26223823658154016,0.0,0.262379209252148,0.2559628202942347
加拿大多伦多S&P/TSX 综合指数,0.43000453830543783,0.27520946627399023,0.4310463365001457,0.28783601097220096,0.28907917409748585,0.4478169942401581,0.262379209252148,0.0,0.3749718305461354
S&P CLX IPSA,0.3736176584975944,0.27657283024310253,0.3735570684558172,0.2880461426878406,0.29052192281129563,0.389388109656265,0.2559628202942347,0.3749718305461354,0.0
