,比利时BFX,日经225,墨西哥BOLSA,恒生指数,韩国综合指数,荷兰AEX,Costa Rica Indice Accionario,加拿大多伦多S&P/TSX 综合指数,S&P CLX IPSA
比利时BFX,0.0,0.30143896887731936,0.4172967405791555,0.3280281429593278,0.3097304162544674,0.7034949269104716,0.26481750195067905,0.44246940173430355,0.4164332883063705
日经225,0.30143896887731936,0.0,0.2759332730291829,0.4580966094476403,0.4672795727455075,0.30342818891265516,0.2456337509915367,0.29573746049643185,0.3145041963575875
墨西哥BOLSA,0.4172967405791555,0.2759332730291829,0.0,0.281383791344546,0.29739518326131176,0.4378091732506833,0.24316802505368343,0.4750227301341879,0.4297856431912237
恒生指数,0.3280281429593278,0.4580966094476403,0.281383791344546,0.0,0.4528465572679679,0.3297604077287913,0.25960984316261976,0.30431250400641097,0.325070786887605
韩国综合指数,0.3097304162544674,0.4672795727455075,0.29739518326131176,0.4528465572679679,0.0,0.32082552146972504,0.2594624403488933,0.2983778186419219,0.3224347508260667
荷兰AEX,0.7034949269104716,0.30342818891265516,0.4378091732506833,0.3297604077287913,0.32082552146972504,0.0,0.26559541987672547,0.45727992933620937,0.4291295028937065
Costa Rica Indice Accionario,0.26481750195067905,0.2456337509915367,0.24316802505368343,0.25960984316261976,0.2594624403488933,0.26559541987672547,0.0,0.25752283046568664,0.24992382690199624
加拿大多伦多S&P/TSX 综合指数,0.44246940173430355,0.29573746049643185,0.4750227301341879,0.30431250400641097,0.2983778186419219,0.45727992933620937,0.25752283046568664,0.0,0.48120700456483395
S&P CLX IPSA,0.4164332883063705,0.3145041963575875,0.4297856431912237,0.325070786887605,0.3224347508260667,0.4291295028937065,0.24992382690199624,0.48120700456483395,0.0
