,比利时BFX,日经225,墨西哥BOLSA,恒生指数,韩国综合指数,荷兰AEX,Costa Rica Indice Accionario,加拿大多伦多S&P/TSX 综合指数,S&P CLX IPSA
比利时BFX,0.0,0.3080276306197843,0.3645409023986623,0.3110038185265246,0.314306670238566,0.6373468687890518,0.2468675128615763,0.4310011042880824,0.35877006684467877
日经225,0.3080276306197843,0.0,0.267512793604882,0.40668082305099806,0.4454961046513302,0.29752923555522653,0.2519763602643634,0.29435117263239474,0.29735222870038225
墨西哥BOLSA,0.3645409023986623,0.267512793604882,0.0,0.2739204194967182,0.2755743998056921,0.36331353959003837,0.2506020535297582,0.38199860175283135,0.32574069929564137
恒生指数,0.3110038185265246,0.40668082305099806,0.2739204194967182,0.0,0.4578189286208942,0.317809200259823,0.26440704431527895,0.30544122726022377,0.3040620498520686
韩国综合指数,0.314306670238566,0.4454961046513302,0.2755743998056921,0.4578189286208942,0.0,0.30495792921724063,0.24636449891325726,0.2974976215915738,0.3093062532908151
荷兰AEX,0.6373468687890518,0.29752923555522653,0.36331353959003837,0.317809200259823,0.30495792921724063,0.0,0.23818671275647638,0.4310275257314701,0.3548694776042133
Costa Rica Indice Accionario,0.2468675128615763,0.2519763602643634,0.2506020535297582,0.26440704431527895,0.24636449891325726,0.23818671275647638,0.0,0.24848242152019095,0.2529250006654826
加拿大多伦多S&P/TSX 综合指数,0.4310011042880824,0.29435117263239474,0.38199860175283135,0.30544122726022377,0.2974976215915738,0.4310275257314701,0.24848242152019095,0.0,0.353215142163206
S&P CLX IPSA,0.35877006684467877,0.29735222870038225,0.32574069929564137,0.3040620498520686,0.3093062532908151,0.3548694776042133,0.2529250006654826,0.353215142163206,0.0
