,比利时BFX,日经225,墨西哥BOLSA,恒生指数,韩国综合指数,荷兰AEX,Costa Rica Indice Accionario,加拿大多伦多S&P/TSX 综合指数,S&P CLX IPSA
比利时BFX,0.0,0.30571564323730877,0.35221215362316594,0.3052351229267745,0.3110909041519085,0.6278443966888834,0.2446426237476058,0.4270903940580239,0.35487677666378
日经225,0.30571564323730877,0.0,0.2626838959792144,0.393950486639625,0.4301124243547407,0.2897557190177379,0.25177139026676054,0.2924139935097991,0.2898915658191431
墨西哥BOLSA,0.35221215362316594,0.2626838959792144,0.0,0.2670401494921729,0.2723607196659894,0.3493107026772423,0.24477650203532716,0.3726789628481253,0.32231862012522594
恒生指数,0.3052351229267745,0.393950486639625,0.2670401494921729,0.0,0.45456075328882156,0.3127464985084573,0.2615139009175191,0.30273059412865916,0.3021466321838451
韩国综合指数,0.3110909041519085,0.4301124243547407,0.2723607196659894,0.45456075328882156,0.0,0.3016444624271604,0.2462087682853406,0.2969829491246691,0.30435421428871323
荷兰AEX,0.6278443966888834,0.2897557190177379,0.3493107026772423,0.3127464985084573,0.3016444624271604,0.0,0.2345580195581402,0.4260818210881652,0.3479013104053636
Costa Rica Indice Accionario,0.2446426237476058,0.25177139026676054,0.24477650203532716,0.2615139009175191,0.2462087682853406,0.2345580195581402,0.0,0.24470267364980564,0.25256078651212477
加拿大多伦多S&P/TSX 综合指数,0.4270903940580239,0.2924139935097991,0.3726789628481253,0.30273059412865916,0.2969829491246691,0.4260818210881652,0.24470267364980564,0.0,0.35295250819012663
S&P CLX IPSA,0.35487677666378,0.2898915658191431,0.32231862012522594,0.3021466321838451,0.30435421428871323,0.3479013104053636,0.25256078651212477,0.35295250819012663,0.0
