,比利时BFX,日经225,墨西哥BOLSA,恒生指数,韩国综合指数,荷兰AEX,Costa Rica Indice Accionario,加拿大多伦多S&P/TSX 综合指数,S&P CLX IPSA
比利时BFX,0.0,0.2948980526461429,0.4178790184040655,0.328144853021793,0.30022340795275476,0.6876045115350096,0.2643986850415223,0.4491060119034147,0.4327919570575066
日经225,0.2948980526461429,0.0,0.26753534982320054,0.4356455813275005,0.4478693539430473,0.2944307449162808,0.24199302561553376,0.28864834521677224,0.317764831177424
墨西哥BOLSA,0.4178790184040655,0.26753534982320054,0.0,0.2850265511741576,0.2903576702003948,0.4322365221431521,0.23947488616220336,0.46659462268197055,0.41697734138344766
恒生指数,0.328144853021793,0.4356455813275005,0.2850265511741576,0.0,0.4360002395445584,0.327330069538741,0.25647248922537813,0.312507163250957,0.3575417411541163
韩国综合指数,0.30022340795275476,0.4478693539430473,0.2903576702003948,0.4360002395445584,0.0,0.3051956455446136,0.25582672038302223,0.2920510850414988,0.3306266374121258
荷兰AEX,0.6876045115350096,0.2944307449162808,0.4322365221431521,0.327330069538741,0.3051956455446136,0.0,0.2635769063365321,0.4680178659783882,0.4511061616017412
Costa Rica Indice Accionario,0.2643986850415223,0.24199302561553376,0.23947488616220336,0.25647248922537813,0.25582672038302223,0.2635769063365321,0.0,0.2575463788140881,0.2503450647142605
加拿大多伦多S&P/TSX 综合指数,0.4491060119034147,0.28864834521677224,0.46659462268197055,0.312507163250957,0.2920510850414988,0.4680178659783882,0.2575463788140881,0.0,0.44823766156715705
S&P CLX IPSA,0.4327919570575066,0.317764831177424,0.41697734138344766,0.3575417411541163,0.3306266374121258,0.4511061616017412,0.2503450647142605,0.44823766156715705,0.0
