,比利时BFX,日经225,墨西哥BOLSA,恒生指数,韩国综合指数,荷兰AEX,Costa Rica Indice Accionario,加拿大多伦多S&P/TSX 综合指数,S&P CLX IPSA
比利时BFX,0.0,0.3025619008769367,0.41384126826863815,0.32873692115770015,0.3102815230950619,0.7022327926966411,0.25912716673432157,0.43840279218031486,0.41293284262221647
日经225,0.3025619008769367,0.0,0.2758775686926301,0.46012025965529674,0.47528204312909567,0.3047183056700265,0.24456042196105487,0.2913519748590532,0.31250295329870037
墨西哥BOLSA,0.41384126826863815,0.2758775686926301,0.0,0.2808298150944549,0.29864417079406347,0.43439887434447927,0.24333312052641906,0.4778439035949091,0.4289089415274131
恒生指数,0.32873692115770015,0.46012025965529674,0.2808298150944549,0.0,0.45159077221541133,0.3316793348080972,0.25496207628266354,0.3018312336909215,0.32252630099588825
韩国综合指数,0.3102815230950619,0.47528204312909567,0.29864417079406347,0.45159077221541133,0.0,0.32167079348036354,0.2544062299472341,0.2962010305940553,0.32129607013715744
荷兰AEX,0.7022327926966411,0.3047183056700265,0.43439887434447927,0.3316793348080972,0.32167079348036354,0.0,0.25789046716784597,0.4536391677101384,0.42545984103079304
Costa Rica Indice Accionario,0.25912716673432157,0.24456042196105487,0.24333312052641906,0.25496207628266354,0.2544062299472341,0.25789046716784597,0.0,0.2522007149863997,0.24723391297772573
加拿大多伦多S&P/TSX 综合指数,0.43840279218031486,0.2913519748590532,0.4778439035949091,0.3018312336909215,0.2962010305940553,0.4536391677101384,0.2522007149863997,0.0,0.4803410061946396
S&P CLX IPSA,0.41293284262221647,0.31250295329870037,0.4289089415274131,0.32252630099588825,0.32129607013715744,0.42545984103079304,0.24723391297772573,0.4803410061946396,0.0
