,比利时BFX,日经225,墨西哥BOLSA,恒生指数,韩国综合指数,荷兰AEX,Costa Rica Indice Accionario,加拿大多伦多S&P/TSX 综合指数,S&P CLX IPSA
比利时BFX,0.0,0.3056683459733046,0.3521620687839086,0.30575782386182004,0.3109176984160638,0.6281529071344573,0.2446188892554771,0.4270489972534261,0.3556090535180871
日经225,0.3056683459733046,0.0,0.2626946645379577,0.39473022267146424,0.430299829268509,0.2897521458304193,0.25176933353666076,0.29219675523602956,0.2902681655397528
墨西哥BOLSA,0.3521620687839086,0.2626946645379577,0.0,0.26701933679255657,0.27245553303678693,0.3492423195647723,0.24478554703365588,0.3715621336046701,0.32377100306157425
恒生指数,0.30575782386182004,0.39473022267146424,0.26701933679255657,0.0,0.4577603561697352,0.3128940458014038,0.2615928506271703,0.30228989561129904,0.3058210797629819
韩国综合指数,0.3109176984160638,0.430299829268509,0.27245553303678693,0.4577603561697352,0.0,0.30173440677639085,0.2461940796213432,0.29696012083093426,0.30351111819013893
荷兰AEX,0.6281529071344573,0.2897521458304193,0.3492423195647723,0.3128940458014038,0.30173440677639085,0.0,0.23455121283510155,0.42542971895237286,0.3496747946199275
Costa Rica Indice Accionario,0.2446188892554771,0.25176933353666076,0.24478554703365588,0.2615928506271703,0.2461940796213432,0.23455121283510155,0.0,0.24464435694620557,0.25260970857874504
加拿大多伦多S&P/TSX 综合指数,0.4270489972534261,0.29219675523602956,0.3715621336046701,0.30228989561129904,0.29696012083093426,0.42542971895237286,0.24464435694620557,0.0,0.35490730807730386
S&P CLX IPSA,0.3556090535180871,0.2902681655397528,0.32377100306157425,0.3058210797629819,0.30351111819013893,0.3496747946199275,0.25260970857874504,0.35490730807730386,0.0
