,比利时BFX,日经225,墨西哥BOLSA,恒生指数,韩国综合指数,荷兰AEX,Costa Rica Indice Accionario,加拿大多伦多S&P/TSX 综合指数,S&P CLX IPSA
比利时BFX,0.0,0.29122828464972483,0.39666857199840105,0.30365420757691863,0.295253021949557,0.6563351400242279,0.2665801633794804,0.433925146346159,0.38294598850028716
日经225,0.29122828464972483,0.0,0.2521866467612321,0.41818954123629964,0.45843313006336883,0.2813594289404257,0.2402117550615277,0.2735152780908697,0.2952279902682306
墨西哥BOLSA,0.39666857199840105,0.2521866467612321,0.0,0.25683465840197633,0.2727082970661188,0.40853249158582855,0.24052681050884742,0.4538400272344305,0.3868856969756867
恒生指数,0.30365420757691863,0.41818954123629964,0.25683465840197633,0.0,0.46417463312657975,0.29263181824175793,0.2629303283872851,0.28231998962703025,0.2960324682616488
韩国综合指数,0.295253021949557,0.45843313006336883,0.2727082970661188,0.46417463312657975,0.0,0.2838469631116335,0.2584332726310484,0.2899194987682294,0.3074062066886173
荷兰AEX,0.6563351400242279,0.2813594289404257,0.40853249158582855,0.29263181824175793,0.2838469631116335,0.0,0.2654986838779174,0.44823227498837576,0.40482760295932513
Costa Rica Indice Accionario,0.2665801633794804,0.2402117550615277,0.24052681050884742,0.2629303283872851,0.2584332726310484,0.2654986838779174,0.0,0.26141707868966735,0.25386674380487556
加拿大多伦多S&P/TSX 综合指数,0.433925146346159,0.2735152780908697,0.4538400272344305,0.28231998962703025,0.2899194987682294,0.44823227498837576,0.26141707868966735,0.0,0.382385421033604
S&P CLX IPSA,0.38294598850028716,0.2952279902682306,0.3868856969756867,0.2960324682616488,0.3074062066886173,0.40482760295932513,0.25386674380487556,0.382385421033604,0.0
