,比利时BFX,日经225,墨西哥BOLSA,恒生指数,韩国综合指数,荷兰AEX,Costa Rica Indice Accionario,加拿大多伦多S&P/TSX 综合指数,S&P CLX IPSA
比利时BFX,0.0,0.3017859798272111,0.41641452513915206,0.328242672474215,0.31005963161083844,0.6991811800426674,0.26237374830758625,0.44113403155895864,0.417051234579067
日经225,0.3017859798272111,0.0,0.2754435517838377,0.4521281719768658,0.4756185178678079,0.3053252835891752,0.25387411934914794,0.2892877828164957,0.3082469457997845
墨西哥BOLSA,0.41641452513915206,0.2754435517838377,0.0,0.2837923882756808,0.2999108782348117,0.4352743456746818,0.24704942071864225,0.4778285277386117,0.42994172050398954
恒生指数,0.328242672474215,0.4521281719768658,0.2837923882756808,0.0,0.44775381941428505,0.33253856688631067,0.25911211122290745,0.3041394366164907,0.3210966881063687
韩国综合指数,0.31005963161083844,0.4756185178678079,0.2999108782348117,0.44775381941428505,0.0,0.32209708975525964,0.2577528393512567,0.29617925405610707,0.3192619416761054
荷兰AEX,0.6991811800426674,0.3053252835891752,0.4352743456746818,0.33253856688631067,0.32209708975525964,0.0,0.2584786823948842,0.45398952531876763,0.42608255274939816
Costa Rica Indice Accionario,0.26237374830758625,0.25387411934914794,0.24704942071864225,0.25911211122290745,0.2577528393512567,0.2584786823948842,0.0,0.2588699461411532,0.24669576523237804
加拿大多伦多S&P/TSX 综合指数,0.44113403155895864,0.2892877828164957,0.4778285277386117,0.3041394366164907,0.29617925405610707,0.45398952531876763,0.2588699461411532,0.0,0.48077960663805885
S&P CLX IPSA,0.417051234579067,0.3082469457997845,0.42994172050398954,0.3210966881063687,0.3192619416761054,0.42608255274939816,0.24669576523237804,0.48077960663805885,0.0
