,比利时BFX,日经225,墨西哥BOLSA,恒生指数,韩国综合指数,荷兰AEX,Costa Rica Indice Accionario,加拿大多伦多S&P/TSX 综合指数,S&P CLX IPSA
比利时BFX,0.0,0.29543874700119005,0.36114626675259587,0.3159611433104213,0.30244463482505823,0.6406939846991695,0.26381553778587297,0.41607384001281583,0.35741730403880567
日经225,0.29543874700119005,0.0,0.2633634653725776,0.42157486111766257,0.45951559110426154,0.28795475056056563,0.23830140975007433,0.2897868645021006,0.2966987499038803
墨西哥BOLSA,0.36114626675259587,0.2633634653725776,0.0,0.2687268829067619,0.2791907067606235,0.3670556320544199,0.23550005339544114,0.3896227901170721,0.3223747479566724
恒生指数,0.3159611433104213,0.42157486111766257,0.2687268829067619,0.0,0.4785868951852231,0.3107800125791132,0.26155181938123756,0.3114005138536597,0.3103872864060254
韩国综合指数,0.30244463482505823,0.45951559110426154,0.2791907067606235,0.4785868951852231,0.0,0.28924408814533453,0.2604878640368085,0.3036878786303901,0.3038712234894377
荷兰AEX,0.6406939846991695,0.28795475056056563,0.3670556320544199,0.3107800125791132,0.28924408814533453,0.0,0.2615702543306141,0.4186818739749603,0.36527725704838737
Costa Rica Indice Accionario,0.26381553778587297,0.23830140975007433,0.23550005339544114,0.26155181938123756,0.2604878640368085,0.2615702543306141,0.0,0.2588594366974533,0.2542253936328388
加拿大多伦多S&P/TSX 综合指数,0.41607384001281583,0.2897868645021006,0.3896227901170721,0.3114005138536597,0.3036878786303901,0.4186818739749603,0.2588594366974533,0.0,0.34179346054975857
S&P CLX IPSA,0.35741730403880567,0.2966987499038803,0.3223747479566724,0.3103872864060254,0.3038712234894377,0.36527725704838737,0.2542253936328388,0.34179346054975857,0.0
