,比利时BFX,日经225,墨西哥BOLSA,恒生指数,韩国综合指数,荷兰AEX,Costa Rica Indice Accionario,加拿大多伦多S&P/TSX 综合指数,S&P CLX IPSA
比利时BFX,0.0,0.2933063540649848,0.3849112971528631,0.31121596074447866,0.2944453227109706,0.65611714225249,0.26623178827845506,0.42844145480227874,0.3734795969562445
日经225,0.2933063540649848,0.0,0.2564577081613758,0.4008052976957413,0.4541730251754959,0.28643883160695294,0.2393012190338361,0.28323176852672016,0.28958388581393907
墨西哥BOLSA,0.3849112971528631,0.2564577081613758,0.0,0.26764535523321237,0.2741213603184078,0.38955709344875805,0.24034503839257101,0.4192909844372944,0.3616674336177136
恒生指数,0.31121596074447866,0.4008052976957413,0.26764535523321237,0.0,0.44299874396268707,0.3060986388888614,0.2624086808762213,0.29582307308622313,0.30438915070301764
韩国综合指数,0.2944453227109706,0.4541730251754959,0.2741213603184078,0.44299874396268707,0.0,0.2836911038479067,0.2600225376245932,0.2911604400966954,0.298510149932091
荷兰AEX,0.65611714225249,0.28643883160695294,0.38955709344875805,0.3060986388888614,0.2836911038479067,0.0,0.265288838212464,0.4397446605791674,0.3862430999906758
Costa Rica Indice Accionario,0.26623178827845506,0.2393012190338361,0.24034503839257101,0.2624086808762213,0.2600225376245932,0.265288838212464,0.0,0.26602483965052537,0.2591816030223263
加拿大多伦多S&P/TSX 综合指数,0.42844145480227874,0.28323176852672016,0.4192909844372944,0.29582307308622313,0.2911604400966954,0.4397446605791674,0.26602483965052537,0.0,0.3672058750782552
S&P CLX IPSA,0.3734795969562445,0.28958388581393907,0.3616674336177136,0.30438915070301764,0.298510149932091,0.3862430999906758,0.2591816030223263,0.3672058750782552,0.0
