,比利时BFX,日经225,墨西哥BOLSA,恒生指数,韩国综合指数,荷兰AEX,Costa Rica Indice Accionario,加拿大多伦多S&P/TSX 综合指数,S&P CLX IPSA
比利时BFX,0.0,0.2986538319198186,0.4261382372681711,0.3189977602092647,0.3039476695498768,0.6944260717755161,0.26456861880346527,0.4507629483236878,0.4246752408025612
日经225,0.2986538319198186,0.0,0.27045810189419695,0.4499297721595928,0.45548376506706806,0.3033099520903239,0.24451698775557698,0.29060803237593397,0.316472672607123
墨西哥BOLSA,0.4261382372681711,0.27045810189419695,0.0,0.2789782112577855,0.2953613707745622,0.44034792434281717,0.24354078724727898,0.4770488753625748,0.4313644152892721
恒生指数,0.3189977602092647,0.4499297721595928,0.2789782112577855,0.0,0.44620965939203294,0.32204045566517253,0.259410838455138,0.2999890028073604,0.3260195279201492
韩国综合指数,0.3039476695498768,0.45548376506706806,0.2953613707745622,0.44620965939203294,0.0,0.3146526077099366,0.2590629979079948,0.2936879171373588,0.32471709496450474
荷兰AEX,0.6944260717755161,0.3033099520903239,0.44034792434281717,0.32204045566517253,0.3146526077099366,0.0,0.26479424548674296,0.4612026177318618,0.4356505384201187
Costa Rica Indice Accionario,0.26456861880346527,0.24451698775557698,0.24354078724727898,0.259410838455138,0.2590629979079948,0.26479424548674296,0.0,0.2572321093586973,0.2507359482416967
加拿大多伦多S&P/TSX 综合指数,0.4507629483236878,0.29060803237593397,0.4770488753625748,0.2999890028073604,0.2936879171373588,0.4612026177318618,0.2572321093586973,0.0,0.4830871091907526
S&P CLX IPSA,0.4246752408025612,0.316472672607123,0.4313644152892721,0.3260195279201492,0.32471709496450474,0.4356505384201187,0.2507359482416967,0.4830871091907526,0.0
