,比利时BFX,日经225,墨西哥BOLSA,恒生指数,韩国综合指数,荷兰AEX,Costa Rica Indice Accionario,加拿大多伦多S&P/TSX 综合指数,S&P CLX IPSA
比利时BFX,0.0,0.3022034891001568,0.4146202249487471,0.32737856784973485,0.31126278655395007,0.7024832840578941,0.2638870042135782,0.4373729029809468,0.41561124803640215
日经225,0.3022034891001568,0.0,0.2756212544080637,0.46044749882932134,0.4693420223643246,0.30333727473098115,0.2473339335702812,0.2920670237815964,0.31218779650027567
墨西哥BOLSA,0.4146202249487471,0.2756212544080637,0.0,0.28049361695426267,0.29710783411298886,0.43546597419617605,0.24102273263122198,0.47287339170576503,0.4285321436767591
恒生指数,0.32737856784973485,0.46044749882932134,0.28049361695426267,0.0,0.4539682817510078,0.3288830275516504,0.2594396819109129,0.30150275722532444,0.32326917361502505
韩国综合指数,0.31126278655395007,0.4693420223643246,0.29710783411298886,0.4539682817510078,0.0,0.3216023904806087,0.26009751390665464,0.2965673179824697,0.3212926912745432
荷兰AEX,0.7024832840578941,0.30333727473098115,0.43546597419617605,0.3288830275516504,0.3216023904806087,0.0,0.2639276693680959,0.45303667079969634,0.4274583061500315
Costa Rica Indice Accionario,0.2638870042135782,0.2473339335702812,0.24102273263122198,0.2594396819109129,0.26009751390665464,0.2639276693680959,0.0,0.25355232925219423,0.2498575977540367
加拿大多伦多S&P/TSX 综合指数,0.4373729029809468,0.2920670237815964,0.47287339170576503,0.30150275722532444,0.2965673179824697,0.45303667079969634,0.25355232925219423,0.0,0.4791111639984135
S&P CLX IPSA,0.41561124803640215,0.31218779650027567,0.4285321436767591,0.32326917361502505,0.3212926912745432,0.4274583061500315,0.2498575977540367,0.4791111639984135,0.0
