,比利时BFX,日经225,墨西哥BOLSA,恒生指数,韩国综合指数,荷兰AEX,Costa Rica Indice Accionario,加拿大多伦多S&P/TSX 综合指数,S&P CLX IPSA
比利时BFX,0.0,0.30122267376841555,0.41807486000500094,0.32753872064153755,0.3095949098017712,0.7018941117904901,0.2648407487351886,0.442694998857767,0.41942598468224895
日经225,0.30122267376841555,0.0,0.2731654366247124,0.45920554195359536,0.46801146465557414,0.3037205873259174,0.24563441463900076,0.29016031430206923,0.3146105131403546
墨西哥BOLSA,0.41807486000500094,0.2731654366247124,0.0,0.2814799323765539,0.29634976044030104,0.43828041860029465,0.24325068592523563,0.47401092003080547,0.43675348691876387
恒生指数,0.32753872064153755,0.45920554195359536,0.2814799323765539,0.0,0.4505260231216641,0.3297014090103342,0.25962411546948294,0.30304606844248405,0.3256834640735794
韩国综合指数,0.3095949098017712,0.46801146465557414,0.29634976044030104,0.4505260231216641,0.0,0.32040121528956284,0.25965520892818855,0.2957748115740802,0.32474240097772666
荷兰AEX,0.7018941117904901,0.3037205873259174,0.43828041860029465,0.3297014090103342,0.32040121528956284,0.0,0.26548829117255557,0.4557516795842702,0.4334017450866213
Costa Rica Indice Accionario,0.2648407487351886,0.24563441463900076,0.24325068592523563,0.25962411546948294,0.25965520892818855,0.26548829117255557,0.0,0.25767265516338383,0.2503369894665848
加拿大多伦多S&P/TSX 综合指数,0.442694998857767,0.29016031430206923,0.47401092003080547,0.30304606844248405,0.2957748115740802,0.4557516795842702,0.25767265516338383,0.0,0.485176403334292
S&P CLX IPSA,0.41942598468224895,0.3146105131403546,0.43675348691876387,0.3256834640735794,0.32474240097772666,0.4334017450866213,0.2503369894665848,0.485176403334292,0.0
