,比利时BFX,日经225,墨西哥BOLSA,恒生指数,韩国综合指数,荷兰AEX,Costa Rica Indice Accionario,加拿大多伦多S&P/TSX 综合指数,S&P CLX IPSA
比利时BFX,0.0,0.29167226480912883,0.42660215011084013,0.3139212415830278,0.2970202193570933,0.6892258713063011,0.2652774259381491,0.4493723210953472,0.42358277098524416
日经225,0.29167226480912883,0.0,0.2699890727120787,0.44092086987783063,0.44815286471764554,0.2929176938834833,0.24442919902014826,0.2865707462882621,0.3112459690302775
墨西哥BOLSA,0.42660215011084013,0.2699890727120787,0.0,0.2803528714168132,0.29251346933738565,0.44198869884055647,0.2431948683989375,0.4835191103802882,0.4361290572068413
恒生指数,0.3139212415830278,0.44092086987783063,0.2803528714168132,0.0,0.44265459600509005,0.31644898716653463,0.258857961555942,0.2976695125692981,0.3247023026392608
韩国综合指数,0.2970202193570933,0.44815286471764554,0.29251346933738565,0.44265459600509005,0.0,0.3051118816353289,0.25901612257100154,0.2875728376928404,0.317902190387416
荷兰AEX,0.6892258713063011,0.2929176938834833,0.44198869884055647,0.31644898716653463,0.3051118816353289,0.0,0.2652955822114242,0.46134880314622784,0.43201714751197295
Costa Rica Indice Accionario,0.2652774259381491,0.24442919902014826,0.2431948683989375,0.258857961555942,0.25901612257100154,0.2652955822114242,0.0,0.25868596194499127,0.2526970062272092
加拿大多伦多S&P/TSX 综合指数,0.4493723210953472,0.2865707462882621,0.4835191103802882,0.2976695125692981,0.2875728376928404,0.46134880314622784,0.25868596194499127,0.0,0.4734193934434573
S&P CLX IPSA,0.42358277098524416,0.3112459690302775,0.4361290572068413,0.3247023026392608,0.317902190387416,0.43201714751197295,0.2526970062272092,0.4734193934434573,0.0
