,比利时BFX,日经225,墨西哥BOLSA,恒生指数,韩国综合指数,荷兰AEX,Costa Rica Indice Accionario,加拿大多伦多S&P/TSX 综合指数,S&P CLX IPSA
比利时BFX,0.0,0.3021562071714463,0.4178819519821547,0.32803240776315873,0.30979258460228176,0.7029627071442475,0.2648292444672539,0.44172210192138583,0.41861033868450337
日经225,0.3021562071714463,0.0,0.2749077708353536,0.45911025851689147,0.4714593365685915,0.3043890995886095,0.24560337089887313,0.2932514366157714,0.3139730590102307
墨西哥BOLSA,0.4178819519821547,0.2749077708353536,0.0,0.28217425705983606,0.29806999213232727,0.4388667792865277,0.24322671497254178,0.4752480585179612,0.431414921042067
恒生指数,0.32803240776315873,0.45911025851689147,0.28217425705983606,0.0,0.4511825821027654,0.3300961246544951,0.259533255468013,0.3049130224054789,0.32529539866747315
韩国综合指数,0.30979258460228176,0.4714593365685915,0.29806999213232727,0.4511825821027654,0.0,0.32095596167009,0.2595620645916132,0.29741568491686005,0.32314430881224904
荷兰AEX,0.7029627071442475,0.3043890995886095,0.4388667792865277,0.3300961246544951,0.32095596167009,0.0,0.2655052525161321,0.4564654750749517,0.4316517525804921
Costa Rica Indice Accionario,0.2648292444672539,0.24560337089887313,0.24322671497254178,0.259533255468013,0.2595620645916132,0.2655052525161321,0.0,0.25759147746259853,0.25025571449530803
加拿大多伦多S&P/TSX 综合指数,0.44172210192138583,0.2932514366157714,0.4752480585179612,0.3049130224054789,0.29741568491686005,0.4564654750749517,0.25759147746259853,0.0,0.4786101434028882
S&P CLX IPSA,0.41861033868450337,0.3139730590102307,0.431414921042067,0.32529539866747315,0.32314430881224904,0.4316517525804921,0.25025571449530803,0.4786101434028882,0.0
