,比利时BFX,日经225,墨西哥BOLSA,恒生指数,韩国综合指数,荷兰AEX,Costa Rica Indice Accionario,加拿大多伦多S&P/TSX 综合指数,S&P CLX IPSA
比利时BFX,0.0,0.3081360605392787,0.3645913012397995,0.31210345461139466,0.3142286424846472,0.6391706967658951,0.24731282146737965,0.4319032355223181,0.35680764242386714
日经225,0.3081360605392787,0.0,0.2677151818196738,0.40747447613853566,0.4469641418366352,0.29771179616597754,0.2520431982928633,0.2946359651733192,0.2964374166612108
墨西哥BOLSA,0.3645913012397995,0.2677151818196738,0.0,0.2758905413513964,0.27699570976701143,0.3623371933098249,0.2497227265566837,0.3813456846865295,0.32445350400196094
恒生指数,0.31210345461139466,0.40747447613853566,0.2758905413513964,0.0,0.45979376979792197,0.3199278989365778,0.26525550499941664,0.30840786501853557,0.30525611283297965
韩国综合指数,0.3142286424846472,0.4469641418366352,0.27699570976701143,0.45979376979792197,0.0,0.3062321709917984,0.2480236774695515,0.2997492080832289,0.308791774826704
荷兰AEX,0.6391706967658951,0.29771179616597754,0.3623371933098249,0.3199278989365778,0.3062321709917984,0.0,0.23771711158409622,0.43019841264473385,0.35372297653038776
Costa Rica Indice Accionario,0.24731282146737965,0.2520431982928633,0.2497227265566837,0.26525550499941664,0.2480236774695515,0.23771711158409622,0.0,0.2474488410309581,0.25355435985915237
加拿大多伦多S&P/TSX 综合指数,0.4319032355223181,0.2946359651733192,0.3813456846865295,0.30840786501853557,0.2997492080832289,0.43019841264473385,0.2474488410309581,0.0,0.3535527455533796
S&P CLX IPSA,0.35680764242386714,0.2964374166612108,0.32445350400196094,0.30525611283297965,0.308791774826704,0.35372297653038776,0.25355435985915237,0.3535527455533796,0.0
