,比利时BFX,日经225,墨西哥BOLSA,恒生指数,韩国综合指数,荷兰AEX,Costa Rica Indice Accionario,加拿大多伦多S&P/TSX 综合指数,S&P CLX IPSA
比利时BFX,0.0,0.3079550433478239,0.3679156257000285,0.3135845883058111,0.3099291087973446,0.6476392229834637,0.2472974953707086,0.41915144343556415,0.3619873001832406
日经225,0.3079550433478239,0.0,0.2636923353549692,0.421911980136694,0.4616659631941669,0.304311306842014,0.24371303497121982,0.2932405507186425,0.30326255579509304
墨西哥BOLSA,0.3679156257000285,0.2636923353549692,0.0,0.2738580540362388,0.27283454301847543,0.3658376100506921,0.25173932594297216,0.3770346121289456,0.32814324437568043
恒生指数,0.3135845883058111,0.421911980136694,0.2738580540362388,0.0,0.46962580597208803,0.3176665536276779,0.25246655014569563,0.3051332093689081,0.3154600279738606
韩国综合指数,0.3099291087973446,0.4616659631941669,0.27283454301847543,0.46962580597208803,0.0,0.2987230928186602,0.23922433640967378,0.29414064678785895,0.31462248086696704
荷兰AEX,0.6476392229834637,0.304311306842014,0.3658376100506921,0.3176665536276779,0.2987230928186602,0.0,0.23797934179320793,0.4201488697619218,0.3584973822494423
Costa Rica Indice Accionario,0.2472974953707086,0.24371303497121982,0.25173932594297216,0.25246655014569563,0.23922433640967378,0.23797934179320793,0.0,0.24799849976125973,0.24680720617266852
加拿大多伦多S&P/TSX 综合指数,0.41915144343556415,0.2932405507186425,0.3770346121289456,0.3051332093689081,0.29414064678785895,0.4201488697619218,0.24799849976125973,0.0,0.3465702742062208
S&P CLX IPSA,0.3619873001832406,0.30326255579509304,0.32814324437568043,0.3154600279738606,0.31462248086696704,0.3584973822494423,0.24680720617266852,0.3465702742062208,0.0
