,比利时BFX,日经225,墨西哥BOLSA,恒生指数,韩国综合指数,荷兰AEX,Costa Rica Indice Accionario,加拿大多伦多S&P/TSX 综合指数,S&P CLX IPSA
比利时BFX,0.0,0.30665819889956575,0.3566467177822584,0.30620155734823673,0.31312505433701376,0.6316435441841891,0.2443278683533499,0.4246200111090503,0.35599605411241303
日经225,0.30665819889956575,0.0,0.26463671674631306,0.3991630441820853,0.44462944340343324,0.292659152376571,0.25011061641298765,0.29117983133438197,0.29359921178712656
墨西哥BOLSA,0.3566467177822584,0.26463671674631306,0.0,0.2680372419667321,0.272806580603608,0.35340948347418616,0.24576774004991744,0.3764203077039713,0.32181050892025326
恒生指数,0.30620155734823673,0.3991630441820853,0.2680372419667321,0.0,0.4530483799855639,0.3134944017497395,0.2604852817812344,0.3034362467421104,0.3020369565887264
韩国综合指数,0.31312505433701376,0.44462944340343324,0.272806580603608,0.4530483799855639,0.0,0.3032986846174715,0.24529678111957617,0.2966916877489926,0.30453970770910366
荷兰AEX,0.6316435441841891,0.292659152376571,0.35340948347418616,0.3134944017497395,0.3032986846174715,0.0,0.23458799957120038,0.42335988308883066,0.34925912192040265
Costa Rica Indice Accionario,0.2443278683533499,0.25011061641298765,0.24576774004991744,0.2604852817812344,0.24529678111957617,0.23458799957120038,0.0,0.2444943651805115,0.25209944122571876
加拿大多伦多S&P/TSX 综合指数,0.4246200111090503,0.29117983133438197,0.3764203077039713,0.3034362467421104,0.2966916877489926,0.42335988308883066,0.2444943651805115,0.0,0.3499683834234673
S&P CLX IPSA,0.35599605411241303,0.29359921178712656,0.32181050892025326,0.3020369565887264,0.30453970770910366,0.34925912192040265,0.25209944122571876,0.3499683834234673,0.0
