,比利时BFX,日经225,墨西哥BOLSA,恒生指数,韩国综合指数,荷兰AEX,Costa Rica Indice Accionario,加拿大多伦多S&P/TSX 综合指数,S&P CLX IPSA
比利时BFX,0.0,0.2844636323708178,0.4029626447732919,0.29842518517944244,0.29190828582459943,0.6561946783408035,0.2669956568127945,0.4250113393535548,0.3748058058563093
日经225,0.2844636323708178,0.0,0.25309684450060044,0.41992096104074045,0.4596624548311709,0.27710346723198115,0.24029554480324206,0.2762742970871173,0.29661526289597573
墨西哥BOLSA,0.4029626447732919,0.25309684450060044,0.0,0.2577664063470694,0.2737905019996197,0.4135130602274546,0.24057145235932736,0.4486658516224958,0.3856686359006935
恒生指数,0.29842518517944244,0.41992096104074045,0.2577664063470694,0.0,0.4635339084205276,0.2886666715129605,0.26311815173331154,0.28509228623521443,0.2969214183033294
韩国综合指数,0.29190828582459943,0.4596624548311709,0.2737905019996197,0.4635339084205276,0.0,0.28148384732987114,0.2585189029479967,0.2917511348615269,0.30792949626100374
荷兰AEX,0.6561946783408035,0.27710346723198115,0.4135130602274546,0.2886666715129605,0.28148384732987114,0.0,0.26567902633991947,0.4396119698309398,0.39723794370581195
Costa Rica Indice Accionario,0.2669956568127945,0.24029554480324206,0.24057145235932736,0.26311815173331154,0.2585189029479967,0.26567902633991947,0.0,0.2612191233464131,0.253860070565314
加拿大多伦多S&P/TSX 综合指数,0.4250113393535548,0.2762742970871173,0.4486658516224958,0.28509228623521443,0.2917511348615269,0.4396119698309398,0.2612191233464131,0.0,0.3869179342531541
S&P CLX IPSA,0.3748058058563093,0.29661526289597573,0.3856686359006935,0.2969214183033294,0.30792949626100374,0.39723794370581195,0.253860070565314,0.3869179342531541,0.0
