,比利时BFX,日经225,墨西哥BOLSA,恒生指数,韩国综合指数,荷兰AEX,Costa Rica Indice Accionario,加拿大多伦多S&P/TSX 综合指数,S&P CLX IPSA
比利时BFX,0.0,0.29985809627633625,0.3622246040715788,0.3168780573253429,0.30683994347645266,0.636736509729354,0.26399030352887065,0.41357831731472355,0.3564075463856884
日经225,0.29985809627633625,0.0,0.26338537371613513,0.4232627009222215,0.45815092588328593,0.29237314804477593,0.23830152572797667,0.2922334235937252,0.2987285121192358
墨西哥BOLSA,0.3622246040715788,0.26338537371613513,0.0,0.26835080166485853,0.2790248234269038,0.36913569212891145,0.23551623953120157,0.3905789544974634,0.3216904758078977
恒生指数,0.3168780573253429,0.4232627009222215,0.26835080166485853,0.0,0.4809130914280674,0.3114389476498203,0.2615189022313081,0.3112964872523358,0.31084802966578057
韩国综合指数,0.30683994347645266,0.45815092588328593,0.2790248234269038,0.4809130914280674,0.0,0.2932370093905089,0.2605526312681016,0.3060260576264485,0.30605802083313427
荷兰AEX,0.636736509729354,0.29237314804477593,0.36913569212891145,0.3114389476498203,0.2932370093905089,0.0,0.26177491071679027,0.4166167959808253,0.3637734674133113
Costa Rica Indice Accionario,0.26399030352887065,0.23830152572797667,0.23551623953120157,0.2615189022313081,0.2605526312681016,0.26177491071679027,0.0,0.2589065828623319,0.25419483480306604
加拿大多伦多S&P/TSX 综合指数,0.41357831731472355,0.2922334235937252,0.3905789544974634,0.3112964872523358,0.3060260576264485,0.4166167959808253,0.2589065828623319,0.0,0.34016573806733685
S&P CLX IPSA,0.3564075463856884,0.2987285121192358,0.3216904758078977,0.31084802966578057,0.30605802083313427,0.3637734674133113,0.25419483480306604,0.34016573806733685,0.0
