,比利时BFX,日经225,墨西哥BOLSA,恒生指数,韩国综合指数,荷兰AEX,Costa Rica Indice Accionario,加拿大多伦多S&P/TSX 综合指数,S&P CLX IPSA
比利时BFX,0.0,0.29355927394008596,0.383850119606755,0.31068881153059813,0.29568189993101884,0.6555382295145886,0.2654090734977885,0.4282517494682037,0.37253547183866187
日经225,0.29355927394008596,0.0,0.2568114553641501,0.4011385789239422,0.45481047550145054,0.2869328855762046,0.23945025718112228,0.28432967445705615,0.29078839373332555
墨西哥BOLSA,0.383850119606755,0.2568114553641501,0.0,0.2666504615301209,0.2763644125972404,0.3874394877687283,0.2386561863040799,0.4151996341893028,0.35750120787693035
恒生指数,0.31068881153059813,0.4011385789239422,0.2666504615301209,0.0,0.44548807154534276,0.30537403743591773,0.2618197261236794,0.2948682297242652,0.3035287660846108
韩国综合指数,0.29568189993101884,0.45481047550145054,0.2763644125972404,0.44548807154534276,0.0,0.2854435912682266,0.26107532884995943,0.29486282440275896,0.3024521341678475
荷兰AEX,0.6555382295145886,0.2869328855762046,0.3874394877687283,0.30537403743591773,0.2854435912682266,0.0,0.2641680711993579,0.43807760422722025,0.38408496592470226
Costa Rica Indice Accionario,0.2654090734977885,0.23945025718112228,0.2386561863040799,0.2618197261236794,0.26107532884995943,0.2641680711993579,0.0,0.2639849197446466,0.25712067223732077
加拿大多伦多S&P/TSX 综合指数,0.4282517494682037,0.28432967445705615,0.4151996341893028,0.2948682297242652,0.29486282440275896,0.43807760422722025,0.2639849197446466,0.0,0.3618460060156846
S&P CLX IPSA,0.37253547183866187,0.29078839373332555,0.35750120787693035,0.3035287660846108,0.3024521341678475,0.38408496592470226,0.25712067223732077,0.3618460060156846,0.0
