,比利时BFX,日经225,墨西哥BOLSA,恒生指数,韩国综合指数,荷兰AEX,Costa Rica Indice Accionario,加拿大多伦多S&P/TSX 综合指数,S&P CLX IPSA
比利时BFX,0.0,0.30157103385330514,0.42149016469286993,0.32819528448944335,0.30877827638658767,0.7067674158486953,0.259210247244997,0.44037403310521855,0.418827856216529
日经225,0.30157103385330514,0.0,0.2804617161700321,0.44869866906479644,0.4711159332483602,0.30673840554364373,0.24779365681313376,0.2936413473896497,0.3086752451562044
墨西哥BOLSA,0.42149016469286993,0.2804617161700321,0.0,0.2888119372514765,0.3046231923139789,0.44240422291242515,0.24890249402118067,0.4802757472680601,0.4349770529101641
恒生指数,0.32819528448944335,0.44869866906479644,0.2888119372514765,0.0,0.44861868050084336,0.3341335178771513,0.2554096553473507,0.3071133843132373,0.3243428988333557
韩国综合指数,0.30877827638658767,0.4711159332483602,0.3046231923139789,0.44861868050084336,0.0,0.323186585465721,0.2548578212919718,0.29794907161102074,0.32149945816623715
荷兰AEX,0.7067674158486953,0.30673840554364373,0.44240422291242515,0.3341335178771513,0.323186585465721,0.0,0.2533741037755283,0.4531335371729406,0.4290356861642452
Costa Rica Indice Accionario,0.259210247244997,0.24779365681313376,0.24890249402118067,0.2554096553473507,0.2548578212919718,0.2533741037755283,0.0,0.25299345539967644,0.24834863395378937
加拿大多伦多S&P/TSX 综合指数,0.44037403310521855,0.2936413473896497,0.4802757472680601,0.3071133843132373,0.29794907161102074,0.4531335371729406,0.25299345539967644,0.0,0.4808005273109516
S&P CLX IPSA,0.418827856216529,0.3086752451562044,0.4349770529101641,0.3243428988333557,0.32149945816623715,0.4290356861642452,0.24834863395378937,0.4808005273109516,0.0
