,比利时BFX,日经225,墨西哥BOLSA,恒生指数,韩国综合指数,荷兰AEX,Costa Rica Indice Accionario,加拿大多伦多S&P/TSX 综合指数,S&P CLX IPSA
比利时BFX,0.0,0.30247972304270637,0.4225412651014403,0.3276917086307589,0.3096080303242909,0.6981396612060143,0.2590692545262895,0.44071700604447556,0.4175856008369913
日经225,0.30247972304270637,0.0,0.27940872493429625,0.44891812793046415,0.4733083108213548,0.3071780301750192,0.24800696942223788,0.2921275426142017,0.30884957540946717
墨西哥BOLSA,0.4225412651014403,0.27940872493429625,0.0,0.28777652681544097,0.30432168216658095,0.4421395275723828,0.2489993394259907,0.4800071141921779,0.43349875286348727
恒生指数,0.3276917086307589,0.44891812793046415,0.28777652681544097,0.0,0.44553802348199467,0.3330998009198423,0.25543281346695673,0.30629340730333693,0.3227147440026602
韩国综合指数,0.3096080303242909,0.4733083108213548,0.30432168216658095,0.44553802348199467,0.0,0.323539764567575,0.2549665909795277,0.2976670257136975,0.3205460762438642
荷兰AEX,0.6981396612060143,0.3071780301750192,0.4421395275723828,0.3330998009198423,0.323539764567575,0.0,0.2534096293723169,0.45358061567662705,0.42842839345034417
Costa Rica Indice Accionario,0.2590692545262895,0.24800696942223788,0.2489993394259907,0.25543281346695673,0.2549665909795277,0.2534096293723169,0.0,0.2530736070986487,0.24859006652520196
加拿大多伦多S&P/TSX 综合指数,0.44071700604447556,0.2921275426142017,0.4800071141921779,0.30629340730333693,0.2976670257136975,0.45358061567662705,0.2530736070986487,0.0,0.4819160523768682
S&P CLX IPSA,0.4175856008369913,0.30884957540946717,0.43349875286348727,0.3227147440026602,0.3205460762438642,0.42842839345034417,0.24859006652520196,0.4819160523768682,0.0
