,比利时BFX,日经225,墨西哥BOLSA,恒生指数,韩国综合指数,荷兰AEX,Costa Rica Indice Accionario,加拿大多伦多S&P/TSX 综合指数,S&P CLX IPSA
比利时BFX,0.0,0.2725865243312644,0.32702275632505823,0.3331058246278398,0.291165322204754,0.5725671610994387,0.23887009672774817,0.3643635609019249,0.31887927240804337
日经225,0.2725865243312644,0.0,0.2729263695924655,0.3416644552616817,0.32158744092293506,0.28603010346474284,0.24641011403156854,0.26474892731768057,0.25688618313163053
墨西哥BOLSA,0.32702275632505823,0.2729263695924655,0.0,0.301611754897916,0.2981335415036039,0.31872718612294476,0.24777214525062172,0.3430464396910544,0.34923704009964257
恒生指数,0.3331058246278398,0.3416644552616817,0.301611754897916,0.0,0.3910975742598787,0.3457522106241152,0.24839231128882502,0.30831017805341787,0.31286857331166223
韩国综合指数,0.291165322204754,0.32158744092293506,0.2981335415036039,0.3910975742598787,0.0,0.2988857649788572,0.2542269603288578,0.29686266379313647,0.3164588243540826
荷兰AEX,0.5725671610994387,0.28603010346474284,0.31872718612294476,0.3457522106241152,0.2988857649788572,0.0,0.2429770529737396,0.35643980834908906,0.3078034950220368
Costa Rica Indice Accionario,0.23887009672774817,0.24641011403156854,0.24777214525062172,0.24839231128882502,0.2542269603288578,0.2429770529737396,0.0,0.24388942613057182,0.25228073434922615
加拿大多伦多S&P/TSX 综合指数,0.3643635609019249,0.26474892731768057,0.3430464396910544,0.30831017805341787,0.29686266379313647,0.35643980834908906,0.24388942613057182,0.0,0.3366026168467253
S&P CLX IPSA,0.31887927240804337,0.25688618313163053,0.34923704009964257,0.31286857331166223,0.3164588243540826,0.3078034950220368,0.25228073434922615,0.3366026168467253,0.0
