,比利时BFX,日经225,墨西哥BOLSA,恒生指数,韩国综合指数,荷兰AEX,Costa Rica Indice Accionario,加拿大多伦多S&P/TSX 综合指数,S&P CLX IPSA
比利时BFX,0.0,0.27472836805109957,0.3201510052768862,0.3279193566806206,0.3179784825512785,0.6110184868527208,0.23774912864314307,0.41162613676785637,0.3325510188201765
日经225,0.27472836805109957,0.0,0.2510024795798779,0.34170018555996207,0.32100925925517404,0.2628886268071271,0.2762495719032223,0.27854110817882816,0.2678878965814689
墨西哥BOLSA,0.3201510052768862,0.2510024795798779,0.0,0.2931464385619434,0.27188384815868455,0.3198943511165166,0.24460847814864606,0.34521803125553735,0.30029504539184065
恒生指数,0.3279193566806206,0.34170018555996207,0.2931464385619434,0.0,0.4506771193065456,0.3311157182318661,0.25256431855963796,0.3112878971725386,0.3062545229857301
韩国综合指数,0.3179784825512785,0.32100925925517404,0.27188384815868455,0.4506771193065456,0.0,0.3087940849169861,0.2469681808297304,0.306610912081328,0.2919773814848534
荷兰AEX,0.6110184868527208,0.2628886268071271,0.3198943511165166,0.3311157182318661,0.3087940849169861,0.0,0.23241349374322873,0.40711920871075197,0.31833665380612636
Costa Rica Indice Accionario,0.23774912864314307,0.2762495719032223,0.24460847814864606,0.25256431855963796,0.2469681808297304,0.23241349374322873,0.0,0.24693415308502345,0.25766422829982377
加拿大多伦多S&P/TSX 综合指数,0.41162613676785637,0.27854110817882816,0.34521803125553735,0.3112878971725386,0.306610912081328,0.40711920871075197,0.24693415308502345,0.0,0.3467432219946557
S&P CLX IPSA,0.3325510188201765,0.2678878965814689,0.30029504539184065,0.3062545229857301,0.2919773814848534,0.31833665380612636,0.25766422829982377,0.3467432219946557,0.0
