,比利时BFX,日经225,墨西哥BOLSA,恒生指数,韩国综合指数,荷兰AEX,Costa Rica Indice Accionario,加拿大多伦多S&P/TSX 综合指数,S&P CLX IPSA
比利时BFX,0.0,0.26848604619430283,0.30603946753713435,0.3174798345341255,0.30465039911356573,0.5724262951808495,0.23683407371444343,0.38086391623960064,0.3178095519225971
日经225,0.26848604619430283,0.0,0.24232664311695154,0.3387539383118317,0.2942801318479397,0.2630071936897039,0.26905796979926866,0.2699912344285933,0.2659192132242957
墨西哥BOLSA,0.30603946753713435,0.24232664311695154,0.0,0.2769897300160095,0.26182008998666223,0.2978968331841787,0.24487155475753788,0.328139633464356,0.3227938426353673
恒生指数,0.3174798345341255,0.3387539383118317,0.2769897300160095,0.0,0.3899654071283841,0.31962124708055323,0.24782196562350756,0.311006635521695,0.29831201109068634
韩国综合指数,0.30465039911356573,0.2942801318479397,0.26182008998666223,0.3899654071283841,0.0,0.2969079967622215,0.2451721325818542,0.29373706831894564,0.2895416731887647
荷兰AEX,0.5724262951808495,0.2630071936897039,0.2978968331841787,0.31962124708055323,0.2969079967622215,0.0,0.23238962883235204,0.3660411919478625,0.3009126611740601
Costa Rica Indice Accionario,0.23683407371444343,0.26905796979926866,0.24487155475753788,0.24782196562350756,0.2451721325818542,0.23238962883235204,0.0,0.24438072725036866,0.252653899081034
加拿大多伦多S&P/TSX 综合指数,0.38086391623960064,0.2699912344285933,0.328139633464356,0.311006635521695,0.29373706831894564,0.3660411919478625,0.24438072725036866,0.0,0.3601537178342981
S&P CLX IPSA,0.3178095519225971,0.2659192132242957,0.3227938426353673,0.29831201109068634,0.2895416731887647,0.3009126611740601,0.252653899081034,0.3601537178342981,0.0
