,比利时BFX,日经225,墨西哥BOLSA,恒生指数,韩国综合指数,荷兰AEX,Costa Rica Indice Accionario,加拿大多伦多S&P/TSX 综合指数,S&P CLX IPSA
比利时BFX,0.0,0.2713016794555296,0.3212186684133044,0.326451795068865,0.3119994308776956,0.6043789952389911,0.23852999201795114,0.3992739314156252,0.32228558509823857
日经225,0.2713016794555296,0.0,0.2517060672132444,0.3442446427386617,0.32152427261091726,0.26035829661298143,0.27650254240918454,0.27371542290918016,0.26553451693604724
墨西哥BOLSA,0.3212186684133044,0.2517060672132444,0.0,0.2972118420503209,0.27011028650284385,0.31851349593132694,0.2459808445459436,0.3633194542795231,0.3137982546817969
恒生指数,0.326451795068865,0.3442446427386617,0.2972118420503209,0.0,0.4417045177703185,0.323618732802876,0.2520976744572611,0.3093820584779452,0.30509384931847133
韩国综合指数,0.3119994308776956,0.32152427261091726,0.27011028650284385,0.4417045177703185,0.0,0.3025301933013882,0.24685273943721964,0.29490007811009333,0.28097129897059625
荷兰AEX,0.6043789952389911,0.26035829661298143,0.31851349593132694,0.323618732802876,0.3025301933013882,0.0,0.23284877259298847,0.3883707144838937,0.3068111090238074
Costa Rica Indice Accionario,0.23852999201795114,0.27650254240918454,0.2459808445459436,0.2520976744572611,0.24685273943721964,0.23284877259298847,0.0,0.24892489561051684,0.25659840372143317
加拿大多伦多S&P/TSX 综合指数,0.3992739314156252,0.27371542290918016,0.3633194542795231,0.3093820584779452,0.29490007811009333,0.3883707144838937,0.24892489561051684,0.0,0.3671906938870878
S&P CLX IPSA,0.32228558509823857,0.26553451693604724,0.3137982546817969,0.30509384931847133,0.28097129897059625,0.3068111090238074,0.25659840372143317,0.3671906938870878,0.0
