,比利时BFX,日经225,墨西哥BOLSA,恒生指数,韩国综合指数,荷兰AEX,Costa Rica Indice Accionario,加拿大多伦多S&P/TSX 综合指数,S&P CLX IPSA
比利时BFX,0.0,0.2696832697020237,0.33363498965659316,0.3300413382855251,0.29384477873334003,0.5698157704699851,0.2376924371985293,0.3700703797301118,0.3203340944965162
日经225,0.2696832697020237,0.0,0.2719737127067878,0.3367649913909736,0.32939139479471713,0.2825075693689441,0.24338746649555681,0.26791820766691576,0.2547669854434711
墨西哥BOLSA,0.33363498965659316,0.2719737127067878,0.0,0.3023502748225606,0.30599915571648806,0.31835987354347633,0.25068986915750086,0.3383366075367724,0.3553697236626815
恒生指数,0.3300413382855251,0.3367649913909736,0.3023502748225606,0.0,0.3925208401923829,0.3453642979996527,0.25019785528386324,0.3130479974467603,0.31519007219447776
韩国综合指数,0.29384477873334003,0.32939139479471713,0.30599915571648806,0.3925208401923829,0.0,0.3075935793863399,0.2555430807892192,0.30170213970140636,0.3205295363713655
荷兰AEX,0.5698157704699851,0.2825075693689441,0.31835987354347633,0.3453642979996527,0.3075935793863399,0.0,0.23980669111361122,0.35984532812960474,0.3076837870927002
Costa Rica Indice Accionario,0.2376924371985293,0.24338746649555681,0.25068986915750086,0.25019785528386324,0.2555430807892192,0.23980669111361122,0.0,0.24329832503565113,0.25075760174075273
加拿大多伦多S&P/TSX 综合指数,0.3700703797301118,0.26791820766691576,0.3383366075367724,0.3130479974467603,0.30170213970140636,0.35984532812960474,0.24329832503565113,0.0,0.33469804629843625
S&P CLX IPSA,0.3203340944965162,0.2547669854434711,0.3553697236626815,0.31519007219447776,0.3205295363713655,0.3076837870927002,0.25075760174075273,0.33469804629843625,0.0
