,比利时BFX,日经225,墨西哥BOLSA,恒生指数,韩国综合指数,荷兰AEX,Costa Rica Indice Accionario,加拿大多伦多S&P/TSX 综合指数,S&P CLX IPSA
比利时BFX,0.0,0.2959630139976418,0.33633634304261,0.32196634423180187,0.3195799143574361,0.6230663866827102,0.2396952923650703,0.40977922200354355,0.3461590188105644
日经225,0.2959630139976418,0.0,0.27099653884342106,0.3642223027951595,0.36917368387387817,0.28081484763207626,0.28711595671634293,0.28890589618438367,0.2878212277672945
墨西哥BOLSA,0.33633634304261,0.27099653884342106,0.0,0.28431261341110964,0.28119180139063016,0.3329853169173462,0.2394693710708152,0.3576563777364939,0.3118457802237691
恒生指数,0.32196634423180187,0.3642223027951595,0.28431261341110964,0.0,0.4615944530081693,0.33491407894731845,0.2522336198404119,0.30980907367534505,0.31223961557287083
韩国综合指数,0.3195799143574361,0.36917368387387817,0.28119180139063016,0.4615944530081693,0.0,0.31494600595118744,0.2456682999747879,0.30653841794973735,0.3120827632305549
荷兰AEX,0.6230663866827102,0.28081484763207626,0.3329853169173462,0.33491407894731845,0.31494600595118744,0.0,0.23665513870510285,0.40801610272879835,0.3339868848332967
Costa Rica Indice Accionario,0.2396952923650703,0.28711595671634293,0.2394693710708152,0.2522336198404119,0.2456682999747879,0.23665513870510285,0.0,0.2473012748713869,0.26027389205815
加拿大多伦多S&P/TSX 综合指数,0.40977922200354355,0.28890589618438367,0.3576563777364939,0.30980907367534505,0.30653841794973735,0.40801610272879835,0.2473012748713869,0.0,0.34158932551130655
S&P CLX IPSA,0.3461590188105644,0.2878212277672945,0.3118457802237691,0.31223961557287083,0.3120827632305549,0.3339868848332967,0.26027389205815,0.34158932551130655,0.0
