,比利时BFX,日经225,墨西哥BOLSA,恒生指数,韩国综合指数,荷兰AEX,Costa Rica Indice Accionario,加拿大多伦多S&P/TSX 综合指数,S&P CLX IPSA
比利时BFX,0.0,0.2681014187909857,0.3319195384155904,0.3409735479099065,0.2949284040195047,0.566945563275149,0.237244635898052,0.3735891537537595,0.32809854408023487
日经225,0.2681014187909857,0.0,0.26482980837175985,0.33794246479303497,0.308645681197685,0.2771822271352107,0.2643561619077712,0.2638902131802266,0.254970977590797
墨西哥BOLSA,0.3319195384155904,0.26482980837175985,0.0,0.3093692665539043,0.30296308464899957,0.3195148550852131,0.2456933832607913,0.3371819714950734,0.36352132897137734
恒生指数,0.3409735479099065,0.33794246479303497,0.3093692665539043,0.0,0.3918440221790705,0.35070297100855335,0.24799186858186317,0.3283121726459024,0.3120801196733363
韩国综合指数,0.2949284040195047,0.308645681197685,0.30296308464899957,0.3918440221790705,0.0,0.3033628989260336,0.24658858432898298,0.29993278721486105,0.3084249118633515
荷兰AEX,0.566945563275149,0.2771822271352107,0.3195148550852131,0.35070297100855335,0.3033628989260336,0.0,0.23493284415582355,0.3604878262645675,0.3108143272458224
Costa Rica Indice Accionario,0.237244635898052,0.2643561619077712,0.2456933832607913,0.24799186858186317,0.24658858432898298,0.23493284415582355,0.0,0.2473631513207154,0.251689673013005
加拿大多伦多S&P/TSX 综合指数,0.3735891537537595,0.2638902131802266,0.3371819714950734,0.3283121726459024,0.29993278721486105,0.3604878262645675,0.2473631513207154,0.0,0.3531152599710132
S&P CLX IPSA,0.32809854408023487,0.254970977590797,0.36352132897137734,0.3120801196733363,0.3084249118633515,0.3108143272458224,0.251689673013005,0.3531152599710132,0.0
