,比利时BFX,日经225,墨西哥BOLSA,恒生指数,韩国综合指数,荷兰AEX,Costa Rica Indice Accionario,加拿大多伦多S&P/TSX 综合指数,S&P CLX IPSA
比利时BFX,0.0,0.26986862826931735,0.33357644362032984,0.34484872654551924,0.29534768788506777,0.5730445697340685,0.236928829789141,0.37398953032956817,0.32003241164431995
日经225,0.26986862826931735,0.0,0.2666824274215953,0.3391673491261799,0.3074916738032095,0.27894774865852223,0.26430433401365677,0.26511214691941637,0.2548180380535051
墨西哥BOLSA,0.33357644362032984,0.2666824274215953,0.0,0.30883397293792203,0.30129299104612434,0.3183356146172904,0.2455366374772533,0.3411343749289707,0.3561981358611267
恒生指数,0.34484872654551924,0.3391673491261799,0.30883397293792203,0.0,0.3937092985782711,0.3551341134198728,0.2477094278363426,0.3227985144625401,0.30710978038040804
韩国综合指数,0.29534768788506777,0.3074916738032095,0.30129299104612434,0.3937092985782711,0.0,0.30340255159915985,0.24701940353525084,0.3019432724826165,0.30780377884520094
荷兰AEX,0.5730445697340685,0.27894774865852223,0.3183356146172904,0.3551341134198728,0.30340255159915985,0.0,0.23512965740529715,0.3574828465061143,0.3017504996463769
Costa Rica Indice Accionario,0.236928829789141,0.26430433401365677,0.2455366374772533,0.2477094278363426,0.24701940353525084,0.23512965740529715,0.0,0.247607343538202,0.2514991946584869
加拿大多伦多S&P/TSX 综合指数,0.37398953032956817,0.26511214691941637,0.3411343749289707,0.3227985144625401,0.3019432724826165,0.3574828465061143,0.247607343538202,0.0,0.34797012922144105
S&P CLX IPSA,0.32003241164431995,0.2548180380535051,0.3561981358611267,0.30710978038040804,0.30780377884520094,0.3017504996463769,0.2514991946584869,0.34797012922144105,0.0
