,比利时BFX,日经225,墨西哥BOLSA,恒生指数,韩国综合指数,荷兰AEX,Costa Rica Indice Accionario,加拿大多伦多S&P/TSX 综合指数,S&P CLX IPSA
比利时BFX,0.0,0.26477975139091986,0.33645629965978063,0.33135804157177545,0.30392541908203685,0.5602735631293706,0.2369883657973059,0.3787413241028376,0.3295962001090688
日经225,0.26477975139091986,0.0,0.26565723715947326,0.331485443548912,0.3023544729423904,0.2700431366634341,0.2648220138963328,0.2635966774041972,0.2534511616976447
墨西哥BOLSA,0.33645629965978063,0.26565723715947326,0.0,0.3104333073944406,0.304154992331854,0.3224500150391825,0.24596695509044011,0.34828109492365805,0.3504659225262212
恒生指数,0.33135804157177545,0.331485443548912,0.3104333073944406,0.0,0.39508200915871994,0.33940117481602233,0.24940975696946796,0.32759396261992685,0.30543027210837287
韩国综合指数,0.30392541908203685,0.3023544729423904,0.304154992331854,0.39508200915871994,0.0,0.3140577000040931,0.24730604625818986,0.30256234366500706,0.2973278844313032
荷兰AEX,0.5602735631293706,0.2700431366634341,0.3224500150391825,0.33940117481602233,0.3140577000040931,0.0,0.23507253332079628,0.3665649101855222,0.3099208088605138
Costa Rica Indice Accionario,0.2369883657973059,0.2648220138963328,0.24596695509044011,0.24940975696946796,0.24730604625818986,0.23507253332079628,0.0,0.24887263292483805,0.2538544574791142
加拿大多伦多S&P/TSX 综合指数,0.3787413241028376,0.2635966774041972,0.34828109492365805,0.32759396261992685,0.30256234366500706,0.3665649101855222,0.24887263292483805,0.0,0.35512955898089216
S&P CLX IPSA,0.3295962001090688,0.2534511616976447,0.3504659225262212,0.30543027210837287,0.2973278844313032,0.3099208088605138,0.2538544574791142,0.35512955898089216,0.0
