,比利时BFX,日经225,墨西哥BOLSA,恒生指数,韩国综合指数,荷兰AEX,Costa Rica Indice Accionario,加拿大多伦多S&P/TSX 综合指数,S&P CLX IPSA
比利时BFX,0.0,0.28642598818981596,0.3174190622465093,0.32678663282064657,0.31580132344180145,0.6066940094322802,0.24051712342318102,0.4042661833801609,0.33201815095238696
日经225,0.28642598818981596,0.0,0.2537329461326215,0.3571089254961489,0.3387070664176998,0.2742670685506136,0.2802082826319216,0.28391737635460107,0.27416953758935625
墨西哥BOLSA,0.3174190622465093,0.2537329461326215,0.0,0.28922191878447284,0.26427133965234456,0.31846376499012774,0.2391073001691405,0.35199225749430024,0.30173736335515244
恒生指数,0.32678663282064657,0.3571089254961489,0.28922191878447284,0.0,0.44228560373699344,0.33403611331137983,0.25129308270078915,0.31786576412278167,0.3092758512361177
韩国综合指数,0.31580132344180145,0.3387070664176998,0.26427133965234456,0.44228560373699344,0.0,0.30573488953499484,0.24599694818275458,0.30600985077314974,0.28962283209068856
荷兰AEX,0.6066940094322802,0.2742670685506136,0.31846376499012774,0.33403611331137983,0.30573488953499484,0.0,0.23637007054131265,0.4049327746469133,0.32210356400665696
Costa Rica Indice Accionario,0.24051712342318102,0.2802082826319216,0.2391073001691405,0.25129308270078915,0.24599694818275458,0.23637007054131265,0.0,0.2510449037710858,0.26073175045711466
加拿大多伦多S&P/TSX 综合指数,0.4042661833801609,0.28391737635460107,0.35199225749430024,0.31786576412278167,0.30600985077314974,0.4049327746469133,0.2510449037710858,0.0,0.34419056807337506
S&P CLX IPSA,0.33201815095238696,0.27416953758935625,0.30173736335515244,0.3092758512361177,0.28962283209068856,0.32210356400665696,0.26073175045711466,0.34419056807337506,0.0
