,比利时BFX,日经225,墨西哥BOLSA,恒生指数,韩国综合指数,荷兰AEX,Costa Rica Indice Accionario,加拿大多伦多S&P/TSX 综合指数,S&P CLX IPSA
比利时BFX,0.0,0.29921270561710644,0.3477845871236817,0.3135828227050248,0.3091489458640015,0.6199145606963822,0.24444606686445863,0.4178688175324239,0.3504007681570889
日经225,0.29921270561710644,0.0,0.26016918476964407,0.37988194893778815,0.40976924885677,0.2831921914341749,0.2447646750428627,0.2941900015781887,0.2868819717097187
墨西哥BOLSA,0.3477845871236817,0.26016918476964407,0.0,0.2733855263398139,0.27409847008820165,0.3484133113034482,0.24501857692549778,0.36969539176575666,0.32190767453264374
恒生指数,0.3135828227050248,0.37988194893778815,0.2733855263398139,0.0,0.46242286114701797,0.3210867264562444,0.26045923669612164,0.3110820277437989,0.3122493751142655
韩国综合指数,0.3091489458640015,0.40976924885677,0.27409847008820165,0.46242286114701797,0.0,0.3021411328016267,0.243189555352107,0.29946324453781237,0.3056809700460804
荷兰AEX,0.6199145606963822,0.2831921914341749,0.3484133113034482,0.3210867264562444,0.3021411328016267,0.0,0.23233419744065437,0.4164663572715322,0.34521237428713064
Costa Rica Indice Accionario,0.24444606686445863,0.2447646750428627,0.24501857692549778,0.26045923669612164,0.243189555352107,0.23233419744065437,0.0,0.24424033265605083,0.2588790799600204
加拿大多伦多S&P/TSX 综合指数,0.4178688175324239,0.2941900015781887,0.36969539176575666,0.3110820277437989,0.29946324453781237,0.4164663572715322,0.24424033265605083,0.0,0.34852180163250696
S&P CLX IPSA,0.3504007681570889,0.2868819717097187,0.32190767453264374,0.3122493751142655,0.3056809700460804,0.34521237428713064,0.2588790799600204,0.34852180163250696,0.0
