,比利时BFX,日经225,墨西哥BOLSA,恒生指数,韩国综合指数,荷兰AEX,Costa Rica Indice Accionario,加拿大多伦多S&P/TSX 综合指数,S&P CLX IPSA
比利时BFX,0.0,0.27487565170329076,0.32291988673454813,0.3284055848354485,0.3203131039665456,0.6140705271687859,0.23755247997250897,0.40746654528236675,0.33071526598859463
日经225,0.27487565170329076,0.0,0.250908398208485,0.3444630117370862,0.322198263354952,0.2644338115188311,0.2760949987179616,0.27635231641001223,0.26625980020581597
墨西哥BOLSA,0.32291988673454813,0.250908398208485,0.0,0.2949602673567236,0.27324330380326073,0.3218505627025173,0.24436647248751275,0.3482674219155331,0.3037579608200645
恒生指数,0.3284055848354485,0.3444630117370862,0.2949602673567236,0.0,0.45408656578492945,0.33051963862217015,0.25241046564622976,0.31154694349132145,0.3067722905166449
韩国综合指数,0.3203131039665456,0.322198263354952,0.27324330380326073,0.45408656578492945,0.0,0.3114449273863432,0.24660686929955786,0.30588337197903226,0.2910724094287936
荷兰AEX,0.6140705271687859,0.2644338115188311,0.3218505627025173,0.33051963862217015,0.3114449273863432,0.0,0.2322001340766883,0.4014019356235476,0.3155975434301438
Costa Rica Indice Accionario,0.23755247997250897,0.2760949987179616,0.24436647248751275,0.25241046564622976,0.24660686929955786,0.2322001340766883,0.0,0.24683930124207557,0.2572759721077084
加拿大多伦多S&P/TSX 综合指数,0.40746654528236675,0.27635231641001223,0.3482674219155331,0.31154694349132145,0.30588337197903226,0.4014019356235476,0.24683930124207557,0.0,0.3501408739731256
S&P CLX IPSA,0.33071526598859463,0.26625980020581597,0.3037579608200645,0.3067722905166449,0.2910724094287936,0.3155975434301438,0.2572759721077084,0.3501408739731256,0.0
