,比利时BFX,日经225,墨西哥BOLSA,恒生指数,韩国综合指数,荷兰AEX,Costa Rica Indice Accionario,加拿大多伦多S&P/TSX 综合指数,S&P CLX IPSA
比利时BFX,0.0,0.26822814682212637,0.33256373728543376,0.34224054590084074,0.2949794526085061,0.5648247346658183,0.2367780257538037,0.372396040326983,0.32690448252098975
日经225,0.26822814682212637,0.0,0.2665393065125284,0.3368474303613503,0.3079111282733159,0.2781958359630729,0.26439949767820414,0.26373751410025154,0.25487334465810246
墨西哥BOLSA,0.33256373728543376,0.2665393065125284,0.0,0.30965690836482845,0.3034925681891515,0.3198729382059081,0.2453623854718893,0.3374279626309181,0.36253150056052125
恒生指数,0.34224054590084074,0.3368474303613503,0.30965690836482845,0.0,0.3935160078327019,0.35378775118615374,0.2478941580015286,0.32761024338084244,0.31183741902479784
韩国综合指数,0.2949794526085061,0.3079111282733159,0.3034925681891515,0.3935160078327019,0.0,0.3040847788844179,0.2465366049541824,0.300783325660526,0.3096243303881153
荷兰AEX,0.5648247346658183,0.2781958359630729,0.3198729382059081,0.35378775118615374,0.3040847788844179,0.0,0.23471793536162558,0.3571274473962503,0.3083062028229086
Costa Rica Indice Accionario,0.2367780257538037,0.26439949767820414,0.2453623854718893,0.2478941580015286,0.2465366049541824,0.23471793536162558,0.0,0.24746228238555232,0.25173974440987146
加拿大多伦多S&P/TSX 综合指数,0.372396040326983,0.26373751410025154,0.3374279626309181,0.32761024338084244,0.300783325660526,0.3571274473962503,0.24746228238555232,0.0,0.3554091890094262
S&P CLX IPSA,0.32690448252098975,0.25487334465810246,0.36253150056052125,0.31183741902479784,0.3096243303881153,0.3083062028229086,0.25173974440987146,0.3554091890094262,0.0
