,比利时BFX,日经225,墨西哥BOLSA,恒生指数,韩国综合指数,荷兰AEX,Costa Rica Indice Accionario,加拿大多伦多S&P/TSX 综合指数,S&P CLX IPSA
比利时BFX,0.0,0.275794917633134,0.32388957336499885,0.3358773965748805,0.31305467820216276,0.577720010124837,0.2379240438172077,0.3904715434666318,0.33001583996157224
日经225,0.275794917633134,0.0,0.2610780932255465,0.3449422793726183,0.3011274371272202,0.2748295458001451,0.26726798599997265,0.26785092880787487,0.25062939747107393
墨西哥BOLSA,0.32388957336499885,0.2610780932255465,0.0,0.30336734302081436,0.28068387344652085,0.3149343604347424,0.24532366950668813,0.36580461931302377,0.3483120511117549
恒生指数,0.3358773965748805,0.3449422793726183,0.30336734302081436,0.0,0.3903747068977396,0.339725232280407,0.25101728685694313,0.32275785331233636,0.29937966626875184
韩国综合指数,0.31305467820216276,0.3011274371272202,0.28068387344652085,0.3903747068977396,0.0,0.3096003578129325,0.2479177633370068,0.2984711475648225,0.2921894019812296
荷兰AEX,0.577720010124837,0.2748295458001451,0.3149343604347424,0.339725232280407,0.3096003578129325,0.0,0.2339756263236921,0.3774817747025017,0.3089297304675098
Costa Rica Indice Accionario,0.2379240438172077,0.26726798599997265,0.24532366950668813,0.25101728685694313,0.2479177633370068,0.2339756263236921,0.0,0.24601792295692754,0.25324118087284875
加拿大多伦多S&P/TSX 综合指数,0.3904715434666318,0.26785092880787487,0.36580461931302377,0.32275785331233636,0.2984711475648225,0.3774817747025017,0.24601792295692754,0.0,0.37789241107540433
S&P CLX IPSA,0.33001583996157224,0.25062939747107393,0.3483120511117549,0.29937966626875184,0.2921894019812296,0.3089297304675098,0.25324118087284875,0.37789241107540433,0.0
