,比利时BFX,日经225,墨西哥BOLSA,恒生指数,韩国综合指数,荷兰AEX,Costa Rica Indice Accionario,加拿大多伦多S&P/TSX 综合指数,S&P CLX IPSA
比利时BFX,0.0,0.27143302220355026,0.3211058299580796,0.31588518152692086,0.3076942278908161,0.5934542234120134,0.23834299174889817,0.40082721752713063,0.32380777139732636
日经225,0.27143302220355026,0.0,0.24940949295099657,0.341442338881584,0.32122807516346213,0.25986737147553984,0.27535702987268995,0.2753140225480147,0.2623468507278088
墨西哥BOLSA,0.3211058299580796,0.24940949295099657,0.0,0.2893121397013022,0.26870646618192595,0.3131887662066173,0.24666384380301493,0.3526146026800986,0.31559421150584194
恒生指数,0.31588518152692086,0.341442338881584,0.2893121397013022,0.0,0.434869534023675,0.31648340486128224,0.2512186376143487,0.3080195460411852,0.2979948100815118
韩国综合指数,0.3076942278908161,0.32122807516346213,0.26870646618192595,0.434869534023675,0.0,0.29781749027900156,0.24616119768996816,0.29135404938652143,0.27619909161225736
荷兰AEX,0.5934542234120134,0.25986737147553984,0.3131887662066173,0.31648340486128224,0.29781749027900156,0.0,0.2328473093197767,0.39211704267809644,0.31023869805333965
Costa Rica Indice Accionario,0.23834299174889817,0.27535702987268995,0.24666384380301493,0.2512186376143487,0.24616119768996816,0.2328473093197767,0.0,0.24833565301051994,0.2565484931958734
加拿大多伦多S&P/TSX 综合指数,0.40082721752713063,0.2753140225480147,0.3526146026800986,0.3080195460411852,0.29135404938652143,0.39211704267809644,0.24833565301051994,0.0,0.3634097729096012
S&P CLX IPSA,0.32380777139732636,0.2623468507278088,0.31559421150584194,0.2979948100815118,0.27619909161225736,0.31023869805333965,0.2565484931958734,0.3634097729096012,0.0
