,比利时BFX,日经225,墨西哥BOLSA,恒生指数,韩国综合指数,荷兰AEX,Costa Rica Indice Accionario,加拿大多伦多S&P/TSX 综合指数,S&P CLX IPSA
比利时BFX,0.0,0.2693741487277323,0.3355228261224133,0.3412681357170682,0.29571901846937093,0.568128241534909,0.23719769062233434,0.3747828765383948,0.3295903413058607
日经225,0.2693741487277323,0.0,0.2632718625191665,0.33912172819656006,0.30796312973236495,0.2782545573017022,0.2645659827996538,0.26388546589464335,0.25464030561167783
墨西哥BOLSA,0.3355228261224133,0.2632718625191665,0.0,0.31161739619493695,0.30109361928041695,0.3225395336439234,0.24633838632846966,0.33961460182418507,0.3571137480453988
恒生指数,0.3412681357170682,0.33912172819656006,0.31161739619493695,0.0,0.3884743906445035,0.35158962045222003,0.24835244920419935,0.32893232548445217,0.3081394891148658
韩国综合指数,0.29571901846937093,0.30796312973236495,0.30109361928041695,0.3884743906445035,0.0,0.30538607978025917,0.24647137561735508,0.29923155618952196,0.3034879206137751
荷兰AEX,0.568128241534909,0.2782545573017022,0.3225395336439234,0.35158962045222003,0.30538607978025917,0.0,0.23480880930058787,0.36164364821183426,0.3146428917864085
Costa Rica Indice Accionario,0.23719769062233434,0.2645659827996538,0.24633838632846966,0.24835244920419935,0.24647137561735508,0.23480880930058787,0.0,0.24752255445184812,0.25318769091174276
加拿大多伦多S&P/TSX 综合指数,0.3747828765383948,0.26388546589464335,0.33961460182418507,0.32893232548445217,0.29923155618952196,0.36164364821183426,0.24752255445184812,0.0,0.35650635360722527
S&P CLX IPSA,0.3295903413058607,0.25464030561167783,0.3571137480453988,0.3081394891148658,0.3034879206137751,0.3146428917864085,0.25318769091174276,0.35650635360722527,0.0
