,比利时BFX,日经225,墨西哥BOLSA,恒生指数,韩国综合指数,荷兰AEX,Costa Rica Indice Accionario,加拿大多伦多S&P/TSX 综合指数,S&P CLX IPSA
比利时BFX,0.0,0.2710880642759825,0.33141747123686377,0.33373321033259434,0.29444160756024507,0.5765480318637745,0.23694776016909294,0.37537381094564476,0.3223634030122939
日经225,0.2710880642759825,0.0,0.26938002430111685,0.34584139866555885,0.3163363887992023,0.28200043651844675,0.26769857369473704,0.26215095680188794,0.2577896124379217
墨西哥BOLSA,0.33141747123686377,0.26938002430111685,0.0,0.30281345634462764,0.2970819248923569,0.31894016441059014,0.2452548014665839,0.3441948331086916,0.35277511804540823
恒生指数,0.33373321033259434,0.34584139866555885,0.30281345634462764,0.0,0.39231398438413523,0.3433559382291588,0.24768352396463203,0.3115771251613694,0.3051222358049994
韩国综合指数,0.29444160756024507,0.3163363887992023,0.2970819248923569,0.39231398438413523,0.0,0.30156059596652524,0.24827883453507596,0.29930942201830324,0.3069411357306777
荷兰AEX,0.5765480318637745,0.28200043651844675,0.31894016441059014,0.3433559382291588,0.30156059596652524,0.0,0.23613260760317328,0.35996332025204014,0.30670810054221015
Costa Rica Indice Accionario,0.23694776016909294,0.26769857369473704,0.2452548014665839,0.24768352396463203,0.24827883453507596,0.23613260760317328,0.0,0.24744958935178796,0.24990571311898
加拿大多伦多S&P/TSX 综合指数,0.37537381094564476,0.26215095680188794,0.3441948331086916,0.3115771251613694,0.29930942201830324,0.35996332025204014,0.24744958935178796,0.0,0.3449586435478086
S&P CLX IPSA,0.3223634030122939,0.2577896124379217,0.35277511804540823,0.3051222358049994,0.3069411357306777,0.30670810054221015,0.24990571311898,0.3449586435478086,0.0
