,比利时BFX,日经225,墨西哥BOLSA,恒生指数,韩国综合指数,荷兰AEX,Costa Rica Indice Accionario,加拿大多伦多S&P/TSX 综合指数,S&P CLX IPSA
比利时BFX,0.0,0.2725980061075801,0.33202306477990984,0.32583656504124353,0.2938268813597567,0.5747404075494463,0.23713990877329463,0.3735775872283963,0.32275290169699256
日经225,0.2725980061075801,0.0,0.275624329152452,0.3318258025170134,0.3283011953477096,0.2853645661240026,0.2431402271432503,0.2672226557789649,0.25583256463244114
墨西哥BOLSA,0.33202306477990984,0.275624329152452,0.0,0.3002867269704114,0.3082350395936814,0.3168024573582286,0.25056895954095443,0.3386514135214063,0.3556467479057229
恒生指数,0.32583656504124353,0.3318258025170134,0.3002867269704114,0.0,0.39181273529809624,0.3403226296945572,0.24978062730407982,0.3104538369074004,0.31342449032191033
韩国综合指数,0.2938268813597567,0.3283011953477096,0.3082350395936814,0.39181273529809624,0.0,0.30742385150840235,0.2552880088255451,0.3037846763801816,0.31932713063030177
荷兰AEX,0.5747404075494463,0.2853645661240026,0.3168024573582286,0.3403226296945572,0.30742385150840235,0.0,0.23948778093338552,0.36236709305782633,0.3095982655565724
Costa Rica Indice Accionario,0.23713990877329463,0.2431402271432503,0.25056895954095443,0.24978062730407982,0.2552880088255451,0.23948778093338552,0.0,0.24282682668800953,0.2503732509943547
加拿大多伦多S&P/TSX 综合指数,0.3735775872283963,0.2672226557789649,0.3386514135214063,0.3104538369074004,0.3037846763801816,0.36236709305782633,0.24282682668800953,0.0,0.3361285520096024
S&P CLX IPSA,0.32275290169699256,0.25583256463244114,0.3556467479057229,0.31342449032191033,0.31932713063030177,0.3095982655565724,0.2503732509943547,0.3361285520096024,0.0
