,比利时BFX,日经225,墨西哥BOLSA,恒生指数,韩国综合指数,荷兰AEX,Costa Rica Indice Accionario,加拿大多伦多S&P/TSX 综合指数,S&P CLX IPSA
比利时BFX,0.0,0.3031535828150382,0.341266195322023,0.31844577236488564,0.3150081453905107,0.60344374396633,0.24789886496267818,0.4090404777648651,0.3459163362928422
日经225,0.3031535828150382,0.0,0.26478890908479247,0.369544005617599,0.39017523416362787,0.28020568890819897,0.24642659320243948,0.2913892840852584,0.2886836787843518
墨西哥BOLSA,0.341266195322023,0.26478890908479247,0.0,0.2804197385639922,0.27951133652539384,0.3391559957038503,0.2488671805868169,0.36224295740843254,0.3191361427385971
恒生指数,0.31844577236488564,0.369544005617599,0.2804197385639922,0.0,0.469409504644345,0.32686923300099047,0.2614249722822339,0.31275443552827975,0.3112502415713061
韩国综合指数,0.3150081453905107,0.39017523416362787,0.27951133652539384,0.469409504644345,0.0,0.30659493533474086,0.24339972799767715,0.3041363887061405,0.3085835245811407
荷兰AEX,0.60344374396633,0.28020568890819897,0.3391559957038503,0.32686923300099047,0.30659493533474086,0.0,0.2325129149794778,0.40720204454296466,0.3344162336767625
Costa Rica Indice Accionario,0.24789886496267818,0.24642659320243948,0.2488671805868169,0.2614249722822339,0.24339972799767715,0.2325129149794778,0.0,0.2471334075220901,0.2618867876036974
加拿大多伦多S&P/TSX 综合指数,0.4090404777648651,0.2913892840852584,0.36224295740843254,0.31275443552827975,0.3041363887061405,0.40720204454296466,0.2471334075220901,0.0,0.34369560333917293
S&P CLX IPSA,0.3459163362928422,0.2886836787843518,0.3191361427385971,0.3112502415713061,0.3085835245811407,0.3344162336767625,0.2618867876036974,0.34369560333917293,0.0
