,比利时BFX,日经225,墨西哥BOLSA,恒生指数,韩国综合指数,荷兰AEX,Costa Rica Indice Accionario,加拿大多伦多S&P/TSX 综合指数,S&P CLX IPSA
比利时BFX,0.0,0.2987985312656097,0.3254887519234047,0.3261359135740818,0.32063475317268625,0.6218079846375401,0.23929111193527147,0.400818715249704,0.33823900452576816
日经225,0.2987985312656097,0.0,0.26394273177792743,0.3655976118534583,0.3638590471201693,0.2831371227550098,0.28607357867495226,0.2865196861327552,0.2813786135761178
墨西哥BOLSA,0.3254887519234047,0.26394273177792743,0.0,0.2768302499242919,0.2703221194097336,0.32752293114930464,0.23915491547342155,0.35001727436258806,0.3029777260232405
恒生指数,0.3261359135740818,0.3655976118534583,0.2768302499242919,0.0,0.4504211718253464,0.3375766949928136,0.25214333137727646,0.30958143009861117,0.30439002311288893
韩国综合指数,0.32063475317268625,0.3638590471201693,0.2703221194097336,0.4504211718253464,0.0,0.3128448650987578,0.2450227224014741,0.30277860769571413,0.29862254532646587
荷兰AEX,0.6218079846375401,0.2831371227550098,0.32752293114930464,0.3375766949928136,0.3128448650987578,0.0,0.23659505956993845,0.40476537239851684,0.3319024259831102
Costa Rica Indice Accionario,0.23929111193527147,0.28607357867495226,0.23915491547342155,0.25214333137727646,0.2450227224014741,0.23659505956993845,0.0,0.24704955419674232,0.26016403559518225
加拿大多伦多S&P/TSX 综合指数,0.400818715249704,0.2865196861327552,0.35001727436258806,0.30958143009861117,0.30277860769571413,0.40476537239851684,0.24704955419674232,0.0,0.33570263224820124
S&P CLX IPSA,0.33823900452576816,0.2813786135761178,0.3029777260232405,0.30439002311288893,0.29862254532646587,0.3319024259831102,0.26016403559518225,0.33570263224820124,0.0
