,比利时BFX,日经225,墨西哥BOLSA,恒生指数,韩国综合指数,荷兰AEX,Costa Rica Indice Accionario,加拿大多伦多S&P/TSX 综合指数,S&P CLX IPSA
比利时BFX,0.0,0.26238847920614805,0.3328051617925147,0.32816834711465837,0.3050968774030686,0.585854047552014,0.23661863822959572,0.38340448781662795,0.3273402561882035
日经225,0.26238847920614805,0.0,0.265282555503622,0.3349053851394569,0.3026918504527132,0.2669748107202622,0.26504786204673003,0.26955442528741763,0.24876385363611836
墨西哥BOLSA,0.3328051617925147,0.265282555503622,0.0,0.31223290362938905,0.2992770734410757,0.32853720028984656,0.24601776697434002,0.35555300727242256,0.3563161308923633
恒生指数,0.32816834711465837,0.3349053851394569,0.31223290362938905,0.0,0.3846323648534974,0.33938852714715295,0.2499919070716488,0.3177144931338394,0.30103973114736127
韩国综合指数,0.3050968774030686,0.3026918504527132,0.2992770734410757,0.3846323648534974,0.0,0.3135507429985256,0.24662033791960827,0.3043414052306303,0.29898185196499527
荷兰AEX,0.585854047552014,0.2669748107202622,0.32853720028984656,0.33938852714715295,0.3135507429985256,0.0,0.23408921079597692,0.375474624357495,0.30877116567828317
Costa Rica Indice Accionario,0.23661863822959572,0.26504786204673003,0.24601776697434002,0.2499919070716488,0.24662033791960827,0.23408921079597692,0.0,0.24766652763339858,0.2541998147175918
加拿大多伦多S&P/TSX 综合指数,0.38340448781662795,0.26955442528741763,0.35555300727242256,0.3177144931338394,0.3043414052306303,0.375474624357495,0.24766652763339858,0.0,0.35118331454128626
S&P CLX IPSA,0.3273402561882035,0.24876385363611836,0.3563161308923633,0.30103973114736127,0.29898185196499527,0.30877116567828317,0.2541998147175918,0.35118331454128626,0.0
