,比利时BFX,日经225,墨西哥BOLSA,恒生指数,韩国综合指数,荷兰AEX,Costa Rica Indice Accionario,加拿大多伦多S&P/TSX 综合指数,S&P CLX IPSA
比利时BFX,0.0,0.30144995221881393,0.33887080363201955,0.3191789441296673,0.312265898002523,0.614504817236941,0.24499116037606405,0.40771311158951085,0.34900499985227496
日经225,0.30144995221881393,0.0,0.26588466091860263,0.36793243159295724,0.3920681599058027,0.2788018022090966,0.24401546997109455,0.2920717852340657,0.2848661383670068
墨西哥BOLSA,0.33887080363201955,0.26588466091860263,0.0,0.28330640157744874,0.28047554180470924,0.34025305796405086,0.24574456319964613,0.3620230994240922,0.3220615830040657
恒生指数,0.3191789441296673,0.36793243159295724,0.28330640157744874,0.0,0.464209083711197,0.32704298417359456,0.2612987614879153,0.3161852940334032,0.3137057845909437
韩国综合指数,0.312265898002523,0.3920681599058027,0.28047554180470924,0.464209083711197,0.0,0.30196996436274387,0.24356839322433035,0.30394698273704274,0.30360396952617263
荷兰AEX,0.614504817236941,0.2788018022090966,0.34025305796405086,0.32704298417359456,0.30196996436274387,0.0,0.2324226361818502,0.40738437735279476,0.33797816723582813
Costa Rica Indice Accionario,0.24499116037606405,0.24401546997109455,0.24574456319964613,0.2612987614879153,0.24356839322433035,0.2324226361818502,0.0,0.2454118147354973,0.2597353420821022
加拿大多伦多S&P/TSX 综合指数,0.40771311158951085,0.2920717852340657,0.3620230994240922,0.3161852940334032,0.30394698273704274,0.40738437735279476,0.2454118147354973,0.0,0.3467711403386555
S&P CLX IPSA,0.34900499985227496,0.2848661383670068,0.3220615830040657,0.3137057845909437,0.30360396952617263,0.33797816723582813,0.2597353420821022,0.3467711403386555,0.0
