,比利时BFX,日经225,墨西哥BOLSA,恒生指数,韩国综合指数,荷兰AEX,Costa Rica Indice Accionario,加拿大多伦多S&P/TSX 综合指数,S&P CLX IPSA
比利时BFX,0.0,0.27182365169673295,0.3211910814684361,0.32427777861313595,0.3132843987414218,0.606801911421785,0.23891785077713013,0.4013431495829281,0.32165233432031615
日经225,0.27182365169673295,0.0,0.25176937580319136,0.34465264972276694,0.3220117516438945,0.2609780521944042,0.2766829375807809,0.274498431857677,0.26542964853522427
墨西哥BOLSA,0.3211910814684361,0.25176937580319136,0.0,0.2948796876087004,0.27055039050107155,0.3193048327986706,0.24629717975948384,0.3632638439962186,0.31296383715101417
恒生指数,0.32427777861313595,0.34465264972276694,0.2948796876087004,0.0,0.4436771768483327,0.324001930634302,0.2526827215816014,0.30721803766434985,0.30299011489847166
韩国综合指数,0.3132843987414218,0.3220117516438945,0.27055039050107155,0.4436771768483327,0.0,0.30370896413973325,0.24707371727993907,0.29664772176198684,0.281057018082876
荷兰AEX,0.606801911421785,0.2609780521944042,0.3193048327986706,0.324001930634302,0.30370896413973325,0.0,0.23308708341190676,0.3903442912923141,0.3070972232973727
Costa Rica Indice Accionario,0.23891785077713013,0.2766829375807809,0.24629717975948384,0.2526827215816014,0.24707371727993907,0.23308708341190676,0.0,0.24932923696566495,0.2569051597583176
加拿大多伦多S&P/TSX 综合指数,0.4013431495829281,0.274498431857677,0.3632638439962186,0.30721803766434985,0.29664772176198684,0.3903442912923141,0.24932923696566495,0.0,0.3659954986788986
S&P CLX IPSA,0.32165233432031615,0.26542964853522427,0.31296383715101417,0.30299011489847166,0.281057018082876,0.3070972232973727,0.2569051597583176,0.3659954986788986,0.0
