,比利时BFX,日经225,墨西哥BOLSA,恒生指数,韩国综合指数,荷兰AEX,Costa Rica Indice Accionario,加拿大多伦多S&P/TSX 综合指数,S&P CLX IPSA
比利时BFX,0.0,0.3087600477458348,0.35387411213614656,0.31200452424069686,0.3147259790050666,0.6284314670399938,0.24485918813337176,0.42513626516110814,0.35496735393748663
日经225,0.3087600477458348,0.0,0.26476055098181417,0.3815090580474746,0.41903714290596433,0.2919024152156644,0.25180152786378746,0.29833070656267247,0.29432538058189506
墨西哥BOLSA,0.35387411213614656,0.26476055098181417,0.0,0.2714874178165741,0.27671573854809406,0.35160646564726306,0.24601646114041428,0.37232345303703646,0.3243850339810877
恒生指数,0.31200452424069686,0.3815090580474746,0.2714874178165741,0.0,0.4612433722852054,0.31981440703362274,0.2606654644308481,0.3079261785027033,0.3096563428721826
韩国综合指数,0.3147259790050666,0.41903714290596433,0.27671573854809406,0.4612433722852054,0.0,0.3064833344845054,0.2447251084599433,0.3005298885804889,0.3048086601228818
荷兰AEX,0.6284314670399938,0.2919024152156644,0.35160646564726306,0.31981440703362274,0.3064833344845054,0.0,0.2342855472724599,0.42532721509147564,0.3509873546178027
Costa Rica Indice Accionario,0.24485918813337176,0.25180152786378746,0.24601646114041428,0.2606654644308481,0.2447251084599433,0.2342855472724599,0.0,0.2449875487133294,0.25448344942634443
加拿大多伦多S&P/TSX 综合指数,0.42513626516110814,0.29833070656267247,0.37232345303703646,0.3079261785027033,0.3005298885804889,0.42532721509147564,0.2449875487133294,0.0,0.3545467912111923
S&P CLX IPSA,0.35496735393748663,0.29432538058189506,0.3243850339810877,0.3096563428721826,0.3048086601228818,0.3509873546178027,0.25448344942634443,0.3545467912111923,0.0
