,比利时BFX,日经225,墨西哥BOLSA,恒生指数,韩国综合指数,荷兰AEX,Costa Rica Indice Accionario,加拿大多伦多S&P/TSX 综合指数,S&P CLX IPSA
比利时BFX,0.0,0.2697375533811886,0.3384596160640157,0.3327828532900356,0.2908506166253724,0.5733068594944394,0.23726777182883801,0.3768612349914134,0.32148903569358184
日经225,0.2697375533811886,0.0,0.27049516414857266,0.34250073143217447,0.31049550856556174,0.28169312248511486,0.2650851051447148,0.2660650269158206,0.257914635275567
墨西哥BOLSA,0.3384596160640157,0.27049516414857266,0.0,0.30455050120665605,0.2992104375374524,0.32487648415937614,0.24580649795712958,0.3465694299190497,0.3585813997034853
恒生指数,0.3327828532900356,0.34250073143217447,0.30455050120665605,0.0,0.3908994744402297,0.3420811171692273,0.2482307484378934,0.31335038574185314,0.30522080707567756
韩国综合指数,0.2908506166253724,0.31049550856556174,0.2992104375374524,0.3908994744402297,0.0,0.2968360510649115,0.2472179533534838,0.2984076538806421,0.3077123185489154
荷兰AEX,0.5733068594944394,0.28169312248511486,0.32487648415937614,0.3420811171692273,0.2968360510649115,0.0,0.23537245036469007,0.35823141879727427,0.30550770791119586
Costa Rica Indice Accionario,0.23726777182883801,0.2650851051447148,0.24580649795712958,0.2482307484378934,0.2472179533534838,0.23537245036469007,0.0,0.24789041073865523,0.25189140244996516
加拿大多伦多S&P/TSX 综合指数,0.3768612349914134,0.2660650269158206,0.3465694299190497,0.31335038574185314,0.2984076538806421,0.35823141879727427,0.24789041073865523,0.0,0.3482984152748489
S&P CLX IPSA,0.32148903569358184,0.257914635275567,0.3585813997034853,0.30522080707567756,0.3077123185489154,0.30550770791119586,0.25189140244996516,0.3482984152748489,0.0
