,比利时BFX,日经225,墨西哥BOLSA,恒生指数,韩国综合指数,荷兰AEX,Costa Rica Indice Accionario,加拿大多伦多S&P/TSX 综合指数,S&P CLX IPSA
比利时BFX,0.0,0.27395273481467924,0.3098963210524494,0.3188942500852376,0.30968701108368213,0.5729452134208904,0.2371940015660723,0.3830939996982981,0.31810147885122314
日经225,0.27395273481467924,0.0,0.24918692293324737,0.3401520815847467,0.30105393448220685,0.2704875707028488,0.26856631445179957,0.2753036875602335,0.26939991006025066
墨西哥BOLSA,0.3098963210524494,0.24918692293324737,0.0,0.28010720367515485,0.26570898172777807,0.30444312818671343,0.2451658434720787,0.3338190974339957,0.3241192084834878
恒生指数,0.3188942500852376,0.3401520815847467,0.28010720367515485,0.0,0.3942570803385454,0.32201023544719254,0.24812344814478582,0.3128385575666796,0.29749274347319954
韩国综合指数,0.30968701108368213,0.30105393448220685,0.26570898172777807,0.3942570803385454,0.0,0.30363825451284554,0.24538638745608685,0.2991156067223832,0.2926214858987253
荷兰AEX,0.5729452134208904,0.2704875707028488,0.30444312818671343,0.32201023544719254,0.30363825451284554,0.0,0.2330396624714505,0.3702610246980958,0.3008132645551289
Costa Rica Indice Accionario,0.2371940015660723,0.26856631445179957,0.2451658434720787,0.24812344814478582,0.24538638745608685,0.2330396624714505,0.0,0.24485973045225293,0.252960439722587
加拿大多伦多S&P/TSX 综合指数,0.3830939996982981,0.2753036875602335,0.3338190974339957,0.3128385575666796,0.2991156067223832,0.3702610246980958,0.24485973045225293,0.0,0.35870172695232666
S&P CLX IPSA,0.31810147885122314,0.26939991006025066,0.3241192084834878,0.29749274347319954,0.2926214858987253,0.3008132645551289,0.252960439722587,0.35870172695232666,0.0
