,比利时BFX,日经225,墨西哥BOLSA,恒生指数,韩国综合指数,荷兰AEX,Costa Rica Indice Accionario,加拿大多伦多S&P/TSX 综合指数,S&P CLX IPSA
比利时BFX,0.0,0.27140300206555884,0.33181654493887036,0.3314925958245009,0.2927358570259921,0.5736882482882112,0.2389780606008747,0.36555136023700474,0.3176155077452722
日经225,0.27140300206555884,0.0,0.2735417997157554,0.33772618899623347,0.32752838853078176,0.2850288922528712,0.24254877836682895,0.26788765579980167,0.25555127556048696
墨西哥BOLSA,0.33181654493887036,0.2735417997157554,0.0,0.3039904806368336,0.30649781364892176,0.31807880659678633,0.251427645452516,0.33798224271286265,0.3546343261006105
恒生指数,0.3314925958245009,0.33772618899623347,0.3039904806368336,0.0,0.3919816651697821,0.34708770275559725,0.250112891247593,0.31526390092673623,0.31399696658509557
韩国综合指数,0.2927358570259921,0.32752838853078176,0.30649781364892176,0.3919816651697821,0.0,0.30656635220589584,0.25501208525850066,0.3019267223720995,0.31976694612047185
荷兰AEX,0.5736882482882112,0.2850288922528712,0.31807880659678633,0.34708770275559725,0.30656635220589584,0.0,0.2411102918322201,0.3570209081532179,0.3042579828387985
Costa Rica Indice Accionario,0.2389780606008747,0.24254877836682895,0.251427645452516,0.250112891247593,0.25501208525850066,0.2411102918322201,0.0,0.24352442552662448,0.2511412392021792
加拿大多伦多S&P/TSX 综合指数,0.36555136023700474,0.26788765579980167,0.33798224271286265,0.31526390092673623,0.3019267223720995,0.3570209081532179,0.24352442552662448,0.0,0.3319392952310182
S&P CLX IPSA,0.3176155077452722,0.25555127556048696,0.3546343261006105,0.31399696658509557,0.31976694612047185,0.3042579828387985,0.2511412392021792,0.3319392952310182,0.0
