,比利时BFX,日经225,墨西哥BOLSA,恒生指数,韩国综合指数,荷兰AEX,Costa Rica Indice Accionario,加拿大多伦多S&P/TSX 综合指数,S&P CLX IPSA
比利时BFX,0.0,0.2688480498209795,0.3335031823588228,0.3425451788464629,0.2951273049483487,0.5643397124188415,0.2367681942564441,0.3733831102287518,0.32705992456051824
日经225,0.2688480498209795,0.0,0.2676187869473033,0.33702136147868195,0.30809826283592345,0.27840511318965094,0.2643119825561126,0.2641540918798012,0.254992778920509
墨西哥BOLSA,0.3335031823588228,0.2676187869473033,0.0,0.3106914316055244,0.3029999230024491,0.31975414145894576,0.24503811730971964,0.3417679422196348,0.36072212908591167
恒生指数,0.3425451788464629,0.33702136147868195,0.3106914316055244,0.0,0.3944836988350673,0.3546147047315266,0.24809574412351956,0.3257250037328242,0.3133285446169568
韩国综合指数,0.2951273049483487,0.30809826283592345,0.3029999230024491,0.3944836988350673,0.0,0.3040831674209859,0.24661817407307418,0.3006014700762799,0.30995779001767054
荷兰AEX,0.5643397124188415,0.27840511318965094,0.31975414145894576,0.3546147047315266,0.3040831674209859,0.0,0.2346920013835622,0.35787596757105067,0.308303557911911
Costa Rica Indice Accionario,0.2367681942564441,0.2643119825561126,0.24503811730971964,0.24809574412351956,0.24661817407307418,0.2346920013835622,0.0,0.24730862921224173,0.2517031619817465
加拿大多伦多S&P/TSX 综合指数,0.3733831102287518,0.2641540918798012,0.3417679422196348,0.3257250037328242,0.3006014700762799,0.35787596757105067,0.24730862921224173,0.0,0.3560044766207599
S&P CLX IPSA,0.32705992456051824,0.254992778920509,0.36072212908591167,0.3133285446169568,0.30995779001767054,0.308303557911911,0.2517031619817465,0.3560044766207599,0.0
