,比利时BFX,日经225,墨西哥BOLSA,恒生指数,韩国综合指数,荷兰AEX,Costa Rica Indice Accionario,加拿大多伦多S&P/TSX 综合指数,S&P CLX IPSA
比利时BFX,0.0,0.27083024475622897,0.33515225022094824,0.34473252182667036,0.29624159296097574,0.5758180898310713,0.2371316863474565,0.37489713498384186,0.32128697504364223
日经225,0.27083024475622897,0.0,0.2674386743113658,0.33999553117229137,0.3084492583550258,0.27996712993095874,0.2645840547001338,0.26582231181926097,0.257159089743158
墨西哥BOLSA,0.33515225022094824,0.2674386743113658,0.0,0.3104076837327043,0.3020519141479575,0.3202705261998886,0.24559197801175386,0.34203854221448277,0.35889695554999185
恒生指数,0.34473252182667036,0.33999553117229137,0.3104076837327043,0.0,0.3960806244783805,0.3538915879618099,0.24784183390452813,0.32350189113455896,0.3077607782456505
韩国综合指数,0.29624159296097574,0.3084492583550258,0.3020519141479575,0.3960806244783805,0.0,0.30345118585256214,0.24703839527364332,0.3021715623606734,0.3099961118559125
荷兰AEX,0.5758180898310713,0.27996712993095874,0.3202705261998886,0.3538915879618099,0.30345118585256214,0.0,0.23512373839159778,0.35820012468400436,0.30338295352120104
Costa Rica Indice Accionario,0.2371316863474565,0.2645840547001338,0.24559197801175386,0.24784183390452813,0.24703839527364332,0.23512373839159778,0.0,0.2476787574639716,0.2518222578474187
加拿大多伦多S&P/TSX 综合指数,0.37489713498384186,0.26582231181926097,0.34203854221448277,0.32350189113455896,0.3021715623606734,0.35820012468400436,0.2476787574639716,0.0,0.3495570804137254
S&P CLX IPSA,0.32128697504364223,0.257159089743158,0.35889695554999185,0.3077607782456505,0.3099961118559125,0.30338295352120104,0.2518222578474187,0.3495570804137254,0.0
