,比利时BFX,日经225,墨西哥BOLSA,恒生指数,韩国综合指数,荷兰AEX,Costa Rica Indice Accionario,加拿大多伦多S&P/TSX 综合指数,S&P CLX IPSA
比利时BFX,0.0,0.272202718534117,0.3327973245068147,0.33309465428648444,0.293260084589145,0.5736354512515224,0.23886083922630671,0.36734018141370106,0.31775073713664126
日经225,0.272202718534117,0.0,0.2744229518472094,0.3397289765865206,0.32900824763174563,0.2858960491572943,0.24237185586764032,0.26846544834396835,0.2568134580161162
墨西哥BOLSA,0.3327973245068147,0.2744229518472094,0.0,0.30513895279169534,0.30743129707545674,0.3192137652370541,0.2513687463023868,0.33906368913607404,0.35490555063948204
恒生指数,0.33309465428648444,0.3397289765865206,0.30513895279169534,0.0,0.3927634987453104,0.347696946121258,0.2497696192102997,0.31383686349109624,0.3154317159127051
韩国综合指数,0.293260084589145,0.32900824763174563,0.30743129707545674,0.3927634987453104,0.0,0.30688829953401975,0.25473324829701677,0.3015646065445667,0.3211416898447543
荷兰AEX,0.5736354512515224,0.2858960491572943,0.3192137652370541,0.347696946121258,0.30688829953401975,0.0,0.2409098329399958,0.35754693478413235,0.3051820049812143
Costa Rica Indice Accionario,0.23886083922630671,0.24237185586764032,0.2513687463023868,0.2497696192102997,0.25473324829701677,0.2409098329399958,0.0,0.24328188311323543,0.2510301977947099
加拿大多伦多S&P/TSX 综合指数,0.36734018141370106,0.26846544834396835,0.33906368913607404,0.31383686349109624,0.3015646065445667,0.35754693478413235,0.24328188311323543,0.0,0.33326328691320795
S&P CLX IPSA,0.31775073713664126,0.2568134580161162,0.35490555063948204,0.3154317159127051,0.3211416898447543,0.3051820049812143,0.2510301977947099,0.33326328691320795,0.0
