,比利时BFX,日经225,墨西哥BOLSA,恒生指数,韩国综合指数,荷兰AEX,Costa Rica Indice Accionario,加拿大多伦多S&P/TSX 综合指数,S&P CLX IPSA
比利时BFX,0.0,0.26939308411296364,0.3345762049030926,0.3416350251796954,0.2953844195454739,0.5667496539202751,0.2373019689589333,0.3746381404442247,0.3296245403411536
日经225,0.26939308411296364,0.0,0.26358124735576743,0.3389452924647069,0.3082702244487123,0.2784046771178473,0.2645147984305021,0.26391993841209566,0.25464169409428133
墨西哥BOLSA,0.3345762049030926,0.26358124735576743,0.0,0.31164506663915664,0.30030201834905296,0.3224220953320925,0.2463782252773494,0.33987702651062385,0.357968700668579
恒生指数,0.3416350251796954,0.3389452924647069,0.31164506663915664,0.0,0.3891475964519479,0.35153491710833096,0.2483700875576685,0.3288281824812695,0.30795136399708306
韩国综合指数,0.2953844195454739,0.3082702244487123,0.30030201834905296,0.3891475964519479,0.0,0.30507764085627226,0.24658358606450417,0.29929031445286763,0.30383041298558056
荷兰AEX,0.5667496539202751,0.2784046771178473,0.3224220953320925,0.35153491710833096,0.30507764085627226,0.0,0.23481787896735398,0.3617303463598662,0.31489707096539854
Costa Rica Indice Accionario,0.2373019689589333,0.2645147984305021,0.2463782252773494,0.2483700875576685,0.24658358606450417,0.23481787896735398,0.0,0.2475054809780625,0.2531236935263716
加拿大多伦多S&P/TSX 综合指数,0.3746381404442247,0.26391993841209566,0.33987702651062385,0.3288281824812695,0.29929031445286763,0.3617303463598662,0.2475054809780625,0.0,0.3565792049681681
S&P CLX IPSA,0.3296245403411536,0.25464169409428133,0.357968700668579,0.30795136399708306,0.30383041298558056,0.31489707096539854,0.2531236935263716,0.3565792049681681,0.0
