,比利时BFX,日经225,墨西哥BOLSA,恒生指数,韩国综合指数,荷兰AEX,Costa Rica Indice Accionario,加拿大多伦多S&P/TSX 综合指数,S&P CLX IPSA
比利时BFX,0.0,0.2711670054151363,0.33237603833782237,0.3340596678916448,0.29479798238805166,0.5765355211312981,0.23709279446746886,0.3750376058874067,0.32251258833742674
日经225,0.2711670054151363,0.0,0.2676489910741918,0.34486121633989936,0.31579581336159995,0.2816512296818015,0.26564211999297677,0.2631628677668159,0.2563579296227122
墨西哥BOLSA,0.33237603833782237,0.2676489910741918,0.0,0.3023251522510752,0.29604066174997923,0.31960510771630063,0.2456972328012089,0.34499661612356297,0.35294430644060354
恒生指数,0.3340596678916448,0.34486121633989936,0.3023251522510752,0.0,0.3919627269255138,0.34353586864401203,0.2476097564966766,0.3119121441405834,0.304819876283235
韩国综合指数,0.29479798238805166,0.31579581336159995,0.29604066174997923,0.3919627269255138,0.0,0.30170380048811757,0.24785111214946845,0.3000136877688318,0.30624577357601
荷兰AEX,0.5765355211312981,0.2816512296818015,0.31960510771630063,0.34353586864401203,0.30170380048811757,0.0,0.23643252070022874,0.35958738358284803,0.30692372506762733
Costa Rica Indice Accionario,0.23709279446746886,0.26564211999297677,0.2456972328012089,0.2476097564966766,0.24785111214946845,0.23643252070022874,0.0,0.2468813518857287,0.25079693397677383
加拿大多伦多S&P/TSX 综合指数,0.3750376058874067,0.2631628677668159,0.34499661612356297,0.3119121441405834,0.3000136877688318,0.35958738358284803,0.2468813518857287,0.0,0.3443279847174324
S&P CLX IPSA,0.32251258833742674,0.2563579296227122,0.35294430644060354,0.304819876283235,0.30624577357601,0.30692372506762733,0.25079693397677383,0.3443279847174324,0.0
