,比利时BFX,日经225,墨西哥BOLSA,恒生指数,韩国综合指数,荷兰AEX,Costa Rica Indice Accionario,加拿大多伦多S&P/TSX 综合指数,S&P CLX IPSA
比利时BFX,0.0,0.26279443641507383,0.333419102086916,0.32806041836916183,0.3047424905109162,0.586466540813127,0.2365311866521495,0.3845054372082284,0.3276729526310803
日经225,0.26279443641507383,0.0,0.2653839293208049,0.33434510952661317,0.30162566089860754,0.2671593451636138,0.2649844273914183,0.2686485133549321,0.2510074368573866
墨西哥BOLSA,0.333419102086916,0.2653839293208049,0.0,0.3123252887439933,0.30206770494897245,0.32928166739222664,0.246027097255426,0.35284346109622355,0.35876636229800724
恒生指数,0.32806041836916183,0.33434510952661317,0.3123252887439933,0.0,0.384108572088142,0.339121215463771,0.2500020447016538,0.3178807027352796,0.29943108568936855
韩国综合指数,0.3047424905109162,0.30162566089860754,0.30206770494897245,0.384108572088142,0.0,0.3128851195821309,0.24652524289324065,0.3043301247231227,0.29994091007315704
荷兰AEX,0.586466540813127,0.2671593451636138,0.32928166739222664,0.339121215463771,0.3128851195821309,0.0,0.23387710171908713,0.37772293830663595,0.30962471024280586
Costa Rica Indice Accionario,0.2365311866521495,0.2649844273914183,0.246027097255426,0.2500020447016538,0.24652524289324065,0.23387710171908713,0.0,0.24752842087527194,0.25392415616185166
加拿大多伦多S&P/TSX 综合指数,0.3845054372082284,0.2686485133549321,0.35284346109622355,0.3178807027352796,0.3043301247231227,0.37772293830663595,0.24752842087527194,0.0,0.34734636169149297
S&P CLX IPSA,0.3276729526310803,0.2510074368573866,0.35876636229800724,0.29943108568936855,0.29994091007315704,0.30962471024280586,0.25392415616185166,0.34734636169149297,0.0
