,比利时BFX,日经225,墨西哥BOLSA,恒生指数,韩国综合指数,荷兰AEX,Costa Rica Indice Accionario,加拿大多伦多S&P/TSX 综合指数,S&P CLX IPSA
比利时BFX,0.0,0.26960369850676064,0.33450493755426547,0.3449890088612645,0.2957962629555628,0.573676176379967,0.23665689817240196,0.3733897564246303,0.32710430452353373
日经225,0.26960369850676064,0.0,0.26727095166144427,0.33944557213529236,0.30790393428713475,0.2785526184340856,0.26420899009333393,0.2642370892587297,0.25505047214948884
墨西哥BOLSA,0.33450493755426547,0.26727095166144427,0.0,0.30954330828822263,0.3026005159137438,0.3191158962274677,0.24524386817619634,0.3436161877029288,0.3600698848989423
恒生指数,0.3449890088612645,0.33944557213529236,0.30954330828822263,0.0,0.3924934739401821,0.3556998959252849,0.24752197232027098,0.3248023563826771,0.31327262622632673
韩国综合指数,0.2957962629555628,0.30790393428713475,0.3026005159137438,0.3924934739401821,0.0,0.30377338876284316,0.24651440243923903,0.3001954574639243,0.3099454249578634
荷兰AEX,0.573676176379967,0.2785526184340856,0.3191158962274677,0.3556998959252849,0.30377338876284316,0.0,0.2346861429787702,0.35775932415886186,0.3085689301621322
Costa Rica Indice Accionario,0.23665689817240196,0.26420899009333393,0.24524386817619634,0.24752197232027098,0.24651440243923903,0.2346861429787702,0.0,0.24742774696042213,0.25163226952780376
加拿大多伦多S&P/TSX 综合指数,0.3733897564246303,0.2642370892587297,0.3436161877029288,0.3248023563826771,0.3001954574639243,0.35775932415886186,0.24742774696042213,0.0,0.3549365547201853
S&P CLX IPSA,0.32710430452353373,0.25505047214948884,0.3600698848989423,0.31327262622632673,0.3099454249578634,0.3085689301621322,0.25163226952780376,0.3549365547201853,0.0
