,比利时BFX,日经225,墨西哥BOLSA,恒生指数,韩国综合指数,荷兰AEX,Costa Rica Indice Accionario,加拿大多伦多S&P/TSX 综合指数,S&P CLX IPSA
比利时BFX,0.0,0.2651548342260959,0.3321066475618439,0.3286070597191109,0.30026702894049984,0.5671219747632383,0.23645460252549508,0.3726299881439257,0.32515759032159336
日经225,0.2651548342260959,0.0,0.2679611496009991,0.33327150946143747,0.2990207245239524,0.2655221131656364,0.26428569521768214,0.2654612258689765,0.25329007125150943
墨西哥BOLSA,0.3321066475618439,0.2679611496009991,0.0,0.31747562444442046,0.30384868807688137,0.318936260013762,0.24579209259194634,0.3440957970564121,0.35355501682110324
恒生指数,0.3286070597191109,0.33327150946143747,0.31747562444442046,0.0,0.39237634412447964,0.3353700622937525,0.2496066757092833,0.3210305204555162,0.3019804822735181
韩国综合指数,0.30026702894049984,0.2990207245239524,0.30384868807688137,0.39237634412447964,0.0,0.310268387833359,0.2459439874153386,0.2991408480019964,0.29365467220880426
荷兰AEX,0.5671219747632383,0.2655221131656364,0.318936260013762,0.3353700622937525,0.310268387833359,0.0,0.2341054674655658,0.3722290857018133,0.3055771686287971
Costa Rica Indice Accionario,0.23645460252549508,0.26428569521768214,0.24579209259194634,0.2496066757092833,0.2459439874153386,0.2341054674655658,0.0,0.24799250296062533,0.2544364995326491
加拿大多伦多S&P/TSX 综合指数,0.3726299881439257,0.2654612258689765,0.3440957970564121,0.3210305204555162,0.2991408480019964,0.3722290857018133,0.24799250296062533,0.0,0.3479801298610549
S&P CLX IPSA,0.32515759032159336,0.25329007125150943,0.35355501682110324,0.3019804822735181,0.29365467220880426,0.3055771686287971,0.2544364995326491,0.3479801298610549,0.0
