,比利时BFX,日经225,墨西哥BOLSA,恒生指数,韩国综合指数,荷兰AEX,Costa Rica Indice Accionario,加拿大多伦多S&P/TSX 综合指数,S&P CLX IPSA
比利时BFX,0.0,0.29446042333521527,0.34253242166229864,0.3209623237369436,0.3167791654388114,0.6225151754176079,0.23744548360216466,0.411179632938575,0.34569540005951865
日经225,0.29446042333521527,0.0,0.2641868938221117,0.3757809905438719,0.3837117196853753,0.27489644185321455,0.2759257782155007,0.28676916242763084,0.2868365328405665
墨西哥BOLSA,0.34253242166229864,0.2641868938221117,0.0,0.2804989295037852,0.2791743803090701,0.34176071439436007,0.2527027022048562,0.36015630668855636,0.319336791564874
恒生指数,0.3209623237369436,0.3757809905438719,0.2804989295037852,0.0,0.4700699214499165,0.3305694277494441,0.25910245652309233,0.31295958481948527,0.3105272016960434
韩国综合指数,0.3167791654388114,0.3837117196853753,0.2791743803090701,0.4700699214499165,0.0,0.310091286331307,0.24459111477618736,0.3050113236716157,0.309107911284105
荷兰AEX,0.6225151754176079,0.27489644185321455,0.34176071439436007,0.3305694277494441,0.310091286331307,0.0,0.2300875895433268,0.4078294991908699,0.3328439445063557
Costa Rica Indice Accionario,0.23744548360216466,0.2759257782155007,0.2527027022048562,0.25910245652309233,0.24459111477618736,0.2300875895433268,0.0,0.24624112033628326,0.2595669889163782
加拿大多伦多S&P/TSX 综合指数,0.411179632938575,0.28676916242763084,0.36015630668855636,0.31295958481948527,0.3050113236716157,0.4078294991908699,0.24624112033628326,0.0,0.34313431306467074
S&P CLX IPSA,0.34569540005951865,0.2868365328405665,0.319336791564874,0.3105272016960434,0.309107911284105,0.3328439445063557,0.2595669889163782,0.34313431306467074,0.0
