,比利时BFX,日经225,墨西哥BOLSA,恒生指数,韩国综合指数,荷兰AEX,Costa Rica Indice Accionario,加拿大多伦多S&P/TSX 综合指数,S&P CLX IPSA
比利时BFX,0.0,0.2988020928553985,0.32578891750793476,0.3232849184968744,0.3184487879123731,0.6212807627801484,0.2393188673338017,0.4014568702029375,0.3381942361433104
日经225,0.2988020928553985,0.0,0.2688988142521871,0.3679200883686214,0.36866866797977016,0.2839629993065483,0.2868094884062224,0.28882044594688905,0.28618908593044484
墨西哥BOLSA,0.32578891750793476,0.2688988142521871,0.0,0.282637646832249,0.2750336541485009,0.328632130387029,0.2392077591003974,0.34896939677757843,0.30456699763519474
恒生指数,0.3232849184968744,0.3679200883686214,0.282637646832249,0.0,0.46126545199018015,0.33656674036403594,0.2522369677046288,0.30866988921303495,0.30995976782721596
韩国综合指数,0.3184487879123731,0.36866866797977016,0.2750336541485009,0.46126545199018015,0.0,0.3128425747263922,0.2452499997583862,0.3017042960686655,0.30324533319970265
荷兰AEX,0.6212807627801484,0.2839629993065483,0.328632130387029,0.33656674036403594,0.3128425747263922,0.0,0.23665491635165892,0.40525485085598273,0.3327748749837594
Costa Rica Indice Accionario,0.2393188673338017,0.2868094884062224,0.2392077591003974,0.2522369677046288,0.2452499997583862,0.23665491635165892,0.0,0.2470155339832948,0.26014875548679117
加拿大多伦多S&P/TSX 综合指数,0.4014568702029375,0.28882044594688905,0.34896939677757843,0.30866988921303495,0.3017042960686655,0.40525485085598273,0.2470155339832948,0.0,0.33486446676891796
S&P CLX IPSA,0.3381942361433104,0.28618908593044484,0.30456699763519474,0.30995976782721596,0.30324533319970265,0.3327748749837594,0.26014875548679117,0.33486446676891796,0.0
