,比利时BFX,日经225,墨西哥BOLSA,恒生指数,韩国综合指数,荷兰AEX,Costa Rica Indice Accionario,加拿大多伦多S&P/TSX 综合指数,S&P CLX IPSA
比利时BFX,0.0,0.26992747958547403,0.3065910684862436,0.3171265099634473,0.30638690351128817,0.5712155925691828,0.2369118738512185,0.38024606466374683,0.3178423583796643
日经225,0.26992747958547403,0.0,0.24512117915639678,0.3380612372600851,0.29593850151890216,0.26413150962865567,0.2687078296528613,0.27033057014050427,0.26932326372335624
墨西哥BOLSA,0.3065910684862436,0.24512117915639678,0.0,0.2782866797370387,0.26251034006809687,0.29936032506564275,0.24506114526264178,0.3295112858627498,0.32470521360271665
恒生指数,0.3171265099634473,0.3380612372600851,0.2782866797370387,0.0,0.39255353277770494,0.31958296074376774,0.24799999398673542,0.3107576320538537,0.29736657266721656
韩国综合指数,0.30638690351128817,0.29593850151890216,0.26251034006809687,0.39255353277770494,0.0,0.29846229015001247,0.24516959244272035,0.2950692906005561,0.2927394546283605
荷兰AEX,0.5712155925691828,0.26413150962865567,0.29936032506564275,0.31958296074376774,0.29846229015001247,0.0,0.2325075792841396,0.3660000803589726,0.3005584777732501
Costa Rica Indice Accionario,0.2369118738512185,0.2687078296528613,0.24506114526264178,0.24799999398673542,0.24516959244272035,0.2325075792841396,0.0,0.24455239799702833,0.2529898611297402
加拿大多伦多S&P/TSX 综合指数,0.38024606466374683,0.27033057014050427,0.3295112858627498,0.3107576320538537,0.2950692906005561,0.3660000803589726,0.24455239799702833,0.0,0.35881693752615895
S&P CLX IPSA,0.3178423583796643,0.26932326372335624,0.32470521360271665,0.29736657266721656,0.2927394546283605,0.3005584777732501,0.2529898611297402,0.35881693752615895,0.0
