,比利时BFX,日经225,墨西哥BOLSA,恒生指数,韩国综合指数,荷兰AEX,Costa Rica Indice Accionario,加拿大多伦多S&P/TSX 综合指数,S&P CLX IPSA
比利时BFX,0.0,0.2693859541992754,0.3404887973391809,0.3366964354988195,0.2940613712781912,0.5748958317925904,0.23711898137030343,0.3787552421244335,0.32334114702843975
日经225,0.2693859541992754,0.0,0.27021586825705346,0.3392487038871812,0.30922605866068537,0.28073365826438484,0.2650851193492457,0.2658413139319921,0.25777316929865857
墨西哥BOLSA,0.3404887973391809,0.27021586825705346,0.0,0.3076534152008034,0.3017087403067139,0.3276444912901855,0.24560795501395769,0.3481767682750234,0.3602628392894143
恒生指数,0.3366964354988195,0.3392487038871812,0.3076534152008034,0.0,0.39646562778230343,0.3488442380046586,0.24776496894132927,0.3161786867016801,0.30798506719683816
韩国综合指数,0.2940613712781912,0.30922605866068537,0.3017087403067139,0.39646562778230343,0.0,0.30184593187462466,0.2468671732180738,0.3008235680423135,0.3101437516271842
荷兰AEX,0.5748958317925904,0.28073365826438484,0.3276444912901855,0.3488442380046586,0.30184593187462466,0.0,0.23520860498064694,0.3605965575296902,0.30806655431854707
Costa Rica Indice Accionario,0.23711898137030343,0.2650851193492457,0.24560795501395769,0.24776496894132927,0.2468671732180738,0.23520860498064694,0.0,0.24770833792623487,0.25173545010890136
加拿大多伦多S&P/TSX 综合指数,0.3787552421244335,0.2658413139319921,0.3481767682750234,0.3161786867016801,0.3008235680423135,0.3605965575296902,0.24770833792623487,0.0,0.3498156892452594
S&P CLX IPSA,0.32334114702843975,0.25777316929865857,0.3602628392894143,0.30798506719683816,0.3101437516271842,0.30806655431854707,0.25173545010890136,0.3498156892452594,0.0
