,比利时BFX,日经225,墨西哥BOLSA,恒生指数,韩国综合指数,荷兰AEX,Costa Rica Indice Accionario,加拿大多伦多S&P/TSX 综合指数,S&P CLX IPSA
比利时BFX,0.0,0.2735836807961919,0.32898221585677606,0.33267816659862265,0.2904616183241731,0.5735344728250106,0.2384111097235888,0.36501878683562783,0.31814848496167975
日经225,0.2735836807961919,0.0,0.27149692769794703,0.3414578649892359,0.3245709198072524,0.2866554885874412,0.2468387656042917,0.2652218094586625,0.2574169057883527
墨西哥BOLSA,0.32898221585677606,0.27149692769794703,0.0,0.30265176985431264,0.3027982391590793,0.31791279328260336,0.2489578463489618,0.34208593233837914,0.35119741510787916
恒生指数,0.33267816659862265,0.3414578649892359,0.30265176985431264,0.0,0.3929839615093696,0.3456167309805607,0.24838397769194376,0.3089209979752139,0.312815601392169
韩国综合指数,0.2904616183241731,0.3245709198072524,0.3027982391590793,0.3929839615093696,0.0,0.29949110408330415,0.2528858588209507,0.2970049214334318,0.3145543732865717
荷兰AEX,0.5735344728250106,0.2866554885874412,0.31791279328260336,0.3456167309805607,0.29949110408330415,0.0,0.24316969693345883,0.3577541623986231,0.30891134903897777
Costa Rica Indice Accionario,0.2384111097235888,0.2468387656042917,0.2489578463489618,0.24838397769194376,0.2528858588209507,0.24316969693345883,0.0,0.24417004606067452,0.2520173636914256
加拿大多伦多S&P/TSX 综合指数,0.36501878683562783,0.2652218094586625,0.34208593233837914,0.3089209979752139,0.2970049214334318,0.3577541623986231,0.24417004606067452,0.0,0.3385589880337024
S&P CLX IPSA,0.31814848496167975,0.2574169057883527,0.35119741510787916,0.312815601392169,0.3145543732865717,0.30891134903897777,0.2520173636914256,0.3385589880337024,0.0
