,比利时BFX,日经225,墨西哥BOLSA,恒生指数,韩国综合指数,荷兰AEX,Costa Rica Indice Accionario,加拿大多伦多S&P/TSX 综合指数,S&P CLX IPSA
比利时BFX,0.0,0.2957938999985948,0.3359523920492912,0.3219408097079269,0.318675006414982,0.6209432640388483,0.23967841899862447,0.40889688552247766,0.3442257102159359
日经225,0.2957938999985948,0.0,0.269381840957211,0.3640083991900445,0.3688860990685179,0.2803181792066963,0.2869590390607866,0.2875114629006609,0.2851882238593922
墨西哥BOLSA,0.3359523920492912,0.269381840957211,0.0,0.28167570128993336,0.2762883905740679,0.33651692201522126,0.2394882478704457,0.3585024193433317,0.3139922110588279
恒生指数,0.3219408097079269,0.3640083991900445,0.28167570128993336,0.0,0.4589187257232948,0.3353792943390061,0.2520674899140034,0.30787562996388657,0.3087203647254162
韩国综合指数,0.318675006414982,0.3688860990685179,0.2762883905740679,0.4589187257232948,0.0,0.3122612749942152,0.2453175887100641,0.3019578584050672,0.3037613234459627
荷兰AEX,0.6209432640388483,0.2803181792066963,0.33651692201522126,0.3353792943390061,0.3122612749942152,0.0,0.2368654267736555,0.4110420759223045,0.3372067088131392
Costa Rica Indice Accionario,0.23967841899862447,0.2869590390607866,0.2394882478704457,0.2520674899140034,0.2453175887100641,0.2368654267736555,0.0,0.24735514043673912,0.2602533850697341
加拿大多伦多S&P/TSX 综合指数,0.40889688552247766,0.2875114629006609,0.3585024193433317,0.30787562996388657,0.3019578584050672,0.4110420759223045,0.24735514043673912,0.0,0.3433977773149494
S&P CLX IPSA,0.3442257102159359,0.2851882238593922,0.3139922110588279,0.3087203647254162,0.3037613234459627,0.3372067088131392,0.2602533850697341,0.3433977773149494,0.0
