,比利时BFX,日经225,墨西哥BOLSA,恒生指数,韩国综合指数,荷兰AEX,Costa Rica Indice Accionario,加拿大多伦多S&P/TSX 综合指数,S&P CLX IPSA
比利时BFX,0.0,0.26936925945990925,0.33426369858121685,0.3330092272331241,0.29199617356450774,0.5759846413263398,0.23702685115330827,0.3760639995274691,0.32262948257142215
日经225,0.26936925945990925,0.0,0.2697115562520905,0.34352902344235653,0.31182750659604686,0.2809865966734781,0.2652837772935718,0.26499649775750767,0.25629380520438616
墨西哥BOLSA,0.33426369858121685,0.2697115562520905,0.0,0.30306715405988494,0.29624781792204913,0.31979369180892714,0.2460750902152842,0.34436568669228645,0.35659455871247875
恒生指数,0.3330092272331241,0.34352902344235653,0.30306715405988494,0.0,0.39150978381227763,0.34232245791514965,0.24828828716876727,0.31357074840161747,0.3062172319259291
韩国综合指数,0.29199617356450774,0.31182750659604686,0.29624781792204913,0.39150978381227763,0.0,0.29891099560236617,0.2469040998957118,0.29896044865797794,0.3084931712965425
荷兰AEX,0.5759846413263398,0.2809865966734781,0.31979369180892714,0.34232245791514965,0.29891099560236617,0.0,0.23524514102305097,0.35784241590533217,0.3056472932570249
Costa Rica Indice Accionario,0.23702685115330827,0.2652837772935718,0.2460750902152842,0.24828828716876727,0.2469040998957118,0.23524514102305097,0.0,0.2476458715258601,0.25213542563867025
加拿大多伦多S&P/TSX 综合指数,0.3760639995274691,0.26499649775750767,0.34436568669228645,0.31357074840161747,0.29896044865797794,0.35784241590533217,0.2476458715258601,0.0,0.34667005442312737
S&P CLX IPSA,0.32262948257142215,0.25629380520438616,0.35659455871247875,0.3062172319259291,0.3084931712965425,0.3056472932570249,0.25213542563867025,0.34667005442312737,0.0
