,比利时BFX,日经225,墨西哥BOLSA,恒生指数,韩国综合指数,荷兰AEX,Costa Rica Indice Accionario,加拿大多伦多S&P/TSX 综合指数,S&P CLX IPSA
比利时BFX,0.0,0.2724790738673787,0.317580409857221,0.32095211976192817,0.3142873889903464,0.6037756200549016,0.23728968774403772,0.4016160083134004,0.3219192046384641
日经225,0.2724790738673787,0.0,0.24974406544562947,0.342842349200567,0.3209651679239206,0.2618495026857619,0.2761907489349811,0.27510769074381475,0.26417892552395994
墨西哥BOLSA,0.317580409857221,0.24974406544562947,0.0,0.29056181868735526,0.27118443487377253,0.3165294393806665,0.24447244231040818,0.34631450108109185,0.29909446301684234
恒生指数,0.32095211976192817,0.342842349200567,0.29056181868735526,0.0,0.4474403215300471,0.32314356883402373,0.2524206540837962,0.3061756532125587,0.3012610323447188
韩国综合指数,0.3142873889903464,0.3209651679239206,0.27118443487377253,0.4474403215300471,0.0,0.3054199830432742,0.24674083740648356,0.30386731715376625,0.28604524296851913
荷兰AEX,0.6037756200549016,0.2618495026857619,0.3165294393806665,0.32314356883402373,0.3054199830432742,0.0,0.23177343593664726,0.39546972646034917,0.30689040709712495
Costa Rica Indice Accionario,0.23728968774403772,0.2761907489349811,0.24447244231040818,0.2524206540837962,0.24674083740648356,0.23177343593664726,0.0,0.2470097088074182,0.2574430932488924
加拿大多伦多S&P/TSX 综合指数,0.4016160083134004,0.27510769074381475,0.34631450108109185,0.3061756532125587,0.30386731715376625,0.39546972646034917,0.2470097088074182,0.0,0.34422396505538894
S&P CLX IPSA,0.3219192046384641,0.26417892552395994,0.29909446301684234,0.3012610323447188,0.28604524296851913,0.30689040709712495,0.2574430932488924,0.34422396505538894,0.0
