,比利时BFX,日经225,墨西哥BOLSA,恒生指数,韩国综合指数,荷兰AEX,Costa Rica Indice Accionario,加拿大多伦多S&P/TSX 综合指数,S&P CLX IPSA
比利时BFX,0.0,0.2741277572880464,0.31212223957684115,0.312989749122931,0.30939416115349183,0.5691548484695915,0.23709567507955212,0.3802563362947746,0.32848788260335904
日经225,0.2741277572880464,0.0,0.24002785568007756,0.34538517437248445,0.2986342139215008,0.2693315249850309,0.2710314215636423,0.27576642327199385,0.2656789650211859
墨西哥BOLSA,0.31212223957684115,0.24002785568007756,0.0,0.2763332845781708,0.2637590032847747,0.30056482791595523,0.24517117375556036,0.3330548791723797,0.32390275277510583
恒生指数,0.312989749122931,0.34538517437248445,0.2763332845781708,0.0,0.39739184107917225,0.315635441298607,0.24711633635607777,0.3069401438649353,0.3001620564834377
韩国综合指数,0.30939416115349183,0.2986342139215008,0.2637590032847747,0.39739184107917225,0.0,0.3027090264106551,0.24495070864430196,0.2965583466317055,0.2907889349886443
荷兰AEX,0.5691548484695915,0.2693315249850309,0.30056482791595523,0.315635441298607,0.3027090264106551,0.0,0.23223471819303296,0.3641652138120697,0.31054342834537063
Costa Rica Indice Accionario,0.23709567507955212,0.2710314215636423,0.24517117375556036,0.24711633635607777,0.24495070864430196,0.23223471819303296,0.0,0.24561368249954865,0.25375850306105263
加拿大多伦多S&P/TSX 综合指数,0.3802563362947746,0.27576642327199385,0.3330548791723797,0.3069401438649353,0.2965583466317055,0.3641652138120697,0.24561368249954865,0.0,0.3752739833944209
S&P CLX IPSA,0.32848788260335904,0.2656789650211859,0.32390275277510583,0.3001620564834377,0.2907889349886443,0.31054342834537063,0.25375850306105263,0.3752739833944209,0.0
