,比利时BFX,日经225,墨西哥BOLSA,恒生指数,韩国综合指数,荷兰AEX,Costa Rica Indice Accionario,加拿大多伦多S&P/TSX 综合指数,S&P CLX IPSA
比利时BFX,0.0,0.27625150885474625,0.3258497460191743,0.3293712471655165,0.31125056036156873,0.5770528239268484,0.2372916611650555,0.3912010124914007,0.3309715234483199
日经225,0.27625150885474625,0.0,0.25922787953545845,0.3474509783640826,0.30512850640863565,0.27529905402590077,0.26737687899251533,0.2689555393405838,0.2521174830672028
墨西哥BOLSA,0.3258497460191743,0.25922787953545845,0.0,0.30089788408032575,0.2852208891518386,0.31843149994556164,0.24534649861075367,0.36232235962487863,0.34857891963820214
恒生指数,0.3293712471655165,0.3474509783640826,0.30089788408032575,0.0,0.3987820543790828,0.33212578108264124,0.25106693914111305,0.3231640324153256,0.3025669916587672
韩国综合指数,0.31125056036156873,0.30512850640863565,0.2852208891518386,0.3987820543790828,0.0,0.30642528710212347,0.24758436769428888,0.3069895711387474,0.29788966184346083
荷兰AEX,0.5770528239268484,0.27529905402590077,0.31843149994556164,0.33212578108264124,0.30642528710212347,0.0,0.23323447831317679,0.3791458799288535,0.30869205504415514
Costa Rica Indice Accionario,0.2372916611650555,0.26737687899251533,0.24534649861075367,0.25106693914111305,0.24758436769428888,0.23323447831317679,0.0,0.2458742817161619,0.25344681305762995
加拿大多伦多S&P/TSX 综合指数,0.3912010124914007,0.2689555393405838,0.36232235962487863,0.3231640324153256,0.3069895711387474,0.3791458799288535,0.2458742817161619,0.0,0.37939899088459866
S&P CLX IPSA,0.3309715234483199,0.2521174830672028,0.34857891963820214,0.3025669916587672,0.29788966184346083,0.30869205504415514,0.25344681305762995,0.37939899088459866,0.0
