,比利时BFX,日经225,墨西哥BOLSA,恒生指数,韩国综合指数,荷兰AEX,Costa Rica Indice Accionario,加拿大多伦多S&P/TSX 综合指数,S&P CLX IPSA
比利时BFX,0.0,0.27192987386636536,0.33236404073819115,0.33276718463555666,0.29315987306079794,0.5676903104024869,0.23885214743681796,0.3661511821877553,0.31990079543835187
日经225,0.27192987386636536,0.0,0.2732931815596733,0.33919399945654544,0.3282061909605224,0.2865453415632551,0.24259720617479202,0.26819247615187036,0.2558608671491276
墨西哥BOLSA,0.33236404073819115,0.2732931815596733,0.0,0.3035899634381092,0.30639997766039945,0.317797486012684,0.2514516226654036,0.3373491773452668,0.354964938161587
恒生指数,0.33276718463555666,0.33919399945654544,0.3035899634381092,0.0,0.39129217977861164,0.349654505730044,0.25011327800754307,0.3143536183424891,0.3154601911528286
韩国综合指数,0.29315987306079794,0.3282061909605224,0.30639997766039945,0.39129217977861164,0.0,0.30788212175810076,0.25504556412803997,0.3013140367551346,0.32084242708257416
荷兰AEX,0.5676903104024869,0.2865453415632551,0.317797486012684,0.349654505730044,0.30788212175810076,0.0,0.24107275577651419,0.35751966243723965,0.30687125580398245
Costa Rica Indice Accionario,0.23885214743681796,0.24259720617479202,0.2514516226654036,0.25011327800754307,0.25504556412803997,0.24107275577651419,0.0,0.2434770314581265,0.2512440732698198
加拿大多伦多S&P/TSX 综合指数,0.3661511821877553,0.26819247615187036,0.3373491773452668,0.3143536183424891,0.3013140367551346,0.35751966243723965,0.2434770314581265,0.0,0.33268210451600666
S&P CLX IPSA,0.31990079543835187,0.2558608671491276,0.354964938161587,0.3154601911528286,0.32084242708257416,0.30687125580398245,0.2512440732698198,0.33268210451600666,0.0
