,比利时BFX,日经225,墨西哥BOLSA,恒生指数,韩国综合指数,荷兰AEX,Costa Rica Indice Accionario,加拿大多伦多S&P/TSX 综合指数,S&P CLX IPSA
比利时BFX,0.0,0.2791429508160205,0.31425209859301023,0.32652848736123813,0.31819680056614996,0.6107948704989694,0.23845886635523128,0.4014167999055341,0.3312907620630736
日经225,0.2791429508160205,0.0,0.25026752108379785,0.35277176532667187,0.3329889352872346,0.26902245172525724,0.27744951374418586,0.27692548126055755,0.270633698638447
墨西哥BOLSA,0.31425209859301023,0.25026752108379785,0.0,0.28760523895237167,0.26367390367327387,0.3116251532511289,0.24552473053237558,0.3478661656140665,0.29751511683147014
恒生指数,0.32652848736123813,0.35277176532667187,0.28760523895237167,0.0,0.45203364861967904,0.32882143940410025,0.2542762351202206,0.3151602997479091,0.3025098060488424
韩国综合指数,0.31819680056614996,0.3329889352872346,0.26367390367327387,0.45203364861967904,0.0,0.3090107344746992,0.24839290536537265,0.30619833971878296,0.28993089848117276
荷兰AEX,0.6107948704989694,0.26902245172525724,0.3116251532511289,0.32882143940410025,0.3090107344746992,0.0,0.23323697492855106,0.3984066039528426,0.3160750111148546
Costa Rica Indice Accionario,0.23845886635523128,0.27744951374418586,0.24552473053237558,0.2542762351202206,0.24839290536537265,0.23323697492855106,0.0,0.25134591314360716,0.2593711390643262
加拿大多伦多S&P/TSX 综合指数,0.4014167999055341,0.27692548126055755,0.3478661656140665,0.3151602997479091,0.30619833971878296,0.3984066039528426,0.25134591314360716,0.0,0.3510350402083657
S&P CLX IPSA,0.3312907620630736,0.270633698638447,0.29751511683147014,0.3025098060488424,0.28993089848117276,0.3160750111148546,0.2593711390643262,0.3510350402083657,0.0
