,比利时BFX,日经225,墨西哥BOLSA,恒生指数,韩国综合指数,荷兰AEX,Costa Rica Indice Accionario,加拿大多伦多S&P/TSX 综合指数,S&P CLX IPSA
比利时BFX,0.0,0.27145153876309003,0.33025559120120845,0.33543258900153344,0.29522946935835426,0.5738807326124215,0.2402796335441032,0.3662487918968211,0.3210167558363214
日经225,0.27145153876309003,0.0,0.27007969022732886,0.34574163801353575,0.32004518835439094,0.2844357282078034,0.2673077304637282,0.26322373881426925,0.2566823610414397
墨西哥BOLSA,0.33025559120120845,0.27007969022732886,0.0,0.2998217131278722,0.29815286213817027,0.31999198750337543,0.24394713121018283,0.3419240610230301,0.3480989797816352
恒生指数,0.33543258900153344,0.34574163801353575,0.2998217131278722,0.0,0.39201409766407813,0.346203298485561,0.24743040592884216,0.3089183144266964,0.3051253790166946
韩国综合指数,0.29522946935835426,0.32004518835439094,0.29815286213817027,0.39201409766407813,0.0,0.30160415657546435,0.24922472802189943,0.29795391064640664,0.3106631162855496
荷兰AEX,0.5738807326124215,0.2844357282078034,0.31999198750337543,0.346203298485561,0.30160415657546435,0.0,0.2397728731497888,0.35654964379640164,0.306193473502311
Costa Rica Indice Accionario,0.2402796335441032,0.2673077304637282,0.24394713121018283,0.24743040592884216,0.24922472802189943,0.2397728731497888,0.0,0.2475709680299455,0.24925535721770398
加拿大多伦多S&P/TSX 综合指数,0.3662487918968211,0.26322373881426925,0.3419240610230301,0.3089183144266964,0.29795391064640664,0.35654964379640164,0.2475709680299455,0.0,0.3388699948632605
S&P CLX IPSA,0.3210167558363214,0.2566823610414397,0.3480989797816352,0.3051253790166946,0.3106631162855496,0.306193473502311,0.24925535721770398,0.3388699948632605,0.0
