,比利时BFX,日经225,墨西哥BOLSA,恒生指数,韩国综合指数,荷兰AEX,Costa Rica Indice Accionario,加拿大多伦多S&P/TSX 综合指数,S&P CLX IPSA
比利时BFX,0.0,0.26675218739741996,0.3347840649924734,0.3348275120122312,0.3054130343815777,0.5608889362754113,0.23728196929524728,0.3754849148642898,0.3306164964160569
日经225,0.26675218739741996,0.0,0.2639375581396779,0.33431581782053954,0.305584277629192,0.2724129499973777,0.2647737873338,0.2616865703734309,0.2540520939530469
墨西哥BOLSA,0.3347840649924734,0.2639375581396779,0.0,0.3071902900931361,0.3025030730773311,0.3201278625593148,0.24595005909691006,0.35009061774932093,0.35086527309505716
恒生指数,0.3348275120122312,0.33431581782053954,0.3071902900931361,0.0,0.4015478332861381,0.3433008074516285,0.24956369611364623,0.3233783210351752,0.3069684656036
韩国综合指数,0.3054130343815777,0.305584277629192,0.3025030730773311,0.4015478332861381,0.0,0.3160860351851032,0.2478774518453524,0.3006636413902527,0.2999177004841625
荷兰AEX,0.5608889362754113,0.2724129499973777,0.3201278625593148,0.3433008074516285,0.3160860351851032,0.0,0.23538506824774383,0.3623587797109035,0.31055457933481306
Costa Rica Indice Accionario,0.23728196929524728,0.2647737873338,0.24595005909691006,0.24956369611364623,0.2478774518453524,0.23538506824774383,0.0,0.2488410321845211,0.25416521215852095
加拿大多伦多S&P/TSX 综合指数,0.3754849148642898,0.2616865703734309,0.35009061774932093,0.3233783210351752,0.3006636413902527,0.3623587797109035,0.2488410321845211,0.0,0.3559679928363694
S&P CLX IPSA,0.3306164964160569,0.2540520939530469,0.35086527309505716,0.3069684656036,0.2999177004841625,0.31055457933481306,0.25416521215852095,0.3559679928363694,0.0
