,比利时BFX,日经225,墨西哥BOLSA,恒生指数,韩国综合指数,荷兰AEX,Costa Rica Indice Accionario,加拿大多伦多S&P/TSX 综合指数,S&P CLX IPSA
比利时BFX,0.0,0.2652341337462934,0.32642399146295076,0.32526442099823916,0.3010280475126413,0.5929156774155766,0.23578101591477113,0.3798588078157245,0.3238880526713732
日经225,0.2652341337462934,0.0,0.26460153327692026,0.3371163333552969,0.30542097694755405,0.2701082257585061,0.26615489033056466,0.2699690219464911,0.24853759192186714
墨西哥BOLSA,0.32642399146295076,0.26460153327692026,0.0,0.3104707497161467,0.2949664501387106,0.32271596309567263,0.24544541666668557,0.355295531580117,0.3630659225102631
恒生指数,0.32526442099823916,0.3371163333552969,0.3104707497161467,0.0,0.37711694886503155,0.337817972705353,0.25105264696295526,0.3133249417750421,0.30453887605690066
韩国综合指数,0.3010280475126413,0.30542097694755405,0.2949664501387106,0.37711694886503155,0.0,0.3112483440873715,0.24741201123777387,0.2969061930707113,0.3028945663313643
荷兰AEX,0.5929156774155766,0.2701082257585061,0.32271596309567263,0.337817972705353,0.3112483440873715,0.0,0.23345529995908507,0.37355488585657004,0.3041729415456855
Costa Rica Indice Accionario,0.23578101591477113,0.26615489033056466,0.24544541666668557,0.25105264696295526,0.24741201123777387,0.23345529995908507,0.0,0.24798457587236358,0.25465257645579553
加拿大多伦多S&P/TSX 综合指数,0.3798588078157245,0.2699690219464911,0.355295531580117,0.3133249417750421,0.2969061930707113,0.37355488585657004,0.24798457587236358,0.0,0.3530794935785307
S&P CLX IPSA,0.3238880526713732,0.24853759192186714,0.3630659225102631,0.30453887605690066,0.3028945663313643,0.3041729415456855,0.25465257645579553,0.3530794935785307,0.0
