,比利时BFX,日经225,墨西哥BOLSA,恒生指数,韩国综合指数,荷兰AEX,Costa Rica Indice Accionario,加拿大多伦多S&P/TSX 综合指数,S&P CLX IPSA
比利时BFX,0.0,0.26926916750004876,0.33201300451749083,0.3299801530766317,0.2941456951022213,0.5741625466127782,0.2369663242580631,0.37087650961993257,0.31863539652319073
日经225,0.26926916750004876,0.0,0.2690290054790836,0.34768470482405317,0.3201599686156777,0.28245143494788294,0.2685053165469594,0.2625609088937844,0.2574943695756976
墨西哥BOLSA,0.33201300451749083,0.2690290054790836,0.0,0.3013308798438928,0.29951161254664443,0.31958449286443286,0.2453160458771233,0.342878149614984,0.34842827845333657
恒生指数,0.3299801530766317,0.34768470482405317,0.3013308798438928,0.0,0.3945531030919276,0.3426600414455339,0.2473193168776348,0.31062114138087,0.30624136855614664
韩国综合指数,0.2941456951022213,0.3201599686156777,0.29951161254664443,0.3945531030919276,0.0,0.3016960486694038,0.24825902845507303,0.29978024284110694,0.30720588690779194
荷兰AEX,0.5741625466127782,0.28245143494788294,0.31958449286443286,0.3426600414455339,0.3016960486694038,0.0,0.23588091698532979,0.35895945084820713,0.3043264140123818
Costa Rica Indice Accionario,0.2369663242580631,0.2685053165469594,0.2453160458771233,0.2473193168776348,0.24825902845507303,0.23588091698532979,0.0,0.2470213882439892,0.2496435751916034
加拿大多伦多S&P/TSX 综合指数,0.37087650961993257,0.2625609088937844,0.342878149614984,0.31062114138087,0.29978024284110694,0.35895945084820713,0.2470213882439892,0.0,0.33883417398292
S&P CLX IPSA,0.31863539652319073,0.2574943695756976,0.34842827845333657,0.30624136855614664,0.30720588690779194,0.3043264140123818,0.2496435751916034,0.33883417398292,0.0
