,比利时BFX,日经225,墨西哥BOLSA,恒生指数,韩国综合指数,荷兰AEX,Costa Rica Indice Accionario,加拿大多伦多S&P/TSX 综合指数,S&P CLX IPSA
比利时BFX,0.0,0.2728292712758807,0.33200603757177244,0.3354773396608758,0.29436829689057836,0.5757350194896227,0.23886139627383163,0.36491372828073204,0.31896391748373987
日经225,0.2728292712758807,0.0,0.2727283059301443,0.34091757732863653,0.3278608545867827,0.28731011639334886,0.24187566330382193,0.2668339398013893,0.2568519890201663
墨西哥BOLSA,0.33200603757177244,0.2727283059301443,0.0,0.3047561474861102,0.30659882505750663,0.31901756989557484,0.25082286258525316,0.3395437830878766,0.35560652273152626
恒生指数,0.3354773396608758,0.34091757732863653,0.3047561474861102,0.0,0.39362385486303986,0.35019922162769396,0.2496897672048472,0.31335027080359557,0.31575267960823844
韩国综合指数,0.29436829689057836,0.3278608545867827,0.30659882505750663,0.39362385486303986,0.0,0.3085097852085423,0.2539869902898049,0.301808192061021,0.3216287462453583
荷兰AEX,0.5757350194896227,0.28731011639334886,0.31901756989557484,0.35019922162769396,0.3085097852085423,0.0,0.24107684228389784,0.3555530634224123,0.30640714137856695
Costa Rica Indice Accionario,0.23886139627383163,0.24187566330382193,0.25082286258525316,0.2496897672048472,0.2539869902898049,0.24107684228389784,0.0,0.24308361895701264,0.2509520217431178
加拿大多伦多S&P/TSX 综合指数,0.36491372828073204,0.2668339398013893,0.3395437830878766,0.31335027080359557,0.301808192061021,0.3555530634224123,0.24308361895701264,0.0,0.3346919819771672
S&P CLX IPSA,0.31896391748373987,0.2568519890201663,0.35560652273152626,0.31575267960823844,0.3216287462453583,0.30640714137856695,0.2509520217431178,0.3346919819771672,0.0
