,比利时BFX,日经225,墨西哥BOLSA,恒生指数,韩国综合指数,荷兰AEX,Costa Rica Indice Accionario,加拿大多伦多S&P/TSX 综合指数,S&P CLX IPSA
比利时BFX,0.0,0.2688321637638315,0.3320720513949296,0.32942419816304863,0.2915508614938072,0.5755500227601719,0.23687547853467092,0.37191912399208765,0.3196252638210402
日经225,0.2688321637638315,0.0,0.26849096806082984,0.345441011296058,0.31602404916919186,0.28264661319674483,0.2680927909941919,0.26244530983602143,0.2571919296766302
墨西哥BOLSA,0.3320720513949296,0.26849096806082984,0.0,0.3010461499635774,0.2974428156479588,0.31996921847983834,0.24526704952087652,0.34280111760343446,0.34945627484958763
恒生指数,0.32942419816304863,0.345441011296058,0.3010461499635774,0.0,0.3915046246911913,0.34291475425455265,0.24724631752390988,0.31095133387633306,0.30580526004742914
韩国综合指数,0.2915508614938072,0.31602404916919186,0.2974428156479588,0.3915046246911913,0.0,0.30127927624128104,0.2481179227936881,0.3006642985485841,0.30405814489842065
荷兰AEX,0.5755500227601719,0.28264661319674483,0.31996921847983834,0.34291475425455265,0.30127927624128104,0.0,0.2359182355269819,0.3587567351324171,0.30631768859844327
Costa Rica Indice Accionario,0.23687547853467092,0.2680927909941919,0.24526704952087652,0.24724631752390988,0.2481179227936881,0.2359182355269819,0.0,0.24705456701801456,0.2494793837900468
加拿大多伦多S&P/TSX 综合指数,0.37191912399208765,0.26244530983602143,0.34280111760343446,0.31095133387633306,0.3006642985485841,0.3587567351324171,0.24705456701801456,0.0,0.34314100546567244
S&P CLX IPSA,0.3196252638210402,0.2571919296766302,0.34945627484958763,0.30580526004742914,0.30405814489842065,0.30631768859844327,0.2494793837900468,0.34314100546567244,0.0
