,比利时BFX,日经225,墨西哥BOLSA,恒生指数,韩国综合指数,荷兰AEX,Costa Rica Indice Accionario,加拿大多伦多S&P/TSX 综合指数,S&P CLX IPSA
比利时BFX,0.0,0.26887954113008194,0.33326060750905784,0.34175561669972254,0.29682083767754025,0.5656174353827248,0.23701807472369976,0.37109600247536484,0.3270493273810017
日经225,0.26887954113008194,0.0,0.2666853882800374,0.33812906603098575,0.3087458907008272,0.278681027140514,0.26422502737304093,0.2642867294949989,0.25533904307060223
墨西哥BOLSA,0.33326060750905784,0.2666853882800374,0.0,0.3102891787063005,0.30509940976277605,0.3209575424527335,0.2456633077545895,0.33741839743278024,0.36581506023890203
恒生指数,0.34175561669972254,0.33812906603098575,0.3102891787063005,0.0,0.39282818752231297,0.35308281066576985,0.24774531204578534,0.32712168676522874,0.3107010752183342
韩国综合指数,0.29682083767754025,0.3087458907008272,0.30509940976277605,0.39282818752231297,0.0,0.30493351329515717,0.24648636266501087,0.30067176845928284,0.30839188844790927
荷兰AEX,0.5656174353827248,0.278681027140514,0.3209575424527335,0.35308281066576985,0.30493351329515717,0.0,0.2349378391858313,0.35635017488262494,0.3080873092146646
Costa Rica Indice Accionario,0.23701807472369976,0.26422502737304093,0.2456633077545895,0.24774531204578534,0.24648636266501087,0.2349378391858313,0.0,0.2473608316111831,0.2516796047561769
加拿大多伦多S&P/TSX 综合指数,0.37109600247536484,0.2642867294949989,0.33741839743278024,0.32712168676522874,0.30067176845928284,0.35635017488262494,0.2473608316111831,0.0,0.3555686158867183
S&P CLX IPSA,0.3270493273810017,0.25533904307060223,0.36581506023890203,0.3107010752183342,0.30839188844790927,0.3080873092146646,0.2516796047561769,0.3555686158867183,0.0
