,比利时BFX,日经225,墨西哥BOLSA,恒生指数,韩国综合指数,荷兰AEX,Costa Rica Indice Accionario,加拿大多伦多S&P/TSX 综合指数,S&P CLX IPSA
比利时BFX,0.0,0.2737219084054953,0.3329205287237271,0.3200523060111826,0.2973806624470826,0.5753512323293075,0.23718758726372352,0.37173188342482993,0.32154774122076357
日经225,0.2737219084054953,0.0,0.2780963023860973,0.331322053036804,0.3257779891505148,0.28621923582909653,0.2443687503421587,0.2691257403032497,0.25609269102437276
墨西哥BOLSA,0.3329205287237271,0.2780963023860973,0.0,0.29977856718789475,0.3121051663942377,0.31795878274979583,0.2506031030856948,0.3395024903307605,0.35383262947526
恒生指数,0.3200523060111826,0.331322053036804,0.29977856718789475,0.0,0.39184578285145244,0.3355577254119908,0.2504277744203742,0.3108627315710905,0.31101801208654717
韩国综合指数,0.2973806624470826,0.3257779891505148,0.3121051663942377,0.39184578285145244,0.0,0.307388476881625,0.25533725460211804,0.3044402166464794,0.3184088675756799
荷兰AEX,0.5753512323293075,0.28621923582909653,0.31795878274979583,0.3355577254119908,0.307388476881625,0.0,0.24001306595084548,0.3613552273375616,0.30930621385590806
Costa Rica Indice Accionario,0.23718758726372352,0.2443687503421587,0.2506031030856948,0.2504277744203742,0.25533725460211804,0.24001306595084548,0.0,0.24287139944695996,0.25035146997072105
加拿大多伦多S&P/TSX 综合指数,0.37173188342482993,0.2691257403032497,0.3395024903307605,0.3108627315710905,0.3044402166464794,0.3613552273375616,0.24287139944695996,0.0,0.33552960748226723
S&P CLX IPSA,0.32154774122076357,0.25609269102437276,0.35383262947526,0.31101801208654717,0.3184088675756799,0.30930621385590806,0.25035146997072105,0.33552960748226723,0.0
