,比利时BFX,日经225,墨西哥BOLSA,恒生指数,韩国综合指数,荷兰AEX,Costa Rica Indice Accionario,加拿大多伦多S&P/TSX 综合指数,S&P CLX IPSA
比利时BFX,0.0,0.26678378842770456,0.350456342031564,0.3024750530379096,0.2659349248556796,0.6148680326163789,0.2447151899032717,0.35269324085408044,0.3206707043217904
日经225,0.26678378842770456,0.0,0.2631513546906607,0.3314274465056156,0.3596002259887566,0.2747632121570572,0.2522837669400382,0.2453189819561496,0.2602947688653724
墨西哥BOLSA,0.350456342031564,0.2631513546906607,0.0,0.2983811657215064,0.2727752783405548,0.3727966532849355,0.23973870836471708,0.34064436365455136,0.3419943798567202
恒生指数,0.3024750530379096,0.3314274465056156,0.2983811657215064,0.0,0.3792329862549511,0.30934622891312313,0.2532917255534513,0.2699597698135326,0.2966274412559535
韩国综合指数,0.2659349248556796,0.3596002259887566,0.2727752783405548,0.3792329862549511,0.0,0.2664523699543286,0.23202007392473525,0.245475681941891,0.28388577630368667
荷兰AEX,0.6148680326163789,0.2747632121570572,0.3727966532849355,0.30934622891312313,0.2664523699543286,0.0,0.2432744742298205,0.3640381311621935,0.3413986250178331
Costa Rica Indice Accionario,0.2447151899032717,0.2522837669400382,0.23973870836471708,0.2532917255534513,0.23202007392473525,0.2432744742298205,0.0,0.23568060654378145,0.2350918813012764
加拿大多伦多S&P/TSX 综合指数,0.35269324085408044,0.2453189819561496,0.34064436365455136,0.2699597698135326,0.245475681941891,0.3640381311621935,0.23568060654378145,0.0,0.31044175321130707
S&P CLX IPSA,0.3206707043217904,0.2602947688653724,0.3419943798567202,0.2966274412559535,0.28388577630368667,0.3413986250178331,0.2350918813012764,0.31044175321130707,0.0
