,比利时BFX,日经225,墨西哥BOLSA,恒生指数,韩国综合指数,荷兰AEX,Costa Rica Indice Accionario,加拿大多伦多S&P/TSX 综合指数,S&P CLX IPSA
比利时BFX,0.0,0.2654526522902714,0.34986481109376916,0.2921700321342527,0.26112367039443907,0.6136695082118072,0.24507145208620962,0.3232570988954601,0.30364336203940306
日经225,0.2654526522902714,0.0,0.2497923797925826,0.3090354172695152,0.33596382162610194,0.26784993157000236,0.2563516110998748,0.23944609759119742,0.2594964672201247
墨西哥BOLSA,0.34986481109376916,0.2497923797925826,0.0,0.2698949298685604,0.25452736374467466,0.3630879603922985,0.2410628558795535,0.33074125193767095,0.3429571651629416
恒生指数,0.2921700321342527,0.3090354172695152,0.2698949298685604,0.0,0.34965637262398125,0.29126287661698297,0.2587209887127732,0.25374249220659406,0.2778683133832516
韩国综合指数,0.26112367039443907,0.33596382162610194,0.25452736374467466,0.34965637262398125,0.0,0.2591843679616058,0.23537998899939255,0.2319053020119481,0.27721921706603786
荷兰AEX,0.6136695082118072,0.26784993157000236,0.3630879603922985,0.29126287661698297,0.2591843679616058,0.0,0.24446147615813812,0.34213386112746813,0.3234129787988808
Costa Rica Indice Accionario,0.24507145208620962,0.2563516110998748,0.2410628558795535,0.2587209887127732,0.23537998899939255,0.24446147615813812,0.0,0.23834994450172622,0.23913685286931227
加拿大多伦多S&P/TSX 综合指数,0.3232570988954601,0.23944609759119742,0.33074125193767095,0.25374249220659406,0.2319053020119481,0.34213386112746813,0.23834994450172622,0.0,0.28793837379725823
S&P CLX IPSA,0.30364336203940306,0.2594964672201247,0.3429571651629416,0.2778683133832516,0.27721921706603786,0.3234129787988808,0.23913685286931227,0.28793837379725823,0.0
