,比利时BFX,日经225,墨西哥BOLSA,恒生指数,韩国综合指数,荷兰AEX,Costa Rica Indice Accionario,加拿大多伦多S&P/TSX 综合指数,S&P CLX IPSA
比利时BFX,0.0,0.28806161097688404,0.32266378252955097,0.2847235967722915,0.29755926329769444,0.554615731991584,0.23857096190827742,0.3618478761469458,0.31628896238414256
日经225,0.28806161097688404,0.0,0.273169244292559,0.34234146022212586,0.35337008809896264,0.2970036380854872,0.24998069362048358,0.2801446811500014,0.26670658373878947
墨西哥BOLSA,0.32266378252955097,0.273169244292559,0.0,0.2842176722187103,0.28276680114117986,0.3434321927433546,0.24631708122890353,0.3322934263759347,0.31673218363631317
恒生指数,0.2847235967722915,0.34234146022212586,0.2842176722187103,0.0,0.39970532817153204,0.3095209945802656,0.25237505006161265,0.27061997864281284,0.3078169353954549
韩国综合指数,0.29755926329769444,0.35337008809896264,0.28276680114117986,0.39970532817153204,0.0,0.29784166686762975,0.2527329449283548,0.2697196242875212,0.31467606396489994
荷兰AEX,0.554615731991584,0.2970036380854872,0.3434321927433546,0.3095209945802656,0.29784166686762975,0.0,0.24155439279454965,0.359491370100672,0.32992695784386245
Costa Rica Indice Accionario,0.23857096190827742,0.24998069362048358,0.24631708122890353,0.25237505006161265,0.2527329449283548,0.24155439279454965,0.0,0.2372453523099814,0.2490311724885936
加拿大多伦多S&P/TSX 综合指数,0.3618478761469458,0.2801446811500014,0.3322934263759347,0.27061997864281284,0.2697196242875212,0.359491370100672,0.2372453523099814,0.0,0.3057237166386249
S&P CLX IPSA,0.31628896238414256,0.26670658373878947,0.31673218363631317,0.3078169353954549,0.31467606396489994,0.32992695784386245,0.2490311724885936,0.3057237166386249,0.0
