,比利时BFX,日经225,墨西哥BOLSA,恒生指数,韩国综合指数,荷兰AEX,Costa Rica Indice Accionario,加拿大多伦多S&P/TSX 综合指数,S&P CLX IPSA
比利时BFX,0.0,0.2879503740389826,0.32773738260011365,0.31843073775956454,0.29530982251007426,0.5603006316949628,0.23844625648048717,0.37667103041186367,0.32554719950682254
日经225,0.2879503740389826,0.0,0.27983988663576326,0.3490621269296117,0.3389104697039948,0.3011722907505082,0.24431482049196532,0.2825079768091487,0.2619651423745337
墨西哥BOLSA,0.32773738260011365,0.27983988663576326,0.0,0.293073248643143,0.30706707976941783,0.31875624184378304,0.2468963107907503,0.3304405958828094,0.338158341628599
恒生指数,0.31843073775956454,0.3490621269296117,0.293073248643143,0.0,0.39395128409466046,0.33544432007183284,0.24876677744849782,0.31589310910783674,0.3127399773259694
韩国综合指数,0.29530982251007426,0.3389104697039948,0.30706707976941783,0.39395128409466046,0.0,0.30384422925747956,0.25295218663199237,0.3117536357876738,0.31910331708653045
荷兰AEX,0.5603006316949628,0.3011722907505082,0.31875624184378304,0.33544432007183284,0.30384422925747956,0.0,0.24137010582161028,0.3741961583492259,0.31656805149090533
Costa Rica Indice Accionario,0.23844625648048717,0.24431482049196532,0.2468963107907503,0.24876677744849782,0.25295218663199237,0.24137010582161028,0.0,0.24083247583727704,0.25086966326050075
加拿大多伦多S&P/TSX 综合指数,0.37667103041186367,0.2825079768091487,0.3304405958828094,0.31589310910783674,0.3117536357876738,0.3741961583492259,0.24083247583727704,0.0,0.32510783261496673
S&P CLX IPSA,0.32554719950682254,0.2619651423745337,0.338158341628599,0.3127399773259694,0.31910331708653045,0.31656805149090533,0.25086966326050075,0.32510783261496673,0.0
