,比利时BFX,日经225,墨西哥BOLSA,恒生指数,韩国综合指数,荷兰AEX,Costa Rica Indice Accionario,加拿大多伦多S&P/TSX 综合指数,S&P CLX IPSA
比利时BFX,0.0,0.26482969261403516,0.3540628383339209,0.2967383047524566,0.2625136662777831,0.6165480722005992,0.24514642516846247,0.32778927842973093,0.30672140180184393
日经225,0.26482969261403516,0.0,0.2513406107294102,0.3081188771349699,0.3341504215369651,0.2674974359526969,0.25629127424336173,0.23776229478512892,0.25634129871912437
墨西哥BOLSA,0.3540628383339209,0.2513406107294102,0.0,0.27394901860182586,0.25816672827333625,0.3669619022143798,0.24092074170060002,0.32804828712239864,0.34969772497319246
恒生指数,0.2967383047524566,0.3081188771349699,0.27394901860182586,0.0,0.3521446285087541,0.29592306072463564,0.25818952090381997,0.2553087256937529,0.2883073260101512
韩国综合指数,0.2625136662777831,0.3341504215369651,0.25816672827333625,0.3521446285087541,0.0,0.2609519581212837,0.23538090798969466,0.2321244023075225,0.281203356068707
荷兰AEX,0.6165480722005992,0.2674974359526969,0.3669619022143798,0.29592306072463564,0.2609519581212837,0.0,0.24443894390734083,0.34689899733752205,0.3272869374218884
Costa Rica Indice Accionario,0.24514642516846247,0.25629127424336173,0.24092074170060002,0.25818952090381997,0.23538090798969466,0.24443894390734083,0.0,0.23770644956310358,0.2390609679576911
加拿大多伦多S&P/TSX 综合指数,0.32778927842973093,0.23776229478512892,0.32804828712239864,0.2553087256937529,0.2321244023075225,0.34689899733752205,0.23770644956310358,0.0,0.29276244937567397
S&P CLX IPSA,0.30672140180184393,0.25634129871912437,0.34969772497319246,0.2883073260101512,0.281203356068707,0.3272869374218884,0.2390609679576911,0.29276244937567397,0.0
