,比利时BFX,日经225,墨西哥BOLSA,恒生指数,韩国综合指数,荷兰AEX,Costa Rica Indice Accionario,加拿大多伦多S&P/TSX 综合指数,S&P CLX IPSA
比利时BFX,0.0,0.29405516387350916,0.3313809127398639,0.2957929883336674,0.2904946995037004,0.5668263181833324,0.23857116167397457,0.3603864009088479,0.3182507148034481
日经225,0.29405516387350916,0.0,0.2748633592426192,0.33937873231340276,0.3475227128699751,0.306161975484335,0.24899380890206757,0.27464984773973733,0.26605708614515555
墨西哥BOLSA,0.3313809127398639,0.2748633592426192,0.0,0.29221745197305204,0.2860884489797763,0.3534209518992839,0.24562741317596412,0.333985070271594,0.3203896758138898
恒生指数,0.2957929883336674,0.33937873231340276,0.29221745197305204,0.0,0.3914900415522838,0.3104244501588967,0.25260587030787085,0.27816669665927285,0.29934851843634147
韩国综合指数,0.2904946995037004,0.3475227128699751,0.2860884489797763,0.3914900415522838,0.0,0.28768307217749595,0.25233152181106683,0.262279766427385,0.3117215594483209
荷兰AEX,0.5668263181833324,0.306161975484335,0.3534209518992839,0.3104244501588967,0.28768307217749595,0.0,0.24200247021961058,0.3708771872886756,0.3345021620022645
Costa Rica Indice Accionario,0.23857116167397457,0.24899380890206757,0.24562741317596412,0.25260587030787085,0.25233152181106683,0.24200247021961058,0.0,0.2374813321865767,0.24920819562694263
加拿大多伦多S&P/TSX 综合指数,0.3603864009088479,0.27464984773973733,0.333985070271594,0.27816669665927285,0.262279766427385,0.3708771872886756,0.2374813321865767,0.0,0.3038832503123169
S&P CLX IPSA,0.3182507148034481,0.26605708614515555,0.3203896758138898,0.29934851843634147,0.3117215594483209,0.3345021620022645,0.24920819562694263,0.3038832503123169,0.0
