,比利时BFX,日经225,墨西哥BOLSA,恒生指数,韩国综合指数,荷兰AEX,Costa Rica Indice Accionario,加拿大多伦多S&P/TSX 综合指数,S&P CLX IPSA
比利时BFX,0.0,0.2622148599541509,0.3509409272946395,0.29860821669048226,0.2615661118318304,0.6171814120436262,0.24515339734328415,0.3331289408082276,0.3099573768461638
日经225,0.2622148599541509,0.0,0.2584074575726117,0.32401214729550504,0.3416023398373143,0.2656620978401341,0.25590251388397933,0.23738644756891708,0.25668550323739736
墨西哥BOLSA,0.3509409272946395,0.2584074575726117,0.0,0.2894108849779086,0.26724918823605054,0.3649867275228506,0.24106629827457837,0.32730043220258925,0.34176810399838736
恒生指数,0.29860821669048226,0.32401214729550504,0.2894108849779086,0.0,0.3683589179322241,0.29945864799680366,0.25828368655290185,0.2603858196772514,0.2919231052526808
韩国综合指数,0.2615661118318304,0.3416023398373143,0.26724918823605054,0.3683589179322241,0.0,0.26151514805140263,0.23569723427546996,0.23524908464117006,0.28323256326401014
荷兰AEX,0.6171814120436262,0.2656620978401341,0.3649867275228506,0.29945864799680366,0.26151514805140263,0.0,0.2445253379480278,0.3503361921565516,0.3295066386025345
Costa Rica Indice Accionario,0.24515339734328415,0.25590251388397933,0.24106629827457837,0.25828368655290185,0.23569723427546996,0.2445253379480278,0.0,0.23765537510726656,0.2387347189146867
加拿大多伦多S&P/TSX 综合指数,0.3331289408082276,0.23738644756891708,0.32730043220258925,0.2603858196772514,0.23524908464117006,0.3503361921565516,0.23765537510726656,0.0,0.29612226882474274
S&P CLX IPSA,0.3099573768461638,0.25668550323739736,0.34176810399838736,0.2919231052526808,0.28323256326401014,0.3295066386025345,0.2387347189146867,0.29612226882474274,0.0
