,比利时BFX,日经225,墨西哥BOLSA,恒生指数,韩国综合指数,荷兰AEX,Costa Rica Indice Accionario,加拿大多伦多S&P/TSX 综合指数,S&P CLX IPSA
比利时BFX,0.0,0.293553076885318,0.33256295284131815,0.3016148795788002,0.295075498604976,0.5492054321399115,0.23694479993250447,0.37308339400701673,0.3282205308134881
日经225,0.293553076885318,0.0,0.27203387768616166,0.3490381179932055,0.3781442497261594,0.30386393335591916,0.24556439295635912,0.2720317707497552,0.26801995400523315
墨西哥BOLSA,0.33256295284131815,0.27203387768616166,0.0,0.2853307392537766,0.27735701890929115,0.33850930243142063,0.2466417095013973,0.3293321485237717,0.32732639474601677
恒生指数,0.3016148795788002,0.3490381179932055,0.2853307392537766,0.0,0.4078066349697312,0.326005456750268,0.250298022364386,0.27775297153145984,0.317465476955362
韩国综合指数,0.295075498604976,0.3781442497261594,0.27735701890929115,0.4078066349697312,0.0,0.3038513643370622,0.25524943020823215,0.27539612984709033,0.31877533162678373
荷兰AEX,0.5492054321399115,0.30386393335591916,0.33850930243142063,0.326005456750268,0.3038513643370622,0.0,0.2405641853331351,0.3595378999150903,0.3348260687944197
Costa Rica Indice Accionario,0.23694479993250447,0.24556439295635912,0.2466417095013973,0.250298022364386,0.25524943020823215,0.2405641853331351,0.0,0.2398370766953609,0.24846998019554467
加拿大多伦多S&P/TSX 综合指数,0.37308339400701673,0.2720317707497552,0.3293321485237717,0.27775297153145984,0.27539612984709033,0.3595378999150903,0.2398370766953609,0.0,0.33059694465242534
S&P CLX IPSA,0.3282205308134881,0.26801995400523315,0.32732639474601677,0.317465476955362,0.31877533162678373,0.3348260687944197,0.24846998019554467,0.33059694465242534,0.0
