,比利时BFX,日经225,墨西哥BOLSA,恒生指数,韩国综合指数,荷兰AEX,Costa Rica Indice Accionario,加拿大多伦多S&P/TSX 综合指数,S&P CLX IPSA
比利时BFX,0.0,0.265704251752817,0.34521674812470615,0.29713949896102954,0.2651047133221538,0.6141739491612876,0.24666861870295786,0.34534539977455525,0.3272151520010382
日经225,0.265704251752817,0.0,0.2580248617227888,0.3337605243159571,0.3678932147214804,0.27120150517039926,0.2552354968937792,0.24550151229059872,0.26262759534909474
墨西哥BOLSA,0.34521674812470615,0.2580248617227888,0.0,0.29266247120699573,0.26707494198722787,0.36724479737577426,0.23411561030627967,0.34325482325349443,0.3297224927892233
恒生指数,0.29713949896102954,0.3337605243159571,0.29266247120699573,0.0,0.3767068802577423,0.3031163221089728,0.25747498621260567,0.2642390865294634,0.30140452688336145
韩国综合指数,0.2651047133221538,0.3678932147214804,0.26707494198722787,0.3767068802577423,0.0,0.26406018341940396,0.23302217034081857,0.2453206862744148,0.28607433928123227
荷兰AEX,0.6141739491612876,0.27120150517039926,0.36724479737577426,0.3031163221089728,0.26406018341940396,0.0,0.24293640145535325,0.35589368317495124,0.3459079904560601
Costa Rica Indice Accionario,0.24666861870295786,0.2552354968937792,0.23411561030627967,0.25747498621260567,0.23302217034081857,0.24293640145535325,0.0,0.23476818665396207,0.2393704640744421
加拿大多伦多S&P/TSX 综合指数,0.34534539977455525,0.24550151229059872,0.34325482325349443,0.2642390865294634,0.2453206862744148,0.35589368317495124,0.23476818665396207,0.0,0.31694240389801714
S&P CLX IPSA,0.3272151520010382,0.26262759534909474,0.3297224927892233,0.30140452688336145,0.28607433928123227,0.3459079904560601,0.2393704640744421,0.31694240389801714,0.0
