,比利时BFX,日经225,墨西哥BOLSA,恒生指数,韩国综合指数,荷兰AEX,Costa Rica Indice Accionario,加拿大多伦多S&P/TSX 综合指数,S&P CLX IPSA
比利时BFX,0.0,0.28250623401831637,0.34633092713295155,0.3211992624806103,0.30601426155395045,0.5787540793759632,0.2382544386219388,0.3783011081466753,0.3445113279328164
日经225,0.28250623401831637,0.0,0.2831447056681746,0.35638214699795584,0.36976550982884265,0.29820966557388984,0.24516426507820163,0.26756118238426585,0.2643662338837076
墨西哥BOLSA,0.34633092713295155,0.2831447056681746,0.0,0.31467618581469065,0.3109395539164589,0.35122328879143033,0.24648486892550442,0.34238452814201964,0.3427612053328584
恒生指数,0.3211992624806103,0.35638214699795584,0.31467618581469065,0.0,0.4246432808649415,0.34388816101936426,0.2495041019935104,0.29481181689970576,0.32053399950716666
韩国综合指数,0.30601426155395045,0.36976550982884265,0.3109395539164589,0.4246432808649415,0.0,0.3154396041585068,0.2535548919934601,0.29975980546778447,0.32343795374579937
荷兰AEX,0.5787540793759632,0.29820966557388984,0.35122328879143033,0.34388816101936426,0.3154396041585068,0.0,0.24164450965225767,0.3722483053473098,0.33973377251566
Costa Rica Indice Accionario,0.2382544386219388,0.24516426507820163,0.24648486892550442,0.2495041019935104,0.2535548919934601,0.24164450965225767,0.0,0.2400095395564668,0.24997266112748365
加拿大多伦多S&P/TSX 综合指数,0.3783011081466753,0.26756118238426585,0.34238452814201964,0.29481181689970576,0.29975980546778447,0.3722483053473098,0.2400095395564668,0.0,0.3330855231356507
S&P CLX IPSA,0.3445113279328164,0.2643662338837076,0.3427612053328584,0.32053399950716666,0.32343795374579937,0.33973377251566,0.24997266112748365,0.3330855231356507,0.0
