,比利时BFX,日经225,墨西哥BOLSA,恒生指数,韩国综合指数,荷兰AEX,Costa Rica Indice Accionario,加拿大多伦多S&P/TSX 综合指数,S&P CLX IPSA
比利时BFX,0.0,0.2939242595920157,0.34109907808041534,0.29500332506529475,0.29844337378958347,0.5745318029419226,0.24296764409170427,0.3592767982436083,0.32005876477702994
日经225,0.2939242595920157,0.0,0.2713669949234313,0.33989597120190806,0.3434901276220506,0.3048495934982966,0.26027693597679397,0.2737550341188825,0.266547352277699
墨西哥BOLSA,0.34109907808041534,0.2713669949234313,0.0,0.2900626937388207,0.28608237894108157,0.35811788002186157,0.23304640068296237,0.32952078415036073,0.3138425421337217
恒生指数,0.29500332506529475,0.33989597120190806,0.2900626937388207,0.0,0.3829680636176846,0.30354969073545524,0.2565873419017364,0.2851732075599176,0.2925421629545497
韩国综合指数,0.29844337378958347,0.3434901276220506,0.28608237894108157,0.3829680636176846,0.0,0.2919924879004618,0.23706337839823904,0.26518671288568796,0.29657654206667927
荷兰AEX,0.5745318029419226,0.3048495934982966,0.35811788002186157,0.30354969073545524,0.2919924879004618,0.0,0.2384838280954963,0.36550844276211697,0.3354303143076838
Costa Rica Indice Accionario,0.24296764409170427,0.26027693597679397,0.23304640068296237,0.2565873419017364,0.23706337839823904,0.2384838280954963,0.0,0.23253216785702008,0.23665117362445798
加拿大多伦多S&P/TSX 综合指数,0.3592767982436083,0.2737550341188825,0.32952078415036073,0.2851732075599176,0.26518671288568796,0.36550844276211697,0.23253216785702008,0.0,0.3076686316736429
S&P CLX IPSA,0.32005876477702994,0.266547352277699,0.3138425421337217,0.2925421629545497,0.29657654206667927,0.3354303143076838,0.23665117362445798,0.3076686316736429,0.0
