,比利时BFX,日经225,墨西哥BOLSA,恒生指数,韩国综合指数,荷兰AEX,Costa Rica Indice Accionario,加拿大多伦多S&P/TSX 综合指数,S&P CLX IPSA
比利时BFX,0.0,0.29210140666702095,0.32966406003400806,0.29318626333565156,0.2898626679991806,0.5720782359741402,0.23874215977267607,0.36287046986001653,0.3165967911644047
日经225,0.29210140666702095,0.0,0.2738477502893544,0.3380867204566066,0.3455492329231264,0.30448511077811574,0.24884346329585252,0.27482674981598715,0.2644734720636189
墨西哥BOLSA,0.32966406003400806,0.2738477502893544,0.0,0.2906275053604218,0.28485866409667476,0.35155925544866673,0.2455042917609999,0.33394667269813566,0.32030841413822
恒生指数,0.29318626333565156,0.3380867204566066,0.2906275053604218,0.0,0.3879494436274067,0.3080040209300014,0.2524948298051074,0.27812619469109484,0.2973874219658414
韩国综合指数,0.2898626679991806,0.3455492329231264,0.28485866409667476,0.3879494436274067,0.0,0.2897449632325567,0.2522922374672604,0.26329113621837685,0.3094418812119864
荷兰AEX,0.5720782359741402,0.30448511077811574,0.35155925544866673,0.3080040209300014,0.2897449632325567,0.0,0.24257407933255468,0.37214058500827113,0.3347504966972727
Costa Rica Indice Accionario,0.23874215977267607,0.24884346329585252,0.2455042917609999,0.2524948298051074,0.2522922374672604,0.24257407933255468,0.0,0.23763834001356585,0.2490115249854204
加拿大多伦多S&P/TSX 综合指数,0.36287046986001653,0.27482674981598715,0.33394667269813566,0.27812619469109484,0.26329113621837685,0.37214058500827113,0.23763834001356585,0.0,0.3084965505643912
S&P CLX IPSA,0.3165967911644047,0.2644734720636189,0.32030841413822,0.2973874219658414,0.3094418812119864,0.3347504966972727,0.2490115249854204,0.3084965505643912,0.0
