,比利时BFX,日经225,墨西哥BOLSA,恒生指数,韩国综合指数,荷兰AEX,Costa Rica Indice Accionario,加拿大多伦多S&P/TSX 综合指数,S&P CLX IPSA
比利时BFX,0.0,0.28883444718695345,0.3205995287292851,0.2858421120884454,0.29010157303837164,0.5693342134179777,0.23804066704908577,0.36751791985611587,0.31561558130099826
日经225,0.28883444718695345,0.0,0.2711300838638735,0.33893063668410506,0.3521244729156764,0.30070770437996686,0.24879788917087,0.27429357001751037,0.26595816946248596
墨西哥BOLSA,0.3205995287292851,0.2711300838638735,0.0,0.2865788735503254,0.2836895296736407,0.3495257350045771,0.24589265172350766,0.3314882196296624,0.30817304273487695
恒生指数,0.2858421120884454,0.33893063668410506,0.2865788735503254,0.0,0.39064318967490114,0.3046733575077836,0.252911416101638,0.27038522578933644,0.30202352439017344
韩国综合指数,0.29010157303837164,0.3521244729156764,0.2836895296736407,0.39064318967490114,0.0,0.2913387550434501,0.252407225763219,0.2615203460197149,0.3070019345220955
荷兰AEX,0.5693342134179777,0.30070770437996686,0.3495257350045771,0.3046733575077836,0.2913387550434501,0.0,0.24124789945975833,0.3773222573423124,0.34129100600346646
Costa Rica Indice Accionario,0.23804066704908577,0.24879788917087,0.24589265172350766,0.252911416101638,0.252407225763219,0.24124789945975833,0.0,0.2368711025024102,0.2489332070184883
加拿大多伦多S&P/TSX 综合指数,0.36751791985611587,0.27429357001751037,0.3314882196296624,0.27038522578933644,0.2615203460197149,0.3773222573423124,0.2368711025024102,0.0,0.3020451085579762
S&P CLX IPSA,0.31561558130099826,0.26595816946248596,0.30817304273487695,0.30202352439017344,0.3070019345220955,0.34129100600346646,0.2489332070184883,0.3020451085579762,0.0
