,比利时BFX,日经225,墨西哥BOLSA,恒生指数,韩国综合指数,荷兰AEX,Costa Rica Indice Accionario,加拿大多伦多S&P/TSX 综合指数,S&P CLX IPSA
比利时BFX,0.0,0.2846681316396346,0.32833528789109045,0.3256012481582816,0.303225954898271,0.5770108681321807,0.23870742840657522,0.3892758013333831,0.33087108486355904
日经225,0.2846681316396346,0.0,0.28099015932218324,0.35033848666714884,0.3545099284894626,0.3043752833760045,0.24494134011465984,0.2762269789029604,0.26071653126515537
墨西哥BOLSA,0.32833528789109045,0.28099015932218324,0.0,0.3077330127660979,0.31866996967074823,0.32967383239022974,0.24692172833128143,0.33352694557471996,0.33578249875789806
恒生指数,0.3256012481582816,0.35033848666714884,0.3077330127660979,0.0,0.40891087627447903,0.35213326020161634,0.24922889589366787,0.3065252236335698,0.315984739299206
韩国综合指数,0.303225954898271,0.3545099284894626,0.31866996967074823,0.40891087627447903,0.0,0.31879095769982696,0.25332849545943426,0.31393744566958365,0.3214238732596992
荷兰AEX,0.5770108681321807,0.3043752833760045,0.32967383239022974,0.35213326020161634,0.31879095769982696,0.0,0.24163984566541996,0.39040691614044754,0.3218630890223077
Costa Rica Indice Accionario,0.23870742840657522,0.24494134011465984,0.24692172833128143,0.24922889589366787,0.25332849545943426,0.24163984566541996,0.0,0.24103233701271326,0.2501790305745133
加拿大多伦多S&P/TSX 综合指数,0.3892758013333831,0.2762269789029604,0.33352694557471996,0.3065252236335698,0.31393744566958365,0.39040691614044754,0.24103233701271326,0.0,0.32991571287345184
S&P CLX IPSA,0.33087108486355904,0.26071653126515537,0.33578249875789806,0.315984739299206,0.3214238732596992,0.3218630890223077,0.2501790305745133,0.32991571287345184,0.0
