,比利时BFX,日经225,墨西哥BOLSA,恒生指数,韩国综合指数,荷兰AEX,Costa Rica Indice Accionario,加拿大多伦多S&P/TSX 综合指数,S&P CLX IPSA
比利时BFX,0.0,0.2939999240968589,0.33958717212926187,0.2936200060034749,0.29245131197396557,0.5679671615084027,0.24236793172616725,0.344266301189903,0.3203394133780171
日经225,0.2939999240968589,0.0,0.2715004439759403,0.3387502868047497,0.34174355310335813,0.30547538939889735,0.26001181007527635,0.2678999097021722,0.26905536821405
墨西哥BOLSA,0.33958717212926187,0.2715004439759403,0.0,0.292502695427635,0.28542620863167967,0.3574629251127841,0.2331573339932709,0.33505548070178875,0.31425253925390484
恒生指数,0.2936200060034749,0.3387502868047497,0.292502695427635,0.0,0.3883797072393977,0.3037894742319215,0.25663038332754007,0.2838983091688966,0.2955365699294726
韩国综合指数,0.29245131197396557,0.34174355310335813,0.28542620863167967,0.3883797072393977,0.0,0.2887355611347124,0.23666354167070766,0.2629205310663062,0.2949335497688848
荷兰AEX,0.5679671615084027,0.30547538939889735,0.3574629251127841,0.3037894742319215,0.2887355611347124,0.0,0.23796992362482197,0.34921761874692125,0.33862188556011724
Costa Rica Indice Accionario,0.24236793172616725,0.26001181007527635,0.2331573339932709,0.25663038332754007,0.23666354167070766,0.23796992362482197,0.0,0.23293188593787065,0.2364554579336915
加拿大多伦多S&P/TSX 综合指数,0.344266301189903,0.2678999097021722,0.33505548070178875,0.2838983091688966,0.2629205310663062,0.34921761874692125,0.23293188593787065,0.0,0.3095347111340002
S&P CLX IPSA,0.3203394133780171,0.26905536821405,0.31425253925390484,0.2955365699294726,0.2949335497688848,0.33862188556011724,0.2364554579336915,0.3095347111340002,0.0
