,比利时BFX,日经225,墨西哥BOLSA,恒生指数,韩国综合指数,荷兰AEX,Costa Rica Indice Accionario,加拿大多伦多S&P/TSX 综合指数,S&P CLX IPSA
比利时BFX,0.0,0.2811993162391146,0.3462076163406134,0.3170084358985875,0.30616651643707893,0.5805146302234533,0.23762197956353204,0.38188968615672314,0.34371767484953797
日经225,0.2811993162391146,0.0,0.2847824041817399,0.3486743275692738,0.36993073493016565,0.2963901097010072,0.24517836325343234,0.2786853593437257,0.27404238948902704
墨西哥BOLSA,0.3462076163406134,0.2847824041817399,0.0,0.31340605281563594,0.3116353699461615,0.34907064337535515,0.246455176997466,0.3420023898578878,0.34235261357376634
恒生指数,0.3170084358985875,0.3486743275692738,0.31340605281563594,0.0,0.42394315663892856,0.338319709630755,0.2496257359124389,0.29919513646670154,0.3267527207917295
韩国综合指数,0.30616651643707893,0.36993073493016565,0.3116353699461615,0.42394315663892856,0.0,0.3152881652993688,0.2534573843577027,0.3016878375782796,0.3274101145877381
荷兰AEX,0.5805146302234533,0.2963901097010072,0.34907064337535515,0.338319709630755,0.3152881652993688,0.0,0.24039184187787468,0.3707775374767937,0.3408491472266461
Costa Rica Indice Accionario,0.23762197956353204,0.24517836325343234,0.246455176997466,0.2496257359124389,0.2534573843577027,0.24039184187787468,0.0,0.24008412625678183,0.24870357011675195
加拿大多伦多S&P/TSX 综合指数,0.38188968615672314,0.2786853593437257,0.3420023898578878,0.29919513646670154,0.3016878375782796,0.3707775374767937,0.24008412625678183,0.0,0.32949423129872285
S&P CLX IPSA,0.34371767484953797,0.27404238948902704,0.34235261357376634,0.3267527207917295,0.3274101145877381,0.3408491472266461,0.24870357011675195,0.32949423129872285,0.0
