,比利时BFX,日经225,墨西哥BOLSA,恒生指数,韩国综合指数,荷兰AEX,Costa Rica Indice Accionario,加拿大多伦多S&P/TSX 综合指数,S&P CLX IPSA
比利时BFX,0.0,0.26678619361168815,0.36089766109841653,0.2952425661542654,0.2601965798375415,0.6276407012566813,0.24458698941599477,0.3155744365647671,0.30935465181284116
日经225,0.26678619361168815,0.0,0.25612095687276276,0.305106091881062,0.3347765420907138,0.2664358414098142,0.2568530436646683,0.24553579800646308,0.27135135213795114
墨西哥BOLSA,0.36089766109841653,0.25612095687276276,0.0,0.27346850373950327,0.26384729350725533,0.36784954774645656,0.24079734087707594,0.3525270200964829,0.3613400179439852
恒生指数,0.2952425661542654,0.305106091881062,0.27346850373950327,0.0,0.349265844428279,0.2965692259127399,0.2574290953110589,0.24620969031616807,0.28694704912002666
韩国综合指数,0.2601965798375415,0.3347765420907138,0.26384729350725533,0.349265844428279,0.0,0.2596952421794684,0.23686906035285074,0.24031330718604146,0.2891998018180403
荷兰AEX,0.6276407012566813,0.2664358414098142,0.36784954774645656,0.2965692259127399,0.2596952421794684,0.0,0.24437121678749812,0.33971142628476214,0.33289938161450894
Costa Rica Indice Accionario,0.24458698941599477,0.2568530436646683,0.24079734087707594,0.2574290953110589,0.23686906035285074,0.24437121678749812,0.0,0.24008211580508293,0.2390392684219797
加拿大多伦多S&P/TSX 综合指数,0.3155744365647671,0.24553579800646308,0.3525270200964829,0.24620969031616807,0.24031330718604146,0.33971142628476214,0.24008211580508293,0.0,0.2916037769874892
S&P CLX IPSA,0.30935465181284116,0.27135135213795114,0.3613400179439852,0.28694704912002666,0.2891998018180403,0.33289938161450894,0.2390392684219797,0.2916037769874892,0.0
