,比利时BFX,日经225,墨西哥BOLSA,恒生指数,韩国综合指数,荷兰AEX,Costa Rica Indice Accionario,加拿大多伦多S&P/TSX 综合指数,S&P CLX IPSA
比利时BFX,0.0,0.2641396667872536,0.35110593758193415,0.29794099027678606,0.26548711696969907,0.6171162353303756,0.24529521834029647,0.3410422633987438,0.31187273238434926
日经225,0.2641396667872536,0.0,0.25706657540796524,0.32057869406251355,0.3471055346461693,0.2692415569756357,0.2560830934033369,0.2410537892469995,0.2590150100915685
墨西哥BOLSA,0.35110593758193415,0.25706657540796524,0.0,0.28933890396716333,0.26555983088783763,0.36571124957804724,0.2409589864662846,0.328802644944306,0.3362629122201227
恒生指数,0.29794099027678606,0.32057869406251355,0.28933890396716333,0.0,0.36958414963155467,0.3007146428648942,0.25835530089468967,0.2603248602028862,0.29119979098045523
韩国综合指数,0.26548711696969907,0.3471055346461693,0.26555983088783763,0.36958414963155467,0.0,0.26335959089898786,0.23570962779954838,0.23990130926217526,0.28583656221188897
荷兰AEX,0.6171162353303756,0.2692415569756357,0.36571124957804724,0.3007146428648942,0.26335959089898786,0.0,0.24465905769541338,0.3518336357676518,0.327578997047033
Costa Rica Indice Accionario,0.24529521834029647,0.2560830934033369,0.2409589864662846,0.25835530089468967,0.23570962779954838,0.24465905769541338,0.0,0.23789240116236965,0.23882452887885017
加拿大多伦多S&P/TSX 综合指数,0.3410422633987438,0.2410537892469995,0.328802644944306,0.2603248602028862,0.23990130926217526,0.3518336357676518,0.23789240116236965,0.0,0.29998024112531324
S&P CLX IPSA,0.31187273238434926,0.2590150100915685,0.3362629122201227,0.29119979098045523,0.28583656221188897,0.327578997047033,0.23882452887885017,0.29998024112531324,0.0
