,比利时BFX,日经225,墨西哥BOLSA,恒生指数,韩国综合指数,荷兰AEX,Costa Rica Indice Accionario,加拿大多伦多S&P/TSX 综合指数,S&P CLX IPSA
比利时BFX,0.0,0.29126939506770144,0.3267909778373823,0.2918427398123317,0.2880180505133969,0.5640667883905316,0.2388020997850473,0.3574909577678095,0.3145726277507855
日经225,0.29126939506770144,0.0,0.270858209845459,0.34289553386052424,0.35463468099706946,0.30389883755661956,0.24911157063512884,0.2709724402408381,0.2688437824381286
墨西哥BOLSA,0.3267909778373823,0.270858209845459,0.0,0.2911994321976931,0.28932704086713096,0.34987982853557464,0.24574144119920344,0.3309490618607175,0.314038657923889
恒生指数,0.2918427398123317,0.34289553386052424,0.2911994321976931,0.0,0.39015339219917905,0.31097727708299905,0.2526062874367086,0.2767039297371461,0.30229631848424726
韩国综合指数,0.2880180505133969,0.35463468099706946,0.28932704086713096,0.39015339219917905,0.0,0.28924105847687487,0.2526878726223525,0.2622982470999724,0.31158477801007045
荷兰AEX,0.5640667883905316,0.30389883755661956,0.34987982853557464,0.31097727708299905,0.28924105847687487,0.0,0.24211078458916457,0.3684604313217181,0.33420863722640964
Costa Rica Indice Accionario,0.2388020997850473,0.24911157063512884,0.24574144119920344,0.2526062874367086,0.2526878726223525,0.24211078458916457,0.0,0.23773478808384088,0.24926193496254445
加拿大多伦多S&P/TSX 综合指数,0.3574909577678095,0.2709724402408381,0.3309490618607175,0.2767039297371461,0.2622982470999724,0.3684604313217181,0.23773478808384088,0.0,0.3008561982554965
S&P CLX IPSA,0.3145726277507855,0.2688437824381286,0.314038657923889,0.30229631848424726,0.31158477801007045,0.33420863722640964,0.24926193496254445,0.3008561982554965,0.0
