,比利时BFX,日经225,墨西哥BOLSA,恒生指数,韩国综合指数,荷兰AEX,Costa Rica Indice Accionario,加拿大多伦多S&P/TSX 综合指数,S&P CLX IPSA
比利时BFX,0.0,0.27361924276924277,0.3431548839186601,0.29824986314208246,0.26964008180211807,0.609222989949419,0.24731906280434995,0.3534800237345921,0.3229317008226898
日经225,0.27361924276924277,0.0,0.2640331563838469,0.3378355204196124,0.350471166580497,0.28257172224378785,0.2558006795147508,0.2531778124971414,0.2684848471716463
墨西哥BOLSA,0.3431548839186601,0.2640331563838469,0.0,0.29338112816183404,0.2704441752950516,0.3655806813735855,0.234560222519116,0.34260955643320257,0.3243457542247539
恒生指数,0.29824986314208246,0.3378355204196124,0.29338112816183404,0.0,0.37579000407304497,0.3057328229226371,0.25760190988452414,0.2714502283821665,0.30330013782972326
韩国综合指数,0.26964008180211807,0.350471166580497,0.2704441752950516,0.37579000407304497,0.0,0.2714664764314405,0.23282046394383787,0.25146151591133686,0.29007892934098456
荷兰AEX,0.609222989949419,0.28257172224378785,0.3655806813735855,0.3057328229226371,0.2714664764314405,0.0,0.2436483461841979,0.3599735477731403,0.34169077594797537
Costa Rica Indice Accionario,0.24731906280434995,0.2558006795147508,0.234560222519116,0.25760190988452414,0.23282046394383787,0.2436483461841979,0.0,0.2349046181486934,0.2398888398593018
加拿大多伦多S&P/TSX 综合指数,0.3534800237345921,0.2531778124971414,0.34260955643320257,0.2714502283821665,0.25146151591133686,0.3599735477731403,0.2349046181486934,0.0,0.31641629508116964
S&P CLX IPSA,0.3229317008226898,0.2684848471716463,0.3243457542247539,0.30330013782972326,0.29007892934098456,0.34169077594797537,0.2398888398593018,0.31641629508116964,0.0
