,比利时BFX,日经225,墨西哥BOLSA,恒生指数,韩国综合指数,荷兰AEX,Costa Rica Indice Accionario,加拿大多伦多S&P/TSX 综合指数,S&P CLX IPSA
比利时BFX,0.0,0.2671347383559419,0.3619740101549812,0.29013184921167584,0.2559868317238675,0.639381671795332,0.24448738659254116,0.32699750243655334,0.3044544866247082
日经225,0.2671347383559419,0.0,0.2679071210418713,0.31034415523881953,0.3361207643510614,0.2662402047360496,0.25658849602563194,0.24746597122091507,0.2717006861459694
墨西哥BOLSA,0.3619740101549812,0.2679071210418713,0.0,0.27623505163364154,0.2609492542253863,0.3766454986186281,0.24079687440737965,0.3535273958939625,0.363492097830028
恒生指数,0.29013184921167584,0.31034415523881953,0.27623505163364154,0.0,0.35302355181254114,0.28921146254292707,0.25719393544876773,0.24449812844103763,0.27914480970139366
韩国综合指数,0.2559868317238675,0.3361207643510614,0.2609492542253863,0.35302355181254114,0.0,0.2534626126168551,0.23672712446296962,0.23961588086277294,0.28086381116198383
荷兰AEX,0.639381671795332,0.2662402047360496,0.3766454986186281,0.28921146254292707,0.2534626126168551,0.0,0.24412529976567357,0.3496508955100757,0.3263342471186786
Costa Rica Indice Accionario,0.24448738659254116,0.25658849602563194,0.24079687440737965,0.25719393544876773,0.23672712446296962,0.24412529976567357,0.0,0.23991976540857163,0.2388986092424898
加拿大多伦多S&P/TSX 综合指数,0.32699750243655334,0.24746597122091507,0.3535273958939625,0.24449812844103763,0.23961588086277294,0.3496508955100757,0.23991976540857163,0.0,0.3001812642819632
S&P CLX IPSA,0.3044544866247082,0.2717006861459694,0.363492097830028,0.27914480970139366,0.28086381116198383,0.3263342471186786,0.2388986092424898,0.3001812642819632,0.0
