,比利时BFX,日经225,墨西哥BOLSA,恒生指数,韩国综合指数,荷兰AEX,Costa Rica Indice Accionario,加拿大多伦多S&P/TSX 综合指数,S&P CLX IPSA
比利时BFX,0.0,0.2790844708882881,0.33551319900001175,0.3241467770751208,0.3030299731657673,0.5721357875666583,0.2386450709698849,0.3736023178885053,0.3226169108247067
日经225,0.2790844708882881,0.0,0.27769537715449494,0.3341079617503557,0.3245428234658162,0.2918323520517208,0.24416151024561839,0.2688630966101046,0.2579306644308831
墨西哥BOLSA,0.33551319900001175,0.27769537715449494,0.0,0.2971828649531374,0.3079598907265661,0.3216403827285981,0.24837184101650486,0.3447449228826177,0.3486202760220706
恒生指数,0.3241467770751208,0.3341079617503557,0.2971828649531374,0.0,0.3913138042066865,0.33995227460649896,0.2491043741760669,0.3125900659424747,0.31382541204977804
韩国综合指数,0.3030299731657673,0.3245428234658162,0.3079598907265661,0.3913138042066865,0.0,0.3133325329400165,0.2548196969524639,0.30541749206096597,0.32190890998894
荷兰AEX,0.5721357875666583,0.2918323520517208,0.3216403827285981,0.33995227460649896,0.3133325329400165,0.0,0.24251907320186725,0.3645080504392756,0.31012752290093526
Costa Rica Indice Accionario,0.2386450709698849,0.24416151024561839,0.24837184101650486,0.2491043741760669,0.2548196969524639,0.24251907320186725,0.0,0.2424444072061444,0.25085270496395473
加拿大多伦多S&P/TSX 综合指数,0.3736023178885053,0.2688630966101046,0.3447449228826177,0.3125900659424747,0.30541749206096597,0.3645080504392756,0.2424444072061444,0.0,0.3302815512094852
S&P CLX IPSA,0.3226169108247067,0.2579306644308831,0.3486202760220706,0.31382541204977804,0.32190890998894,0.31012752290093526,0.25085270496395473,0.3302815512094852,0.0
