,比利时BFX,日经225,墨西哥BOLSA,恒生指数,韩国综合指数,荷兰AEX,Costa Rica Indice Accionario,加拿大多伦多S&P/TSX 综合指数,S&P CLX IPSA
比利时BFX,0.0,0.2797488626694913,0.33605626267064825,0.30689909914921376,0.29491511774806073,0.5688480272074916,0.2369598730246009,0.3682034681245797,0.33394992170709353
日经225,0.2797488626694913,0.0,0.28274934930919626,0.3507538097287826,0.37763460699735907,0.2964240634638353,0.24519543505911975,0.27776881644045587,0.272399897704189
墨西哥BOLSA,0.33605626267064825,0.28274934930919626,0.0,0.3032669841420521,0.30648617504360104,0.3418321235245291,0.24614815491197456,0.3252863352923812,0.3320764211833386
恒生指数,0.30689909914921376,0.3507538097287826,0.3032669841420521,0.0,0.4159742857697826,0.32919568692959983,0.24923242262453635,0.2863433035041657,0.3185059611621421
韩国综合指数,0.29491511774806073,0.37763460699735907,0.30648617504360104,0.4159742857697826,0.0,0.3043039093743382,0.25324076139116347,0.29162285776199365,0.32057820544838134
荷兰AEX,0.5688480272074916,0.2964240634638353,0.3418321235245291,0.32919568692959983,0.3043039093743382,0.0,0.23982003162472246,0.35970520488333096,0.3322915962745815
Costa Rica Indice Accionario,0.2369598730246009,0.24519543505911975,0.24614815491197456,0.24923242262453635,0.25324076139116347,0.23982003162472246,0.0,0.2392950672068157,0.24842500072376797
加拿大多伦多S&P/TSX 综合指数,0.3682034681245797,0.27776881644045587,0.3252863352923812,0.2863433035041657,0.29162285776199365,0.35970520488333096,0.2392950672068157,0.0,0.31716504033639037
S&P CLX IPSA,0.33394992170709353,0.272399897704189,0.3320764211833386,0.3185059611621421,0.32057820544838134,0.3322915962745815,0.24842500072376797,0.31716504033639037,0.0
