,比利时BFX,日经225,墨西哥BOLSA,恒生指数,韩国综合指数,荷兰AEX,Costa Rica Indice Accionario,加拿大多伦多S&P/TSX 综合指数,S&P CLX IPSA
比利时BFX,0.0,0.2644853636064046,0.35165916456489554,0.2925497063983585,0.26171401418115703,0.6139283133544059,0.24503932202935771,0.32510509156132184,0.3042749316580219
日经225,0.2644853636064046,0.0,0.24948637474116633,0.3076762929563916,0.33306763383509436,0.2670084584160496,0.2564642032449158,0.2404471638617955,0.2554074798682851
墨西哥BOLSA,0.35165916456489554,0.24948637474116633,0.0,0.27068544873517913,0.2557987002520718,0.36468154278310805,0.24088357068566693,0.32808747231243124,0.34782241279783443
恒生指数,0.2925497063983585,0.3076762929563916,0.27068544873517913,0.0,0.35027782045789524,0.2915980428756052,0.25865012672905907,0.2539818500534229,0.2791622598720147
韩国综合指数,0.26171401418115703,0.33306763383509436,0.2557987002520718,0.35027782045789524,0.0,0.2597151931311697,0.2353347529795795,0.2321593913170497,0.2797475063362407
荷兰AEX,0.6139283133544059,0.2670084584160496,0.36468154278310805,0.2915980428756052,0.2597151931311697,0.0,0.2444279672641251,0.34406817757884306,0.3236220824727045
Costa Rica Indice Accionario,0.24503932202935771,0.2564642032449158,0.24088357068566693,0.25865012672905907,0.2353347529795795,0.2444279672641251,0.0,0.23813974974714724,0.2390761195821073
加拿大多伦多S&P/TSX 综合指数,0.32510509156132184,0.2404471638617955,0.32808747231243124,0.2539818500534229,0.2321593913170497,0.34406817757884306,0.23813974974714724,0.0,0.2904522190915616
S&P CLX IPSA,0.3042749316580219,0.2554074798682851,0.34782241279783443,0.2791622598720147,0.2797475063362407,0.3236220824727045,0.2390761195821073,0.2904522190915616,0.0
