,比利时BFX,日经225,墨西哥BOLSA,恒生指数,韩国综合指数,荷兰AEX,Costa Rica Indice Accionario,加拿大多伦多S&P/TSX 综合指数,S&P CLX IPSA
比利时BFX,0.0,0.2871769829323421,0.33043947962780595,0.3246050590758577,0.3013258481147631,0.5722996395958867,0.23868910889026324,0.39073228424381434,0.3313822035531213
日经225,0.2871769829323421,0.0,0.2832361772931127,0.352507301053565,0.3427278376831995,0.3039835308441696,0.24465255085421309,0.27938800437658873,0.2627936657575191
墨西哥BOLSA,0.33043947962780595,0.2832361772931127,0.0,0.30631629028245805,0.3132922457934166,0.32900531496336743,0.24683592759692494,0.334959679036637,0.33566691980694885
恒生指数,0.3246050590758577,0.352507301053565,0.30631629028245805,0.0,0.3987183920650821,0.3495805756277711,0.2492839027307104,0.3089390364366173,0.3128944516008594
韩国综合指数,0.3013258481147631,0.3427278376831995,0.3132922457934166,0.3987183920650821,0.0,0.3155328435201438,0.2532878417992369,0.31049519647515006,0.3204084791583953
荷兰AEX,0.5722996395958867,0.3039835308441696,0.32900531496336743,0.3495805756277711,0.3155328435201438,0.0,0.24162960380491016,0.39184079362385493,0.3203329633086309
Costa Rica Indice Accionario,0.23868910889026324,0.24465255085421309,0.24683592759692494,0.2492839027307104,0.2532878417992369,0.24162960380491016,0.0,0.2410446998168139,0.2504592014954435
加拿大多伦多S&P/TSX 综合指数,0.39073228424381434,0.27938800437658873,0.334959679036637,0.3089390364366173,0.31049519647515006,0.39184079362385493,0.2410446998168139,0.0,0.3306486333857082
S&P CLX IPSA,0.3313822035531213,0.2627936657575191,0.33566691980694885,0.3128944516008594,0.3204084791583953,0.3203329633086309,0.2504592014954435,0.3306486333857082,0.0
