,比利时BFX,日经225,墨西哥BOLSA,恒生指数,韩国综合指数,荷兰AEX,Costa Rica Indice Accionario,加拿大多伦多S&P/TSX 综合指数,S&P CLX IPSA
比利时BFX,0.0,0.2981014588493582,0.33765121268734,0.2935910345873121,0.29184475695369844,0.5723227004396447,0.24245741779198823,0.34963823149722617,0.31517555941026426
日经225,0.2981014588493582,0.0,0.2702063135721575,0.3393964866136,0.34415816386649767,0.30930039358820766,0.25996815799448536,0.270033029453949,0.26730137262658804
墨西哥BOLSA,0.33765121268734,0.2702063135721575,0.0,0.28910564159478086,0.2818233599551402,0.3531838420481417,0.23291435239205777,0.3318232176286338,0.31093567280626694
恒生指数,0.2935910345873121,0.3393964866136,0.28910564159478086,0.0,0.3868498479740525,0.30147836301125724,0.25662501825830236,0.2809298577185877,0.29283754491970104
韩国综合指数,0.29184475695369844,0.34415816386649767,0.2818233599551402,0.3868498479740525,0.0,0.2869291991090562,0.23680743050475392,0.26100126532408946,0.29260615212146335
荷兰AEX,0.5723227004396447,0.30930039358820766,0.3531838420481417,0.30147836301125724,0.2869291991090562,0.0,0.23801571264035415,0.3518392869844375,0.33143938419275604
Costa Rica Indice Accionario,0.24245741779198823,0.25996815799448536,0.23291435239205777,0.25662501825830236,0.23680743050475392,0.23801571264035415,0.0,0.23280916655191178,0.2363281103047737
加拿大多伦多S&P/TSX 综合指数,0.34963823149722617,0.270033029453949,0.3318232176286338,0.2809298577185877,0.26100126532408946,0.3518392869844375,0.23280916655191178,0.0,0.3042548901786687
S&P CLX IPSA,0.31517555941026426,0.26730137262658804,0.31093567280626694,0.29283754491970104,0.29260615212146335,0.33143938419275604,0.2363281103047737,0.3042548901786687,0.0
