,比利时BFX,日经225,墨西哥BOLSA,恒生指数,韩国综合指数,荷兰AEX,Costa Rica Indice Accionario,加拿大多伦多S&P/TSX 综合指数,S&P CLX IPSA
比利时BFX,0.0,0.2870298366747733,0.33219218094168035,0.3208569518882129,0.29955110689527076,0.5691298889658348,0.2387225814211733,0.36793530775374356,0.31924643229795646
日经225,0.2870298366747733,0.0,0.27906815692844356,0.34406514662841314,0.33498212331199223,0.29974452507929966,0.24510802716502608,0.27755867627819514,0.2615427655613714
墨西哥BOLSA,0.33219218094168035,0.27906815692844356,0.0,0.2937875770720172,0.30727841365637215,0.3205088694454365,0.24719254083847755,0.34020596893349925,0.3423648848372678
恒生指数,0.3208569518882129,0.34406514662841314,0.2937875770720172,0.0,0.3843730989195107,0.33441770759648387,0.2501513860872755,0.3125683173335674,0.3120069165617475
韩国综合指数,0.29955110689527076,0.33498212331199223,0.30727841365637215,0.3843730989195107,0.0,0.3069459482884273,0.25437657419691967,0.30584152339186366,0.318933464826603
荷兰AEX,0.5691298889658348,0.29974452507929966,0.3205088694454365,0.33441770759648387,0.3069459482884273,0.0,0.24172526018788068,0.3625255924929862,0.30667549513668424
Costa Rica Indice Accionario,0.2387225814211733,0.24510802716502608,0.24719254083847755,0.2501513860872755,0.25437657419691967,0.24172526018788068,0.0,0.24216277351356225,0.25185879934831484
加拿大多伦多S&P/TSX 综合指数,0.36793530775374356,0.27755867627819514,0.34020596893349925,0.3125683173335674,0.30584152339186366,0.3625255924929862,0.24216277351356225,0.0,0.3267391199192128
S&P CLX IPSA,0.31924643229795646,0.2615427655613714,0.3423648848372678,0.3120069165617475,0.318933464826603,0.30667549513668424,0.25185879934831484,0.3267391199192128,0.0
