,比利时BFX,日经225,墨西哥BOLSA,恒生指数,韩国综合指数,荷兰AEX,Costa Rica Indice Accionario,加拿大多伦多S&P/TSX 综合指数,S&P CLX IPSA
比利时BFX,0.0,0.2806966628183156,0.3370436393530159,0.32454383533379083,0.29889954062978896,0.5802920352370607,0.23861058668039364,0.38585282007403265,0.337031655584058
日经225,0.2806966628183156,0.0,0.290238967208744,0.3462729191951529,0.36109455730064083,0.2976943111148422,0.24500377735429488,0.27295365779943337,0.258525362860731
墨西哥BOLSA,0.3370436393530159,0.290238967208744,0.0,0.320931310714825,0.31852343863397475,0.3442612019726311,0.24669513002744806,0.3427053090376061,0.337330801959112
恒生指数,0.32454383533379083,0.3462729191951529,0.320931310714825,0.0,0.4133773830029726,0.34893771195807893,0.24956109610465513,0.3040734612120345,0.3195895404014586
韩国综合指数,0.29889954062978896,0.36109455730064083,0.31852343863397475,0.4133773830029726,0.0,0.3101930579219876,0.2535973428811211,0.308394231987531,0.3199376344204548
荷兰AEX,0.5802920352370607,0.2976943111148422,0.3442612019726311,0.34893771195807893,0.3101930579219876,0.0,0.24192518148051775,0.38211540038483854,0.32546643963584415
Costa Rica Indice Accionario,0.23861058668039364,0.24500377735429488,0.24669513002744806,0.24956109610465513,0.2535973428811211,0.24192518148051775,0.0,0.240633129019785,0.2500658920199281
加拿大多伦多S&P/TSX 综合指数,0.38585282007403265,0.27295365779943337,0.3427053090376061,0.3040734612120345,0.308394231987531,0.38211540038483854,0.240633129019785,0.0,0.33020529469057547
S&P CLX IPSA,0.337031655584058,0.258525362860731,0.337330801959112,0.3195895404014586,0.3199376344204548,0.32546643963584415,0.2500658920199281,0.33020529469057547,0.0
