,比利时BFX,日经225,墨西哥BOLSA,恒生指数,韩国综合指数,荷兰AEX,Costa Rica Indice Accionario,加拿大多伦多S&P/TSX 综合指数,S&P CLX IPSA
比利时BFX,0.0,0.2659697976121218,0.3449243848253549,0.2974156592571425,0.26542700253396306,0.6138510372032748,0.24671539770962284,0.34564236921733166,0.3268265743899832
日经225,0.2659697976121218,0.0,0.2579581226978635,0.33485518758540095,0.3689553996789034,0.27185214500769916,0.25527162483785865,0.24589019932864362,0.2644774475440805
墨西哥BOLSA,0.3449243848253549,0.2579581226978635,0.0,0.2926449928945045,0.26715698658165365,0.36678841836653314,0.23414445642345108,0.3424980374480925,0.3282805216585808
恒生指数,0.2974156592571425,0.33485518758540095,0.2926449928945045,0.0,0.37762141038002106,0.30377848805337326,0.25749846139753074,0.2650499195330581,0.30315720139650765
韩国综合指数,0.26542700253396306,0.3689553996789034,0.26715698658165365,0.37762141038002106,0.0,0.2647015827233294,0.23309095943472308,0.24602044758751754,0.28780309997682235
荷兰AEX,0.6138510372032748,0.27185214500769916,0.36678841836653314,0.30377848805337326,0.2647015827233294,0.0,0.2430024556417447,0.3564341069916945,0.34624313989374694
Costa Rica Indice Accionario,0.24671539770962284,0.25527162483785865,0.23414445642345108,0.25749846139753074,0.23309095943472308,0.2430024556417447,0.0,0.23482575957262533,0.2395468537774852
加拿大多伦多S&P/TSX 综合指数,0.34564236921733166,0.24589019932864362,0.3424980374480925,0.2650499195330581,0.24602044758751754,0.3564341069916945,0.23482575957262533,0.0,0.31621324829500513
S&P CLX IPSA,0.3268265743899832,0.2644774475440805,0.3282805216585808,0.30315720139650765,0.28780309997682235,0.34624313989374694,0.2395468537774852,0.31621324829500513,0.0
