,比利时BFX,日经225,墨西哥BOLSA,恒生指数,韩国综合指数,荷兰AEX,Costa Rica Indice Accionario,加拿大多伦多S&P/TSX 综合指数,S&P CLX IPSA
比利时BFX,0.0,0.2862445873501007,0.32736908526273373,0.31582843810734423,0.29487936232045614,0.5607697836564973,0.2384890285100657,0.3763370102436644,0.32478656781478366
日经225,0.2862445873501007,0.0,0.27804335184389073,0.34997309967179485,0.33806846505661486,0.30067891847432454,0.24446181458644498,0.28023326144782007,0.261525806808244
墨西哥BOLSA,0.32736908526273373,0.27804335184389073,0.0,0.29114483702633626,0.3066504928222247,0.3184942296072267,0.24691094371507186,0.33051095616961373,0.3374983398763656
恒生指数,0.31582843810734423,0.34997309967179485,0.29114483702633626,0.0,0.39508237244476474,0.3361262251960772,0.2491095738916751,0.31364876123537455,0.31164007857725656
韩国综合指数,0.29487936232045614,0.33806846505661486,0.3066504928222247,0.39508237244476474,0.0,0.30374416719536745,0.25300062449010086,0.31122836157947836,0.3188339299416364
荷兰AEX,0.5607697836564973,0.30067891847432454,0.3184942296072267,0.3361262251960772,0.30374416719536745,0.0,0.24139356682345406,0.37367183491067285,0.3164391618041141
Costa Rica Indice Accionario,0.2384890285100657,0.24446181458644498,0.24691094371507186,0.2491095738916751,0.25300062449010086,0.24139356682345406,0.0,0.24083305658816295,0.250946895528497
加拿大多伦多S&P/TSX 综合指数,0.3763370102436644,0.28023326144782007,0.33051095616961373,0.31364876123537455,0.31122836157947836,0.37367183491067285,0.24083305658816295,0.0,0.3243649731226214
S&P CLX IPSA,0.32478656781478366,0.261525806808244,0.3374983398763656,0.31164007857725656,0.3188339299416364,0.3164391618041141,0.250946895528497,0.3243649731226214,0.0
