,比利时BFX,日经225,墨西哥BOLSA,恒生指数,韩国综合指数,荷兰AEX,Costa Rica Indice Accionario,加拿大多伦多S&P/TSX 综合指数,S&P CLX IPSA
比利时BFX,0.0,0.26623861040337365,0.34947422337675305,0.2988005384797257,0.26492810798921995,0.6158860727026719,0.24526715975354454,0.33829863980057684,0.31408825847059896
日经225,0.26623861040337365,0.0,0.25851175087840605,0.3202816907394289,0.3460197498743168,0.26904400614485674,0.2559648042997921,0.24221978145564027,0.26005261131164936
墨西哥BOLSA,0.34947422337675305,0.25851175087840605,0.0,0.2896384587644065,0.2671086341115283,0.3647704936312365,0.24106629827457837,0.3253926894538382,0.34035589902136404
恒生指数,0.2988005384797257,0.3202816907394289,0.2896384587644065,0.0,0.3676758547914163,0.30082002300472954,0.2582795283380648,0.2608267394921011,0.2916594321582096
韩国综合指数,0.26492810798921995,0.3460197498743168,0.2671086341115283,0.3676758547914163,0.0,0.2632283090116252,0.23584741963304914,0.2396422342153269,0.2867070842566082
荷兰AEX,0.6158860727026719,0.26904400614485674,0.3647704936312365,0.30082002300472954,0.2632283090116252,0.0,0.2446164995098396,0.3516453839841892,0.33131270230601173
Costa Rica Indice Accionario,0.24526715975354454,0.2559648042997921,0.24106629827457837,0.2582795283380648,0.23584741963304914,0.2446164995098396,0.0,0.23793498711518185,0.23890389651827387
加拿大多伦多S&P/TSX 综合指数,0.33829863980057684,0.24221978145564027,0.3253926894538382,0.2608267394921011,0.2396422342153269,0.3516453839841892,0.23793498711518185,0.0,0.3015612364988685
S&P CLX IPSA,0.31408825847059896,0.26005261131164936,0.34035589902136404,0.2916594321582096,0.2867070842566082,0.33131270230601173,0.23890389651827387,0.3015612364988685,0.0
