,比利时BFX,日经225,墨西哥BOLSA,恒生指数,韩国综合指数,荷兰AEX,Costa Rica Indice Accionario,加拿大多伦多S&P/TSX 综合指数,S&P CLX IPSA
比利时BFX,0.0,0.29169353391053143,0.3237738036635634,0.2849822096199658,0.2954725602387995,0.5580147585690126,0.23791732293758866,0.36192229961848105,0.3144026181078529
日经225,0.29169353391053143,0.0,0.2791221963499241,0.33983964974929637,0.35260735383070513,0.3018831047763133,0.24865156651929074,0.27652862792870864,0.27432539569499004
墨西哥BOLSA,0.3237738036635634,0.2791221963499241,0.0,0.287046826624486,0.2850035164272213,0.34203576881720665,0.24581075129177746,0.3376469099393891,0.31838807401699215
恒生指数,0.2849822096199658,0.33983964974929637,0.287046826624486,0.0,0.38967158439211874,0.31203489463100287,0.2531618926720486,0.26701400758664656,0.305856055689849
韩国综合指数,0.2954725602387995,0.35260735383070513,0.2850035164272213,0.38967158439211874,0.0,0.2968130790876353,0.2524912681025143,0.26384847128305117,0.31488947198276923
荷兰AEX,0.5580147585690126,0.3018831047763133,0.34203576881720665,0.31203489463100287,0.2968130790876353,0.0,0.240918677538532,0.360279550659219,0.3297035287138905
Costa Rica Indice Accionario,0.23791732293758866,0.24865156651929074,0.24581075129177746,0.2531618926720486,0.2524912681025143,0.240918677538532,0.0,0.2378957475232673,0.24874886616180392
加拿大多伦多S&P/TSX 综合指数,0.36192229961848105,0.27652862792870864,0.3376469099393891,0.26701400758664656,0.26384847128305117,0.360279550659219,0.2378957475232673,0.0,0.3053018810247344
S&P CLX IPSA,0.3144026181078529,0.27432539569499004,0.31838807401699215,0.305856055689849,0.31488947198276923,0.3297035287138905,0.24874886616180392,0.3053018810247344,0.0
