,比利时BFX,日经225,墨西哥BOLSA,恒生指数,韩国综合指数,荷兰AEX,Costa Rica Indice Accionario,加拿大多伦多S&P/TSX 综合指数,S&P CLX IPSA
比利时BFX,0.0,0.2693865964831531,0.3429581606409512,0.29762840136744334,0.26745509458696315,0.6095134340800198,0.24734492535975888,0.35036771502449965,0.3228947436740713
日经225,0.2693865964831531,0.0,0.2597390335328655,0.33481771342859606,0.3616503711123845,0.2775282819213607,0.2550986984673541,0.2557069258430609,0.26726313350739594
墨西哥BOLSA,0.3429581606409512,0.2597390335328655,0.0,0.2923637812820159,0.2708256184867311,0.36516127829483536,0.23437254040230146,0.34054301834872397,0.3248753598041246
恒生指数,0.29762840136744334,0.33481771342859606,0.2923637812820159,0.0,0.37480804818025815,0.3049735933854098,0.2575363526986211,0.27112559713148826,0.30321379651315455
韩国综合指数,0.26745509458696315,0.3616503711123845,0.2708256184867311,0.37480804818025815,0.0,0.2692023921595126,0.23281046437033587,0.2549631923302698,0.2889221990365189
荷兰AEX,0.6095134340800198,0.2775282819213607,0.36516127829483536,0.3049735933854098,0.2692023921595126,0.0,0.2436704866842097,0.3564813118893355,0.34163745068614676
Costa Rica Indice Accionario,0.24734492535975888,0.2550986984673541,0.23437254040230146,0.2575363526986211,0.23281046437033587,0.2436704866842097,0.0,0.23475727310965028,0.2398898471333947
加拿大多伦多S&P/TSX 综合指数,0.35036771502449965,0.2557069258430609,0.34054301834872397,0.27112559713148826,0.2549631923302698,0.3564813118893355,0.23475727310965028,0.0,0.3156938491701533
S&P CLX IPSA,0.3228947436740713,0.26726313350739594,0.3248753598041246,0.30321379651315455,0.2889221990365189,0.34163745068614676,0.2398898471333947,0.3156938491701533,0.0
