,比利时BFX,日经225,墨西哥BOLSA,恒生指数,韩国综合指数,荷兰AEX,Costa Rica Indice Accionario,加拿大多伦多S&P/TSX 综合指数,S&P CLX IPSA
比利时BFX,0.0,0.2949166459693536,0.33905693150020016,0.2933710664131732,0.2913850078926108,0.5685416404254292,0.24232671789750057,0.3459017058395356,0.3181879354424911
日经225,0.2949166459693536,0.0,0.2715400197659657,0.3389762342224381,0.3414510727982238,0.30645471452999007,0.259893780891437,0.26849788039379135,0.26844460262678554
墨西哥BOLSA,0.33905693150020016,0.2715400197659657,0.0,0.2924034930381279,0.28528989033614954,0.3568741307327897,0.23318098863631706,0.3347804297119335,0.3139861620116821
恒生指数,0.2933710664131732,0.3389762342224381,0.2924034930381279,0.0,0.38797058893786235,0.30349623860866165,0.256665745365222,0.2840591807928871,0.2951176350159713
韩国综合指数,0.2913850078926108,0.3414510727982238,0.28528989033614954,0.38797058893786235,0.0,0.2876877258424603,0.23675126815456957,0.2625400132773581,0.29505722165556947
荷兰AEX,0.5685416404254292,0.30645471452999007,0.3568741307327897,0.30349623860866165,0.2876877258424603,0.0,0.23794528291230232,0.3509123913218161,0.33620492741681873
Costa Rica Indice Accionario,0.24232671789750057,0.259893780891437,0.23318098863631706,0.256665745365222,0.23675126815456957,0.23794528291230232,0.0,0.23283400837993967,0.2365887782633898
加拿大多伦多S&P/TSX 综合指数,0.3459017058395356,0.26849788039379135,0.3347804297119335,0.2840591807928871,0.2625400132773581,0.3509123913218161,0.23283400837993967,0.0,0.30785997182019903
S&P CLX IPSA,0.3181879354424911,0.26844460262678554,0.3139861620116821,0.2951176350159713,0.29505722165556947,0.33620492741681873,0.2365887782633898,0.30785997182019903,0.0
