,比利时BFX,日经225,墨西哥BOLSA,恒生指数,韩国综合指数,荷兰AEX,Costa Rica Indice Accionario,加拿大多伦多S&P/TSX 综合指数,S&P CLX IPSA
比利时BFX,0.0,0.29574624766441,0.3238376993992872,0.29527722824876806,0.2912061870700109,0.5740301021742829,0.2394875969700536,0.3762632973496639,0.3188054070001312
日经225,0.29574624766441,0.0,0.27203068519732193,0.34910781942872654,0.3640755149748255,0.30501085807983586,0.25057507238576376,0.27554715865896695,0.26905045505171776
墨西哥BOLSA,0.3238376993992872,0.27203068519732193,0.0,0.2867891879134948,0.2807442469657883,0.3395396240516794,0.246612312262293,0.3344762936487114,0.3258401797212024
恒生指数,0.29527722824876806,0.34910781942872654,0.2867891879134948,0.0,0.4022548853446119,0.32085194712508536,0.2519123711627075,0.26898704099943255,0.3108396428791784
韩国综合指数,0.2912061870700109,0.3640755149748255,0.2807442469657883,0.4022548853446119,0.0,0.297219976434346,0.2517696152704762,0.2705178166604482,0.3230798125226551
荷兰AEX,0.5740301021742829,0.30501085807983586,0.3395396240516794,0.32085194712508536,0.297219976434346,0.0,0.24241926580504844,0.36645345402450674,0.331994977907472
Costa Rica Indice Accionario,0.2394875969700536,0.25057507238576376,0.246612312262293,0.2519123711627075,0.2517696152704762,0.24241926580504844,0.0,0.23897853370822858,0.24777350746740434
加拿大多伦多S&P/TSX 综合指数,0.3762632973496639,0.27554715865896695,0.3344762936487114,0.26898704099943255,0.2705178166604482,0.36645345402450674,0.23897853370822858,0.0,0.31383652165458664
S&P CLX IPSA,0.3188054070001312,0.26905045505171776,0.3258401797212024,0.3108396428791784,0.3230798125226551,0.331994977907472,0.24777350746740434,0.31383652165458664,0.0
