,比利时BFX,日经225,墨西哥BOLSA,恒生指数,韩国综合指数,荷兰AEX,Costa Rica Indice Accionario,加拿大多伦多S&P/TSX 综合指数,S&P CLX IPSA
比利时BFX,0.0,0.2865865029586009,0.3167443738724747,0.2895397795954626,0.29185552898603473,0.57007618927556,0.23814477711312718,0.35723622612275846,0.31374528938799545
日经225,0.2865865029586009,0.0,0.2686846215967469,0.3398566437296916,0.3518512442352519,0.2982675117880457,0.24896785534749336,0.27368410284391326,0.26483315121261003
墨西哥BOLSA,0.3167443738724747,0.2686846215967469,0.0,0.2890959478153804,0.2833966149981967,0.34160385440870156,0.24602962607540793,0.3246479032364088,0.30540146093909437
恒生指数,0.2895397795954626,0.3398566437296916,0.2890959478153804,0.0,0.38984963908850606,0.30668407747036636,0.25275228911118064,0.2744869491159206,0.301601063194508
韩国综合指数,0.29185552898603473,0.3518512442352519,0.2833966149981967,0.38984963908850606,0.0,0.2914677946289527,0.2524155359584001,0.2637440668110548,0.30634524724645934
荷兰AEX,0.57007618927556,0.2982675117880457,0.34160385440870156,0.30668407747036636,0.2914677946289527,0.0,0.24133254197304907,0.36794249401448464,0.33608418970104886
Costa Rica Indice Accionario,0.23814477711312718,0.24896785534749336,0.24602962607540793,0.25275228911118064,0.2524155359584001,0.24133254197304907,0.0,0.23680993919048152,0.24908411898208935
加拿大多伦多S&P/TSX 综合指数,0.35723622612275846,0.27368410284391326,0.3246479032364088,0.2744869491159206,0.2637440668110548,0.36794249401448464,0.23680993919048152,0.0,0.2998853634890673
S&P CLX IPSA,0.31374528938799545,0.26483315121261003,0.30540146093909437,0.301601063194508,0.30634524724645934,0.33608418970104886,0.24908411898208935,0.2998853634890673,0.0
