,比利时BFX,日经225,墨西哥BOLSA,恒生指数,韩国综合指数,荷兰AEX,Costa Rica Indice Accionario,加拿大多伦多S&P/TSX 综合指数,S&P CLX IPSA
比利时BFX,0.0,0.2927208800347918,0.33986887581845926,0.2938977878182803,0.29215186604162224,0.5673454331201188,0.24171084563335132,0.3433733555059402,0.3203250226421207
日经225,0.2927208800347918,0.0,0.2682191099346841,0.3371469703815345,0.33826737948379554,0.3034627708747056,0.25683198502297183,0.2632276364588313,0.26961743383898984
墨西哥BOLSA,0.33986887581845926,0.2682191099346841,0.0,0.29298498698276554,0.2837606557414302,0.3592577739939768,0.23126200657123308,0.3366534091358021,0.31443605087749227
恒生指数,0.2938977878182803,0.3371469703815345,0.29298498698276554,0.0,0.38873792755974074,0.30467789749256635,0.2561135829975278,0.28526768452899487,0.295464971496069
韩国综合指数,0.29215186604162224,0.33826737948379554,0.2837606557414302,0.38873792755974074,0.0,0.2889204499288035,0.23397452214861197,0.26236086422684446,0.29565876822143894
荷兰AEX,0.5673454331201188,0.3034627708747056,0.3592577739939768,0.30467789749256635,0.2889204499288035,0.0,0.23779276071944414,0.35219119546193306,0.3378445187055786
Costa Rica Indice Accionario,0.24171084563335132,0.25683198502297183,0.23126200657123308,0.2561135829975278,0.23397452214861197,0.23779276071944414,0.0,0.2324549323243183,0.23664340067761622
加拿大多伦多S&P/TSX 综合指数,0.3433733555059402,0.2632276364588313,0.3366534091358021,0.28526768452899487,0.26236086422684446,0.35219119546193306,0.2324549323243183,0.0,0.3071740998045044
S&P CLX IPSA,0.3203250226421207,0.26961743383898984,0.31443605087749227,0.295464971496069,0.29565876822143894,0.3378445187055786,0.23664340067761622,0.3071740998045044,0.0
