,比利时BFX,日经225,墨西哥BOLSA,恒生指数,韩国综合指数,荷兰AEX,Costa Rica Indice Accionario,加拿大多伦多S&P/TSX 综合指数,S&P CLX IPSA
比利时BFX,0.0,0.26665501301078753,0.36369804503943154,0.29694487539395203,0.26184683074196247,0.6222607675457155,0.24521344247984694,0.31910081344115915,0.31195214330814197
日经225,0.26665501301078753,0.0,0.25134752093112095,0.3033408022455466,0.3284299708852442,0.2660526897796573,0.25548902040802984,0.23888524925388005,0.26500597486109995
墨西哥BOLSA,0.36369804503943154,0.25134752093112095,0.0,0.2772169270504073,0.26028923141456783,0.37050844614020234,0.2399003139752784,0.338879583298512,0.35279775026995747
恒生指数,0.29694487539395203,0.3033408022455466,0.2772169270504073,0.0,0.3507881440238367,0.2953484633481864,0.25678108824651497,0.24806725191843557,0.288057450441961
韩国综合指数,0.26184683074196247,0.3284299708852442,0.26028923141456783,0.3507881440238367,0.0,0.25865045679044635,0.23485271313846076,0.23431968467130954,0.28290065290254246
荷兰AEX,0.6222607675457155,0.2660526897796573,0.37050844614020234,0.2953484633481864,0.25865045679044635,0.0,0.24374230708651218,0.3417272353206944,0.33039354456272785
Costa Rica Indice Accionario,0.24521344247984694,0.25548902040802984,0.2399003139752784,0.25678108824651497,0.23485271313846076,0.24374230708651218,0.0,0.2401091803797305,0.2390960767869759
加拿大多伦多S&P/TSX 综合指数,0.31910081344115915,0.23888524925388005,0.338879583298512,0.24806725191843557,0.23431968467130954,0.3417272353206944,0.2401091803797305,0.0,0.28560176722765646
S&P CLX IPSA,0.31195214330814197,0.26500597486109995,0.35279775026995747,0.288057450441961,0.28290065290254246,0.33039354456272785,0.2390960767869759,0.28560176722765646,0.0
