,比利时BFX,日经225,墨西哥BOLSA,恒生指数,韩国综合指数,荷兰AEX,Costa Rica Indice Accionario,加拿大多伦多S&P/TSX 综合指数,S&P CLX IPSA
比利时BFX,0.0,0.29079742959636906,0.3222983888179866,0.2840313484070543,0.29387011747411906,0.559765169262637,0.2380399586569882,0.36591092758795185,0.3179988373088643
日经225,0.29079742959636906,0.0,0.272387995512109,0.33693330120773257,0.34989768356274226,0.30231138992039935,0.2490251566638908,0.2761660243327823,0.27015683067994395
墨西哥BOLSA,0.3222983888179866,0.272387995512109,0.0,0.2832452062502523,0.28008995997768416,0.34780718194829463,0.24648351664137083,0.336384903480921,0.30888316357370843
恒生指数,0.2840313484070543,0.33693330120773257,0.2832452062502523,0.0,0.3880544306860542,0.308160230975966,0.2526856079323773,0.2689471591274673,0.305624382146605
韩国综合指数,0.29387011747411906,0.34989768356274226,0.28008995997768416,0.3880544306860542,0.0,0.2966676735393637,0.25252085626963183,0.2658193279183807,0.31157335378630463
荷兰AEX,0.559765169262637,0.30231138992039935,0.34780718194829463,0.308160230975966,0.2966676735393637,0.0,0.2412225627575561,0.36910029567014924,0.34095770892639643
Costa Rica Indice Accionario,0.2380399586569882,0.2490251566638908,0.24648351664137083,0.2526856079323773,0.25252085626963183,0.2412225627575561,0.0,0.23733745585675242,0.2490987669650645
加拿大多伦多S&P/TSX 综合指数,0.36591092758795185,0.2761660243327823,0.336384903480921,0.2689471591274673,0.2658193279183807,0.36910029567014924,0.23733745585675242,0.0,0.3009246419457581
S&P CLX IPSA,0.3179988373088643,0.27015683067994395,0.30888316357370843,0.305624382146605,0.31157335378630463,0.34095770892639643,0.2490987669650645,0.3009246419457581,0.0
