,比利时BFX,日经225,墨西哥BOLSA,恒生指数,韩国综合指数,荷兰AEX,Costa Rica Indice Accionario,加拿大多伦多S&P/TSX 综合指数,S&P CLX IPSA
比利时BFX,0.0,0.2803982089194874,0.3378264962380893,0.3200504540740768,0.30125526546712794,0.5791995399823248,0.23855745560305333,0.38402691392315474,0.3393677948767066
日经225,0.2803982089194874,0.0,0.29414098487756996,0.34922845084619725,0.3661753477995888,0.300555359035057,0.2448254960320469,0.2736485781107103,0.26022214294297
墨西哥BOLSA,0.3378264962380893,0.29414098487756996,0.0,0.3207995389769964,0.31958112876662215,0.34319561193819853,0.24697395383159723,0.3415695991469337,0.3408316755366455
恒生指数,0.3200504540740768,0.34922845084619725,0.3207995389769964,0.0,0.42147881367631945,0.34621422403606955,0.24965948434008953,0.3028051735042861,0.32349019318833894
韩国综合指数,0.30125526546712794,0.3661753477995888,0.31958112876662215,0.42147881367631945,0.0,0.3141703684167169,0.25374365904611446,0.30800668515413293,0.32215220919384274
荷兰AEX,0.5791995399823248,0.300555359035057,0.34319561193819853,0.34621422403606955,0.3141703684167169,0.0,0.24208518559084755,0.3802049190129038,0.33056231170243194
Costa Rica Indice Accionario,0.23855745560305333,0.2448254960320469,0.24697395383159723,0.24965948434008953,0.25374365904611446,0.24208518559084755,0.0,0.24068806043588784,0.25013021719823036
加拿大多伦多S&P/TSX 综合指数,0.38402691392315474,0.2736485781107103,0.3415695991469337,0.3028051735042861,0.30800668515413293,0.3802049190129038,0.24068806043588784,0.0,0.3301069590751971
S&P CLX IPSA,0.3393677948767066,0.26022214294297,0.3408316755366455,0.32349019318833894,0.32215220919384274,0.33056231170243194,0.25013021719823036,0.3301069590751971,0.0
