,比利时BFX,日经225,墨西哥BOLSA,恒生指数,韩国综合指数,荷兰AEX,Costa Rica Indice Accionario,加拿大多伦多S&P/TSX 综合指数,S&P CLX IPSA
比利时BFX,0.0,0.2972055350330269,0.33363587908533965,0.2993598771860186,0.2957948628134334,0.558210808110487,0.23721411436908446,0.3738430078727418,0.3333020746530459
日经225,0.2972055350330269,0.0,0.2770625731311484,0.3438059810244445,0.3681132662251863,0.30627788547085916,0.24590426918688177,0.27444293248449575,0.2726307921276828
墨西哥BOLSA,0.33363587908533965,0.2770625731311484,0.0,0.2898024601131667,0.28821479923732723,0.33619417045711253,0.24699166202937226,0.3270735407249037,0.3278908403686554
恒生指数,0.2993598771860186,0.3438059810244445,0.2898024601131667,0.0,0.41224693991289907,0.32520604345249793,0.25032995458195084,0.27666867050477373,0.32009027605572316
韩国综合指数,0.2957948628134334,0.3681132662251863,0.28821479923732723,0.41224693991289907,0.0,0.30408495225818954,0.25505243154439333,0.2767601313518518,0.3204900032669303
荷兰AEX,0.558210808110487,0.30627788547085916,0.33619417045711253,0.32520604345249793,0.30408495225818954,0.0,0.24078537980121276,0.36229201471211736,0.33344687114434174
Costa Rica Indice Accionario,0.23721411436908446,0.24590426918688177,0.24699166202937226,0.25032995458195084,0.25505243154439333,0.24078537980121276,0.0,0.23976072657253206,0.24875713811387276
加拿大多伦多S&P/TSX 综合指数,0.3738430078727418,0.27444293248449575,0.3270735407249037,0.27666867050477373,0.2767601313518518,0.36229201471211736,0.23976072657253206,0.0,0.32607604567591514
S&P CLX IPSA,0.3333020746530459,0.2726307921276828,0.3278908403686554,0.32009027605572316,0.3204900032669303,0.33344687114434174,0.24875713811387276,0.32607604567591514,0.0
