,比利时BFX,日经225,墨西哥BOLSA,恒生指数,韩国综合指数,荷兰AEX,Costa Rica Indice Accionario,加拿大多伦多S&P/TSX 综合指数,S&P CLX IPSA
比利时BFX,0.0,0.2876572770076166,0.3286019587707293,0.3255793808685795,0.30084453586437887,0.5722052776678653,0.23873829656225995,0.3901342785118456,0.3309449781467559
日经225,0.2876572770076166,0.0,0.2833632620321962,0.35237889302412706,0.3429208638278458,0.30433262829251445,0.24462662559236853,0.2794865514806202,0.26317912814339117
墨西哥BOLSA,0.3286019587707293,0.2833632620321962,0.0,0.3057175077826922,0.3127152053346836,0.3277064709027797,0.24695636398577603,0.33425119376209106,0.33360685102680177
恒生指数,0.3255793808685795,0.35237889302412706,0.3057175077826922,0.0,0.3981974831404968,0.3505121116457996,0.2491358554419748,0.3087602533471486,0.3151413052101446
韩国综合指数,0.30084453586437887,0.3429208638278458,0.3127152053346836,0.3981974831404968,0.0,0.31521133676998736,0.2533193986117738,0.3101830256438851,0.31991170341729225
荷兰AEX,0.5722052776678653,0.30433262829251445,0.3277064709027797,0.3505121116457996,0.31521133676998736,0.0,0.24164444260290624,0.39118106510134626,0.3205043741007618
Costa Rica Indice Accionario,0.23873829656225995,0.24462662559236853,0.24695636398577603,0.2491358554419748,0.2533193986117738,0.24164444260290624,0.0,0.24108484693238413,0.25035124206771103
加拿大多伦多S&P/TSX 综合指数,0.3901342785118456,0.2794865514806202,0.33425119376209106,0.3087602533471486,0.3101830256438851,0.39118106510134626,0.24108484693238413,0.0,0.32968911250688787
S&P CLX IPSA,0.3309449781467559,0.26317912814339117,0.33360685102680177,0.3151413052101446,0.31991170341729225,0.3205043741007618,0.25035124206771103,0.32968911250688787,0.0
