,比利时BFX,日经225,墨西哥BOLSA,恒生指数,韩国综合指数,荷兰AEX,Costa Rica Indice Accionario,加拿大多伦多S&P/TSX 综合指数,S&P CLX IPSA
比利时BFX,0.0,0.2623863875555381,0.3481821650975354,0.2980334713972715,0.26383699147810874,0.6174394867807067,0.24527254780546642,0.34527071617357097,0.3161846953398342
日经225,0.2623863875555381,0.0,0.2576475045925374,0.3218692895635313,0.350918578089944,0.2672923202186429,0.2558266333640674,0.2396823131861969,0.25019999694432066
墨西哥BOLSA,0.3481821650975354,0.2576475045925374,0.0,0.2911200182933599,0.26626080584848644,0.36394893666251843,0.24083022307877908,0.33299472900415217,0.33520740325408793
恒生指数,0.2980334713972715,0.3218692895635313,0.2911200182933599,0.0,0.3705849443714455,0.30030703521233876,0.2583141171430161,0.2591422349195878,0.2840180692251947
韩国综合指数,0.26383699147810874,0.350918578089944,0.26626080584848644,0.3705849443714455,0.0,0.2616422785885233,0.23568934241884562,0.23853116596997184,0.27422289984739673
荷兰AEX,0.6174394867807067,0.2672923202186429,0.36394893666251843,0.30030703521233876,0.2616422785885233,0.0,0.24465638688750854,0.3549277578251986,0.33024457260585105
Costa Rica Indice Accionario,0.24527254780546642,0.2558266333640674,0.24083022307877908,0.2583141171430161,0.23568934241884562,0.24465638688750854,0.0,0.23797875154435114,0.23927038285336913
加拿大多伦多S&P/TSX 综合指数,0.34527071617357097,0.2396823131861969,0.33299472900415217,0.2591422349195878,0.23853116596997184,0.3549277578251986,0.23797875154435114,0.0,0.2993258283688131
S&P CLX IPSA,0.3161846953398342,0.25019999694432066,0.33520740325408793,0.2840180692251947,0.27422289984739673,0.33024457260585105,0.23927038285336913,0.2993258283688131,0.0
