,比利时BFX,日经225,墨西哥BOLSA,恒生指数,韩国综合指数,荷兰AEX,Costa Rica Indice Accionario,加拿大多伦多S&P/TSX 综合指数,S&P CLX IPSA
比利时BFX,0.0,0.28835827538212205,0.3225724011704482,0.2799702020244838,0.28863035380625385,0.5672509350867528,0.23831252019896437,0.3683320108819429,0.3173331928766311
日经225,0.28835827538212205,0.0,0.2730836333046024,0.3361976358360242,0.35042268385738784,0.30099316981453994,0.24904342352674644,0.2743536905724735,0.26829951593877216
墨西哥BOLSA,0.3225724011704482,0.2730836333046024,0.0,0.2855033417051497,0.28350743621240204,0.3518305087263927,0.24618535198425595,0.3323270092816874,0.3088262159023247
恒生指数,0.2799702020244838,0.3361976358360242,0.2855033417051497,0.0,0.3896215003864643,0.30087436183089855,0.2531170026290048,0.26555444030198866,0.30281295779996464
韩国综合指数,0.28863035380625385,0.35042268385738784,0.28350743621240204,0.3896215003864643,0.0,0.2902388680466984,0.25250497304652103,0.2609137090126098,0.3069199513241448
荷兰AEX,0.5672509350867528,0.30099316981453994,0.3518305087263927,0.30087436183089855,0.2902388680466984,0.0,0.2414784596780321,0.3764889320077436,0.34367535250246367
Costa Rica Indice Accionario,0.23831252019896437,0.24904342352674644,0.24618535198425595,0.2531170026290048,0.25250497304652103,0.2414784596780321,0.0,0.23719756722992824,0.24895862822785508
加拿大多伦多S&P/TSX 综合指数,0.3683320108819429,0.2743536905724735,0.3323270092816874,0.26555444030198866,0.2609137090126098,0.3764889320077436,0.23719756722992824,0.0,0.3016495009028059
S&P CLX IPSA,0.3173331928766311,0.26829951593877216,0.3088262159023247,0.30281295779996464,0.3069199513241448,0.34367535250246367,0.24895862822785508,0.3016495009028059,0.0
