,比利时BFX,日经225,墨西哥BOLSA,恒生指数,韩国综合指数,荷兰AEX,Costa Rica Indice Accionario,加拿大多伦多S&P/TSX 综合指数,S&P CLX IPSA
比利时BFX,0.0,0.28614209856174116,0.3173310519246341,0.2885841790291656,0.2887021701752284,0.5644334814573158,0.23829193993761366,0.3538871605737192,0.3138500334901589
日经225,0.28614209856174116,0.0,0.2685954092618709,0.3398699940731362,0.35128058140974056,0.29828444202065146,0.24895464449234517,0.2737174273978136,0.2648060051145168
墨西哥BOLSA,0.3173310519246341,0.2685954092618709,0.0,0.2887821964948218,0.28203272735915985,0.34138334728667863,0.24604626776149363,0.32357988055306686,0.3056872693261899
恒生指数,0.2885841790291656,0.3398699940731362,0.2887821964948218,0.0,0.3897159109046571,0.3067352662087581,0.25270896491512834,0.274772985318053,0.3014339737864613
韩国综合指数,0.2887021701752284,0.35128058140974056,0.28203272735915985,0.3897159109046571,0.0,0.29146176555399284,0.2521889698427263,0.2648595490675818,0.30545544000488595
荷兰AEX,0.5644334814573158,0.29828444202065146,0.34138334728667863,0.3067352662087581,0.29146176555399284,0.0,0.2413184455619765,0.36785926826982246,0.33598794617916666
Costa Rica Indice Accionario,0.23829193993761366,0.24895464449234517,0.24604626776149363,0.25270896491512834,0.2521889698427263,0.2413184455619765,0.0,0.23673127287171922,0.24913298505641704
加拿大多伦多S&P/TSX 综合指数,0.3538871605737192,0.2737174273978136,0.32357988055306686,0.274772985318053,0.2648595490675818,0.36785926826982246,0.23673127287171922,0.0,0.2994812140012854
S&P CLX IPSA,0.3138500334901589,0.2648060051145168,0.3056872693261899,0.3014339737864613,0.30545544000488595,0.33598794617916666,0.24913298505641704,0.2994812140012854,0.0
