,比利时BFX,日经225,墨西哥BOLSA,恒生指数,韩国综合指数,荷兰AEX,Costa Rica Indice Accionario,加拿大多伦多S&P/TSX 综合指数,S&P CLX IPSA
比利时BFX,0.0,0.29208061902131094,0.33967545906863444,0.29064115223368214,0.2886940158929198,0.5761328614132677,0.24249344949316098,0.34376891595338904,0.31860891216546317
日经225,0.29208061902131094,0.0,0.2689221578347403,0.333631094121765,0.3375653884232363,0.30108489264426164,0.2566941077630546,0.2611294685337232,0.2701637270268973
墨西哥BOLSA,0.33967545906863444,0.2689221578347403,0.0,0.29118683723922023,0.2825542628728184,0.3606904748168777,0.2314327988448903,0.3409788857985248,0.317043401447669
恒生指数,0.29064115223368214,0.333631094121765,0.29118683723922023,0.0,0.38562663115080786,0.2986748537028742,0.2563039712915722,0.280160033270656,0.29672246853912737
韩国综合指数,0.2886940158929198,0.3375653884232363,0.2825542628728184,0.38562663115080786,0.0,0.28410208002253584,0.23376500757528085,0.258611581690542,0.29447884185807527
荷兰AEX,0.5761328614132677,0.30108489264426164,0.3606904748168777,0.2986748537028742,0.28410208002253584,0.0,0.23862593148323138,0.35213711316698326,0.33482482074277786
Costa Rica Indice Accionario,0.24249344949316098,0.2566941077630546,0.2314327988448903,0.2563039712915722,0.23376500757528085,0.23862593148323138,0.0,0.23260009349337482,0.23711742285453272
加拿大多伦多S&P/TSX 综合指数,0.34376891595338904,0.2611294685337232,0.3409788857985248,0.280160033270656,0.258611581690542,0.35213711316698326,0.23260009349337482,0.0,0.31079968986150636
S&P CLX IPSA,0.31860891216546317,0.2701637270268973,0.317043401447669,0.29672246853912737,0.29447884185807527,0.33482482074277786,0.23711742285453272,0.31079968986150636,0.0
