,比利时BFX,日经225,墨西哥BOLSA,恒生指数,韩国综合指数,荷兰AEX,Costa Rica Indice Accionario,加拿大多伦多S&P/TSX 综合指数,S&P CLX IPSA
比利时BFX,0.0,0.2601019818049569,0.35148755406445203,0.28624762522251995,0.254766545832474,0.6319708608563227,0.2448218472854748,0.31921124814164453,0.3022547271385116
日经225,0.2601019818049569,0.0,0.2611475585558649,0.30789440935204804,0.3350000879231407,0.2601593257914711,0.2568391795262372,0.24272941840852147,0.2710867164095091
墨西哥BOLSA,0.35148755406445203,0.2611475585558649,0.0,0.2730819100822164,0.2637265317036765,0.3624608816267144,0.2410832372648636,0.3507337561777726,0.3668255913861
恒生指数,0.28624762522251995,0.30789440935204804,0.2730819100822164,0.0,0.3526404909789438,0.2869353955288739,0.25754354326063994,0.24220401522140309,0.2836410747504615
韩国综合指数,0.254766545832474,0.3350000879231407,0.2637265317036765,0.3526404909789438,0.0,0.2546272040061843,0.2368369690305202,0.2371663464292923,0.286606414864696
荷兰AEX,0.6319708608563227,0.2601593257914711,0.3624608816267144,0.2869353955288739,0.2546272040061843,0.0,0.24456864981009957,0.34346645853841024,0.32664390735629684
Costa Rica Indice Accionario,0.2448218472854748,0.2568391795262372,0.2410832372648636,0.25754354326063994,0.2368369690305202,0.24456864981009957,0.0,0.2401099836812157,0.23914080716479583
加拿大多伦多S&P/TSX 综合指数,0.31921124814164453,0.24272941840852147,0.3507337561777726,0.24220401522140309,0.2371663464292923,0.34346645853841024,0.2401099836812157,0.0,0.29543165561829726
S&P CLX IPSA,0.3022547271385116,0.2710867164095091,0.3668255913861,0.2836410747504615,0.286606414864696,0.32664390735629684,0.23914080716479583,0.29543165561829726,0.0
