,比利时BFX,日经225,墨西哥BOLSA,恒生指数,韩国综合指数,荷兰AEX,Costa Rica Indice Accionario,加拿大多伦多S&P/TSX 综合指数,S&P CLX IPSA
比利时BFX,0.0,0.28164210395742006,0.3463255760722288,0.31716409707974275,0.3062039853251923,0.5805196322731238,0.2375965775561357,0.3827253308107391,0.3437797702595789
日经225,0.28164210395742006,0.0,0.2869914802365383,0.35225345763689275,0.37302772462274225,0.29692778698848965,0.2452314124251572,0.2815639593087631,0.2752116082294351
墨西哥BOLSA,0.3463255760722288,0.2869914802365383,0.0,0.3125609964085071,0.3109639994062487,0.34948998864328934,0.24629941182764592,0.3413195519523085,0.3419877996970696
恒生指数,0.31716409707974275,0.35225345763689275,0.3125609964085071,0.0,0.42318068926546754,0.33871878085183665,0.24952456997798803,0.2978103217265893,0.32626003944743776
韩国综合指数,0.3062039853251923,0.37302772462274225,0.3109639994062487,0.42318068926546754,0.0,0.3154406788679131,0.2533832615324644,0.30069878283449275,0.3270002107159118
荷兰AEX,0.5805196322731238,0.29692778698848965,0.34948998864328934,0.33871878085183665,0.3154406788679131,0.0,0.24035934549602966,0.3718532184717113,0.3410175701992941
Costa Rica Indice Accionario,0.2375965775561357,0.2452314124251572,0.24629941182764592,0.24952456997798803,0.2533832615324644,0.24035934549602966,0.0,0.23989511833657362,0.24862809862187915
加拿大多伦多S&P/TSX 综合指数,0.3827253308107391,0.2815639593087631,0.3413195519523085,0.2978103217265893,0.30069878283449275,0.3718532184717113,0.23989511833657362,0.0,0.32901991395573277
S&P CLX IPSA,0.3437797702595789,0.2752116082294351,0.3419877996970696,0.32626003944743776,0.3270002107159118,0.3410175701992941,0.24862809862187915,0.32901991395573277,0.0
