,比利时BFX,日经225,墨西哥BOLSA,恒生指数,韩国综合指数,荷兰AEX,Costa Rica Indice Accionario,加拿大多伦多S&P/TSX 综合指数,S&P CLX IPSA
比利时BFX,0.0,0.2874954762700193,0.3241489116974307,0.28956895325902987,0.28758235887080164,0.5632519126629699,0.23872271738178621,0.3611267853707693,0.3111173481792336
日经225,0.2874954762700193,0.0,0.2688127221648018,0.34125855803668514,0.3514455345629329,0.29962194995948893,0.2491282478589807,0.2735622857757343,0.26474973750540437
墨西哥BOLSA,0.3241489116974307,0.2688127221648018,0.0,0.2898080249457225,0.28849160632986226,0.3463825290765912,0.24576228135572173,0.32788400615048663,0.31010499966242133
恒生指数,0.28956895325902987,0.34125855803668514,0.2898080249457225,0.0,0.38999100015479915,0.3072323897633656,0.2527034531078217,0.276358487921795,0.29893006275253214
韩国综合指数,0.28758235887080164,0.3514455345629329,0.28849160632986226,0.38999100015479915,0.0,0.2888718134632028,0.25239653122842576,0.26509334565051107,0.3068055723454857
荷兰AEX,0.5632519126629699,0.29962194995948893,0.3463825290765912,0.3072323897633656,0.2888718134632028,0.0,0.2418963546347177,0.3751164140176063,0.3308729646018487
Costa Rica Indice Accionario,0.23872271738178621,0.2491282478589807,0.24576228135572173,0.2527034531078217,0.25239653122842576,0.2418963546347177,0.0,0.23743193962009895,0.24894722983910914
加拿大多伦多S&P/TSX 综合指数,0.3611267853707693,0.2735622857757343,0.32788400615048663,0.276358487921795,0.26509334565051107,0.3751164140176063,0.23743193962009895,0.0,0.30026923681643974
S&P CLX IPSA,0.3111173481792336,0.26474973750540437,0.31010499966242133,0.29893006275253214,0.3068055723454857,0.3308729646018487,0.24894722983910914,0.30026923681643974,0.0
