,比利时BFX,日经225,墨西哥BOLSA,恒生指数,韩国综合指数,荷兰AEX,Costa Rica Indice Accionario,加拿大多伦多S&P/TSX 综合指数,S&P CLX IPSA
比利时BFX,0.0,0.2866447812755188,0.3282637467323771,0.32236507938943637,0.30027006903617415,0.5715921575260847,0.23870607644553876,0.38708447255464834,0.33020102934391743
日经225,0.2866447812755188,0.0,0.2837707612670012,0.3539486076170596,0.3431090872407419,0.303132162752701,0.24470608685474654,0.2801916178859772,0.2625427474345504
墨西哥BOLSA,0.3282637467323771,0.2837707612670012,0.0,0.30389680058266433,0.3128200707732919,0.32560950522912496,0.24700344541715877,0.3339413101936346,0.33322709546937507
恒生指数,0.32236507938943637,0.3539486076170596,0.30389680058266433,0.0,0.3987879825219835,0.3457652459414401,0.2494954307963715,0.30768460517960083,0.31029974089916396
韩国综合指数,0.30027006903617415,0.3431090872407419,0.3128200707732919,0.3987879825219835,0.0,0.313899771301695,0.2533733344295792,0.3103481498415994,0.3194264259525929
荷兰AEX,0.5715921575260847,0.303132162752701,0.32560950522912496,0.3457652459414401,0.313899771301695,0.0,0.24165307748408082,0.38652961987708295,0.3185770468195899
Costa Rica Indice Accionario,0.23870607644553876,0.24470608685474654,0.24700344541715877,0.2494954307963715,0.2533733344295792,0.24165307748408082,0.0,0.2412010530926405,0.25056318796762805
加拿大多伦多S&P/TSX 综合指数,0.38708447255464834,0.2801916178859772,0.3339413101936346,0.30768460517960083,0.3103481498415994,0.38652961987708295,0.2412010530926405,0.0,0.3282273240130455
S&P CLX IPSA,0.33020102934391743,0.2625427474345504,0.33322709546937507,0.31029974089916396,0.3194264259525929,0.3185770468195899,0.25056318796762805,0.3282273240130455,0.0
