,比利时BFX,日经225,墨西哥BOLSA,恒生指数,韩国综合指数,荷兰AEX,Costa Rica Indice Accionario,加拿大多伦多S&P/TSX 综合指数,S&P CLX IPSA
比利时BFX,0.0,0.2648865941228765,0.35107826568192,0.293096260316605,0.2616338868747761,0.6137599117985278,0.24520394819611202,0.3269657403017218,0.30382767739881245
日经225,0.2648865941228765,0.0,0.2514713191518187,0.3081553372582112,0.3342857348509023,0.26749997442152224,0.2563199967476643,0.23792071269022425,0.25602834136995223
墨西哥BOLSA,0.35107826568192,0.2514713191518187,0.0,0.27154329365986835,0.2568032192263522,0.3643189723836005,0.2409626167311753,0.32485369601714864,0.34762520720003404
恒生指数,0.293096260316605,0.3081553372582112,0.27154329365986835,0.0,0.35101184680617215,0.2920706010126495,0.2585445351140993,0.2523813778853829,0.2797431539145115
韩国综合指数,0.2616338868747761,0.3342857348509023,0.2568032192263522,0.35101184680617215,0.0,0.25978637852484476,0.23540667229688275,0.23147657306920047,0.27978926988406455
荷兰AEX,0.6137599117985278,0.26749997442152224,0.3643189723836005,0.2920706010126495,0.25978637852484476,0.0,0.24454311212885047,0.34509432411470237,0.32336950016568466
Costa Rica Indice Accionario,0.24520394819611202,0.2563199967476643,0.2409626167311753,0.2585445351140993,0.23540667229688275,0.24454311212885047,0.0,0.23774770585860505,0.23922619116111918
加拿大多伦多S&P/TSX 综合指数,0.3269657403017218,0.23792071269022425,0.32485369601714864,0.2523813778853829,0.23147657306920047,0.34509432411470237,0.23774770585860505,0.0,0.2915514562184192
S&P CLX IPSA,0.30382767739881245,0.25602834136995223,0.34762520720003404,0.2797431539145115,0.27978926988406455,0.32336950016568466,0.23922619116111918,0.2915514562184192,0.0
