,比利时BFX,日经225,墨西哥BOLSA,恒生指数,韩国综合指数,荷兰AEX,Costa Rica Indice Accionario,加拿大多伦多S&P/TSX 综合指数,S&P CLX IPSA
比利时BFX,0.0,0.2647233253709475,0.3555651431836786,0.2890549205601797,0.2590277993039677,0.6174153702449249,0.2451103335980721,0.3247725429868855,0.30678736367602927
日经225,0.2647233253709475,0.0,0.2468603641846354,0.3016646933926411,0.3296800313922688,0.26424922281238683,0.2553156033567891,0.23856025003234246,0.26310466212976136
墨西哥BOLSA,0.3555651431836786,0.2468603641846354,0.0,0.2724913249968662,0.25415278660879304,0.3625659088291524,0.23991785029503387,0.3407541611418064,0.34706712823012525
恒生指数,0.2890549205601797,0.3016646933926411,0.2724913249968662,0.0,0.35002650586263817,0.2890470187114454,0.2568157958576228,0.2505395500477023,0.2815953417688174
韩国综合指数,0.2590277993039677,0.3296800313922688,0.25415278660879304,0.35002650586263817,0.0,0.25584933682733807,0.23468384683707236,0.2315995251435165,0.2804238839777143
荷兰AEX,0.6174153702449249,0.26424922281238683,0.3625659088291524,0.2890470187114454,0.25584933682733807,0.0,0.2435680006788641,0.34553509544604255,0.3255552265218697
Costa Rica Indice Accionario,0.2451103335980721,0.2553156033567891,0.23991785029503387,0.2568157958576228,0.23468384683707236,0.2435680006788641,0.0,0.23983013605194403,0.23894569415380632
加拿大多伦多S&P/TSX 综合指数,0.3247725429868855,0.23856025003234246,0.3407541611418064,0.2505395500477023,0.2315995251435165,0.34553509544604255,0.23983013605194403,0.0,0.28992465799342204
S&P CLX IPSA,0.30678736367602927,0.26310466212976136,0.34706712823012525,0.2815953417688174,0.2804238839777143,0.3255552265218697,0.23894569415380632,0.28992465799342204,0.0
