,比利时BFX,日经225,墨西哥BOLSA,恒生指数,韩国综合指数,荷兰AEX,Costa Rica Indice Accionario,加拿大多伦多S&P/TSX 综合指数,S&P CLX IPSA
比利时BFX,0.0,0.2840813807727086,0.34148230111019556,0.29461235622237314,0.2785478452081745,0.5749799888612027,0.24730274979087946,0.3424066677383788,0.3212471681954678
日经225,0.2840813807727086,0.0,0.2649852887477117,0.33473934157190843,0.3436297473337005,0.2937269401368616,0.2551450542978141,0.2550584597655343,0.26714586046640637
墨西哥BOLSA,0.34148230111019556,0.2649852887477117,0.0,0.29198281679036536,0.27508600200771216,0.36340798595954343,0.234347418856032,0.33902440424248964,0.3201039379531251
恒生指数,0.29461235622237314,0.33473934157190843,0.29198281679036536,0.0,0.37360128312726393,0.30400618525879797,0.2574181259685454,0.2767323871815805,0.3004539760985029
韩国综合指数,0.2785478452081745,0.3436297473337005,0.27508600200771216,0.37360128312726393,0.0,0.2748584961357987,0.23300318999263506,0.25434628210740035,0.2839859438150613
荷兰AEX,0.5749799888612027,0.2937269401368616,0.36340798595954343,0.30400618525879797,0.2748584961357987,0.0,0.24297491291971768,0.3509612893002361,0.33764765069204417
Costa Rica Indice Accionario,0.24730274979087946,0.2551450542978141,0.234347418856032,0.2574181259685454,0.23300318999263506,0.24297491291971768,0.0,0.233196750635381,0.2392776074083231
加拿大多伦多S&P/TSX 综合指数,0.3424066677383788,0.2550584597655343,0.33902440424248964,0.2767323871815805,0.25434628210740035,0.3509612893002361,0.233196750635381,0.0,0.31040682843062933
S&P CLX IPSA,0.3212471681954678,0.26714586046640637,0.3201039379531251,0.3004539760985029,0.2839859438150613,0.33764765069204417,0.2392776074083231,0.31040682843062933,0.0
