,比利时BFX,日经225,墨西哥BOLSA,恒生指数,韩国综合指数,荷兰AEX,Costa Rica Indice Accionario,加拿大多伦多S&P/TSX 综合指数,S&P CLX IPSA
比利时BFX,0.0,0.29355874433487184,0.33602306842578145,0.2943207896669103,0.2980769217965041,0.5741340696641574,0.23876505108301294,0.3612284591757016,0.3193180083562912
日经225,0.29355874433487184,0.0,0.27040462583663716,0.33997246439348167,0.34131093353710834,0.3043952591654669,0.24961291223918328,0.27478492372545227,0.2644026906938195
墨西哥BOLSA,0.33602306842578145,0.27040462583663716,0.0,0.29145160178632107,0.2840978525218426,0.35364886441681487,0.24604688134374336,0.32940943882756063,0.31827384991416924
恒生指数,0.2943207896669103,0.33997246439348167,0.29145160178632107,0.0,0.3859683088491743,0.30555115475131545,0.25507043522682876,0.2834087197911947,0.2944423910844221
韩国综合指数,0.2980769217965041,0.34131093353710834,0.2840978525218426,0.3859683088491743,0.0,0.2923189128137662,0.2531465707047958,0.2641939409428876,0.29611848976710137
荷兰AEX,0.5741340696641574,0.3043952591654669,0.35364886441681487,0.30555115475131545,0.2923189128137662,0.0,0.24289154313148884,0.3688940753250594,0.33722858031796304
Costa Rica Indice Accionario,0.23876505108301294,0.24961291223918328,0.24604688134374336,0.25507043522682876,0.2531465707047958,0.24289154313148884,0.0,0.23803576588828765,0.24958535711793048
加拿大多伦多S&P/TSX 综合指数,0.3612284591757016,0.27478492372545227,0.32940943882756063,0.2834087197911947,0.2641939409428876,0.3688940753250594,0.23803576588828765,0.0,0.31133791326049726
S&P CLX IPSA,0.3193180083562912,0.2644026906938195,0.31827384991416924,0.2944423910844221,0.29611848976710137,0.33722858031796304,0.24958535711793048,0.31133791326049726,0.0
