,比利时BFX,日经225,墨西哥BOLSA,恒生指数,韩国综合指数,荷兰AEX,Costa Rica Indice Accionario,加拿大多伦多S&P/TSX 综合指数,S&P CLX IPSA
比利时BFX,0.0,0.26730259297519626,0.36094411409940413,0.29010968824020045,0.25628460966450745,0.636523763158503,0.24454237184816122,0.3250171349975441,0.30265267298327453
日经225,0.26730259297519626,0.0,0.26872887945035806,0.31218595612945155,0.33813208796285354,0.26726365687623305,0.2565689990870184,0.24738584114970788,0.27350876475916475
墨西哥BOLSA,0.36094411409940413,0.26872887945035806,0.0,0.2768135693892854,0.26144761131070093,0.37596122499155626,0.24092582220867506,0.353538440928595,0.3653814958282673
恒生指数,0.29010968824020045,0.31218595612945155,0.2768135693892854,0.0,0.354330971434937,0.2904521058055065,0.2573017122407908,0.24550630230266096,0.2843823785649895
韩国综合指数,0.25628460966450745,0.33813208796285354,0.26144761131070093,0.354330971434937,0.0,0.25449127806462984,0.2368449756679129,0.24015250128334073,0.2852660423801984
荷兰AEX,0.636523763158503,0.26726365687623305,0.37596122499155626,0.2904521058055065,0.25449127806462984,0.0,0.24427991589362924,0.3480020930176308,0.3274217141777856
Costa Rica Indice Accionario,0.24454237184816122,0.2565689990870184,0.24092582220867506,0.2573017122407908,0.2368449756679129,0.24427991589362924,0.0,0.2399834484558984,0.2390377950773702
加拿大多伦多S&P/TSX 综合指数,0.3250171349975441,0.24738584114970788,0.353538440928595,0.24550630230266096,0.24015250128334073,0.3480020930176308,0.2399834484558984,0.0,0.29790515053927824
S&P CLX IPSA,0.30265267298327453,0.27350876475916475,0.3653814958282673,0.2843823785649895,0.2852660423801984,0.3274217141777856,0.2390377950773702,0.29790515053927824,0.0
