,比利时BFX,日经225,墨西哥BOLSA,恒生指数,韩国综合指数,荷兰AEX,Costa Rica Indice Accionario,加拿大多伦多S&P/TSX 综合指数,S&P CLX IPSA
比利时BFX,0.0,0.28939394095337545,0.32308764593753964,0.28260995352442275,0.2916033416590124,0.5601330062961701,0.23810044149506218,0.36234205141915354,0.3165249760795127
日经225,0.28939394095337545,0.0,0.27158179776140823,0.34011666295326204,0.35203908790599553,0.3014592846424333,0.24898054924551102,0.2757965936336871,0.270532497483597
墨西哥BOLSA,0.32308764593753964,0.27158179776140823,0.0,0.28701444463656195,0.2820328418768044,0.34932613310160016,0.2465209098212358,0.33443791235752773,0.3109252688396462
恒生指数,0.28260995352442275,0.34011666295326204,0.28701444463656195,0.0,0.387591044682325,0.30576576060803384,0.2526723679234695,0.26863912398716544,0.30389168581885734
韩国综合指数,0.2916033416590124,0.35203908790599553,0.2820328418768044,0.387591044682325,0.0,0.2943104627468815,0.2525781099281217,0.2650815763613608,0.3098197086978665
荷兰AEX,0.5601330062961701,0.3014592846424333,0.34932613310160016,0.30576576060803384,0.2943104627468815,0.0,0.24126398884603006,0.3664769474265834,0.33947294451492455
Costa Rica Indice Accionario,0.23810044149506218,0.24898054924551102,0.2465209098212358,0.2526723679234695,0.2525781099281217,0.24126398884603006,0.0,0.2375201184912549,0.2491819487972977
加拿大多伦多S&P/TSX 综合指数,0.36234205141915354,0.2757965936336871,0.33443791235752773,0.26863912398716544,0.2650815763613608,0.3664769474265834,0.2375201184912549,0.0,0.2999510019237114
S&P CLX IPSA,0.3165249760795127,0.270532497483597,0.3109252688396462,0.30389168581885734,0.3098197086978665,0.33947294451492455,0.2491819487972977,0.2999510019237114,0.0
