,比利时BFX,日经225,墨西哥BOLSA,恒生指数,韩国综合指数,荷兰AEX,Costa Rica Indice Accionario,加拿大多伦多S&P/TSX 综合指数,S&P CLX IPSA
比利时BFX,0.0,0.2681280442018109,0.3518394419917951,0.3018420806231988,0.26377393895390006,0.6171050799172197,0.24481171929047324,0.3504138781201976,0.3254442693303594
日经225,0.2681280442018109,0.0,0.265049807174965,0.3347209316479501,0.367968237220621,0.27814214593751185,0.25330114964727396,0.2478444711117182,0.26079857161487635
墨西哥BOLSA,0.3518394419917951,0.265049807174965,0.0,0.29760227130924183,0.27158316580621467,0.372689298849086,0.23945954520365936,0.3402834032434053,0.3418959639542928
恒生指数,0.3018420806231988,0.3347209316479501,0.29760227130924183,0.0,0.3770620210455145,0.3080429034247723,0.2548118397027405,0.267399274175548,0.298440630580346
韩国综合指数,0.26377393895390006,0.367968237220621,0.27158316580621467,0.3770620210455145,0.0,0.26311626404331356,0.23088465496603375,0.24289896338993414,0.28529888195674763
荷兰AEX,0.6171050799172197,0.27814214593751185,0.372689298849086,0.3080429034247723,0.26311626404331356,0.0,0.2431152804260033,0.36052419556844406,0.34517857122158047
Costa Rica Indice Accionario,0.24481171929047324,0.25330114964727396,0.23945954520365936,0.2548118397027405,0.23088465496603375,0.2431152804260033,0.0,0.23369068154359177,0.23627239923883958
加拿大多伦多S&P/TSX 综合指数,0.3504138781201976,0.2478444711117182,0.3402834032434053,0.267399274175548,0.24289896338993414,0.36052419556844406,0.23369068154359177,0.0,0.3126236175612146
S&P CLX IPSA,0.3254442693303594,0.26079857161487635,0.3418959639542928,0.298440630580346,0.28529888195674763,0.34517857122158047,0.23627239923883958,0.3126236175612146,0.0
