,比利时BFX,日经225,墨西哥BOLSA,恒生指数,韩国综合指数,荷兰AEX,Costa Rica Indice Accionario,加拿大多伦多S&P/TSX 综合指数,S&P CLX IPSA
比利时BFX,0.0,0.2891729283666811,0.33031205132908326,0.29437543330454874,0.2958550742043526,0.566676137003937,0.23696413605570196,0.3726447056038596,0.32757998270585004
日经225,0.2891729283666811,0.0,0.273839107605859,0.3507753353617139,0.36742705940788334,0.30078121443541744,0.24587828222571548,0.27125310144886455,0.2676989406538843
墨西哥BOLSA,0.33031205132908326,0.273839107605859,0.0,0.2887814014062914,0.2966968391669441,0.331371879201604,0.24702135414839813,0.32586778038067576,0.3248176994054824
恒生指数,0.29437543330454874,0.3507753353617139,0.2887814014062914,0.0,0.4159042066333721,0.3188159789902381,0.2493163241563665,0.2801395679349738,0.308537494997618
韩国综合指数,0.2958550742043526,0.36742705940788334,0.2966968391669441,0.4159042066333721,0.0,0.30071011808488046,0.25403165916415255,0.28650123394258964,0.3134158926209695
荷兰AEX,0.566676137003937,0.30078121443541744,0.331371879201604,0.3188159789902381,0.30071011808488046,0.0,0.24022186574050755,0.3603261294861183,0.3258957597649977
Costa Rica Indice Accionario,0.23696413605570196,0.24587828222571548,0.24702135414839813,0.2493163241563665,0.25403165916415255,0.24022186574050755,0.0,0.23961451255252403,0.24862119001407115
加拿大多伦多S&P/TSX 综合指数,0.3726447056038596,0.27125310144886455,0.32586778038067576,0.2801395679349738,0.28650123394258964,0.3603261294861183,0.23961451255252403,0.0,0.3204597391733329
S&P CLX IPSA,0.32757998270585004,0.2676989406538843,0.3248176994054824,0.308537494997618,0.3134158926209695,0.3258957597649977,0.24862119001407115,0.3204597391733329,0.0
