,比利时BFX,日经225,墨西哥BOLSA,恒生指数,韩国综合指数,荷兰AEX,Costa Rica Indice Accionario,加拿大多伦多S&P/TSX 综合指数,S&P CLX IPSA
比利时BFX,0.0,0.2651638000054806,0.3633573072206067,0.2930803405065983,0.2554762141228699,0.6340241869500614,0.2447544244963836,0.32271383889525934,0.3084076312297447
日经225,0.2651638000054806,0.0,0.26041689431329557,0.3045494458953278,0.33342366882096863,0.2650109369875414,0.2567831647411424,0.2450266325996851,0.27178596851811876
墨西哥BOLSA,0.3633573072206067,0.26041689431329557,0.0,0.2757511471775735,0.26211814361332336,0.37458681877322364,0.24108877688644187,0.3455484152591693,0.3678075901153772
恒生指数,0.2930803405065983,0.3045494458953278,0.2757511471775735,0.0,0.34663722454551255,0.2943056337817521,0.2574770966237079,0.24713137534710838,0.28554337639853405
韩国综合指数,0.2554762141228699,0.33342366882096863,0.26211814361332336,0.34663722454551255,0.0,0.25472550548710704,0.23677098732049326,0.23964897189752343,0.28557588602910206
荷兰AEX,0.6340241869500614,0.2650109369875414,0.37458681877322364,0.2943056337817521,0.25472550548710704,0.0,0.24450141504941894,0.3465657032133656,0.33325935306913446
Costa Rica Indice Accionario,0.2447544244963836,0.2567831647411424,0.24108877688644187,0.2574770966237079,0.23677098732049326,0.24450141504941894,0.0,0.2402300726090454,0.23911164322636172
加拿大多伦多S&P/TSX 综合指数,0.32271383889525934,0.2450266325996851,0.3455484152591693,0.24713137534710838,0.23964897189752343,0.3465657032133656,0.2402300726090454,0.0,0.2945221198836681
S&P CLX IPSA,0.3084076312297447,0.27178596851811876,0.3678075901153772,0.28554337639853405,0.28557588602910206,0.33325935306913446,0.23911164322636172,0.2945221198836681,0.0
