,比利时BFX,日经225,墨西哥BOLSA,恒生指数,韩国综合指数,荷兰AEX,Costa Rica Indice Accionario,加拿大多伦多S&P/TSX 综合指数,S&P CLX IPSA
比利时BFX,0.0,0.2972320126330618,0.33106990223209504,0.3015167008497267,0.2954531181713587,0.5461216518428413,0.23726078508829254,0.37051115996078193,0.32885155002976335
日经225,0.2972320126330618,0.0,0.2777847397326023,0.3433683716534036,0.37181426956329966,0.3058846080147824,0.24588250113571664,0.27568201588931984,0.27050119242678294
墨西哥BOLSA,0.33106990223209504,0.2777847397326023,0.0,0.292375266022293,0.28362974146864056,0.3363259675265647,0.246768015237143,0.328979934109925,0.32642855973514606
恒生指数,0.3015167008497267,0.3433683716534036,0.292375266022293,0.0,0.40940561382988033,0.3251766433283953,0.2502074426756771,0.27638674324279,0.3178860027890718
韩国综合指数,0.2954531181713587,0.37181426956329966,0.28362974146864056,0.40940561382988033,0.0,0.3028652475121158,0.25521704300036024,0.27604918902389164,0.31808697134078256
荷兰AEX,0.5461216518428413,0.3058846080147824,0.3363259675265647,0.3251766433283953,0.3028652475121158,0.0,0.24073112578990502,0.3600361585819199,0.3348633438383128
Costa Rica Indice Accionario,0.23726078508829254,0.24588250113571664,0.246768015237143,0.2502074426756771,0.25521704300036024,0.24073112578990502,0.0,0.23971456341724753,0.2486386772283132
加拿大多伦多S&P/TSX 综合指数,0.37051115996078193,0.27568201588931984,0.328979934109925,0.27638674324279,0.27604918902389164,0.3600361585819199,0.23971456341724753,0.0,0.32889026417857575
S&P CLX IPSA,0.32885155002976335,0.27050119242678294,0.32642855973514606,0.3178860027890718,0.31808697134078256,0.3348633438383128,0.2486386772283132,0.32889026417857575,0.0
