,比利时BFX,日经225,墨西哥BOLSA,恒生指数,韩国综合指数,荷兰AEX,Costa Rica Indice Accionario,加拿大多伦多S&P/TSX 综合指数,S&P CLX IPSA
比利时BFX,0.0,0.28889781825840694,0.31950566862527885,0.28774883613246427,0.2908480757649085,0.5685381987437247,0.23789093013668175,0.3656314434254311,0.31577478949136584
日经225,0.28889781825840694,0.0,0.2715508244759704,0.33839829667919397,0.35211008566876645,0.30101611627318825,0.24883961111495753,0.2750099633356083,0.2659160536127591
墨西哥BOLSA,0.31950566862527885,0.2715508244759704,0.0,0.28957594288473193,0.2852547251887556,0.3480962007728999,0.24570401623595675,0.32827990137180896,0.3086212141897015
恒生指数,0.28774883613246427,0.33839829667919397,0.28957594288473193,0.0,0.3895380277577488,0.3068159091737814,0.252940387663084,0.27236831030798553,0.3024694801696059
韩国综合指数,0.2908480757649085,0.35211008566876645,0.2852547251887556,0.3895380277577488,0.0,0.2923090090227152,0.25248810049693593,0.2628515253820763,0.30713044243918636
荷兰AEX,0.5685381987437247,0.30101611627318825,0.3480962007728999,0.3068159091737814,0.2923090090227152,0.0,0.2411112053380745,0.37543945178896443,0.3415696178495455
Costa Rica Indice Accionario,0.23789093013668175,0.24883961111495753,0.24570401623595675,0.252940387663084,0.25248810049693593,0.2411112053380745,0.0,0.23668912887631488,0.24890073126617518
加拿大多伦多S&P/TSX 综合指数,0.3656314434254311,0.2750099633356083,0.32827990137180896,0.27236831030798553,0.2628515253820763,0.37543945178896443,0.23668912887631488,0.0,0.30227193935395463
S&P CLX IPSA,0.31577478949136584,0.2659160536127591,0.3086212141897015,0.3024694801696059,0.30713044243918636,0.3415696178495455,0.24890073126617518,0.30227193935395463,0.0
