,比利时BFX,日经225,墨西哥BOLSA,恒生指数,韩国综合指数,荷兰AEX,Costa Rica Indice Accionario,加拿大多伦多S&P/TSX 综合指数,S&P CLX IPSA
比利时BFX,0.0,0.2803614605647855,0.3496625809353321,0.3225724319908164,0.30612101969692407,0.580571192488514,0.23842082384206537,0.3812751315846168,0.3476929601855021
日经225,0.2803614605647855,0.0,0.2907683098496417,0.35368573246997276,0.368563902526931,0.29850072365292885,0.24484908106773343,0.26910396001615927,0.2594690989655453
墨西哥BOLSA,0.3496625809353321,0.2907683098496417,0.0,0.3224017929328012,0.3161239975527214,0.3520401836086797,0.24681256925353615,0.3479898544234718,0.3409915535003965
恒生指数,0.3225724319908164,0.35368573246997276,0.3224017929328012,0.0,0.42257499856480707,0.3482209655517438,0.2495679016025469,0.2991102916219237,0.32430168376412793
韩国综合指数,0.30612101969692407,0.368563902526931,0.3161239975527214,0.42257499856480707,0.0,0.31749774359244287,0.25358217244166226,0.3023364121649619,0.3240285592492983
荷兰AEX,0.580571192488514,0.29850072365292885,0.3520401836086797,0.3482209655517438,0.31749774359244287,0.0,0.24178283088598654,0.3735975941640743,0.33960485001396895
Costa Rica Indice Accionario,0.23842082384206537,0.24484908106773343,0.24681256925353615,0.2495679016025469,0.25358217244166226,0.24178283088598654,0.0,0.24021531360375772,0.2501682468889591
加拿大多伦多S&P/TSX 综合指数,0.3812751315846168,0.26910396001615927,0.3479898544234718,0.2991102916219237,0.3023364121649619,0.3735975941640743,0.24021531360375772,0.0,0.33479326410281257
S&P CLX IPSA,0.3476929601855021,0.2594690989655453,0.3409915535003965,0.32430168376412793,0.3240285592492983,0.33960485001396895,0.2501682468889591,0.33479326410281257,0.0
