,比利时BFX,日经225,墨西哥BOLSA,恒生指数,韩国综合指数,荷兰AEX,Costa Rica Indice Accionario,加拿大多伦多S&P/TSX 综合指数,S&P CLX IPSA
比利时BFX,0.0,0.26412106742873825,0.35397976721164315,0.30007076892503,0.25356376349356724,0.6578711323295757,0.2483130783925843,0.32888561250760373,0.3164939995510858
日经225,0.26412106742873825,0.0,0.27090692629275015,0.30465280427786057,0.3501158061313844,0.2639927490275885,0.2600430046891517,0.24286010561755733,0.27243121649704055
墨西哥BOLSA,0.35397976721164315,0.27090692629275015,0.0,0.28355882171196595,0.2543957788538864,0.3703261319027774,0.2429790001122098,0.3558792905689663,0.37439967377877825
恒生指数,0.30007076892503,0.30465280427786057,0.28355882171196595,0.0,0.3249334661914802,0.29925335763059613,0.25318865252346656,0.2517672720852061,0.28835565711602096
韩国综合指数,0.25356376349356724,0.3501158061313844,0.2543957788538864,0.3249334661914802,0.0,0.2510134133785282,0.236223054236971,0.24541858372324438,0.27128553118108506
荷兰AEX,0.6578711323295757,0.2639927490275885,0.3703261319027774,0.29925335763059613,0.2510134133785282,0.0,0.24628252950933777,0.35723475538452276,0.33097637111684347
Costa Rica Indice Accionario,0.2483130783925843,0.2600430046891517,0.2429790001122098,0.25318865252346656,0.236223054236971,0.24628252950933777,0.0,0.23942184085678522,0.24059603328442933
加拿大多伦多S&P/TSX 综合指数,0.32888561250760373,0.24286010561755733,0.3558792905689663,0.2517672720852061,0.24541858372324438,0.35723475538452276,0.23942184085678522,0.0,0.31651814782873117
S&P CLX IPSA,0.3164939995510858,0.27243121649704055,0.37439967377877825,0.28835565711602096,0.27128553118108506,0.33097637111684347,0.24059603328442933,0.31651814782873117,0.0
