,比利时BFX,日经225,墨西哥BOLSA,恒生指数,韩国综合指数,荷兰AEX,Costa Rica Indice Accionario,加拿大多伦多S&P/TSX 综合指数,S&P CLX IPSA
比利时BFX,0.0,0.26466190735079664,0.35076109859193716,0.2888966761795548,0.24682281652158122,0.6796806491725976,0.25732677814181426,0.34253242302420667,0.3236007690172505
日经225,0.26466190735079664,0.0,0.2719920126109599,0.2967208416195168,0.34600030621450373,0.26256552419978507,0.2769290139473818,0.24720703677169892,0.26821820432477994
墨西哥BOLSA,0.35076109859193716,0.2719920126109599,0.0,0.27722098638354375,0.2436910391324469,0.37158415897454994,0.23596513286153348,0.3594610836903731,0.3679816797945684
恒生指数,0.2888966761795548,0.2967208416195168,0.27722098638354375,0.0,0.3052776700680304,0.28809564256054915,0.26009954018433246,0.25506970931534223,0.30350794778800366
韩国综合指数,0.24682281652158122,0.34600030621450373,0.2436910391324469,0.3052776700680304,0.0,0.2467013173655555,0.267240667295207,0.2470093077147387,0.2640467977253961
荷兰AEX,0.6796806491725976,0.26256552419978507,0.37158415897454994,0.28809564256054915,0.2467013173655555,0.0,0.24911824928822754,0.36289898333759674,0.3342033870799065
Costa Rica Indice Accionario,0.25732677814181426,0.2769290139473818,0.23596513286153348,0.26009954018433246,0.267240667295207,0.24911824928822754,0.0,0.2433299540589285,0.2300021216972994
加拿大多伦多S&P/TSX 综合指数,0.34253242302420667,0.24720703677169892,0.3594610836903731,0.25506970931534223,0.2470093077147387,0.36289898333759674,0.2433299540589285,0.0,0.3210892297815464
S&P CLX IPSA,0.3236007690172505,0.26821820432477994,0.3679816797945684,0.30350794778800366,0.2640467977253961,0.3342033870799065,0.2300021216972994,0.3210892297815464,0.0
