,比利时BFX,日经225,墨西哥BOLSA,恒生指数,韩国综合指数,荷兰AEX,Costa Rica Indice Accionario,加拿大多伦多S&P/TSX 综合指数,S&P CLX IPSA
比利时BFX,0.0,0.33045771380430017,0.37954938529409965,0.3436444219934007,0.3053222593393694,0.6961142223155435,0.26220191710241814,0.40021439645923634,0.35919233617207724
日经225,0.33045771380430017,0.0,0.3030038111122284,0.3606707790971247,0.3682772898653685,0.33469261237924813,0.27067529550862474,0.304830149531845,0.287623857371253
墨西哥BOLSA,0.37954938529409965,0.3030038111122284,0.0,0.31727271823755276,0.3252628305364488,0.40049321522510994,0.24439466640443036,0.4050849511468152,0.39607636760875536
恒生指数,0.3436444219934007,0.3606707790971247,0.31727271823755276,0.0,0.36609653302855844,0.34396315811426664,0.25194478089873196,0.31364216963525304,0.33228366823498123
韩国综合指数,0.3053222593393694,0.3682772898653685,0.3252628305364488,0.36609653302855844,0.0,0.3046546438910775,0.25125495785338586,0.32164250331588795,0.32768301401360966
荷兰AEX,0.6961142223155435,0.33469261237924813,0.40049321522510994,0.34396315811426664,0.3046546438910775,0.0,0.2547159040933463,0.4070383385201827,0.3549400022168882
Costa Rica Indice Accionario,0.26220191710241814,0.27067529550862474,0.24439466640443036,0.25194478089873196,0.25125495785338586,0.2547159040933463,0.0,0.2488242889014115,0.24054359194950112
加拿大多伦多S&P/TSX 综合指数,0.40021439645923634,0.304830149531845,0.4050849511468152,0.31364216963525304,0.32164250331588795,0.4070383385201827,0.2488242889014115,0.0,0.35724973338454
S&P CLX IPSA,0.35919233617207724,0.287623857371253,0.39607636760875536,0.33228366823498123,0.32768301401360966,0.3549400022168882,0.24054359194950112,0.35724973338454,0.0
