,比利时BFX,日经225,墨西哥BOLSA,恒生指数,韩国综合指数,荷兰AEX,Costa Rica Indice Accionario,加拿大多伦多S&P/TSX 综合指数,S&P CLX IPSA
比利时BFX,0.0,0.2607940239736481,0.35127626488849123,0.29617159027722906,0.25264259432398317,0.652850918618795,0.24551931085887244,0.3284732439423396,0.3094771330556373
日经225,0.2607940239736481,0.0,0.26199052371152354,0.3087053202586263,0.3554400445101467,0.26107881644429937,0.2573057768546234,0.2433530736882332,0.270168372475947
墨西哥BOLSA,0.35127626488849123,0.26199052371152354,0.0,0.27918573856654605,0.25521977691070985,0.3769400568441869,0.23887936328391018,0.358617387268433,0.3734607460900482
恒生指数,0.29617159027722906,0.3087053202586263,0.27918573856654605,0.0,0.33099560480195045,0.2959804734700168,0.2544873479889309,0.2512427254208472,0.2823055626519098
韩国综合指数,0.25264259432398317,0.3554400445101467,0.25521977691070985,0.33099560480195045,0.0,0.24739442644074924,0.2364086605526882,0.24303710617684096,0.2727254666431482
荷兰AEX,0.652850918618795,0.26107881644429937,0.3769400568441869,0.2959804734700168,0.24739442644074924,0.0,0.24497693964177686,0.35901182552544353,0.3341137057560744
Costa Rica Indice Accionario,0.24551931085887244,0.2573057768546234,0.23887936328391018,0.2544873479889309,0.2364086605526882,0.24497693964177686,0.0,0.2383717920482235,0.24016590629102919
加拿大多伦多S&P/TSX 综合指数,0.3284732439423396,0.2433530736882332,0.358617387268433,0.2512427254208472,0.24303710617684096,0.35901182552544353,0.2383717920482235,0.0,0.31982752428655964
S&P CLX IPSA,0.3094771330556373,0.270168372475947,0.3734607460900482,0.2823055626519098,0.2727254666431482,0.3341137057560744,0.24016590629102919,0.31982752428655964,0.0
