,比利时BFX,日经225,墨西哥BOLSA,恒生指数,韩国综合指数,荷兰AEX,Costa Rica Indice Accionario,加拿大多伦多S&P/TSX 综合指数,S&P CLX IPSA
比利时BFX,0.0,0.32460982011454065,0.3851966370543192,0.34262720040354955,0.3069549716992178,0.7001697315884364,0.26134750682199154,0.4058705679679253,0.3629158873317293
日经225,0.32460982011454065,0.0,0.2941359707495934,0.3588298092430762,0.36804703214057355,0.327863250726778,0.2703839451399899,0.2989731263962402,0.2839599052992023
墨西哥BOLSA,0.3851966370543192,0.2941359707495934,0.0,0.315902928070339,0.3255426951068617,0.40933756438766306,0.24383853887176113,0.415546755343477,0.4005714280839046
恒生指数,0.34262720040354955,0.3588298092430762,0.315902928070339,0.0,0.3661064806254802,0.34290883013278145,0.25134651863428326,0.3136866363022266,0.33308624778716706
韩国综合指数,0.3069549716992178,0.36804703214057355,0.3255426951068617,0.3661064806254802,0.0,0.3062772563509757,0.25088520280834514,0.3218302494661608,0.329180873815311
荷兰AEX,0.7001697315884364,0.327863250726778,0.40933756438766306,0.34290883013278145,0.3062772563509757,0.0,0.2536160498724662,0.4138788191322612,0.359762385562824
Costa Rica Indice Accionario,0.26134750682199154,0.2703839451399899,0.24383853887176113,0.25134651863428326,0.25088520280834514,0.2536160498724662,0.0,0.24773357754680497,0.24027456182273757
加拿大多伦多S&P/TSX 综合指数,0.4058705679679253,0.2989731263962402,0.415546755343477,0.3136866363022266,0.3218302494661608,0.4138788191322612,0.24773357754680497,0.0,0.36287348304831557
S&P CLX IPSA,0.3629158873317293,0.2839599052992023,0.4005714280839046,0.33308624778716706,0.329180873815311,0.359762385562824,0.24027456182273757,0.36287348304831557,0.0
