,比利时BFX,日经225,墨西哥BOLSA,恒生指数,韩国综合指数,荷兰AEX,Costa Rica Indice Accionario,加拿大多伦多S&P/TSX 综合指数,S&P CLX IPSA
比利时BFX,0.0,0.2747994851892773,0.3518035104853055,0.29679437984845064,0.25639358314483335,0.6882859362302591,0.26205914311671424,0.3542371979867092,0.331608934209155
日经225,0.2747994851892773,0.0,0.2764503750505944,0.31252253263806795,0.3627142029029147,0.2745995867879913,0.2758182338859222,0.2531533590558849,0.2711796281532029
墨西哥BOLSA,0.3518035104853055,0.2764503750505944,0.0,0.2824862353401646,0.25040149710744136,0.3722751759309609,0.23584779555603386,0.36492132197648824,0.3633706339362896
恒生指数,0.29679437984845064,0.31252253263806795,0.2824862353401646,0.0,0.31660147058527055,0.29561619467273864,0.2520924317406955,0.26045987770844253,0.29989139625100264
韩国综合指数,0.25639358314483335,0.3627142029029147,0.25040149710744136,0.31660147058527055,0.0,0.25566252765658426,0.2710953988797921,0.25502177241615154,0.2662134609868804
荷兰AEX,0.6882859362302591,0.2745995867879913,0.3722751759309609,0.29561619467273864,0.25566252765658426,0.0,0.2502426712538593,0.3730796462077736,0.3358715181304684
Costa Rica Indice Accionario,0.26205914311671424,0.2758182338859222,0.23584779555603386,0.2520924317406955,0.2710953988797921,0.2502426712538593,0.0,0.24442394295378342,0.2302667710930923
加拿大多伦多S&P/TSX 综合指数,0.3542371979867092,0.2531533590558849,0.36492132197648824,0.26045987770844253,0.25502177241615154,0.3730796462077736,0.24442394295378342,0.0,0.3209092552787481
S&P CLX IPSA,0.331608934209155,0.2711796281532029,0.3633706339362896,0.29989139625100264,0.2662134609868804,0.3358715181304684,0.2302667710930923,0.3209092552787481,0.0
