,比利时BFX,日经225,墨西哥BOLSA,恒生指数,韩国综合指数,荷兰AEX,Costa Rica Indice Accionario,加拿大多伦多S&P/TSX 综合指数,S&P CLX IPSA
比利时BFX,0.0,0.26675660845621674,0.35245257114873924,0.29756467933529646,0.2525775743096894,0.6656162499544993,0.23455793523124563,0.3370015556771674,0.3157207590039096
日经225,0.26675660845621674,0.0,0.27365784391026443,0.3024220370595328,0.3640559767780491,0.26580409377156017,0.2432133340554017,0.2443566220040631,0.27152761476758824
墨西哥BOLSA,0.35245257114873924,0.27365784391026443,0.0,0.28588456596454553,0.2474790859039853,0.37101615192696813,0.2324184688976814,0.3625416972320417,0.373962977758749
恒生指数,0.29756467933529646,0.3024220370595328,0.28588456596454553,0.0,0.32058008613058087,0.2948797501155469,0.25542124041313935,0.2520910212227014,0.29098416629915286
韩国综合指数,0.2525775743096894,0.3640559767780491,0.2474790859039853,0.32058008613058087,0.0,0.25123825853168985,0.24568753041342753,0.24704569176974964,0.2674061626571533
荷兰AEX,0.6656162499544993,0.26580409377156017,0.37101615192696813,0.2948797501155469,0.25123825853168985,0.0,0.23873737639373374,0.3637795784968345,0.3287914853313949
Costa Rica Indice Accionario,0.23455793523124563,0.2432133340554017,0.2324184688976814,0.25542124041313935,0.24568753041342753,0.23873737639373374,0.0,0.23224573895682935,0.22898682624267266
加拿大多伦多S&P/TSX 综合指数,0.3370015556771674,0.2443566220040631,0.3625416972320417,0.2520910212227014,0.24704569176974964,0.3637795784968345,0.23224573895682935,0.0,0.3248586037863331
S&P CLX IPSA,0.3157207590039096,0.27152761476758824,0.373962977758749,0.29098416629915286,0.2674061626571533,0.3287914853313949,0.22898682624267266,0.3248586037863331,0.0
