,比利时BFX,日经225,墨西哥BOLSA,恒生指数,韩国综合指数,荷兰AEX,Costa Rica Indice Accionario,加拿大多伦多S&P/TSX 综合指数,S&P CLX IPSA
比利时BFX,0.0,0.2802242173793718,0.35052369751541973,0.3132448500311414,0.268502839153967,0.697890928245548,0.2578266842332476,0.35459539098785764,0.3375515143880485
日经225,0.2802242173793718,0.0,0.2819850226437265,0.3230395286551094,0.3788283252118086,0.2796678277158266,0.272671720540872,0.262724002711928,0.27581696759410956
墨西哥BOLSA,0.35052369751541973,0.2819850226437265,0.0,0.2852829933136754,0.25571359592026843,0.3693794227241906,0.23604379182781235,0.3643937228649192,0.36425527602442187
恒生指数,0.3132448500311414,0.3230395286551094,0.2852829933136754,0.0,0.33653157542482715,0.31370482150696105,0.24690091330678138,0.26679054650241224,0.3147291485615135
韩国综合指数,0.268502839153967,0.3788283252118086,0.25571359592026843,0.33653157542482715,0.0,0.2650580457501805,0.2685245459065465,0.2644271266444051,0.27399454532798306
荷兰AEX,0.697890928245548,0.2796678277158266,0.3693794227241906,0.31370482150696105,0.2650580457501805,0.0,0.24662145721934772,0.37149025287154525,0.3402234506781959
Costa Rica Indice Accionario,0.2578266842332476,0.272671720540872,0.23604379182781235,0.24690091330678138,0.2685245459065465,0.24662145721934772,0.0,0.2453833105813083,0.23633113119523858
加拿大多伦多S&P/TSX 综合指数,0.35459539098785764,0.262724002711928,0.3643937228649192,0.26679054650241224,0.2644271266444051,0.37149025287154525,0.2453833105813083,0.0,0.3247314446579772
S&P CLX IPSA,0.3375515143880485,0.27581696759410956,0.36425527602442187,0.3147291485615135,0.27399454532798306,0.3402234506781959,0.23633113119523858,0.3247314446579772,0.0
