,比利时BFX,日经225,墨西哥BOLSA,恒生指数,韩国综合指数,荷兰AEX,Costa Rica Indice Accionario,加拿大多伦多S&P/TSX 综合指数,S&P CLX IPSA
比利时BFX,0.0,0.2641161544234119,0.3522905464973418,0.2985680786668694,0.2532299040720891,0.658737307255509,0.24542754643688514,0.32908642960469686,0.31506801387893635
日经225,0.2641161544234119,0.0,0.2682510980065649,0.3017540118148215,0.3480770238136484,0.2636141995935365,0.25723096694404923,0.24368939207303786,0.2747595076659326
墨西哥BOLSA,0.3522905464973418,0.2682510980065649,0.0,0.28327995931198496,0.2547315654342402,0.3692643602647617,0.2391359058940429,0.36007534199330044,0.3789123694884726
恒生指数,0.2985680786668694,0.3017540118148215,0.28327995931198496,0.0,0.32877460602111513,0.298759535149318,0.25463545915606367,0.2524827388052444,0.28955740085304627
韩国综合指数,0.2532299040720891,0.3480770238136484,0.2547315654342402,0.32877460602111513,0.0,0.2501701393645861,0.23618222857395504,0.24440019535345983,0.276577654559635
荷兰AEX,0.658737307255509,0.2636141995935365,0.3692643602647617,0.298759535149318,0.2501701393645861,0.0,0.2448768496905071,0.3574807419533202,0.333218134352337
Costa Rica Indice Accionario,0.24542754643688514,0.25723096694404923,0.2391359058940429,0.25463545915606367,0.23618222857395504,0.2448768496905071,0.0,0.23835079952309188,0.24011624475940102
加拿大多伦多S&P/TSX 综合指数,0.32908642960469686,0.24368939207303786,0.36007534199330044,0.2524827388052444,0.24440019535345983,0.3574807419533202,0.23835079952309188,0.0,0.3165646638177674
S&P CLX IPSA,0.31506801387893635,0.2747595076659326,0.3789123694884726,0.28955740085304627,0.276577654559635,0.333218134352337,0.24011624475940102,0.3165646638177674,0.0
