,比利时BFX,日经225,墨西哥BOLSA,恒生指数,韩国综合指数,荷兰AEX,Costa Rica Indice Accionario,加拿大多伦多S&P/TSX 综合指数,S&P CLX IPSA
比利时BFX,0.0,0.2637795800958785,0.34910992177092226,0.28981269136227683,0.24919135589141997,0.6804371671383228,0.25545868334762956,0.34437450015750554,0.33318046857790357
日经225,0.2637795800958785,0.0,0.27129568185166625,0.30011124536912726,0.3507342480580089,0.2629349564788599,0.2775552511188345,0.24493455232052883,0.2702477303046248
墨西哥BOLSA,0.34910992177092226,0.27129568185166625,0.0,0.27720954646662843,0.2441003584436119,0.3695585399286736,0.23544318977049955,0.35551447323877206,0.3659286817491471
恒生指数,0.28981269136227683,0.30011124536912726,0.27720954646662843,0.0,0.3074306099787002,0.28696935199099277,0.25987350339141835,0.2516891982357631,0.3025314222700553
韩国综合指数,0.24919135589141997,0.3507342480580089,0.2441003584436119,0.3074306099787002,0.0,0.24730164019270123,0.26618964060882366,0.24649133999203982,0.26470929689190487
荷兰AEX,0.6804371671383228,0.2629349564788599,0.3695585399286736,0.28696935199099277,0.24730164019270123,0.0,0.24612589173170524,0.3629944380166819,0.340476142399025
Costa Rica Indice Accionario,0.25545868334762956,0.2775552511188345,0.23544318977049955,0.25987350339141835,0.26618964060882366,0.24612589173170524,0.0,0.24215832028855666,0.23032696110136996
加拿大多伦多S&P/TSX 综合指数,0.34437450015750554,0.24493455232052883,0.35551447323877206,0.2516891982357631,0.24649133999203982,0.3629944380166819,0.24215832028855666,0.0,0.32064643010320554
S&P CLX IPSA,0.33318046857790357,0.2702477303046248,0.3659286817491471,0.3025314222700553,0.26470929689190487,0.340476142399025,0.23032696110136996,0.32064643010320554,0.0
