,比利时BFX,日经225,墨西哥BOLSA,恒生指数,韩国综合指数,荷兰AEX,Costa Rica Indice Accionario,加拿大多伦多S&P/TSX 综合指数,S&P CLX IPSA
比利时BFX,0.0,0.29740650084382236,0.3485515094084734,0.3228311065527997,0.2776031559576752,0.6707346227718722,0.259916021221861,0.3504523850780222,0.33537053293290137
日经225,0.29740650084382236,0.0,0.291256374509685,0.3301700600092999,0.3633849898379639,0.29473583064512776,0.2755127636393675,0.2639732150182057,0.28255590691481364
墨西哥BOLSA,0.3485515094084734,0.291256374509685,0.0,0.2906089718283212,0.26315777423236575,0.367839348219801,0.23753810628996327,0.3608821099392339,0.36030636787498593
恒生指数,0.3228311065527997,0.3301700600092999,0.2906089718283212,0.0,0.34535441138577655,0.32085467984274385,0.24631253479418574,0.2737467412766591,0.32268124831214884
韩国综合指数,0.2776031559576752,0.3633849898379639,0.26315777423236575,0.34535441138577655,0.0,0.27170225384919433,0.268932445448903,0.2680705935179256,0.290184673353239
荷兰AEX,0.6707346227718722,0.29473583064512776,0.367839348219801,0.32085467984274385,0.27170225384919433,0.0,0.24696253412613117,0.3720794560341782,0.3296124680295838
Costa Rica Indice Accionario,0.259916021221861,0.2755127636393675,0.23753810628996327,0.24631253479418574,0.268932445448903,0.24696253412613117,0.0,0.2452677561805053,0.23631792147332492
加拿大多伦多S&P/TSX 综合指数,0.3504523850780222,0.2639732150182057,0.3608821099392339,0.2737467412766591,0.2680705935179256,0.3720794560341782,0.2452677561805053,0.0,0.32180699413170416
S&P CLX IPSA,0.33537053293290137,0.28255590691481364,0.36030636787498593,0.32268124831214884,0.290184673353239,0.3296124680295838,0.23631792147332492,0.32180699413170416,0.0
