,比利时BFX,日经225,墨西哥BOLSA,恒生指数,韩国综合指数,荷兰AEX,Costa Rica Indice Accionario,加拿大多伦多S&P/TSX 综合指数,S&P CLX IPSA
比利时BFX,0.0,0.3286217930269825,0.36775430409097204,0.3574906295717389,0.3037405464137401,0.7173883739030278,0.25931598739955514,0.4095451266284503,0.3694924737092611
日经225,0.3286217930269825,0.0,0.2973084514220583,0.35508968187649476,0.38513784309249455,0.33082005707177053,0.2738437572802866,0.31068835312696086,0.285803240265481
墨西哥BOLSA,0.36775430409097204,0.2973084514220583,0.0,0.3027356010556194,0.2807386104699424,0.38290341067151046,0.2426944637528297,0.40224911669315316,0.38445192890225416
恒生指数,0.3574906295717389,0.35508968187649476,0.3027356010556194,0.0,0.35698643562550203,0.35186100029464684,0.2460817464399624,0.31840865100943133,0.3340172511928932
韩国综合指数,0.3037405464137401,0.38513784309249455,0.2807386104699424,0.35698643562550203,0.0,0.2940951169598603,0.25453066041460104,0.3143306382140308,0.31608575602135686
荷兰AEX,0.7173883739030278,0.33082005707177053,0.38290341067151046,0.35186100029464684,0.2940951169598603,0.0,0.25075029712664954,0.4236838406129568,0.3626402005227175
Costa Rica Indice Accionario,0.25931598739955514,0.2738437572802866,0.2426944637528297,0.2460817464399624,0.25453066041460104,0.25075029712664954,0.0,0.24492491691264898,0.23328919883259416
加拿大多伦多S&P/TSX 综合指数,0.4095451266284503,0.31068835312696086,0.40224911669315316,0.31840865100943133,0.3143306382140308,0.4236838406129568,0.24492491691264898,0.0,0.3836721762858257
S&P CLX IPSA,0.3694924737092611,0.285803240265481,0.38445192890225416,0.3340172511928932,0.31608575602135686,0.3626402005227175,0.23328919883259416,0.3836721762858257,0.0
