,比利时BFX,日经225,墨西哥BOLSA,恒生指数,韩国综合指数,荷兰AEX,Costa Rica Indice Accionario,加拿大多伦多S&P/TSX 综合指数,S&P CLX IPSA
比利时BFX,0.0,0.27685739479619415,0.3513946799662595,0.3122334811189939,0.26394597326933383,0.6988395738520797,0.25682084374302006,0.3520711545939495,0.33809690902523376
日经225,0.27685739479619415,0.0,0.27977382921947924,0.32013816550087615,0.37597522141976497,0.27562692020020624,0.2726219560351546,0.257383914077851,0.2742520826065418
墨西哥BOLSA,0.3513946799662595,0.27977382921947924,0.0,0.28517255897256416,0.2552307833819596,0.37035218785575486,0.23571157523764547,0.3650820024821014,0.3632379949973494
恒生指数,0.3122334811189939,0.32013816550087615,0.28517255897256416,0.0,0.3353919274541129,0.3131510668894108,0.2470054777852823,0.2668332848093142,0.3154719435242526
韩国综合指数,0.26394597326933383,0.37597522141976497,0.2552307833819596,0.3353919274541129,0.0,0.26207946077589317,0.26774676358278265,0.26147297321568214,0.2738169401872785
荷兰AEX,0.6988395738520797,0.27562692020020624,0.37035218785575486,0.3131510668894108,0.26207946077589317,0.0,0.24553883045248648,0.37016572058318437,0.3393380784195186
Costa Rica Indice Accionario,0.25682084374302006,0.2726219560351546,0.23571157523764547,0.2470054777852823,0.26774676358278265,0.24553883045248648,0.0,0.24405669819828218,0.23680853484646064
加拿大多伦多S&P/TSX 综合指数,0.3520711545939495,0.257383914077851,0.3650820024821014,0.2668332848093142,0.26147297321568214,0.37016572058318437,0.24405669819828218,0.0,0.32239482925513263
S&P CLX IPSA,0.33809690902523376,0.2742520826065418,0.3632379949973494,0.3154719435242526,0.2738169401872785,0.3393380784195186,0.23680853484646064,0.32239482925513263,0.0
