,比利时BFX,日经225,墨西哥BOLSA,恒生指数,韩国综合指数,荷兰AEX,Costa Rica Indice Accionario,加拿大多伦多S&P/TSX 综合指数,S&P CLX IPSA
比利时BFX,0.0,0.26917531481101603,0.3659128647231165,0.2961521879038516,0.2590131268411966,0.6436217171121998,0.24763083635248043,0.3356826610343124,0.3087681999368885
日经225,0.26917531481101603,0.0,0.270592777858697,0.2994530311690936,0.3364455516612996,0.2697789553630915,0.2559404938948913,0.25479291371536666,0.26820685491495133
墨西哥BOLSA,0.3659128647231165,0.270592777858697,0.0,0.27991375509824185,0.2603070628541995,0.3870567905089229,0.24133564115391645,0.3524417540593619,0.3711121507078316
恒生指数,0.2961521879038516,0.2994530311690936,0.27991375509824185,0.0,0.33943756461100266,0.29708566183213925,0.2556012434510493,0.25357940389475525,0.28503183521228875
韩国综合指数,0.2590131268411966,0.3364455516612996,0.2603070628541995,0.33943756461100266,0.0,0.2571136170127621,0.23601376380722366,0.2491456507408431,0.2770923185398118
荷兰AEX,0.6436217171121998,0.2697789553630915,0.3870567905089229,0.29708566183213925,0.2571136170127621,0.0,0.24784092199380006,0.3603151421225305,0.3306409317653621
Costa Rica Indice Accionario,0.24763083635248043,0.2559404938948913,0.24133564115391645,0.2556012434510493,0.23601376380722366,0.24784092199380006,0.0,0.24141670127637546,0.24397706055201954
加拿大多伦多S&P/TSX 综合指数,0.3356826610343124,0.25479291371536666,0.3524417540593619,0.25357940389475525,0.2491456507408431,0.3603151421225305,0.24141670127637546,0.0,0.30957159400883927
S&P CLX IPSA,0.3087681999368885,0.26820685491495133,0.3711121507078316,0.28503183521228875,0.2770923185398118,0.3306409317653621,0.24397706055201954,0.30957159400883927,0.0
