,比利时BFX,日经225,墨西哥BOLSA,恒生指数,韩国综合指数,荷兰AEX,Costa Rica Indice Accionario,加拿大多伦多S&P/TSX 综合指数,S&P CLX IPSA
比利时BFX,0.0,0.30706896554069135,0.35128049323868543,0.326440968705244,0.2832390270863534,0.6771421112985186,0.26067815776224385,0.35284632879104333,0.33254421663883993
日经225,0.30706896554069135,0.0,0.29968133392686797,0.33284602466650776,0.36012961888478123,0.30769844255790313,0.2747493189023508,0.27624097187653734,0.28702617345215065
墨西哥BOLSA,0.35128049323868543,0.29968133392686797,0.0,0.2922414106003591,0.2682714775451775,0.3689106499309018,0.23778493577693927,0.3605753692754114,0.3619225066138731
恒生指数,0.326440968705244,0.33284602466650776,0.2922414106003591,0.0,0.34455054939568014,0.3261299655411578,0.24555745802419057,0.27784830354750717,0.3221562189087531
韩国综合指数,0.2832390270863534,0.36012961888478123,0.2682714775451775,0.34455054939568014,0.0,0.27784727516215735,0.2685659153819217,0.27618842248782466,0.29390671440816807
荷兰AEX,0.6771421112985186,0.30769844255790313,0.3689106499309018,0.3261299655411578,0.27784727516215735,0.0,0.24797429912611987,0.3729264245210189,0.32683201907554776
Costa Rica Indice Accionario,0.26067815776224385,0.2747493189023508,0.23778493577693927,0.24555745802419057,0.2685659153819217,0.24797429912611987,0.0,0.24653963079857302,0.23662669256612032
加拿大多伦多S&P/TSX 综合指数,0.35284632879104333,0.27624097187653734,0.3605753692754114,0.27784830354750717,0.27618842248782466,0.3729264245210189,0.24653963079857302,0.0,0.32249291570197347
S&P CLX IPSA,0.33254421663883993,0.28702617345215065,0.3619225066138731,0.3221562189087531,0.29390671440816807,0.32683201907554776,0.23662669256612032,0.32249291570197347,0.0
