,比利时BFX,日经225,墨西哥BOLSA,恒生指数,韩国综合指数,荷兰AEX,Costa Rica Indice Accionario,加拿大多伦多S&P/TSX 综合指数,S&P CLX IPSA
比利时BFX,0.0,0.33246501914595017,0.3763018592128835,0.3555767594509077,0.30402085253970373,0.7040083602755876,0.2575468953996116,0.4117403339240735,0.37040661519710993
日经225,0.33246501914595017,0.0,0.29952736517493656,0.35575122712095325,0.3766036587069312,0.33518418590908367,0.272564902636613,0.30756035167563855,0.2906776601167525
墨西哥BOLSA,0.3763018592128835,0.29952736517493656,0.0,0.31182088051710816,0.28935010709392184,0.38607003560457154,0.23897994335574604,0.4070141065020807,0.3967776647420413
恒生指数,0.3555767594509077,0.35575122712095325,0.31182088051710816,0.0,0.3598366463494409,0.351608662402587,0.24622752449217586,0.32289901709953434,0.33455448241139096
韩国综合指数,0.30402085253970373,0.3766036587069312,0.28935010709392184,0.3598366463494409,0.0,0.297450138755424,0.24955071061258052,0.31388056263108444,0.32266398710936517
荷兰AEX,0.7040083602755876,0.33518418590908367,0.38607003560457154,0.351608662402587,0.297450138755424,0.0,0.24823545171951203,0.42396226919996466,0.36607571035011083
Costa Rica Indice Accionario,0.2575468953996116,0.272564902636613,0.23897994335574604,0.24622752449217586,0.24955071061258052,0.24823545171951203,0.0,0.24270950024050633,0.23053892815566518
加拿大多伦多S&P/TSX 综合指数,0.4117403339240735,0.30756035167563855,0.4070141065020807,0.32289901709953434,0.31388056263108444,0.42396226919996466,0.24270950024050633,0.0,0.3787220297362416
S&P CLX IPSA,0.37040661519710993,0.2906776601167525,0.3967776647420413,0.33455448241139096,0.32266398710936517,0.36607571035011083,0.23053892815566518,0.3787220297362416,0.0
