,比利时BFX,日经225,墨西哥BOLSA,恒生指数,韩国综合指数,荷兰AEX,Costa Rica Indice Accionario,加拿大多伦多S&P/TSX 综合指数,S&P CLX IPSA
比利时BFX,0.0,0.3280626305701313,0.38669378638331864,0.3447930760658146,0.30946291790697256,0.6971571455701002,0.2615957379085738,0.3994100177355283,0.36889243291242224
日经225,0.3280626305701313,0.0,0.29662934272056257,0.36156376424394215,0.3722411483117197,0.328590218832206,0.27051944218690865,0.3003442792678603,0.2889476478318531
墨西哥BOLSA,0.38669378638331864,0.29662934272056257,0.0,0.31723936979332773,0.32931634354269823,0.40863637095950234,0.24423240668554197,0.4160442327721227,0.40537472625278137
恒生指数,0.3447930760658146,0.36156376424394215,0.31723936979332773,0.0,0.3694745240963364,0.3431723636034073,0.2516827794525871,0.3145294419751236,0.3371641872216288
韩国综合指数,0.30946291790697256,0.3722411483117197,0.32931634354269823,0.3694745240963364,0.0,0.30636880888638496,0.2511059765404745,0.3253638064454902,0.3333234123344872
荷兰AEX,0.6971571455701002,0.328590218832206,0.40863637095950234,0.3431723636034073,0.30636880888638496,0.0,0.25375965331156153,0.4058832407837998,0.36178283238717923
Costa Rica Indice Accionario,0.2615957379085738,0.27051944218690865,0.24423240668554197,0.2516827794525871,0.2511059765404745,0.25375965331156153,0.0,0.24790149069095357,0.24062593010105712
加拿大多伦多S&P/TSX 综合指数,0.3994100177355283,0.3003442792678603,0.4160442327721227,0.3145294419751236,0.3253638064454902,0.4058832407837998,0.24790149069095357,0.0,0.36321136283432237
S&P CLX IPSA,0.36889243291242224,0.2889476478318531,0.40537472625278137,0.3371641872216288,0.3333234123344872,0.36178283238717923,0.24062593010105712,0.36321136283432237,0.0
