,比利时BFX,日经225,墨西哥BOLSA,恒生指数,韩国综合指数,荷兰AEX,Costa Rica Indice Accionario,加拿大多伦多S&P/TSX 综合指数,S&P CLX IPSA
比利时BFX,0.0,0.27673240343458416,0.35031428616217797,0.30195939930986637,0.2607024594155318,0.6905935397905033,0.2578313370284245,0.35343103332461706,0.3277188907571393
日经225,0.27673240343458416,0.0,0.278249873512612,0.31950925558387716,0.37285380463313716,0.27544199123801627,0.2749416596132481,0.2547302476591731,0.27457772401264907
墨西哥BOLSA,0.35031428616217797,0.278249873512612,0.0,0.28502925116229055,0.2543527598335189,0.3691994114549323,0.23601337354220286,0.3665247247265382,0.36432456384573464
恒生指数,0.30195939930986637,0.31950925558387716,0.28502925116229055,0.0,0.3248418362973835,0.30009512574242064,0.25423121193652115,0.2623658952391965,0.30405633969364054
韩国综合指数,0.2607024594155318,0.37285380463313716,0.2543527598335189,0.3248418362973835,0.0,0.2580721888743364,0.2710952509973807,0.2588759287355,0.2711895404128972
荷兰AEX,0.6905935397905033,0.27544199123801627,0.3691994114549323,0.30009512574242064,0.2580721888743364,0.0,0.24682404221351445,0.3700051164900777,0.3290308806725098
Costa Rica Indice Accionario,0.2578313370284245,0.2749416596132481,0.23601337354220286,0.25423121193652115,0.2710952509973807,0.24682404221351445,0.0,0.24523051342246316,0.2373158487676048
加拿大多伦多S&P/TSX 综合指数,0.35343103332461706,0.2547302476591731,0.3665247247265382,0.2623658952391965,0.2588759287355,0.3700051164900777,0.24523051342246316,0.0,0.3212032886759372
S&P CLX IPSA,0.3277188907571393,0.27457772401264907,0.36432456384573464,0.30405633969364054,0.2711895404128972,0.3290308806725098,0.2373158487676048,0.3212032886759372,0.0
