,比利时BFX,日经225,墨西哥BOLSA,恒生指数,韩国综合指数,荷兰AEX,Costa Rica Indice Accionario,加拿大多伦多S&P/TSX 综合指数,S&P CLX IPSA
比利时BFX,0.0,0.26366372948878997,0.34903070454759944,0.2889854854387231,0.24890958017774228,0.6822558088540706,0.25482536335251776,0.34404424138719664,0.3323414981976279
日经225,0.26366372948878997,0.0,0.26921391364750247,0.30050070368865456,0.3519852487951892,0.2629350144870553,0.2756309174213761,0.24392588764780518,0.2690702034313338
墨西哥BOLSA,0.34903070454759944,0.26921391364750247,0.0,0.27603740254407405,0.24501233614770881,0.36829079342004145,0.2333294967598614,0.355765440128729,0.36227966497864
恒生指数,0.2889854854387231,0.30050070368865456,0.27603740254407405,0.0,0.30888416574181504,0.28577859368871417,0.24902747893022642,0.25064879833529,0.30014712609533933
韩国综合指数,0.24890958017774228,0.3519852487951892,0.24501233614770881,0.30888416574181504,0.0,0.2473564451409252,0.26696612023774186,0.2462575780443058,0.2662227548860185
荷兰AEX,0.6822558088540706,0.2629350144870553,0.36829079342004145,0.28577859368871417,0.2473564451409252,0.0,0.24313323262228467,0.36156342708858497,0.3379413473100275
Costa Rica Indice Accionario,0.25482536335251776,0.2756309174213761,0.2333294967598614,0.24902747893022642,0.26696612023774186,0.24313323262228467,0.0,0.24281713435319524,0.2245486424886584
加拿大多伦多S&P/TSX 综合指数,0.34404424138719664,0.24392588764780518,0.355765440128729,0.25064879833529,0.2462575780443058,0.36156342708858497,0.24281713435319524,0.0,0.32057917278292497
S&P CLX IPSA,0.3323414981976279,0.2690702034313338,0.36227966497864,0.30014712609533933,0.2662227548860185,0.3379413473100275,0.2245486424886584,0.32057917278292497,0.0
