,比利时BFX,日经225,墨西哥BOLSA,恒生指数,韩国综合指数,荷兰AEX,Costa Rica Indice Accionario,加拿大多伦多S&P/TSX 综合指数,S&P CLX IPSA
比利时BFX,0.0,0.2850234722971384,0.3504626637716086,0.321804212815057,0.26976687115100634,0.6759640514018329,0.2595243911082407,0.35294831488260886,0.3280533416071397
日经225,0.2850234722971384,0.0,0.2872040679485321,0.32599444050013704,0.3723134436193607,0.2846465625378467,0.27436159724851744,0.2641708119545968,0.28132722036211777
墨西哥BOLSA,0.3504626637716086,0.2872040679485321,0.0,0.2912444108461147,0.26114839809159957,0.3699165864219718,0.23769371922444443,0.36183628237491866,0.3602800839867485
恒生指数,0.321804212815057,0.32599444050013704,0.2912444108461147,0.0,0.34200346397892856,0.3201074252443554,0.24665284226082787,0.2739052159466049,0.3216290104181075
韩国综合指数,0.26976687115100634,0.3723134436193607,0.26114839809159957,0.34200346397892856,0.0,0.26491398574500746,0.2694893061858435,0.2663817078966285,0.28965308832854203
荷兰AEX,0.6759640514018329,0.2846465625378467,0.3699165864219718,0.3201074252443554,0.26491398574500746,0.0,0.24737397501856448,0.37277333121808487,0.32460601894759317
Costa Rica Indice Accionario,0.2595243911082407,0.27436159724851744,0.23769371922444443,0.24665284226082787,0.2694893061858435,0.24737397501856448,0.0,0.24598523014390417,0.23637266585239758
加拿大多伦多S&P/TSX 综合指数,0.35294831488260886,0.2641708119545968,0.36183628237491866,0.2739052159466049,0.2663817078966285,0.37277333121808487,0.24598523014390417,0.0,0.3189077315344206
S&P CLX IPSA,0.3280533416071397,0.28132722036211777,0.3602800839867485,0.3216290104181075,0.28965308832854203,0.32460601894759317,0.23637266585239758,0.3189077315344206,0.0
