,比利时BFX,日经225,墨西哥BOLSA,恒生指数,韩国综合指数,荷兰AEX,Costa Rica Indice Accionario,加拿大多伦多S&P/TSX 综合指数,S&P CLX IPSA
比利时BFX,0.0,0.2708119734841799,0.35046054462877096,0.2970942608787278,0.2501015342540051,0.666286494093439,0.2563351043096694,0.34042016204271114,0.32831034326029684
日经225,0.2708119734841799,0.0,0.2748789188822621,0.3023974005575976,0.35678958079980616,0.2695375891069601,0.2784327030324473,0.24835137783401137,0.27163666899350297
墨西哥BOLSA,0.35046054462877096,0.2748789188822621,0.0,0.28346881591283407,0.24827919571731402,0.37067388189948386,0.23473722268321198,0.3588306489351583,0.37668997228991496
恒生指数,0.2970942608787278,0.3023974005575976,0.28346881591283407,0.0,0.31372403583393665,0.2960201737011583,0.26060803822550815,0.256684539457091,0.3081329499456178
韩国综合指数,0.2501015342540051,0.35678958079980616,0.24827919571731402,0.31372403583393665,0.0,0.2502093426714303,0.26716832672609875,0.2529126778762277,0.2710954472562994
荷兰AEX,0.666286494093439,0.2695375891069601,0.37067388189948386,0.2960201737011583,0.2502093426714303,0.0,0.2477508533437076,0.36427163256819023,0.3378795563157426
Costa Rica Indice Accionario,0.2563351043096694,0.2784327030324473,0.23473722268321198,0.26060803822550815,0.26716832672609875,0.2477508533437076,0.0,0.24241473753776607,0.2313266692129805
加拿大多伦多S&P/TSX 综合指数,0.34042016204271114,0.24835137783401137,0.3588306489351583,0.256684539457091,0.2529126778762277,0.36427163256819023,0.24241473753776607,0.0,0.3208296675610946
S&P CLX IPSA,0.32831034326029684,0.27163666899350297,0.37668997228991496,0.3081329499456178,0.2710954472562994,0.3378795563157426,0.2313266692129805,0.3208296675610946,0.0
