,比利时BFX,日经225,墨西哥BOLSA,恒生指数,韩国综合指数,荷兰AEX,Costa Rica Indice Accionario,加拿大多伦多S&P/TSX 综合指数,S&P CLX IPSA
比利时BFX,0.0,0.3311177745812686,0.3828081457386825,0.3461465869951622,0.30603077492704056,0.6945519009202448,0.26050355008050197,0.4095828588276033,0.36574459090789607
日经225,0.3311177745812686,0.0,0.30584864212329604,0.35719683643677186,0.364252508528136,0.3363300993071827,0.2720183707600818,0.3098985383763556,0.29119061565103777
墨西哥BOLSA,0.3828081457386825,0.30584864212329604,0.0,0.31583216045630164,0.3074549264959604,0.3961120645168609,0.24784386269604583,0.39873272373355756,0.39112380336176295
恒生指数,0.3461465869951622,0.35719683643677186,0.31583216045630164,0.0,0.3670733737682822,0.3461136360198806,0.251660362884485,0.31458020477522847,0.33478400625446975
韩国综合指数,0.30603077492704056,0.364252508528136,0.3074549264959604,0.3670733737682822,0.0,0.3059536604282338,0.25228059379704026,0.3213938103794598,0.33081702966014964
荷兰AEX,0.6945519009202448,0.3363300993071827,0.3961120645168609,0.3461136360198806,0.3059536604282338,0.0,0.2544185171760972,0.41826283817001847,0.3611410585135334
Costa Rica Indice Accionario,0.26050355008050197,0.2720183707600818,0.24784386269604583,0.251660362884485,0.25228059379704026,0.2544185171760972,0.0,0.24810893036502288,0.23885936927007295
加拿大多伦多S&P/TSX 综合指数,0.4095828588276033,0.3098985383763556,0.39873272373355756,0.31458020477522847,0.3213938103794598,0.41826283817001847,0.24810893036502288,0.0,0.366660423366609
S&P CLX IPSA,0.36574459090789607,0.29119061565103777,0.39112380336176295,0.33478400625446975,0.33081702966014964,0.3611410585135334,0.23885936927007295,0.366660423366609,0.0
