,比利时BFX,日经225,墨西哥BOLSA,恒生指数,韩国综合指数,荷兰AEX,Costa Rica Indice Accionario,加拿大多伦多S&P/TSX 综合指数,S&P CLX IPSA
比利时BFX,0.0,0.2745252837438803,0.3498250745469088,0.29642273008172126,0.2554617736327609,0.6890856726161053,0.25830656905901567,0.35333178536498916,0.3249539527365756
日经225,0.2745252837438803,0.0,0.2767759020843674,0.3123561601313583,0.36349480482876323,0.2738366546175959,0.2754959872192894,0.2536914562180251,0.27083990861491475
墨西哥BOLSA,0.3498250745469088,0.2767759020843674,0.0,0.28292112281331616,0.2517289503299975,0.36839511926828133,0.23614949975550606,0.3654989696481002,0.3633514131831703
恒生指数,0.29642273008172126,0.3123561601313583,0.28292112281331616,0.0,0.31614216471449885,0.29498243221993536,0.2549193524106304,0.26048562056824615,0.2995578235625518
韩国综合指数,0.2554617736327609,0.36349480482876323,0.2517289503299975,0.31614216471449885,0.0,0.25296834538020374,0.2723306880237852,0.25626650129541434,0.2669332273928114
荷兰AEX,0.6890856726161053,0.2738366546175959,0.36839511926828133,0.29498243221993536,0.25296834538020374,0.0,0.2471064489993737,0.369837513005572,0.32596444052858276
Costa Rica Indice Accionario,0.25830656905901567,0.2754959872192894,0.23614949975550606,0.2549193524106304,0.2723306880237852,0.2471064489993737,0.0,0.2452349269692573,0.23761039759619576
加拿大多伦多S&P/TSX 综合指数,0.35333178536498916,0.2536914562180251,0.3654989696481002,0.26048562056824615,0.25626650129541434,0.369837513005572,0.2452349269692573,0.0,0.3194124072099769
S&P CLX IPSA,0.3249539527365756,0.27083990861491475,0.3633514131831703,0.2995578235625518,0.2669332273928114,0.32596444052858276,0.23761039759619576,0.3194124072099769,0.0
