,比利时BFX,日经225,墨西哥BOLSA,恒生指数,韩国综合指数,荷兰AEX,Costa Rica Indice Accionario,加拿大多伦多S&P/TSX 综合指数,S&P CLX IPSA
比利时BFX,0.0,0.33048734527260454,0.37109172306040955,0.3585585774479135,0.30374572602014005,0.707189544139155,0.2575416476721957,0.40561799755726247,0.3713633692582109
日经225,0.33048734527260454,0.0,0.29882596599519956,0.3559086403305316,0.3769032874248368,0.33341173772426946,0.27258544424216774,0.30683407236804777,0.28993790585129303
墨西哥BOLSA,0.37109172306040955,0.29882596599519956,0.0,0.3097149851092395,0.2895574340211959,0.37938781316073134,0.23885138435633277,0.40895158379954905,0.39332911000952747
恒生指数,0.3585585774479135,0.3559086403305316,0.3097149851092395,0.0,0.35915409734632897,0.3533138268831969,0.24635887560562522,0.32344914904188576,0.3350390684417668
韩国综合指数,0.30374572602014005,0.3769032874248368,0.2895574340211959,0.35915409734632897,0.0,0.2968419109254714,0.2495440787164941,0.31481634511413964,0.32247023329308594
荷兰AEX,0.707189544139155,0.33341173772426946,0.37938781316073134,0.3533138268831969,0.2968419109254714,0.0,0.24835384844749434,0.41906142256319057,0.36556748062699834
Costa Rica Indice Accionario,0.2575416476721957,0.27258544424216774,0.23885138435633277,0.24635887560562522,0.2495440787164941,0.24835384844749434,0.0,0.24249306372952747,0.23062031319424192
加拿大多伦多S&P/TSX 综合指数,0.40561799755726247,0.30683407236804777,0.40895158379954905,0.32344914904188576,0.31481634511413964,0.41906142256319057,0.24249306372952747,0.0,0.3785801007816177
S&P CLX IPSA,0.3713633692582109,0.28993790585129303,0.39332911000952747,0.3350390684417668,0.32247023329308594,0.36556748062699834,0.23062031319424192,0.3785801007816177,0.0
