,比利时BFX,日经225,墨西哥BOLSA,恒生指数,韩国综合指数,荷兰AEX,Costa Rica Indice Accionario,加拿大多伦多S&P/TSX 综合指数,S&P CLX IPSA
比利时BFX,0.0,0.2693690206318411,0.36203220819348536,0.291755544881761,0.25435062242486334,0.6494818610868186,0.24730563750551063,0.3350249585537026,0.3074010086374715
日经225,0.2693690206318411,0.0,0.2689269623836421,0.3003163547825943,0.3383327015736839,0.26963679021300785,0.25605412496281077,0.25173459181788393,0.2667067734613866
墨西哥BOLSA,0.36203220819348536,0.2689269623836421,0.0,0.2754046574281797,0.2572787660486544,0.3817822243832534,0.2417431261302225,0.35694317700209066,0.3697933353299425
恒生指数,0.291755544881761,0.3003163547825943,0.2754046574281797,0.0,0.33455401917816024,0.2930233666434366,0.2558488843031278,0.24805797963455392,0.2828233926786495
韩国综合指数,0.25435062242486334,0.3383327015736839,0.2572787660486544,0.33455401917816024,0.0,0.2505732049653642,0.23643393059260256,0.24567857090759668,0.27499204522373305
荷兰AEX,0.6494818610868186,0.26963679021300785,0.3817822243832534,0.2930233666434366,0.2505732049653642,0.0,0.24758943621719703,0.36026490749775275,0.32799694202123847
Costa Rica Indice Accionario,0.24730563750551063,0.25605412496281077,0.2417431261302225,0.2558488843031278,0.23643393059260256,0.24758943621719703,0.0,0.24156819419846404,0.24437906695845157
加拿大多伦多S&P/TSX 综合指数,0.3350249585537026,0.25173459181788393,0.35694317700209066,0.24805797963455392,0.24567857090759668,0.36026490749775275,0.24156819419846404,0.0,0.3082739071967008
S&P CLX IPSA,0.3074010086374715,0.2667067734613866,0.3697933353299425,0.2828233926786495,0.27499204522373305,0.32799694202123847,0.24437906695845157,0.3082739071967008,0.0
