,比利时BFX,日经225,墨西哥BOLSA,恒生指数,韩国综合指数,荷兰AEX,Costa Rica Indice Accionario,加拿大多伦多S&P/TSX 综合指数,S&P CLX IPSA
比利时BFX,0.0,0.26056513823482647,0.35845869229126964,0.2977102013932313,0.2544651763357934,0.6528249848088888,0.24563711916233988,0.33038221656644035,0.3118170778576145
日经225,0.26056513823482647,0.0,0.2628771790788293,0.30759505835802897,0.35194935744474887,0.2612264762831944,0.25698397809154055,0.24422167097085934,0.27018798861126847
墨西哥BOLSA,0.35845869229126964,0.2628771790788293,0.0,0.28120627072673443,0.25788570239804115,0.3820526134586987,0.23897078123572638,0.3579069516347996,0.37430397062476006
恒生指数,0.2977102013932313,0.30759505835802897,0.28120627072673443,0.0,0.3352849430617635,0.29727380134977305,0.2546977461067661,0.25142061202848903,0.28548959840801824
韩国综合指数,0.2544651763357934,0.35194935744474887,0.25788570239804115,0.3352849430617635,0.0,0.24972317342164932,0.23634436082299462,0.24448006292219063,0.2756718917921023
荷兰AEX,0.6528249848088888,0.2612264762831944,0.3820526134586987,0.29727380134977305,0.24972317342164932,0.0,0.24510140879875425,0.3598909318938559,0.33657549009446014
Costa Rica Indice Accionario,0.24563711916233988,0.25698397809154055,0.23897078123572638,0.2546977461067661,0.23634436082299462,0.24510140879875425,0.0,0.23863498979877876,0.24008688904198436
加拿大多伦多S&P/TSX 综合指数,0.33038221656644035,0.24422167097085934,0.3579069516347996,0.25142061202848903,0.24448006292219063,0.3598909318938559,0.23863498979877876,0.0,0.32038913568208705
S&P CLX IPSA,0.3118170778576145,0.27018798861126847,0.37430397062476006,0.28548959840801824,0.2756718917921023,0.33657549009446014,0.24008688904198436,0.32038913568208705,0.0
