,比利时BFX,日经225,墨西哥BOLSA,恒生指数,韩国综合指数,荷兰AEX,Costa Rica Indice Accionario,加拿大多伦多S&P/TSX 综合指数,S&P CLX IPSA
比利时BFX,0.0,0.3181257513484909,0.3690410344827994,0.3601317142453894,0.3114106116282497,0.7133396810204866,0.26170031421496115,0.38228095313727967,0.377029307709632
日经225,0.3181257513484909,0.0,0.3084226529744112,0.34257715932150146,0.40025210397021704,0.3188905682000341,0.2807322070901794,0.3191780797508495,0.2992518256225927
墨西哥BOLSA,0.3690410344827994,0.3084226529744112,0.0,0.31123070393118757,0.2878258847160431,0.38506368530706975,0.2399273464287594,0.3900772464520703,0.3885830644361902
恒生指数,0.3601317142453894,0.34257715932150146,0.31123070393118757,0.0,0.35241320563659945,0.35966674183145203,0.24780139312576702,0.30729956919886947,0.3538011075140639
韩国综合指数,0.3114106116282497,0.40025210397021704,0.2878258847160431,0.35241320563659945,0.0,0.3047641229295929,0.26882217716839335,0.31876678809803355,0.32006424590554333
荷兰AEX,0.7133396810204866,0.3188905682000341,0.38506368530706975,0.35966674183145203,0.3047641229295929,0.0,0.25133890534318704,0.40103064147617046,0.3684808020308287
Costa Rica Indice Accionario,0.26170031421496115,0.2807322070901794,0.2399273464287594,0.24780139312576702,0.26882217716839335,0.25133890534318704,0.0,0.2524499722014308,0.2380004497439024
加拿大多伦多S&P/TSX 综合指数,0.38228095313727967,0.3191780797508495,0.3900772464520703,0.30729956919886947,0.31876678809803355,0.40103064147617046,0.2524499722014308,0.0,0.3617821459514663
S&P CLX IPSA,0.377029307709632,0.2992518256225927,0.3885830644361902,0.3538011075140639,0.32006424590554333,0.3684808020308287,0.2380004497439024,0.3617821459514663,0.0
