,比利时BFX,日经225,墨西哥BOLSA,恒生指数,韩国综合指数,荷兰AEX,Costa Rica Indice Accionario,加拿大多伦多S&P/TSX 综合指数,S&P CLX IPSA
比利时BFX,0.0,0.2670165087940303,0.3606062066398824,0.299049326465028,0.256224055643058,0.652811610824815,0.2460226672883729,0.3365418784276153,0.31094785619241294
日经225,0.2670165087940303,0.0,0.2697408814688308,0.30543265851453755,0.3488131781118027,0.2680339982176168,0.25558466908268784,0.25197460777462155,0.2748951353777813
墨西哥BOLSA,0.3606062066398824,0.2697408814688308,0.0,0.2815127963069585,0.25721225874232967,0.3805469939100499,0.23992381070195792,0.36062636182727736,0.37786213282506287
恒生指数,0.299049326465028,0.30543265851453755,0.2815127963069585,0.0,0.334007071214917,0.30015190708175177,0.25482833759530915,0.2530392293852911,0.28542755207175613
韩国综合指数,0.256224055643058,0.3488131781118027,0.25721225874232967,0.334007071214917,0.0,0.25223749538520573,0.23631774200501254,0.2470535424734731,0.27447049226544157
荷兰AEX,0.652811610824815,0.2680339982176168,0.3805469939100499,0.30015190708175177,0.25223749538520573,0.0,0.245894894289576,0.3611498564201591,0.3324232869503886
Costa Rica Indice Accionario,0.2460226672883729,0.25558466908268784,0.23992381070195792,0.25482833759530915,0.23631774200501254,0.245894894289576,0.0,0.2395752154673623,0.24189622882357373
加拿大多伦多S&P/TSX 综合指数,0.3365418784276153,0.25197460777462155,0.36062636182727736,0.2530392293852911,0.2470535424734731,0.3611498564201591,0.2395752154673623,0.0,0.31612350733169703
S&P CLX IPSA,0.31094785619241294,0.2748951353777813,0.37786213282506287,0.28542755207175613,0.27447049226544157,0.3324232869503886,0.24189622882357373,0.31612350733169703,0.0
