,比利时BFX,日经225,墨西哥BOLSA,恒生指数,韩国综合指数,荷兰AEX,Costa Rica Indice Accionario,加拿大多伦多S&P/TSX 综合指数,S&P CLX IPSA
比利时BFX,0.0,0.3324104411368158,0.3703785271840954,0.35870079996505033,0.30750627827758803,0.7108240371018154,0.2585271032501649,0.4112241631083409,0.3734397885286657
日经225,0.3324104411368158,0.0,0.29631204258956206,0.35622150243709283,0.3809595533761352,0.33499853580283717,0.27303818176627737,0.313170263699381,0.2914060125430276
墨西哥BOLSA,0.3703785271840954,0.29631204258956206,0.0,0.3046341304230324,0.28661818698419567,0.38209992880596844,0.2395352492251298,0.4034506075067662,0.3889863698902561
恒生指数,0.35870079996505033,0.35622150243709283,0.3046341304230324,0.0,0.3598313297959034,0.3539513800744453,0.24610648151318334,0.32681106475892957,0.3365959258659927
韩国综合指数,0.30750627827758803,0.3809595533761352,0.28661818698419567,0.3598313297959034,0.0,0.3007253485401563,0.2504501718612239,0.3230840693381278,0.3262447050827967
荷兰AEX,0.7108240371018154,0.33499853580283717,0.38209992880596844,0.3539513800744453,0.3007253485401563,0.0,0.24840272203023905,0.4246537398632095,0.36718083302600846
Costa Rica Indice Accionario,0.2585271032501649,0.27303818176627737,0.2395352492251298,0.24610648151318334,0.2504501718612239,0.24840272203023905,0.0,0.24169608788639646,0.2315196950377802
加拿大多伦多S&P/TSX 综合指数,0.4112241631083409,0.313170263699381,0.4034506075067662,0.32681106475892957,0.3230840693381278,0.4246537398632095,0.24169608788639646,0.0,0.38495365677388965
S&P CLX IPSA,0.3734397885286657,0.2914060125430276,0.3889863698902561,0.3365959258659927,0.3262447050827967,0.36718083302600846,0.2315196950377802,0.38495365677388965,0.0
