,比利时BFX,日经225,墨西哥BOLSA,恒生指数,韩国综合指数,荷兰AEX,Costa Rica Indice Accionario,加拿大多伦多S&P/TSX 综合指数,S&P CLX IPSA
比利时BFX,0.0,0.26319880461292716,0.3533350706533159,0.2881125927833154,0.25138764208136577,0.6378363056466035,0.24456857056651735,0.3244959726057252,0.3004229253704341
日经225,0.26319880461292716,0.0,0.26493271439370797,0.30147629853205554,0.330158081068879,0.26321572281224254,0.25674667185723854,0.2471951924312456,0.2638942292459828
墨西哥BOLSA,0.3533350706533159,0.26493271439370797,0.0,0.26991076340275416,0.2543269569188995,0.37447403888631514,0.2409425024893826,0.33970623726740967,0.35888180403868086
恒生指数,0.2881125927833154,0.30147629853205554,0.26991076340275416,0.0,0.34197146000779693,0.2871716299302992,0.25679679536147904,0.24645573428334688,0.2783996418084215
韩国综合指数,0.25138764208136577,0.330158081068879,0.2543269569188995,0.34197146000779693,0.0,0.24943074758544,0.23654589101965748,0.23985887879365084,0.27012357499963413
荷兰AEX,0.6378363056466035,0.26321572281224254,0.37447403888631514,0.2871716299302992,0.24943074758544,0.0,0.24416290205312638,0.3473482017422041,0.3237438013098552
Costa Rica Indice Accionario,0.24456857056651735,0.25674667185723854,0.2409425024893826,0.25679679536147904,0.23654589101965748,0.24416290205312638,0.0,0.23985879283069447,0.23873349148490527
加拿大多伦多S&P/TSX 综合指数,0.3244959726057252,0.2471951924312456,0.33970623726740967,0.24645573428334688,0.23985887879365084,0.3473482017422041,0.23985879283069447,0.0,0.30012312484521025
S&P CLX IPSA,0.3004229253704341,0.2638942292459828,0.35888180403868086,0.2783996418084215,0.27012357499963413,0.3237438013098552,0.23873349148490527,0.30012312484521025,0.0
