,比利时BFX,日经225,墨西哥BOLSA,恒生指数,韩国综合指数,荷兰AEX,Costa Rica Indice Accionario,加拿大多伦多S&P/TSX 综合指数,S&P CLX IPSA
比利时BFX,0.0,0.29237012394817063,0.3485911720266562,0.32275646363285826,0.27574399561039037,0.6734075088269506,0.2597300934120013,0.34924077178389457,0.3355509873648956
日经225,0.29237012394817063,0.0,0.288895689196162,0.3276144048872401,0.37045363599623177,0.28989019321330645,0.27471392140074946,0.2667093077003155,0.28064947686651737
墨西哥BOLSA,0.3485911720266562,0.288895689196162,0.0,0.2905723157304095,0.2625218382368681,0.3678904122299804,0.2375576834992081,0.36037362016547375,0.3603545127445798
恒生指数,0.32275646363285826,0.3276144048872401,0.2905723157304095,0.0,0.34375803836114305,0.32029943328582877,0.24664547279679466,0.2734208064267504,0.3224635003229862
韩国综合指数,0.27574399561039037,0.37045363599623177,0.2625218382368681,0.34375803836114305,0.0,0.2690032971140771,0.26978752449506366,0.2689393605795087,0.28878236675300345
荷兰AEX,0.6734075088269506,0.28989019321330645,0.3678904122299804,0.32029943328582877,0.2690032971140771,0.0,0.2472668564375568,0.36953799320827196,0.32944113904395694
Costa Rica Indice Accionario,0.2597300934120013,0.27471392140074946,0.2375576834992081,0.24664547279679466,0.26978752449506366,0.2472668564375568,0.0,0.24587354122063698,0.23651919803936067
加拿大多伦多S&P/TSX 综合指数,0.34924077178389457,0.2667093077003155,0.36037362016547375,0.2734208064267504,0.2689393605795087,0.36953799320827196,0.24587354122063698,0.0,0.321079453201314
S&P CLX IPSA,0.3355509873648956,0.28064947686651737,0.3603545127445798,0.3224635003229862,0.28878236675300345,0.32944113904395694,0.23651919803936067,0.321079453201314,0.0
