,比利时BFX,日经225,墨西哥BOLSA,恒生指数,韩国综合指数,荷兰AEX,Costa Rica Indice Accionario,加拿大多伦多S&P/TSX 综合指数,S&P CLX IPSA
比利时BFX,0.0,0.3186073582886811,0.3689374955960443,0.3653824339238508,0.3145672703892013,0.7113172734478814,0.25592723232869086,0.3884940665713469,0.37614876822936955
日经225,0.3186073582886811,0.0,0.2960916835784594,0.35010775022103624,0.40974344891475767,0.3221425432354873,0.27034730012661595,0.30346365992914964,0.2920513424428326
墨西哥BOLSA,0.3689374955960443,0.2960916835784594,0.0,0.30628335187044414,0.2836046702670133,0.38527421689023644,0.23958185576422525,0.39426589604239537,0.38937055060481807
恒生指数,0.3653824339238508,0.35010775022103624,0.30628335187044414,0.0,0.3561033509059506,0.36286916491349036,0.24386283925552532,0.30949450852799026,0.3410521968160843
韩国综合指数,0.3145672703892013,0.40974344891475767,0.2836046702670133,0.3561033509059506,0.0,0.3063871940172953,0.2583852716802204,0.32134784997784505,0.3219948518977926
荷兰AEX,0.7113172734478814,0.3221425432354873,0.38527421689023644,0.36286916491349036,0.3063871940172953,0.0,0.24762341192342938,0.402196408413422,0.3707843228462511
Costa Rica Indice Accionario,0.25592723232869086,0.27034730012661595,0.23958185576422525,0.24386283925552532,0.2583852716802204,0.24762341192342938,0.0,0.24349841843330336,0.23565709151668937
加拿大多伦多S&P/TSX 综合指数,0.3884940665713469,0.30346365992914964,0.39426589604239537,0.30949450852799026,0.32134784997784505,0.402196408413422,0.24349841843330336,0.0,0.36634443319602183
S&P CLX IPSA,0.37614876822936955,0.2920513424428326,0.38937055060481807,0.3410521968160843,0.3219948518977926,0.3707843228462511,0.23565709151668937,0.36634443319602183,0.0
