,比利时BFX,日经225,墨西哥BOLSA,恒生指数,韩国综合指数,荷兰AEX,Costa Rica Indice Accionario,加拿大多伦多S&P/TSX 综合指数,S&P CLX IPSA
比利时BFX,0.0,0.2660227209300386,0.35401130811495757,0.2991728559208797,0.2555457633246,0.6663743473358043,0.23859636038686333,0.33586484892518614,0.3165009892874801
日经225,0.2660227209300386,0.0,0.27225396130085777,0.30270843836681827,0.3560322117354606,0.2648404188199693,0.23983373704954672,0.24326693299986685,0.26771198941305874
墨西哥BOLSA,0.35401130811495757,0.27225396130085777,0.0,0.285489285241753,0.2486769111634697,0.3691067272952993,0.23557541449742833,0.3588417132734629,0.37274513074322213
恒生指数,0.2991728559208797,0.30270843836681827,0.285489285241753,0.0,0.3230345268662167,0.2970278827738548,0.2525808662350395,0.25475277653837936,0.29056944352505104
韩国综合指数,0.2555457633246,0.3560322117354606,0.2486769111634697,0.3230345268662167,0.0,0.25222105575967985,0.25064918787691354,0.24483108837853118,0.26570796519790046
荷兰AEX,0.6663743473358043,0.2648404188199693,0.3691067272952993,0.2970278827738548,0.25222105575967985,0.0,0.24117515413092241,0.3612224491564147,0.3283951748416353
Costa Rica Indice Accionario,0.23859636038686333,0.23983373704954672,0.23557541449742833,0.2525808662350395,0.25064918787691354,0.24117515413092241,0.0,0.22918466514789448,0.23434318208570096
加拿大多伦多S&P/TSX 综合指数,0.33586484892518614,0.24326693299986685,0.3588417132734629,0.25475277653837936,0.24483108837853118,0.3612224491564147,0.22918466514789448,0.0,0.3203919465839898
S&P CLX IPSA,0.3165009892874801,0.26771198941305874,0.37274513074322213,0.29056944352505104,0.26570796519790046,0.3283951748416353,0.23434318208570096,0.3203919465839898,0.0
