,比利时BFX,日经225,墨西哥BOLSA,恒生指数,韩国综合指数,荷兰AEX,Costa Rica Indice Accionario,加拿大多伦多S&P/TSX 综合指数,S&P CLX IPSA
比利时BFX,0.0,0.26903778063484995,0.3635344523973227,0.2959480862022903,0.25815604560731814,0.6438217186168839,0.24764325112745636,0.3359838107730003,0.30907637796393317
日经225,0.26903778063484995,0.0,0.2705235750326411,0.29924211280177343,0.33690942090985954,0.2695053670734307,0.2559640985547554,0.25514475893262717,0.26836112909100573
墨西哥BOLSA,0.3635344523973227,0.2705235750326411,0.0,0.27878298178294375,0.2611232348041526,0.3831421138409085,0.2414526792072499,0.35455423992924046,0.3701080875251977
恒生指数,0.2959480862022903,0.29924211280177343,0.27878298178294375,0.0,0.33813727707198254,0.2966655566108727,0.2556355106012464,0.253911185810825,0.28544275024888915
韩国综合指数,0.25815604560731814,0.33690942090985954,0.2611232348041526,0.33813727707198254,0.0,0.2551995386205086,0.2360810913793825,0.2515698773664958,0.2785478294622957
荷兰AEX,0.6438217186168839,0.2695053670734307,0.3831421138409085,0.2966655566108727,0.2551995386205086,0.0,0.24786630132195053,0.36106786364448173,0.331395205485352
Costa Rica Indice Accionario,0.24764325112745636,0.2559640985547554,0.2414526792072499,0.2556355106012464,0.2360810913793825,0.24786630132195053,0.0,0.24141938278259129,0.24395872918026335
加拿大多伦多S&P/TSX 综合指数,0.3359838107730003,0.25514475893262717,0.35455423992924046,0.253911185810825,0.2515698773664958,0.36106786364448173,0.24141938278259129,0.0,0.3091391792625999
S&P CLX IPSA,0.30907637796393317,0.26836112909100573,0.3701080875251977,0.28544275024888915,0.2785478294622957,0.331395205485352,0.24395872918026335,0.3091391792625999,0.0
