,比利时BFX,日经225,墨西哥BOLSA,恒生指数,韩国综合指数,荷兰AEX,Costa Rica Indice Accionario,加拿大多伦多S&P/TSX 综合指数,S&P CLX IPSA
比利时BFX,0.0,0.3123811573916937,0.3688833163840342,0.3567440234852985,0.30866139255485314,0.7109729415303397,0.25772663157830195,0.3755977322245158,0.3739106474406469
日经225,0.3123811573916937,0.0,0.3069865503528033,0.3447753816414156,0.39351193476344903,0.31117975495274103,0.2717241762478,0.3053256500862592,0.3004593695056106
墨西哥BOLSA,0.3688833163840342,0.3069865503528033,0.0,0.30828121334580255,0.2870655093600297,0.3845726880732222,0.23786695488335285,0.3871650617383317,0.3838084974031266
恒生指数,0.3567440234852985,0.3447753816414156,0.30828121334580255,0.0,0.3550507765515182,0.3563869721661152,0.24478597970194993,0.30497161030336295,0.35454201072855845
韩国综合指数,0.30866139255485314,0.39351193476344903,0.2870655093600297,0.3550507765515182,0.0,0.3017876724556266,0.2655547181049176,0.31358695137516485,0.32026082479789814
荷兰AEX,0.7109729415303397,0.31117975495274103,0.3845726880732222,0.3563869721661152,0.3017876724556266,0.0,0.24670127761104796,0.3936278318365617,0.36695703764846394
Costa Rica Indice Accionario,0.25772663157830195,0.2717241762478,0.23786695488335285,0.24478597970194993,0.2655547181049176,0.24670127761104796,0.0,0.2457503985288441,0.23712882092545745
加拿大多伦多S&P/TSX 综合指数,0.3755977322245158,0.3053256500862592,0.3871650617383317,0.30497161030336295,0.31358695137516485,0.3936278318365617,0.2457503985288441,0.0,0.36456341164294803
S&P CLX IPSA,0.3739106474406469,0.3004593695056106,0.3838084974031266,0.35454201072855845,0.32026082479789814,0.36695703764846394,0.23712882092545745,0.36456341164294803,0.0
