,比利时BFX,日经225,墨西哥BOLSA,恒生指数,韩国综合指数,荷兰AEX,Costa Rica Indice Accionario,加拿大多伦多S&P/TSX 综合指数,S&P CLX IPSA
比利时BFX,0.0,0.2647001456183487,0.3526214922965204,0.30014169680248914,0.2535184486114647,0.6586738052731681,0.2484569712484021,0.3293371527498695,0.31502641015812244
日经225,0.2647001456183487,0.0,0.26952459625806324,0.30456501010899345,0.3487226104633,0.26405613102137254,0.25928117833638886,0.24374552968162067,0.2719688069733351
墨西哥BOLSA,0.3526214922965204,0.26952459625806324,0.0,0.2834104993228679,0.2550190536545653,0.3706124231305831,0.24268130795731163,0.35490556862296513,0.373673025149867
恒生指数,0.30014169680248914,0.30456501010899345,0.2834104993228679,0.0,0.3244673258114076,0.2993275983371143,0.25304736229347885,0.25177360966289253,0.28887224366745046
韩国综合指数,0.2535184486114647,0.3487226104633,0.2550190536545653,0.3244673258114076,0.0,0.25085900789074955,0.23630693798527258,0.2450119463064675,0.27301399125790216
荷兰AEX,0.6586738052731681,0.26405613102137254,0.3706124231305831,0.2993275983371143,0.25085900789074955,0.0,0.2465738846516922,0.35728608972448755,0.3309803775997608
Costa Rica Indice Accionario,0.2484569712484021,0.25928117833638886,0.24268130795731163,0.25304736229347885,0.23630693798527258,0.2465738846516922,0.0,0.2394385737229911,0.239289711012238
加拿大多伦多S&P/TSX 综合指数,0.3293371527498695,0.24374552968162067,0.35490556862296513,0.25177360966289253,0.2450119463064675,0.35728608972448755,0.2394385737229911,0.0,0.3161825549686447
S&P CLX IPSA,0.31502641015812244,0.2719688069733351,0.373673025149867,0.28887224366745046,0.27301399125790216,0.3309803775997608,0.239289711012238,0.3161825549686447,0.0
