,比利时BFX,日经225,墨西哥BOLSA,恒生指数,韩国综合指数,荷兰AEX,Costa Rica Indice Accionario,加拿大多伦多S&P/TSX 综合指数,S&P CLX IPSA
比利时BFX,0.0,0.3161770158541845,0.3711486717689072,0.3616895747297918,0.3137516788757122,0.7133987819740188,0.26153675667676307,0.3847554707278845,0.3773310111264562
日经225,0.3161770158541845,0.0,0.2977153316667601,0.34629244787015045,0.42410143142402185,0.31863852869015097,0.2778111323530718,0.3039338343642993,0.29474296661660077
墨西哥BOLSA,0.3711486717689072,0.2977153316667601,0.0,0.30940125210770336,0.28375585799553044,0.388541412199892,0.2391794928725204,0.39591293345177997,0.388021109799403
恒生指数,0.3616895747297918,0.34629244787015045,0.30940125210770336,0.0,0.36328072168368347,0.3584673933292911,0.24832225445331088,0.30611708579651525,0.34139742474281376
韩国综合指数,0.3137516788757122,0.42410143142402185,0.28375585799553044,0.36328072168368347,0.0,0.3074489623355917,0.26805628908893014,0.3124472989620587,0.31693029820880625
荷兰AEX,0.7133987819740188,0.31863852869015097,0.388541412199892,0.3584673933292911,0.3074489623355917,0.0,0.2512552070034249,0.40110543475708554,0.37358308514751726
Costa Rica Indice Accionario,0.26153675667676307,0.2778111323530718,0.2391794928725204,0.24832225445331088,0.26805628908893014,0.2512552070034249,0.0,0.2522327854518608,0.2371793118976706
加拿大多伦多S&P/TSX 综合指数,0.3847554707278845,0.3039338343642993,0.39591293345177997,0.30611708579651525,0.3124472989620587,0.40110543475708554,0.2522327854518608,0.0,0.36297425434219466
S&P CLX IPSA,0.3773310111264562,0.29474296661660077,0.388021109799403,0.34139742474281376,0.31693029820880625,0.37358308514751726,0.2371793118976706,0.36297425434219466,0.0
