,比利时BFX,日经225,墨西哥BOLSA,恒生指数,韩国综合指数,荷兰AEX,Costa Rica Indice Accionario,加拿大多伦多S&P/TSX 综合指数,S&P CLX IPSA
比利时BFX,0.0,0.3308465365067802,0.371144890061467,0.35857236779100027,0.30649627154489334,0.7164882843427716,0.2586568149302801,0.41230068529713226,0.3735919402827773
日经225,0.3308465365067802,0.0,0.29458248593359054,0.3532108813280463,0.38175785795643924,0.3328286734530046,0.2759941371861192,0.31314689189309586,0.28822873150063566
墨西哥BOLSA,0.371144890061467,0.29458248593359054,0.0,0.30521086115194945,0.28558463690876557,0.38369325206402055,0.24031719380143043,0.40561777589525866,0.3902446528260005
恒生指数,0.35857236779100027,0.3532108813280463,0.30521086115194945,0.0,0.3545545149300888,0.3518536048277383,0.24789819570490354,0.32779995330713135,0.33756800320139096
韩国综合指数,0.30649627154489334,0.38175785795643924,0.28558463690876557,0.3545545149300888,0.0,0.2981354271287754,0.2513137150919832,0.3225721185682713,0.320709201777146
荷兰AEX,0.7164882843427716,0.3328286734530046,0.38369325206402055,0.3518536048277383,0.2981354271287754,0.0,0.24879709749587994,0.428660263356141,0.3670351840897028
Costa Rica Indice Accionario,0.2586568149302801,0.2759941371861192,0.24031719380143043,0.24789819570490354,0.2513137150919832,0.24879709749587994,0.0,0.24161032083356865,0.23297221408964772
加拿大多伦多S&P/TSX 综合指数,0.41230068529713226,0.31314689189309586,0.40561777589525866,0.32779995330713135,0.3225721185682713,0.428660263356141,0.24161032083356865,0.0,0.38725444271224996
S&P CLX IPSA,0.3735919402827773,0.28822873150063566,0.3902446528260005,0.33756800320139096,0.320709201777146,0.3670351840897028,0.23297221408964772,0.38725444271224996,0.0
