,比利时BFX,日经225,墨西哥BOLSA,恒生指数,韩国综合指数,荷兰AEX,Costa Rica Indice Accionario,加拿大多伦多S&P/TSX 综合指数,S&P CLX IPSA
比利时BFX,0.0,0.311675382343541,0.3538479469790938,0.326646756532026,0.28852359162106694,0.6751583474470172,0.26044062864323025,0.3526770605149764,0.3382265130769692
日经225,0.311675382343541,0.0,0.299038787226258,0.3366092715073914,0.3660145388310307,0.3082704449676627,0.27673362488335446,0.2780042100353393,0.2894387796514383
墨西哥BOLSA,0.3538479469790938,0.299038787226258,0.0,0.29309047862347204,0.2699130447775318,0.3703576556035006,0.23753858519703003,0.36538518984748614,0.3624446524366915
恒生指数,0.326646756532026,0.3366092715073914,0.29309047862347204,0.0,0.35050172328822443,0.32584185038780833,0.24532532362255408,0.28034580609061915,0.3261151997622
韩国综合指数,0.28852359162106694,0.3660145388310307,0.2699130447775318,0.35050172328822443,0.0,0.2835830436159784,0.26779886502239386,0.28597087482533057,0.29835755982033857
荷兰AEX,0.6751583474470172,0.3082704449676627,0.3703576556035006,0.32584185038780833,0.2835830436159784,0.0,0.24774444294980522,0.3754373354977265,0.3298309030882096
Costa Rica Indice Accionario,0.26044062864323025,0.27673362488335446,0.23753858519703003,0.24532532362255408,0.26779886502239386,0.24774444294980522,0.0,0.2463789604630671,0.2365870872411908
加拿大多伦多S&P/TSX 综合指数,0.3526770605149764,0.2780042100353393,0.36538518984748614,0.28034580609061915,0.28597087482533057,0.3754373354977265,0.2463789604630671,0.0,0.3292610906962485
S&P CLX IPSA,0.3382265130769692,0.2894387796514383,0.3624446524366915,0.3261151997622,0.29835755982033857,0.3298309030882096,0.2365870872411908,0.3292610906962485,0.0
