,比利时BFX,日经225,墨西哥BOLSA,恒生指数,韩国综合指数,荷兰AEX,Costa Rica Indice Accionario,加拿大多伦多S&P/TSX 综合指数,S&P CLX IPSA
比利时BFX,0.0,0.2648428936511316,0.35799265648966666,0.29678921958378074,0.2551957462044582,0.6498873940983899,0.24589741514436778,0.33369824752236293,0.3117431695582488
日经225,0.2648428936511316,0.0,0.26979819297685353,0.3067597761616505,0.3486634691533072,0.26488216662441394,0.255900893013232,0.25069711990169036,0.2778538582738289
墨西哥BOLSA,0.35799265648966666,0.26979819297685353,0.0,0.28060215268015315,0.2563602546173171,0.3797599553610568,0.24017675961354246,0.35833557961808493,0.3743116538718702
恒生指数,0.29678921958378074,0.3067597761616505,0.28060215268015315,0.0,0.33437167120799394,0.2972526600319793,0.2549575958794266,0.25188150237858253,0.28536167578547555
韩国综合指数,0.2551957462044582,0.3486634691533072,0.2563602546173171,0.33437167120799394,0.0,0.25032024767017724,0.23636497768624415,0.24495535878619387,0.2748871931428996
荷兰AEX,0.6498873940983899,0.26488216662441394,0.3797599553610568,0.2972526600319793,0.25032024767017724,0.0,0.24586532853951543,0.36113021142756013,0.3351743312072272
Costa Rica Indice Accionario,0.24589741514436778,0.255900893013232,0.24017675961354246,0.2549575958794266,0.23636497768624415,0.24586532853951543,0.0,0.23958834823336203,0.24168411982427715
加拿大多伦多S&P/TSX 综合指数,0.33369824752236293,0.25069711990169036,0.35833557961808493,0.25188150237858253,0.24495535878619387,0.36113021142756013,0.23958834823336203,0.0,0.31646238245151526
S&P CLX IPSA,0.3117431695582488,0.2778538582738289,0.3743116538718702,0.28536167578547555,0.2748871931428996,0.3351743312072272,0.24168411982427715,0.31646238245151526,0.0
