,比利时BFX,日经225,墨西哥BOLSA,恒生指数,韩国综合指数,荷兰AEX,Costa Rica Indice Accionario,加拿大多伦多S&P/TSX 综合指数,S&P CLX IPSA
比利时BFX,0.0,0.26368815579480914,0.3492006871450095,0.2888722430966433,0.24888096469116328,0.6826534707088324,0.25548204075241615,0.34457005847293776,0.3324259253355094
日经225,0.26368815579480914,0.0,0.2696379877929007,0.3001504692017474,0.3517390942320462,0.26275484275590744,0.2771776957714755,0.2446135215343769,0.26995405708339304
墨西哥BOLSA,0.3492006871450095,0.2696379877929007,0.0,0.2770352308562761,0.2451232325376469,0.3689629062305942,0.23536753191157245,0.35575785117800207,0.36249426023097564
恒生指数,0.2888722430966433,0.3001504692017474,0.2770352308562761,0.0,0.30767476665913057,0.28619084168198716,0.2598795730091989,0.2515000658326962,0.3036613397443826
韩国综合指数,0.24888096469116328,0.3517390942320462,0.2451232325376469,0.30767476665913057,0.0,0.247197622761405,0.26662257217056534,0.24659682819865192,0.26640251331437703
荷兰AEX,0.6826534707088324,0.26275484275590744,0.3689629062305942,0.28619084168198716,0.247197622761405,0.0,0.24607293091509308,0.3629809914438826,0.33901655171528267
Costa Rica Indice Accionario,0.25548204075241615,0.2771776957714755,0.23536753191157245,0.2598795730091989,0.26662257217056534,0.24607293091509308,0.0,0.24216814543618792,0.229897466707663
加拿大多伦多S&P/TSX 综合指数,0.34457005847293776,0.2446135215343769,0.35575785117800207,0.2515000658326962,0.24659682819865192,0.3629809914438826,0.24216814543618792,0.0,0.3199886762332909
S&P CLX IPSA,0.3324259253355094,0.26995405708339304,0.36249426023097564,0.3036613397443826,0.26640251331437703,0.33901655171528267,0.229897466707663,0.3199886762332909,0.0
