,比利时BFX,日经225,墨西哥BOLSA,恒生指数,韩国综合指数,荷兰AEX,Costa Rica Indice Accionario,加拿大多伦多S&P/TSX 综合指数,S&P CLX IPSA
比利时BFX,0.0,0.3319570180999443,0.3700221131239899,0.35842829402930027,0.30775577783876024,0.7103292978712702,0.25849105617597795,0.4113068098504377,0.37418252267512175
日经225,0.3319570180999443,0.0,0.29578489176412326,0.35577699468314267,0.38163518636115934,0.3345253073196609,0.2729828737138245,0.31319195642732095,0.29188627584711263
墨西哥BOLSA,0.3700221131239899,0.29578489176412326,0.0,0.3043594488134434,0.28684698187324753,0.38186634960459187,0.23948998650967734,0.403536451249098,0.3899403985547113
恒生指数,0.35842829402930027,0.35577699468314267,0.3043594488134434,0.0,0.36014807909523505,0.353785051083005,0.24608087716418214,0.3267716997033107,0.3370877151323977
韩国综合指数,0.30775577783876024,0.38163518636115934,0.28684698187324753,0.36014807909523505,0.0,0.30088706223577044,0.25047214352907554,0.3231344920080017,0.3261708495539699
荷兰AEX,0.7103292978712702,0.3345253073196609,0.38186634960459187,0.353785051083005,0.30088706223577044,0.0,0.24839358138766346,0.42455444601009157,0.3677390335777421
Costa Rica Indice Accionario,0.25849105617597795,0.2729828737138245,0.23948998650967734,0.24608087716418214,0.25047214352907554,0.24839358138766346,0.0,0.24168160872601097,0.23155678685680975
加拿大多伦多S&P/TSX 综合指数,0.4113068098504377,0.31319195642732095,0.403536451249098,0.3267716997033107,0.3231344920080017,0.42455444601009157,0.24168160872601097,0.0,0.38513941373376487
S&P CLX IPSA,0.37418252267512175,0.29188627584711263,0.3899403985547113,0.3370877151323977,0.3261708495539699,0.3677390335777421,0.23155678685680975,0.38513941373376487,0.0
