,比利时BFX,日经225,墨西哥BOLSA,恒生指数,韩国综合指数,荷兰AEX,Costa Rica Indice Accionario,加拿大多伦多S&P/TSX 综合指数,S&P CLX IPSA
比利时BFX,0.0,0.2606541704765555,0.3544093750988888,0.2971049041554201,0.25533077235068624,0.6522898379743027,0.2460131136364282,0.3308393041495097,0.30934689275810784
日经225,0.2606541704765555,0.0,0.26508698319264856,0.3077729049917731,0.35041875723285704,0.2631804516195798,0.2562874531966428,0.24652217619639447,0.2737904801561216
墨西哥BOLSA,0.3544093750988888,0.26508698319264856,0.0,0.2808865471967527,0.2564884156923433,0.37901672513321905,0.24025731505636136,0.35425393747090106,0.37111764969877714
恒生指数,0.2971049041554201,0.3077729049917731,0.2808865471967527,0.0,0.3342686718281479,0.2972730636635613,0.2549709656566671,0.25143704859465177,0.28516015514313214
韩国综合指数,0.25533077235068624,0.35041875723285704,0.2564884156923433,0.3342686718281479,0.0,0.25032672691255603,0.2363516868160095,0.24546468211771977,0.2752869388510809
荷兰AEX,0.6522898379743027,0.2631804516195798,0.37901672513321905,0.2972730636635613,0.25032672691255603,0.0,0.24591485179679842,0.35849130280192587,0.3338745928951995
Costa Rica Indice Accionario,0.2460131136364282,0.2562874531966428,0.24025731505636136,0.2549709656566671,0.2363516868160095,0.24591485179679842,0.0,0.23957127063411163,0.24170209135936044
加拿大多伦多S&P/TSX 综合指数,0.3308393041495097,0.24652217619639447,0.35425393747090106,0.25143704859465177,0.24546468211771977,0.35849130280192587,0.23957127063411163,0.0,0.31645462897870347
S&P CLX IPSA,0.30934689275810784,0.2737904801561216,0.37111764969877714,0.28516015514313214,0.2752869388510809,0.3338745928951995,0.24170209135936044,0.31645462897870347,0.0
