,比利时BFX,日经225,墨西哥BOLSA,恒生指数,韩国综合指数,荷兰AEX,Costa Rica Indice Accionario,加拿大多伦多S&P/TSX 综合指数,S&P CLX IPSA
比利时BFX,0.0,0.2615750232082651,0.35363421480343876,0.2949516146674114,0.252269217056306,0.6586228034818995,0.24542910943308882,0.33014257491141197,0.3152230491141736
日经225,0.2615750232082651,0.0,0.26578607308681546,0.3089278991883676,0.35201181934821846,0.2613195171176658,0.25719490914521265,0.2433216661323589,0.27250941111007204
墨西哥BOLSA,0.35363421480343876,0.26578607308681546,0.0,0.27944166381026186,0.25326335709881,0.3708535657899723,0.23906710865049272,0.3599360113719289,0.37971382449017277
恒生指数,0.2949516146674114,0.3089278991883676,0.27944166381026186,0.0,0.33261902205534577,0.2956522984206446,0.25455432354379215,0.25138306410505123,0.28671164671172983
韩国综合指数,0.252269217056306,0.35201181934821846,0.25326335709881,0.33261902205534577,0.0,0.24945886497072484,0.2363056515937015,0.24385867783078133,0.2754601385698693
荷兰AEX,0.6586228034818995,0.2613195171176658,0.3708535657899723,0.2956522984206446,0.24945886497072484,0.0,0.24489665515246434,0.3590259485043328,0.3333311893135989
Costa Rica Indice Accionario,0.24542910943308882,0.25719490914521265,0.23906710865049272,0.25455432354379215,0.2363056515937015,0.24489665515246434,0.0,0.2382952329043857,0.24010546139950667
加拿大多伦多S&P/TSX 综合指数,0.33014257491141197,0.2433216661323589,0.3599360113719289,0.25138306410505123,0.24385867783078133,0.3590259485043328,0.2382952329043857,0.0,0.31708510994275024
S&P CLX IPSA,0.3152230491141736,0.27250941111007204,0.37971382449017277,0.28671164671172983,0.2754601385698693,0.3333311893135989,0.24010546139950667,0.31708510994275024,0.0
