,比利时BFX,日经225,墨西哥BOLSA,恒生指数,韩国综合指数,荷兰AEX,Costa Rica Indice Accionario,加拿大多伦多S&P/TSX 综合指数,S&P CLX IPSA
比利时BFX,0.0,0.3298912528894289,0.37023184811131316,0.35512603792715597,0.30667224324447073,0.6980265137701545,0.2576338682801171,0.40659318450789,0.3700681391425821
日经225,0.3298912528894289,0.0,0.2983798927564558,0.35796668070493,0.37054653610299504,0.3324023773336488,0.2722249729596131,0.3074965456031574,0.288975266986623
墨西哥BOLSA,0.37023184811131316,0.2983798927564558,0.0,0.3112008297054448,0.29349528711969475,0.38285984722652167,0.23759219891431022,0.3994889134693099,0.39319924689479807
恒生指数,0.35512603792715597,0.35796668070493,0.3112008297054448,0.0,0.3612390372387941,0.3526193251930817,0.24638641737640776,0.3233169176099591,0.3328034504606231
韩国综合指数,0.30667224324447073,0.37054653610299504,0.29349528711969475,0.3612390372387941,0.0,0.30122893175155396,0.24992982563914456,0.3229237772945041,0.3253677561785358
荷兰AEX,0.6980265137701545,0.3324023773336488,0.38285984722652167,0.3526193251930817,0.30122893175155396,0.0,0.24824419713149135,0.42220235798333833,0.3677336756507411
Costa Rica Indice Accionario,0.2576338682801171,0.2722249729596131,0.23759219891431022,0.24638641737640776,0.24992982563914456,0.24824419713149135,0.0,0.24255335268569456,0.2318720558588701
加拿大多伦多S&P/TSX 综合指数,0.40659318450789,0.3074965456031574,0.3994889134693099,0.3233169176099591,0.3229237772945041,0.42220235798333833,0.24255335268569456,0.0,0.37673210749626573
S&P CLX IPSA,0.3700681391425821,0.288975266986623,0.39319924689479807,0.3328034504606231,0.3253677561785358,0.3677336756507411,0.2318720558588701,0.37673210749626573,0.0
