,比利时BFX,日经225,墨西哥BOLSA,恒生指数,韩国综合指数,荷兰AEX,Costa Rica Indice Accionario,加拿大多伦多S&P/TSX 综合指数,S&P CLX IPSA
比利时BFX,0.0,0.3298700721948658,0.371333192328154,0.35783544769792897,0.30394597438332394,0.7070304172338562,0.25769030068969156,0.40735935078320124,0.3704717594229541
日经225,0.3298700721948658,0.0,0.2992478054202563,0.3551598833044841,0.37626302763149194,0.33334251570633977,0.27353083587736254,0.3086258529858909,0.28905809665471005
墨西哥BOLSA,0.371333192328154,0.2992478054202563,0.0,0.3092012169127162,0.29027760277107356,0.37962496730891127,0.23875216558866072,0.4118228623639574,0.39198832377224707
恒生指数,0.35783544769792897,0.3551598833044841,0.3092012169127162,0.0,0.3585627432078748,0.35262500163933735,0.2461526311933118,0.32325582307521994,0.3344829408197678
韩国综合指数,0.30394597438332394,0.37626302763149194,0.29027760277107356,0.3585627432078748,0.0,0.2966078981034401,0.25024564496188545,0.3157710535972505,0.32112733151718303
荷兰AEX,0.7070304172338562,0.33334251570633977,0.37962496730891127,0.35262500163933735,0.2966078981034401,0.0,0.24781614095082807,0.4200199244337087,0.3652237104694482
Costa Rica Indice Accionario,0.25769030068969156,0.27353083587736254,0.23875216558866072,0.2461526311933118,0.25024564496188545,0.24781614095082807,0.0,0.24036011957658038,0.23082009030385509
加拿大多伦多S&P/TSX 综合指数,0.40735935078320124,0.3086258529858909,0.4118228623639574,0.32325582307521994,0.3157710535972505,0.4200199244337087,0.24036011957658038,0.0,0.3795510197646281
S&P CLX IPSA,0.3704717594229541,0.28905809665471005,0.39198832377224707,0.3344829408197678,0.32112733151718303,0.3652237104694482,0.23082009030385509,0.3795510197646281,0.0
