,比利时BFX,日经225,墨西哥BOLSA,恒生指数,韩国综合指数,荷兰AEX,Costa Rica Indice Accionario,加拿大多伦多S&P/TSX 综合指数,S&P CLX IPSA
比利时BFX,0.0,0.264282408464979,0.34886293334669244,0.2907484132994499,0.2483377142519896,0.6796414951891638,0.25466531507795925,0.34488221447134787,0.33014336847114006
日经225,0.264282408464979,0.0,0.2718617738350035,0.3001335737293829,0.349922251016864,0.263264926745591,0.27754320474842664,0.24495640043647482,0.2700051945608451
墨西哥BOLSA,0.34886293334669244,0.2718617738350035,0.0,0.27713241683698525,0.2444302807938509,0.3703864874973342,0.23537237465921737,0.3568822005514857,0.36529017100938393
恒生指数,0.2907484132994499,0.3001335737293829,0.27713241683698525,0.0,0.3055569022895429,0.28934180130878584,0.26052237288989133,0.25328746804663926,0.3016522943428426
韩国综合指数,0.2483377142519896,0.349922251016864,0.2444302807938509,0.3055569022895429,0.0,0.2465009907324579,0.266003042404234,0.24605648205293704,0.26391289336021717
荷兰AEX,0.6796414951891638,0.263264926745591,0.3703864874973342,0.28934180130878584,0.2465009907324579,0.0,0.24525018618970934,0.36309131667146444,0.33867461865870174
Costa Rica Indice Accionario,0.25466531507795925,0.27754320474842664,0.23537237465921737,0.26052237288989133,0.266003042404234,0.24525018618970934,0.0,0.24183210949782666,0.22999694993745612
加拿大多伦多S&P/TSX 综合指数,0.34488221447134787,0.24495640043647482,0.3568822005514857,0.25328746804663926,0.24605648205293704,0.36309131667146444,0.24183210949782666,0.0,0.3215315750258004
S&P CLX IPSA,0.33014336847114006,0.2700051945608451,0.36529017100938393,0.3016522943428426,0.26391289336021717,0.33867461865870174,0.22999694993745612,0.3215315750258004,0.0
