,比利时BFX,日经225,墨西哥BOLSA,恒生指数,韩国综合指数,荷兰AEX,Costa Rica Indice Accionario,加拿大多伦多S&P/TSX 综合指数,S&P CLX IPSA
比利时BFX,0.0,0.271513630311026,0.3570775671062576,0.2915017062713412,0.24877444427541118,0.6737246155456867,0.23945017830628543,0.34379688085264437,0.3232923900684778
日经225,0.271513630311026,0.0,0.2731239783762332,0.29921353406863,0.3576240106252016,0.27013307857947727,0.2616672480450058,0.24783164689923148,0.2697078492076718
墨西哥BOLSA,0.3570775671062576,0.2731239783762332,0.0,0.28230624899145784,0.24535828796999992,0.37345385750535903,0.2264195930145468,0.3635373579673174,0.37716273577958015
恒生指数,0.2915017062713412,0.29921353406863,0.28230624899145784,0.0,0.32496277172368426,0.288023965166364,0.25481788545730255,0.25492299064851437,0.29916544220631464
韩国综合指数,0.24877444427541118,0.3576240106252016,0.24535828796999992,0.32496277172368426,0.0,0.2483283446369569,0.2584934425042634,0.24914176597311716,0.2683059832715523
荷兰AEX,0.6737246155456867,0.27013307857947727,0.37345385750535903,0.288023965166364,0.2483283446369569,0.0,0.24330838645019512,0.36949089576792876,0.3337162779698585
Costa Rica Indice Accionario,0.23945017830628543,0.2616672480450058,0.2264195930145468,0.25481788545730255,0.2584934425042634,0.24330838645019512,0.0,0.23009331544613523,0.2226836281855638
加拿大多伦多S&P/TSX 综合指数,0.34379688085264437,0.24783164689923148,0.3635373579673174,0.25492299064851437,0.24914176597311716,0.36949089576792876,0.23009331544613523,0.0,0.3300125302552292
S&P CLX IPSA,0.3232923900684778,0.2697078492076718,0.37716273577958015,0.29916544220631464,0.2683059832715523,0.3337162779698585,0.2226836281855638,0.3300125302552292,0.0
