,比利时BFX,日经225,墨西哥BOLSA,恒生指数,韩国综合指数,荷兰AEX,Costa Rica Indice Accionario,加拿大多伦多S&P/TSX 综合指数,S&P CLX IPSA
比利时BFX,0.0,0.3297998726472534,0.3798491938758097,0.34622026293349917,0.3057676860557808,0.6931072356322434,0.25982830483304586,0.4089204654158845,0.3674030674556085
日经225,0.3297998726472534,0.0,0.29966511204812746,0.355414433153657,0.36424385399493897,0.3330702569801316,0.2732635190279769,0.30471340984626777,0.2872235246448474
墨西哥BOLSA,0.3798491938758097,0.29966511204812746,0.0,0.31514196946573797,0.3040887749327457,0.3948221829097987,0.24495720957296205,0.40144811623509497,0.3923482708130923
恒生指数,0.34622026293349917,0.355414433153657,0.31514196946573797,0.0,0.36554448542099205,0.3460383092836313,0.2511554349312711,0.31486819268852,0.33302166783779047
韩国综合指数,0.3057676860557808,0.36424385399493897,0.3040887749327457,0.36554448542099205,0.0,0.30489954729028323,0.25226439045272997,0.31850455655744453,0.3279735622226682
荷兰AEX,0.6931072356322434,0.3330702569801316,0.3948221829097987,0.3460383092836313,0.30489954729028323,0.0,0.2531918725435443,0.4191586660217526,0.3637456011424402
Costa Rica Indice Accionario,0.25982830483304586,0.2732635190279769,0.24495720957296205,0.2511554349312711,0.25226439045272997,0.2531918725435443,0.0,0.24604586195692255,0.23606778472571213
加拿大多伦多S&P/TSX 综合指数,0.4089204654158845,0.30471340984626777,0.40144811623509497,0.31486819268852,0.31850455655744453,0.4191586660217526,0.24604586195692255,0.0,0.3690315168333144
S&P CLX IPSA,0.3674030674556085,0.2872235246448474,0.3923482708130923,0.33302166783779047,0.3279735622226682,0.3637456011424402,0.23606778472571213,0.3690315168333144,0.0
