,比利时BFX,日经225,墨西哥BOLSA,恒生指数,韩国综合指数,荷兰AEX,Costa Rica Indice Accionario,加拿大多伦多S&P/TSX 综合指数,S&P CLX IPSA
比利时BFX,0.0,0.3101439022813116,0.35099936968288636,0.3246058592062149,0.2867514789380854,0.6730871076578121,0.2607704938322542,0.34984768478993405,0.3328088073284701
日经225,0.3101439022813116,0.0,0.29791260759881777,0.3352623683170953,0.3643567835058059,0.30656497092519047,0.2769583415703486,0.27574421308447117,0.28824895554541086
墨西哥BOLSA,0.35099936968288636,0.29791260759881777,0.0,0.2914473575316267,0.2676822459259958,0.3680212740904958,0.23757457838216525,0.3630312729676201,0.3617875565624406
恒生指数,0.3246058592062149,0.3352623683170953,0.2914473575316267,0.0,0.34805625731035117,0.32327585708767675,0.24549454699352405,0.27694645631352943,0.32384058975330904
韩国综合指数,0.2867514789380854,0.3643567835058059,0.2676822459259958,0.34805625731035117,0.0,0.2806077328173033,0.26828107878046387,0.28186113740035135,0.2950051368919727
荷兰AEX,0.6730871076578121,0.30656497092519047,0.3680212740904958,0.32327585708767675,0.2806077328173033,0.0,0.24802487114507582,0.37089020224643576,0.32671844376211556
Costa Rica Indice Accionario,0.2607704938322542,0.2769583415703486,0.23757457838216525,0.24549454699352405,0.26828107878046387,0.24802487114507582,0.0,0.24675126413887968,0.23649526204148336
加拿大多伦多S&P/TSX 综合指数,0.34984768478993405,0.27574421308447117,0.3630312729676201,0.27694645631352943,0.28186113740035135,0.37089020224643576,0.24675126413887968,0.0,0.3263437462362295
S&P CLX IPSA,0.3328088073284701,0.28824895554541086,0.3617875565624406,0.32384058975330904,0.2950051368919727,0.32671844376211556,0.23649526204148336,0.3263437462362295,0.0
