,比利时BFX,日经225,墨西哥BOLSA,恒生指数,韩国综合指数,荷兰AEX,Costa Rica Indice Accionario,加拿大多伦多S&P/TSX 综合指数,S&P CLX IPSA
比利时BFX,0.0,0.3286927731003214,0.3685306167679326,0.3579553894549078,0.30166819505123893,0.7206560672778088,0.2585176764981789,0.41078662749548067,0.3725326960322016
日经225,0.3286927731003214,0.0,0.3001339118051336,0.3583627083476091,0.385936180975178,0.33189354185727377,0.27411236014303547,0.31094048943256897,0.28729591955176764
墨西哥BOLSA,0.3685306167679326,0.3001339118051336,0.0,0.3040241883775002,0.2796259876149295,0.3857708450563619,0.24237210384245456,0.39437613915795466,0.38801561130867573
恒生指数,0.3579553894549078,0.3583627083476091,0.3040241883775002,0.0,0.3573855139670683,0.35149624507572175,0.24583448162562166,0.31714079217050495,0.3354571626093901
韩国综合指数,0.30166819505123893,0.385936180975178,0.2796259876149295,0.3573855139670683,0.0,0.29236224604202415,0.2545133613523954,0.3130721836508946,0.3150114797263773
荷兰AEX,0.7206560672778088,0.33189354185727377,0.3857708450563619,0.35149624507572175,0.29236224604202415,0.0,0.2501059949988905,0.4234252238227348,0.3664594521904689
Costa Rica Indice Accionario,0.2585176764981789,0.27411236014303547,0.24237210384245456,0.24583448162562166,0.2545133613523954,0.2501059949988905,0.0,0.24459144681288583,0.23312574434047617
加拿大多伦多S&P/TSX 综合指数,0.41078662749548067,0.31094048943256897,0.39437613915795466,0.31714079217050495,0.3130721836508946,0.4234252238227348,0.24459144681288583,0.0,0.3835793399273232
S&P CLX IPSA,0.3725326960322016,0.28729591955176764,0.38801561130867573,0.3354571626093901,0.3150114797263773,0.3664594521904689,0.23312574434047617,0.3835793399273232,0.0
