,比利时BFX,日经225,墨西哥BOLSA,恒生指数,韩国综合指数,荷兰AEX,Costa Rica Indice Accionario,加拿大多伦多S&P/TSX 综合指数,S&P CLX IPSA
比利时BFX,0.0,0.26493104862109346,0.351920554379084,0.29929078470315795,0.2519314721185459,0.6647733757128179,0.23783694972283026,0.33414867565312206,0.31444523623292625
日经225,0.26493104862109346,0.0,0.27286288731621844,0.301281570024092,0.3550792965094879,0.26445481842203683,0.2403404489812531,0.24395919314493475,0.2686254199620227
墨西哥BOLSA,0.351920554379084,0.27286288731621844,0.0,0.2873557005183866,0.2464775392882902,0.36901545668023356,0.23454885524941896,0.36014984828315444,0.37351365948009424
恒生指数,0.29929078470315795,0.301281570024092,0.2873557005183866,0.0,0.31942516700828766,0.2973087558743498,0.25177018319388017,0.2545436476157708,0.29109517955261566
韩国综合指数,0.2519314721185459,0.3550792965094879,0.2464775392882902,0.31942516700828766,0.0,0.24973962433357674,0.2524547606410093,0.24517395493571717,0.2688530979084273
荷兰AEX,0.6647733757128179,0.26445481842203683,0.36901545668023356,0.2973087558743498,0.24973962433357674,0.0,0.24037628250509618,0.36097719650407806,0.3269519633069286
Costa Rica Indice Accionario,0.23783694972283026,0.2403404489812531,0.23454885524941896,0.25177018319388017,0.2524547606410093,0.24037628250509618,0.0,0.22986445816949502,0.23511304937853778
加拿大多伦多S&P/TSX 综合指数,0.33414867565312206,0.24395919314493475,0.36014984828315444,0.2545436476157708,0.24517395493571717,0.36097719650407806,0.22986445816949502,0.0,0.32100256651553727
S&P CLX IPSA,0.31444523623292625,0.2686254199620227,0.37351365948009424,0.29109517955261566,0.2688530979084273,0.3269519633069286,0.23511304937853778,0.32100256651553727,0.0
