,比利时BFX,日经225,墨西哥BOLSA,恒生指数,韩国综合指数,荷兰AEX,Costa Rica Indice Accionario,加拿大多伦多S&P/TSX 综合指数,S&P CLX IPSA
比利时BFX,0.0,0.32665530645864077,0.36713546475451203,0.3564998895450558,0.29943454121609814,0.7202807521261063,0.25796503327923387,0.40955156540297366,0.3704229850275441
日经225,0.32665530645864077,0.0,0.2969606585404056,0.3570931608437439,0.38427800277146307,0.32922072472157676,0.2751899369648654,0.3063007002561811,0.286207626397114
墨西哥BOLSA,0.36713546475451203,0.2969606585404056,0.0,0.30180956294394823,0.2759532461783453,0.3835951134986172,0.2407619372781377,0.3924323876062795,0.3834587378695525
恒生指数,0.3564998895450558,0.3570931608437439,0.30180956294394823,0.0,0.35660535527201054,0.34992942653072434,0.24678189025929387,0.31465406227786813,0.33499211974379905
韩国综合指数,0.29943454121609814,0.38427800277146307,0.2759532461783453,0.35660535527201054,0.0,0.290219994088581,0.2575991393013252,0.30877245271362563,0.31569215317451477
荷兰AEX,0.7202807521261063,0.32922072472157676,0.3835951134986172,0.34992942653072434,0.290219994088581,0.0,0.24990592483056803,0.4207577979564475,0.364484385947245
Costa Rica Indice Accionario,0.25796503327923387,0.2751899369648654,0.2407619372781377,0.24678189025929387,0.2575991393013252,0.24990592483056803,0.0,0.2435889842541505,0.23496941247704256
加拿大多伦多S&P/TSX 综合指数,0.40955156540297366,0.3063007002561811,0.3924323876062795,0.31465406227786813,0.30877245271362563,0.4207577979564475,0.2435889842541505,0.0,0.38030625190003364
S&P CLX IPSA,0.3704229850275441,0.286207626397114,0.3834587378695525,0.33499211974379905,0.31569215317451477,0.364484385947245,0.23496941247704256,0.38030625190003364,0.0
