,比利时BFX,日经225,墨西哥BOLSA,恒生指数,韩国综合指数,荷兰AEX,Costa Rica Indice Accionario,加拿大多伦多S&P/TSX 综合指数,S&P CLX IPSA
比利时BFX,0.0,0.2642458074207321,0.3494816837450904,0.2912365560641766,0.24868036339841834,0.6793263429194031,0.25721046045331514,0.34587531474999417,0.32620905220782226
日经225,0.2642458074207321,0.0,0.2722319490260302,0.29595481239852844,0.3447478220775553,0.2625014695206013,0.27691243434323703,0.24670394704180604,0.26800568823173326
墨西哥BOLSA,0.3494816837450904,0.2722319490260302,0.0,0.27699942920646053,0.24382769729985013,0.37015897759280364,0.23592229123554764,0.35733096000680786,0.36695194571315326
恒生指数,0.2912365560641766,0.29595481239852844,0.27699942920646053,0.0,0.3054396071028643,0.2892383473548908,0.26001427689702433,0.25511235275743505,0.30309134282417277
韩国综合指数,0.24868036339841834,0.3447478220775553,0.24382769729985013,0.3054396071028643,0.0,0.24748023624048657,0.26730924498422354,0.2472437973630876,0.26560390129447065
荷兰AEX,0.6793263429194031,0.2625014695206013,0.37015897759280364,0.2892383473548908,0.24748023624048657,0.0,0.24904021047038177,0.36449388218703915,0.3350185394039423
Costa Rica Indice Accionario,0.25721046045331514,0.27691243434323703,0.23592229123554764,0.26001427689702433,0.26730924498422354,0.24904021047038177,0.0,0.24325360973033947,0.2300427479280018
加拿大多伦多S&P/TSX 综合指数,0.34587531474999417,0.24670394704180604,0.35733096000680786,0.25511235275743505,0.2472437973630876,0.36449388218703915,0.24325360973033947,0.0,0.3234878638798969
S&P CLX IPSA,0.32620905220782226,0.26800568823173326,0.36695194571315326,0.30309134282417277,0.26560390129447065,0.3350185394039423,0.2300427479280018,0.3234878638798969,0.0
