,比利时BFX,日经225,墨西哥BOLSA,恒生指数,韩国综合指数,荷兰AEX,Costa Rica Indice Accionario,加拿大多伦多S&P/TSX 综合指数,S&P CLX IPSA
比利时BFX,0.0,0.32778138059756445,0.40626202280624524,0.35817646810457265,0.35045778844260406,0.7087624319507511,0.2422275426190507,0.38703929846144525,0.3640584911100409
日经225,0.32778138059756445,0.0,0.3098269409843915,0.41736945972187206,0.4184335822284612,0.3266922083543063,0.23292509735778197,0.2785768014156869,0.3086975940371353
墨西哥BOLSA,0.40626202280624524,0.3098269409843915,0.0,0.319815621287803,0.329246128173288,0.42346638834269756,0.24783370850493036,0.4445673198224905,0.4006454764571774
恒生指数,0.35817646810457265,0.41736945972187206,0.319815621287803,0.0,0.4967705374862505,0.36873281271313985,0.24076015307528195,0.3180578322023944,0.36474201058604033
韩国综合指数,0.35045778844260406,0.4184335822284612,0.329246128173288,0.4967705374862505,0.0,0.35756904416910956,0.24932303225260988,0.31072365435038235,0.3511349987920102
荷兰AEX,0.7087624319507511,0.3266922083543063,0.42346638834269756,0.36873281271313985,0.35756904416910956,0.0,0.24797264800755453,0.41611956541824613,0.38573734602303456
Costa Rica Indice Accionario,0.2422275426190507,0.23292509735778197,0.24783370850493036,0.24076015307528195,0.24932303225260988,0.24797264800755453,0.0,0.24066069500157755,0.2567423973926359
加拿大多伦多S&P/TSX 综合指数,0.38703929846144525,0.2785768014156869,0.4445673198224905,0.3180578322023944,0.31072365435038235,0.41611956541824613,0.24066069500157755,0.0,0.3827244047336928
S&P CLX IPSA,0.3640584911100409,0.3086975940371353,0.4006454764571774,0.36474201058604033,0.3511349987920102,0.38573734602303456,0.2567423973926359,0.3827244047336928,0.0
