,比利时BFX,日经225,墨西哥BOLSA,恒生指数,韩国综合指数,荷兰AEX,Costa Rica Indice Accionario,加拿大多伦多S&P/TSX 综合指数,S&P CLX IPSA
比利时BFX,0.0,0.32698639324308887,0.3944538000031771,0.35376348949188324,0.34355717943570724,0.7002242764556177,0.24198276604932167,0.3765264055166876,0.35403535779869394
日经225,0.32698639324308887,0.0,0.3121649911416053,0.4185607353810255,0.41890329087872646,0.32476233846676333,0.23187381140602034,0.27780748780412867,0.3046963138194283
墨西哥BOLSA,0.3944538000031771,0.3121649911416053,0.0,0.32806201740497337,0.3427298887736911,0.4123509893291525,0.24447070249890632,0.43263868090763163,0.40385705678013256
恒生指数,0.35376348949188324,0.4185607353810255,0.32806201740497337,0.0,0.48675918384926614,0.3633626156186765,0.24126547100342227,0.32266303817305175,0.3596776134297917
韩国综合指数,0.34355717943570724,0.41890329087872646,0.3427298887736911,0.48675918384926614,0.0,0.3512175281884921,0.2464929230283553,0.3143383976738053,0.34574725264258227
荷兰AEX,0.7002242764556177,0.32476233846676333,0.4123509893291525,0.3633626156186765,0.3512175281884921,0.0,0.24767269820603813,0.4032370228833581,0.3732470960992796
Costa Rica Indice Accionario,0.24198276604932167,0.23187381140602034,0.24447070249890632,0.24126547100342227,0.2464929230283553,0.24767269820603813,0.0,0.24290857373074698,0.2564154705188658
加拿大多伦多S&P/TSX 综合指数,0.3765264055166876,0.27780748780412867,0.43263868090763163,0.32266303817305175,0.3143383976738053,0.4032370228833581,0.24290857373074698,0.0,0.3726599170536582
S&P CLX IPSA,0.35403535779869394,0.3046963138194283,0.40385705678013256,0.3596776134297917,0.34574725264258227,0.3732470960992796,0.2564154705188658,0.3726599170536582,0.0
