,比利时BFX,日经225,墨西哥BOLSA,恒生指数,韩国综合指数,荷兰AEX,Costa Rica Indice Accionario,加拿大多伦多S&P/TSX 综合指数,S&P CLX IPSA
比利时BFX,0.0,0.3227202166142187,0.38711876943351614,0.35607635494595413,0.3172606360789259,0.699053948191156,0.23732763167541576,0.39419811562372753,0.376950108777181
日经225,0.3227202166142187,0.0,0.29719586611972787,0.39278473200818176,0.3901752720486253,0.32321807454559665,0.23468154379291645,0.28242755174737705,0.29431165187177916
墨西哥BOLSA,0.38711876943351614,0.29719586611972787,0.0,0.3277212698369735,0.33795819185497594,0.4116606657491754,0.2476788547744539,0.4411042934067309,0.4315154699063386
恒生指数,0.35607635494595413,0.39278473200818176,0.3277212698369735,0.0,0.4266861334611358,0.3624861406748484,0.24505034333555578,0.31980038206870065,0.36132673772420065
韩国综合指数,0.3172606360789259,0.3901752720486253,0.33795819185497594,0.4266861334611358,0.0,0.3221697873477337,0.24399038300255435,0.31832135579050896,0.35855250222912344
荷兰AEX,0.699053948191156,0.32321807454559665,0.4116606657491754,0.3624861406748484,0.3221697873477337,0.0,0.24434672031076715,0.41873187270246487,0.3883681388794781
Costa Rica Indice Accionario,0.23732763167541576,0.23468154379291645,0.2476788547744539,0.24505034333555578,0.24399038300255435,0.24434672031076715,0.0,0.24226774364220377,0.25674118756627273
加拿大多伦多S&P/TSX 综合指数,0.39419811562372753,0.28242755174737705,0.4411042934067309,0.31980038206870065,0.31832135579050896,0.41873187270246487,0.24226774364220377,0.0,0.40104777046049256
S&P CLX IPSA,0.376950108777181,0.29431165187177916,0.4315154699063386,0.36132673772420065,0.35855250222912344,0.3883681388794781,0.25674118756627273,0.40104777046049256,0.0
