,比利时BFX,日经225,墨西哥BOLSA,恒生指数,韩国综合指数,荷兰AEX,Costa Rica Indice Accionario,加拿大多伦多S&P/TSX 综合指数,S&P CLX IPSA
比利时BFX,0.0,0.3271159074980724,0.4039534793826689,0.357280457343554,0.35030612781400083,0.7026801924538536,0.24073353763765923,0.3808421268759642,0.3612166830447954
日经225,0.3271159074980724,0.0,0.3077905413924887,0.4172099291059566,0.4177039768613587,0.32500710402966254,0.23259386698577916,0.2739924939960448,0.30714608043842234
墨西哥BOLSA,0.4039534793826689,0.3077905413924887,0.0,0.3198621365469415,0.32934045335027284,0.4225627272408018,0.24259456418996994,0.44741774740850515,0.39804897184934673
恒生指数,0.357280457343554,0.4172099291059566,0.3198621365469415,0.0,0.4985684900571433,0.3666743605892508,0.24091526583212905,0.3162773844502383,0.36372725250826804
韩国综合指数,0.35030612781400083,0.4177039768613587,0.32934045335027284,0.4985684900571433,0.0,0.3587623872796381,0.24778048669769231,0.3119606624787983,0.3486498418059459
荷兰AEX,0.7026801924538536,0.32500710402966254,0.4225627272408018,0.3666743605892508,0.3587623872796381,0.0,0.2460254470438982,0.41052406945308456,0.37935014810208867
Costa Rica Indice Accionario,0.24073353763765923,0.23259386698577916,0.24259456418996994,0.24091526583212905,0.24778048669769231,0.2460254470438982,0.0,0.2403472195226691,0.255616841247287
加拿大多伦多S&P/TSX 综合指数,0.3808421268759642,0.2739924939960448,0.44741774740850515,0.3162773844502383,0.3119606624787983,0.41052406945308456,0.2403472195226691,0.0,0.3811722698372905
S&P CLX IPSA,0.3612166830447954,0.30714608043842234,0.39804897184934673,0.36372725250826804,0.3486498418059459,0.37935014810208867,0.255616841247287,0.3811722698372905,0.0
