,比利时BFX,日经225,墨西哥BOLSA,恒生指数,韩国综合指数,荷兰AEX,Costa Rica Indice Accionario,加拿大多伦多S&P/TSX 综合指数,S&P CLX IPSA
比利时BFX,0.0,0.3279403234656933,0.39350382931791744,0.3396195725554254,0.33601028183473514,0.6870166133251795,0.2344062313171688,0.37187556920268244,0.34480311895839616
日经225,0.3279403234656933,0.0,0.30568307841041953,0.41733016648278665,0.41505706313726726,0.326042821721285,0.23075487996477423,0.269548900021714,0.30124513157450566
墨西哥BOLSA,0.39350382931791744,0.30568307841041953,0.0,0.3294447995089858,0.34729763489595444,0.4207333879684166,0.2456974863574107,0.4254214258231493,0.4076650447430881
恒生指数,0.3396195725554254,0.41733016648278665,0.3294447995089858,0.0,0.4809215092386549,0.3544918920703717,0.2440370832351372,0.3045460254730528,0.3571075326746183
韩国综合指数,0.33601028183473514,0.41505706313726726,0.34729763489595444,0.4809215092386549,0.0,0.3474032503332216,0.24921296462629455,0.3033142259007291,0.34416348091119486
荷兰AEX,0.6870166133251795,0.326042821721285,0.4207333879684166,0.3544918920703717,0.3474032503332216,0.0,0.24210018364668406,0.3971861756238245,0.36713819506173395
Costa Rica Indice Accionario,0.2344062313171688,0.23075487996477423,0.2456974863574107,0.2440370832351372,0.24921296462629455,0.24210018364668406,0.0,0.24265310815350463,0.2613898979867082
加拿大多伦多S&P/TSX 综合指数,0.37187556920268244,0.269548900021714,0.4254214258231493,0.3045460254730528,0.3033142259007291,0.3971861756238245,0.24265310815350463,0.0,0.36707549129124295
S&P CLX IPSA,0.34480311895839616,0.30124513157450566,0.4076650447430881,0.3571075326746183,0.34416348091119486,0.36713819506173395,0.2613898979867082,0.36707549129124295,0.0
