,比利时BFX,日经225,墨西哥BOLSA,恒生指数,韩国综合指数,荷兰AEX,Costa Rica Indice Accionario,加拿大多伦多S&P/TSX 综合指数,S&P CLX IPSA
比利时BFX,0.0,0.32702871807011175,0.3905031268472325,0.3609373490013302,0.32363841153668577,0.7035484314334294,0.23786301709434454,0.389301463282223,0.3862406923317836
日经225,0.32702871807011175,0.0,0.2989528803179223,0.3910700202216493,0.3929210239925281,0.33043664727303296,0.2336647435858852,0.2855709678922358,0.3010050857985034
墨西哥BOLSA,0.3905031268472325,0.2989528803179223,0.0,0.330979076335012,0.3410278647919486,0.4197840780673052,0.24861035190190237,0.4396494320565241,0.4406892641782889
恒生指数,0.3609373490013302,0.3910700202216493,0.330979076335012,0.0,0.43044854405685046,0.36745839483686044,0.24622406199255625,0.31740408004587034,0.3704952048154735
韩国综合指数,0.32363841153668577,0.3929210239925281,0.3410278647919486,0.43044854405685046,0.0,0.3281379817571356,0.24473494164987597,0.3218342395708844,0.3650450617824541
荷兰AEX,0.7035484314334294,0.33043664727303296,0.4197840780673052,0.36745839483686044,0.3281379817571356,0.0,0.2455288757699656,0.41545342694509474,0.39640683710762337
Costa Rica Indice Accionario,0.23786301709434454,0.2336647435858852,0.24861035190190237,0.24622406199255625,0.24473494164987597,0.2455288757699656,0.0,0.24488062744555364,0.25620177226498464
加拿大多伦多S&P/TSX 综合指数,0.389301463282223,0.2855709678922358,0.4396494320565241,0.31740408004587034,0.3218342395708844,0.41545342694509474,0.24488062744555364,0.0,0.3995430379248782
S&P CLX IPSA,0.3862406923317836,0.3010050857985034,0.4406892641782889,0.3704952048154735,0.3650450617824541,0.39640683710762337,0.25620177226498464,0.3995430379248782,0.0
