,比利时BFX,日经225,墨西哥BOLSA,恒生指数,韩国综合指数,荷兰AEX,Costa Rica Indice Accionario,加拿大多伦多S&P/TSX 综合指数,S&P CLX IPSA
比利时BFX,0.0,0.3272834535350818,0.394447479769257,0.3541945653961561,0.34367396187719157,0.7011624505353643,0.24143715378128208,0.3767400356929624,0.35248600676815856
日经225,0.3272834535350818,0.0,0.31234354648766166,0.4189466300128622,0.4186068957646207,0.32530194934978185,0.23192873147151144,0.277987071773928,0.30448518741327024
墨西哥BOLSA,0.394447479769257,0.31234354648766166,0.0,0.32930944148669233,0.34181276174154585,0.41285661038569715,0.2467086565725243,0.4319038981218328,0.40349977630851913
恒生指数,0.3541945653961561,0.4189466300128622,0.32930944148669233,0.0,0.4851177718396378,0.3649552419450102,0.24174744710212923,0.32262333498605045,0.3626523161564222
韩国综合指数,0.34367396187719157,0.4186068957646207,0.34181276174154585,0.4851177718396378,0.0,0.35173604796900454,0.24743402551062935,0.3140194749535384,0.3436692858457081
荷兰AEX,0.7011624505353643,0.32530194934978185,0.41285661038569715,0.3649552419450102,0.35173604796900454,0.0,0.24650479881804194,0.4042301437076171,0.3722720620281706
Costa Rica Indice Accionario,0.24143715378128208,0.23192873147151144,0.2467086565725243,0.24174744710212923,0.24743402551062935,0.24650479881804194,0.0,0.24362811887569794,0.25949753955767246
加拿大多伦多S&P/TSX 综合指数,0.3767400356929624,0.277987071773928,0.4319038981218328,0.32262333498605045,0.3140194749535384,0.4042301437076171,0.24362811887569794,0.0,0.37093148552600613
S&P CLX IPSA,0.35248600676815856,0.30448518741327024,0.40349977630851913,0.3626523161564222,0.3436692858457081,0.3722720620281706,0.25949753955767246,0.37093148552600613,0.0
