,比利时BFX,日经225,墨西哥BOLSA,恒生指数,韩国综合指数,荷兰AEX,Costa Rica Indice Accionario,加拿大多伦多S&P/TSX 综合指数,S&P CLX IPSA
比利时BFX,0.0,0.32761888355841995,0.38844528017302343,0.35895402489393796,0.32097135292990064,0.7030355950966912,0.23692897469419116,0.3867067752553727,0.37732382914547974
日经225,0.32761888355841995,0.0,0.2937320292248217,0.3908555755154129,0.39613733344114704,0.3299788039070396,0.23310125771335793,0.2859721396696471,0.2998683150762062
墨西哥BOLSA,0.38844528017302343,0.2937320292248217,0.0,0.33003517885048395,0.3430511075894266,0.4164516415736069,0.2489046557643101,0.44323342729269444,0.44110855726642184
恒生指数,0.35895402489393796,0.3908555755154129,0.33003517885048395,0.0,0.42932724691987756,0.3653813434288967,0.24600918851817008,0.31733823044437354,0.36817286541539357
韩国综合指数,0.32097135292990064,0.39613733344114704,0.3430511075894266,0.42932724691987756,0.0,0.32451988140373217,0.2444412642265859,0.32303328761259037,0.3642945033823426
荷兰AEX,0.7030355950966912,0.3299788039070396,0.4164516415736069,0.3653813434288967,0.32451988140373217,0.0,0.24437862049967984,0.412060047815424,0.38620099866551694
Costa Rica Indice Accionario,0.23692897469419116,0.23310125771335793,0.2489046557643101,0.24600918851817008,0.2444412642265859,0.24437862049967984,0.0,0.24481437078360183,0.2585705316244015
加拿大多伦多S&P/TSX 综合指数,0.3867067752553727,0.2859721396696471,0.44323342729269444,0.31733823044437354,0.32303328761259037,0.412060047815424,0.24481437078360183,0.0,0.39712608794644894
S&P CLX IPSA,0.37732382914547974,0.2998683150762062,0.44110855726642184,0.36817286541539357,0.3642945033823426,0.38620099866551694,0.2585705316244015,0.39712608794644894,0.0
