,比利时BFX,日经225,墨西哥BOLSA,恒生指数,韩国综合指数,荷兰AEX,Costa Rica Indice Accionario,加拿大多伦多S&P/TSX 综合指数,S&P CLX IPSA
比利时BFX,0.0,0.3283540857736682,0.395031492551238,0.35877906127394177,0.32417402578428195,0.7048931640327363,0.24115698844210964,0.3902032107369502,0.37640308323437544
日经225,0.3283540857736682,0.0,0.29546297010128203,0.38859374191293655,0.3944463125116517,0.32991695995271536,0.23388847658425044,0.28807014450724827,0.3001630666944551
墨西哥BOLSA,0.395031492551238,0.29546297010128203,0.0,0.3321667938884724,0.3483830140476017,0.4238964838761319,0.2546370000251445,0.44776029108586884,0.4379329032206908
恒生指数,0.35877906127394177,0.38859374191293655,0.3321667938884724,0.0,0.43383261678802293,0.36379725745349584,0.24690047877560836,0.3201197437220386,0.3677116265299367
韩国综合指数,0.32417402578428195,0.3944463125116517,0.3483830140476017,0.43383261678802293,0.0,0.3272540186945758,0.24496687075362966,0.3271235705756387,0.36438406448480254
荷兰AEX,0.7048931640327363,0.32991695995271536,0.4238964838761319,0.36379725745349584,0.3272540186945758,0.0,0.24813841466373357,0.4151618902198141,0.3834185776701251
Costa Rica Indice Accionario,0.24115698844210964,0.23388847658425044,0.2546370000251445,0.24690047877560836,0.24496687075362966,0.24813841466373357,0.0,0.24848853737276086,0.26151309997351124
加拿大多伦多S&P/TSX 综合指数,0.3902032107369502,0.28807014450724827,0.44776029108586884,0.3201197437220386,0.3271235705756387,0.4151618902198141,0.24848853737276086,0.0,0.39253519244232715
S&P CLX IPSA,0.37640308323437544,0.3001630666944551,0.4379329032206908,0.3677116265299367,0.36438406448480254,0.3834185776701251,0.26151309997351124,0.39253519244232715,0.0
