,比利时BFX,日经225,墨西哥BOLSA,恒生指数,韩国综合指数,荷兰AEX,Costa Rica Indice Accionario,加拿大多伦多S&P/TSX 综合指数,S&P CLX IPSA
比利时BFX,0.0,0.324671487211925,0.39045107394854495,0.357235831491533,0.3193048104477285,0.7012054739889094,0.23848228655307893,0.3952615583791253,0.38218037633313073
日经225,0.324671487211925,0.0,0.2963487442113063,0.39602038392373123,0.39026395846015444,0.32660605858890684,0.23421039004702898,0.28404215068258026,0.29749694104036356
墨西哥BOLSA,0.39045107394854495,0.2963487442113063,0.0,0.3309509449727327,0.3379198458508554,0.41914174192500536,0.24825807827517687,0.43919531646509474,0.43923561544254736
恒生指数,0.357235831491533,0.39602038392373123,0.3309509449727327,0.0,0.42474614138865685,0.3625266498154901,0.24737255980319448,0.31920158144115673,0.3655283627218374
韩国综合指数,0.3193048104477285,0.39026395846015444,0.3379198458508554,0.42474614138865685,0.0,0.3235012206983606,0.2449037625989905,0.3202321080685969,0.3590146827288547
荷兰AEX,0.7012054739889094,0.32660605858890684,0.41914174192500536,0.3625266498154901,0.3235012206983606,0.0,0.24626426848370045,0.42013257238014756,0.39272176310513235
Costa Rica Indice Accionario,0.23848228655307893,0.23421039004702898,0.24825807827517687,0.24737255980319448,0.2449037625989905,0.24626426848370045,0.0,0.2457810652529389,0.2565257706005325
加拿大多伦多S&P/TSX 综合指数,0.3952615583791253,0.28404215068258026,0.43919531646509474,0.31920158144115673,0.3202321080685969,0.42013257238014756,0.2457810652529389,0.0,0.4020674560927945
S&P CLX IPSA,0.38218037633313073,0.29749694104036356,0.43923561544254736,0.3655283627218374,0.3590146827288547,0.39272176310513235,0.2565257706005325,0.4020674560927945,0.0
