,比利时BFX,日经225,墨西哥BOLSA,恒生指数,韩国综合指数,荷兰AEX,Costa Rica Indice Accionario,加拿大多伦多S&P/TSX 综合指数,S&P CLX IPSA
比利时BFX,0.0,0.32791684069117416,0.3972226942730213,0.3520223791890448,0.3208721516716701,0.7075811258183057,0.24940694711351466,0.3986652926389414,0.37776965600116136
日经225,0.32791684069117416,0.0,0.29301241738738376,0.3898717323696127,0.38657053798102475,0.33114083380867115,0.24003093060907524,0.28553827843188195,0.2976103843561817
墨西哥BOLSA,0.3972226942730213,0.29301241738738376,0.0,0.3238587362152042,0.33795399516119784,0.4224765284998267,0.26108404455824863,0.44216340288308614,0.4347241297547701
恒生指数,0.3520223791890448,0.3898717323696127,0.3238587362152042,0.0,0.4232896469586969,0.35537065222264624,0.2468448644956556,0.3145969669036201,0.3573659647446197
韩国综合指数,0.3208721516716701,0.38657053798102475,0.33795399516119784,0.4232896469586969,0.0,0.3242283512877666,0.25061374588011537,0.3182122233166047,0.3518420962904298
荷兰AEX,0.7075811258183057,0.33114083380867115,0.4224765284998267,0.35537065222264624,0.3242283512877666,0.0,0.2549126133734234,0.41916211717491353,0.3812620189693737
Costa Rica Indice Accionario,0.24940694711351466,0.24003093060907524,0.26108404455824863,0.2468448644956556,0.25061374588011537,0.2549126133734234,0.0,0.24963325328748645,0.2685131263367334
加拿大多伦多S&P/TSX 综合指数,0.3986652926389414,0.28553827843188195,0.44216340288308614,0.3145969669036201,0.3182122233166047,0.41916211717491353,0.24963325328748645,0.0,0.39063267891387254
S&P CLX IPSA,0.37776965600116136,0.2976103843561817,0.4347241297547701,0.3573659647446197,0.3518420962904298,0.3812620189693737,0.2685131263367334,0.39063267891387254,0.0
