,比利时BFX,日经225,墨西哥BOLSA,恒生指数,韩国综合指数,荷兰AEX,Costa Rica Indice Accionario,加拿大多伦多S&P/TSX 综合指数,S&P CLX IPSA
比利时BFX,0.0,0.32185200572448924,0.3869623768918646,0.35570724599168935,0.31781232281177446,0.6989814027969286,0.23707846897763424,0.3941482138939314,0.3771718532514777
日经225,0.32185200572448924,0.0,0.2966853658602744,0.39408033631296036,0.3879073138035257,0.3222827272711441,0.23511427694974366,0.28128218625009765,0.2944401650600311
墨西哥BOLSA,0.3869623768918646,0.2966853658602744,0.0,0.32749504112537386,0.33851483278965266,0.4115303355417097,0.2474684664818048,0.44098027139038,0.4317881041729771
恒生指数,0.35570724599168935,0.39408033631296036,0.32749504112537386,0.0,0.4254304940228467,0.3620139116477472,0.24534229691170004,0.31893848855972423,0.361345745486133
韩国综合指数,0.31781232281177446,0.3879073138035257,0.33851483278965266,0.4254304940228467,0.0,0.3226593519136097,0.24427299710334233,0.31863091803080384,0.3583439885580535
荷兰AEX,0.6989814027969286,0.3222827272711441,0.4115303355417097,0.3620139116477472,0.3226593519136097,0.0,0.24413162094175647,0.41867243183697567,0.38852504275824845
Costa Rica Indice Accionario,0.23707846897763424,0.23511427694974366,0.2474684664818048,0.24534229691170004,0.24427299710334233,0.24413162094175647,0.0,0.24209329372806387,0.2569406620660561
加拿大多伦多S&P/TSX 综合指数,0.3941482138939314,0.28128218625009765,0.44098027139038,0.31893848855972423,0.31863091803080384,0.41867243183697567,0.24209329372806387,0.0,0.4007264619554166
S&P CLX IPSA,0.3771718532514777,0.2944401650600311,0.4317881041729771,0.361345745486133,0.3583439885580535,0.38852504275824845,0.2569406620660561,0.4007264619554166,0.0
