,比利时BFX,日经225,墨西哥BOLSA,恒生指数,韩国综合指数,荷兰AEX,Costa Rica Indice Accionario,加拿大多伦多S&P/TSX 综合指数,S&P CLX IPSA
比利时BFX,0.0,0.323350413727618,0.36640811497685005,0.33369157010837847,0.3052117126694109,0.6810388104462415,0.23332197108409716,0.3765596200754923,0.34569432328768174
日经225,0.323350413727618,0.0,0.28867322713881305,0.40756475524816255,0.3876557802251097,0.32068969779811607,0.23177226205281048,0.2631841192527549,0.28806177019608736
墨西哥BOLSA,0.36640811497685005,0.28867322713881305,0.0,0.308019226180021,0.3192377999739104,0.39478932652657106,0.2447368924010588,0.4251556701728419,0.41382105581617423
恒生指数,0.33369157010837847,0.40756475524816255,0.308019226180021,0.0,0.44496790720396334,0.33888942986647697,0.2432440953677875,0.3010180468151643,0.3327313628108855
韩国综合指数,0.3052117126694109,0.3876557802251097,0.3192377999739104,0.44496790720396334,0.0,0.31210195916667083,0.2422045546347168,0.29625300228636037,0.33797787271529667
荷兰AEX,0.6810388104462415,0.32068969779811607,0.39478932652657106,0.33888942986647697,0.31210195916667083,0.0,0.2409553248273742,0.40054890906065443,0.36485620424830817
Costa Rica Indice Accionario,0.23332197108409716,0.23177226205281048,0.2447368924010588,0.2432440953677875,0.2422045546347168,0.2409553248273742,0.0,0.23805939591608904,0.2575306294714659
加拿大多伦多S&P/TSX 综合指数,0.3765596200754923,0.2631841192527549,0.4251556701728419,0.3010180468151643,0.29625300228636037,0.40054890906065443,0.23805939591608904,0.0,0.3814881108562621
S&P CLX IPSA,0.34569432328768174,0.28806177019608736,0.41382105581617423,0.3327313628108855,0.33797787271529667,0.36485620424830817,0.2575306294714659,0.3814881108562621,0.0
