,比利时BFX,日经225,墨西哥BOLSA,恒生指数,韩国综合指数,荷兰AEX,Costa Rica Indice Accionario,加拿大多伦多S&P/TSX 综合指数,S&P CLX IPSA
比利时BFX,0.0,0.3227114741373617,0.3665877061145177,0.3305607458941959,0.3029231910327374,0.6803012517428688,0.23529322854456988,0.3803213523655246,0.34813599094407915
日经225,0.3227114741373617,0.0,0.2896428809152668,0.40056501357649416,0.3901167135346914,0.3224568267082271,0.23502286361112817,0.2698855117811609,0.2889613530681262
墨西哥BOLSA,0.3665877061145177,0.2896428809152668,0.0,0.30967978861105666,0.3178526713843108,0.39450100789242626,0.24626302432741468,0.4242587583359655,0.4144226563009939
恒生指数,0.3305607458941959,0.40056501357649416,0.30967978861105666,0.0,0.43591905359735833,0.338280948553844,0.245132264635689,0.3018355073018469,0.33297536705735153
韩国综合指数,0.3029231910327374,0.3901167135346914,0.3178526713843108,0.43591905359735833,0.0,0.3105279375638852,0.24387417845266937,0.2994265375868121,0.3390207560761572
荷兰AEX,0.6803012517428688,0.3224568267082271,0.39450100789242626,0.338280948553844,0.3105279375638852,0.0,0.24340990153013395,0.40512953485531933,0.36731572882388475
Costa Rica Indice Accionario,0.23529322854456988,0.23502286361112817,0.24626302432741468,0.245132264635689,0.24387417845266937,0.24340990153013395,0.0,0.241335584519546,0.25809677689101385
加拿大多伦多S&P/TSX 综合指数,0.3803213523655246,0.2698855117811609,0.4242587583359655,0.3018355073018469,0.2994265375868121,0.40512953485531933,0.241335584519546,0.0,0.38042905309649977
S&P CLX IPSA,0.34813599094407915,0.2889613530681262,0.4144226563009939,0.33297536705735153,0.3390207560761572,0.36731572882388475,0.25809677689101385,0.38042905309649977,0.0
