,比利时BFX,日经225,墨西哥BOLSA,恒生指数,韩国综合指数,荷兰AEX,Costa Rica Indice Accionario,加拿大多伦多S&P/TSX 综合指数,S&P CLX IPSA
比利时BFX,0.0,0.3277740296860706,0.39758416376880856,0.35031208885091714,0.3194173052067166,0.705806185694445,0.24187965182480572,0.39752520515638373,0.38373761588463834
日经225,0.3277740296860706,0.0,0.2961216303424711,0.3920816417964209,0.3907244718540693,0.33077320202167915,0.2344466907310593,0.2873600556861418,0.301016582072179
墨西哥BOLSA,0.39758416376880856,0.2961216303424711,0.0,0.32386614009628045,0.3403041246502694,0.42346530851439174,0.2564689762131867,0.44385078090166563,0.439933338040773
恒生指数,0.35031208885091714,0.3920816417964209,0.32386614009628045,0.0,0.4281271118575373,0.35425403191020594,0.24709463099028459,0.3142325282453434,0.35650596650246347
韩国综合指数,0.3194173052067166,0.3907244718540693,0.3403041246502694,0.4281271118575373,0.0,0.3227727647868865,0.24564708131274335,0.3210997273326382,0.35785139435158037
荷兰AEX,0.705806185694445,0.33077320202167915,0.42346530851439174,0.35425403191020594,0.3227727647868865,0.0,0.24891772856051012,0.4182698067482558,0.38812545218289735
Costa Rica Indice Accionario,0.24187965182480572,0.2344466907310593,0.2564689762131867,0.24709463099028459,0.24564708131274335,0.24891772856051012,0.0,0.24957697570324766,0.26291143682206847
加拿大多伦多S&P/TSX 综合指数,0.39752520515638373,0.2873600556861418,0.44385078090166563,0.3142325282453434,0.3210997273326382,0.4182698067482558,0.24957697570324766,0.0,0.3944313811934818
S&P CLX IPSA,0.38373761588463834,0.301016582072179,0.439933338040773,0.35650596650246347,0.35785139435158037,0.38812545218289735,0.26291143682206847,0.3944313811934818,0.0
