,比利时BFX,日经225,墨西哥BOLSA,恒生指数,韩国综合指数,荷兰AEX,Costa Rica Indice Accionario,加拿大多伦多S&P/TSX 综合指数,S&P CLX IPSA
比利时BFX,0.0,0.3284988135968683,0.3976484064151744,0.35519864722428596,0.34509262201397994,0.7087319881631022,0.24102687761009262,0.38202991510165824,0.35798424310473
日经225,0.3284988135968683,0.0,0.31408354043722164,0.41799035801994755,0.4193362235649996,0.3315386059490295,0.23939481229262238,0.2781416646108773,0.3090202131539877
墨西哥BOLSA,0.3976484064151744,0.31408354043722164,0.0,0.32163761188692513,0.3266391024304312,0.41487432002911123,0.25259146836410745,0.4303306299123835,0.39016570790060773
恒生指数,0.35519864722428596,0.41799035801994755,0.32163761188692513,0.0,0.49637453636010265,0.36929142992618536,0.25020934383978044,0.3132068177367597,0.3611598091085345
韩国综合指数,0.34509262201397994,0.4193362235649996,0.3266391024304312,0.49637453636010265,0.0,0.35703188119142487,0.2556653654559369,0.3025619518746321,0.34407984602339603
荷兰AEX,0.7087319881631022,0.3315386059490295,0.41487432002911123,0.36929142992618536,0.35703188119142487,0.0,0.24956961086948395,0.4128906084712146,0.38150560876975903
Costa Rica Indice Accionario,0.24102687761009262,0.23939481229262238,0.25259146836410745,0.25020934383978044,0.2556653654559369,0.24956961086948395,0.0,0.24441277116287397,0.25408250444134306
加拿大多伦多S&P/TSX 综合指数,0.38202991510165824,0.2781416646108773,0.4303306299123835,0.3132068177367597,0.3025619518746321,0.4128906084712146,0.24441277116287397,0.0,0.37268678623574647
S&P CLX IPSA,0.35798424310473,0.3090202131539877,0.39016570790060773,0.3611598091085345,0.34407984602339603,0.38150560876975903,0.25408250444134306,0.37268678623574647,0.0
