,比利时BFX,日经225,墨西哥BOLSA,恒生指数,韩国综合指数,荷兰AEX,Costa Rica Indice Accionario,加拿大多伦多S&P/TSX 综合指数,S&P CLX IPSA
比利时BFX,0.0,0.3465819776317778,0.3779243684674077,0.34118228149614127,0.3215305806983167,0.6889231152893658,0.23428663920489876,0.3767788999453093,0.3503313984256343
日经225,0.3465819776317778,0.0,0.30251450576231254,0.42696467438165087,0.40018931149597964,0.3381762267003988,0.23239617773837704,0.27072398953225796,0.2925168533930664
墨西哥BOLSA,0.3779243684674077,0.30251450576231254,0.0,0.31297919367159077,0.328606563172713,0.40329970352077743,0.24495480872921216,0.4269770921305822,0.418167265840246
恒生指数,0.34118228149614127,0.42696467438165087,0.31297919367159077,0.0,0.4593791213296305,0.34782139096455617,0.24343274234718298,0.30219991285202036,0.34367174443727433
韩国综合指数,0.3215305806983167,0.40018931149597964,0.328606563172713,0.4593791213296305,0.0,0.3237133249046,0.2423427764063424,0.30015127359161076,0.3395283366054742
荷兰AEX,0.6889231152893658,0.3381762267003988,0.40329970352077743,0.34782139096455617,0.3237133249046,0.0,0.24128009227015054,0.40277514445532436,0.36672481908335114
Costa Rica Indice Accionario,0.23428663920489876,0.23239617773837704,0.24495480872921216,0.24343274234718298,0.2423427764063424,0.24128009227015054,0.0,0.23821451992008427,0.2576049245644556
加拿大多伦多S&P/TSX 综合指数,0.3767788999453093,0.27072398953225796,0.4269770921305822,0.30219991285202036,0.30015127359161076,0.40277514445532436,0.23821451992008427,0.0,0.3877251341039329
S&P CLX IPSA,0.3503313984256343,0.2925168533930664,0.418167265840246,0.34367174443727433,0.3395283366054742,0.36672481908335114,0.2576049245644556,0.3877251341039329,0.0
