,比利时BFX,日经225,墨西哥BOLSA,恒生指数,韩国综合指数,荷兰AEX,Costa Rica Indice Accionario,加拿大多伦多S&P/TSX 综合指数,S&P CLX IPSA
比利时BFX,0.0,0.3018688663919932,0.38132302821371455,0.3478121684222092,0.3303875518742924,0.6967158543517564,0.23791096944933435,0.37943110572712707,0.3399740269775435
日经225,0.3018688663919932,0.0,0.2830681966478433,0.4035172056603375,0.41621428375111036,0.30898742636062076,0.2420031781469905,0.2690199752546138,0.2784398315421114
墨西哥BOLSA,0.38132302821371455,0.2830681966478433,0.0,0.30789739904887464,0.30456921748106897,0.3924042887898183,0.25009898392112606,0.39346205102552917,0.3893050896073838
恒生指数,0.3478121684222092,0.4035172056603375,0.30789739904887464,0.0,0.4772665761036473,0.3702360965200929,0.25780947483231126,0.3030455115760723,0.3274137067959634
韩国综合指数,0.3303875518742924,0.41621428375111036,0.30456921748106897,0.4772665761036473,0.0,0.3433066616631802,0.26165191998239945,0.29089570385766755,0.3048592890992925
荷兰AEX,0.6967158543517564,0.30898742636062076,0.3924042887898183,0.3702360965200929,0.3433066616631802,0.0,0.2481358535164185,0.4073187307973138,0.3572491862750096
Costa Rica Indice Accionario,0.23791096944933435,0.2420031781469905,0.25009898392112606,0.25780947483231126,0.26165191998239945,0.2481358535164185,0.0,0.246873003557058,0.25212818382206204
加拿大多伦多S&P/TSX 综合指数,0.37943110572712707,0.2690199752546138,0.39346205102552917,0.3030455115760723,0.29089570385766755,0.4073187307973138,0.246873003557058,0.0,0.35159731586667037
S&P CLX IPSA,0.3399740269775435,0.2784398315421114,0.3893050896073838,0.3274137067959634,0.3048592890992925,0.3572491862750096,0.25212818382206204,0.35159731586667037,0.0
