,比利时BFX,日经225,墨西哥BOLSA,恒生指数,韩国综合指数,荷兰AEX,Costa Rica Indice Accionario,加拿大多伦多S&P/TSX 综合指数,S&P CLX IPSA
比利时BFX,0.0,0.329470665583078,0.3968570369265128,0.34706422219567434,0.3413015118067103,0.6939232354870962,0.2339561707158377,0.37392377250296716,0.3478532474589672
日经225,0.329470665583078,0.0,0.3122919169633599,0.4186363791065033,0.41850853211448835,0.32782371538705546,0.23155564702629866,0.27583092873838355,0.30389505568261727
墨西哥BOLSA,0.3968570369265128,0.3122919169633599,0.0,0.33055777232830047,0.34456360853053064,0.4187010672810673,0.2465153777241995,0.4261813498690587,0.39881884271200907
恒生指数,0.34706422219567434,0.4186363791065033,0.33055777232830047,0.0,0.4843242505214925,0.3588063577154244,0.24348015481616492,0.3107573347658168,0.36176231046960033
韩国综合指数,0.3413015118067103,0.41850853211448835,0.34456360853053064,0.4843242505214925,0.0,0.35252287325964016,0.2488385553858782,0.3073413268133825,0.34491248514042744
荷兰AEX,0.6939232354870962,0.32782371538705546,0.4187010672810673,0.3588063577154244,0.35252287325964016,0.0,0.24071968646564385,0.39796193998165075,0.36597012533558737
Costa Rica Indice Accionario,0.2339561707158377,0.23155564702629866,0.2465153777241995,0.24348015481616492,0.2488385553858782,0.24071968646564385,0.0,0.24082004670472848,0.25854660550744646
加拿大多伦多S&P/TSX 综合指数,0.37392377250296716,0.27583092873838355,0.4261813498690587,0.3107573347658168,0.3073413268133825,0.39796193998165075,0.24082004670472848,0.0,0.3669299065478405
S&P CLX IPSA,0.3478532474589672,0.30389505568261727,0.39881884271200907,0.36176231046960033,0.34491248514042744,0.36597012533558737,0.25854660550744646,0.3669299065478405,0.0
