,比利时BFX,日经225,墨西哥BOLSA,恒生指数,韩国综合指数,荷兰AEX,Costa Rica Indice Accionario,加拿大多伦多S&P/TSX 综合指数,S&P CLX IPSA
比利时BFX,0.0,0.3305125124588223,0.39432540757912893,0.3599421167746448,0.3258957877895097,0.7056761575446623,0.23957206174955067,0.39044338584678767,0.3767566225580765
日经225,0.3305125124588223,0.0,0.29704855817678655,0.39080455687449017,0.3979555370609781,0.3328618477527044,0.23408874938273666,0.2891297879133053,0.300072473434135
墨西哥BOLSA,0.39432540757912893,0.29704855817678655,0.0,0.3327744636402206,0.3482780514831052,0.4227567634979093,0.2499740063662652,0.4476946069342711,0.439170134488787
恒生指数,0.3599421167746448,0.39080455687449017,0.3327744636402206,0.0,0.43447953849309984,0.3657179007361847,0.2472269985755531,0.32121648221489796,0.36734782151704926
韩国综合指数,0.3258957877895097,0.3979555370609781,0.3482780514831052,0.43447953849309984,0.0,0.3297550101220792,0.2450175437682874,0.32770244148862326,0.3643792083572514
荷兰AEX,0.7056761575446623,0.3328618477527044,0.4227567634979093,0.3657179007361847,0.3297550101220792,0.0,0.24691174560243084,0.4151985235254278,0.3836570363716565
Costa Rica Indice Accionario,0.23957206174955067,0.23408874938273666,0.2499740063662652,0.2472269985755531,0.2450175437682874,0.24691174560243084,0.0,0.24626591061828898,0.2595036210204913
加拿大多伦多S&P/TSX 综合指数,0.39044338584678767,0.2891297879133053,0.4476946069342711,0.32121648221489796,0.32770244148862326,0.4151985235254278,0.24626591061828898,0.0,0.3920643426557019
S&P CLX IPSA,0.3767566225580765,0.300072473434135,0.439170134488787,0.36734782151704926,0.3643792083572514,0.3836570363716565,0.2595036210204913,0.3920643426557019,0.0
