,比利时BFX,日经225,墨西哥BOLSA,恒生指数,韩国综合指数,荷兰AEX,Costa Rica Indice Accionario,加拿大多伦多S&P/TSX 综合指数,S&P CLX IPSA
比利时BFX,0.0,0.3202511330756265,0.3977706911904442,0.35427235056969814,0.34847812439926096,0.7054160525891509,0.24065193275027677,0.3837190860540521,0.341116096191406
日经225,0.3202511330756265,0.0,0.305348578239524,0.4125216400100343,0.41272469027267006,0.3251177994678669,0.23752758937407067,0.276723806451461,0.29967960998506993
墨西哥BOLSA,0.3977706911904442,0.305348578239524,0.0,0.31446703745955845,0.32554433175957276,0.41025782742510924,0.2517859894519277,0.4276049197207586,0.3771838681087069
恒生指数,0.35427235056969814,0.4125216400100343,0.31446703745955845,0.0,0.4899572615121436,0.3725382270714587,0.2493042307763155,0.301155767747332,0.3390465519201228
韩国综合指数,0.34847812439926096,0.41272469027267006,0.32554433175957276,0.4899572615121436,0.0,0.3606003365123189,0.2549424075872062,0.2988431861259627,0.32788405227334816
荷兰AEX,0.7054160525891509,0.3251177994678669,0.41025782742510924,0.3725382270714587,0.3606003365123189,0.0,0.24883908546273636,0.41112263106856556,0.3596244479890984
Costa Rica Indice Accionario,0.24065193275027677,0.23752758937407067,0.2517859894519277,0.2493042307763155,0.2549424075872062,0.24883908546273636,0.0,0.24422680476347253,0.2504383432019227
加拿大多伦多S&P/TSX 综合指数,0.3837190860540521,0.276723806451461,0.4276049197207586,0.301155767747332,0.2988431861259627,0.41112263106856556,0.24422680476347253,0.0,0.36411656640405615
S&P CLX IPSA,0.341116096191406,0.29967960998506993,0.3771838681087069,0.3390465519201228,0.32788405227334816,0.3596244479890984,0.2504383432019227,0.36411656640405615,0.0
