,比利时BFX,日经225,墨西哥BOLSA,恒生指数,韩国综合指数,荷兰AEX,Costa Rica Indice Accionario,加拿大多伦多S&P/TSX 综合指数,S&P CLX IPSA
比利时BFX,0.0,0.3288506957384738,0.3905516423872366,0.3558563222172754,0.3219279226966985,0.7061954327865757,0.2519311388172571,0.40058905277652085,0.37326705798060167
日经225,0.3288506957384738,0.0,0.293069901861298,0.38749674378609866,0.38470939042415986,0.3311693750075785,0.23996804510613085,0.28412113802056643,0.2959441130805366
墨西哥BOLSA,0.3905516423872366,0.293069901861298,0.0,0.3228274432498736,0.34007824562937056,0.4188513833039649,0.2581645106029587,0.4372289175571494,0.43542715420484557
恒生指数,0.3558563222172754,0.38749674378609866,0.3228274432498736,0.0,0.41940818151800247,0.356904664184705,0.24829101583715077,0.314709526634377,0.3528686476647342
韩国综合指数,0.3219279226966985,0.38470939042415986,0.34007824562937056,0.41940818151800247,0.0,0.32526427471714564,0.25014866093121746,0.31874566864206527,0.34829119870291997
荷兰AEX,0.7061954327865757,0.3311693750075785,0.4188513833039649,0.356904664184705,0.32526427471714564,0.0,0.25597674329896053,0.4200398837416983,0.3775823926247787
Costa Rica Indice Accionario,0.2519311388172571,0.23996804510613085,0.2581645106029587,0.24829101583715077,0.25014866093121746,0.25597674329896053,0.0,0.2512716578056396,0.2654413666238284
加拿大多伦多S&P/TSX 综合指数,0.40058905277652085,0.28412113802056643,0.4372289175571494,0.314709526634377,0.31874566864206527,0.4200398837416983,0.2512716578056396,0.0,0.3840310828311597
S&P CLX IPSA,0.37326705798060167,0.2959441130805366,0.43542715420484557,0.3528686476647342,0.34829119870291997,0.3775823926247787,0.2654413666238284,0.3840310828311597,0.0
