,比利时BFX,日经225,墨西哥BOLSA,恒生指数,韩国综合指数,荷兰AEX,Costa Rica Indice Accionario,加拿大多伦多S&P/TSX 综合指数,S&P CLX IPSA
比利时BFX,0.0,0.33765350645238335,0.3915906536062266,0.354314432366031,0.3235981806353823,0.7026788388200815,0.259806132276399,0.4022935508523537,0.3830460129750791
日经225,0.33765350645238335,0.0,0.303319783178064,0.39088562645009517,0.3957162650072767,0.3365694675142501,0.2470040665802687,0.2991652115131086,0.30483244317590796
墨西哥BOLSA,0.3915906536062266,0.303319783178064,0.0,0.32704075540682825,0.3431329123799591,0.4170986383915856,0.25550562525939385,0.4288957942779376,0.43482962575330525
恒生指数,0.354314432366031,0.39088562645009517,0.32704075540682825,0.0,0.3985450821223798,0.35550296521435354,0.2424927712125211,0.32217687641942333,0.35127902453062937
韩国综合指数,0.3235981806353823,0.3957162650072767,0.3431329123799591,0.3985450821223798,0.0,0.32427281436548655,0.24265056567681154,0.32907076151124637,0.3440148597846453
荷兰AEX,0.7026788388200815,0.3365694675142501,0.4170986383915856,0.35550296521435354,0.32427281436548655,0.0,0.25364793523476226,0.4124225550433995,0.38299640930068135
Costa Rica Indice Accionario,0.259806132276399,0.2470040665802687,0.25550562525939385,0.2424927712125211,0.24265056567681154,0.25364793523476226,0.0,0.24525530535240944,0.24640714721567056
加拿大多伦多S&P/TSX 综合指数,0.4022935508523537,0.2991652115131086,0.4288957942779376,0.32217687641942333,0.32907076151124637,0.4124225550433995,0.24525530535240944,0.0,0.3837760835962875
S&P CLX IPSA,0.3830460129750791,0.30483244317590796,0.43482962575330525,0.35127902453062937,0.3440148597846453,0.38299640930068135,0.24640714721567056,0.3837760835962875,0.0
