,比利时BFX,日经225,墨西哥BOLSA,恒生指数,韩国综合指数,荷兰AEX,Costa Rica Indice Accionario,加拿大多伦多S&P/TSX 综合指数,S&P CLX IPSA
比利时BFX,0.0,0.327187126595585,0.4018328972814214,0.3569100516791837,0.3509721983276388,0.7074826376273046,0.24147956597489922,0.38292134958069723,0.35063800814925755
日经225,0.327187126595585,0.0,0.3129054754087976,0.4172717941789866,0.419826975385745,0.3303204894573757,0.2392641153682041,0.27983934476552796,0.30729916257032774
墨西哥BOLSA,0.4018328972814214,0.3129054754087976,0.0,0.32056498070094963,0.3263776488008958,0.42024966540031927,0.252302846183658,0.42671910343594543,0.3895046706851988
恒生指数,0.3569100516791837,0.4172717941789866,0.32056498070094963,0.0,0.5006139261325556,0.3713001429477729,0.25156731016325523,0.31107894141243647,0.35747784201126453
韩国综合指数,0.3509721983276388,0.419826975385745,0.3263776488008958,0.5006139261325556,0.0,0.36366414123929935,0.25652020351542093,0.29996982810386014,0.3421702061177181
荷兰AEX,0.7074826376273046,0.3303204894573757,0.42024966540031927,0.3713001429477729,0.36366414123929935,0.0,0.2505370225866828,0.40804917035289406,0.3702123665539757
Costa Rica Indice Accionario,0.24147956597489922,0.2392641153682041,0.252302846183658,0.25156731016325523,0.25652020351542093,0.2505370225866828,0.0,0.24425768155734878,0.2535252131617178
加拿大多伦多S&P/TSX 综合指数,0.38292134958069723,0.27983934476552796,0.42671910343594543,0.31107894141243647,0.29996982810386014,0.40804917035289406,0.24425768155734878,0.0,0.37729885910389743
S&P CLX IPSA,0.35063800814925755,0.30729916257032774,0.3895046706851988,0.35747784201126453,0.3421702061177181,0.3702123665539757,0.2535252131617178,0.37729885910389743,0.0
