,比利时BFX,日经225,墨西哥BOLSA,恒生指数,韩国综合指数,荷兰AEX,Costa Rica Indice Accionario,加拿大多伦多S&P/TSX 综合指数,S&P CLX IPSA
比利时BFX,0.0,0.3223385673148401,0.3883242394322078,0.3558828637092409,0.31784271247642776,0.6988805113135002,0.23693036542746324,0.3933845546723498,0.37717828003215453
日经225,0.3223385673148401,0.0,0.2970508068684724,0.3937194743315831,0.3877333746501685,0.3228701629452975,0.23487709868325668,0.2821843618575215,0.2944456797793953
墨西哥BOLSA,0.3883242394322078,0.2970508068684724,0.0,0.3269693136588532,0.33773266250082434,0.4135074616762606,0.2468725635896279,0.44293171444673324,0.4318449586782936
恒生指数,0.3558828637092409,0.3937194743315831,0.3269693136588532,0.0,0.4246404636930004,0.3621156449776827,0.2451436708438862,0.3186019602848,0.36135590637084253
韩国综合指数,0.31784271247642776,0.3877333746501685,0.33773266250082434,0.4246404636930004,0.0,0.3230277960776992,0.24394772930025707,0.3197950554804832,0.3582730529170358
荷兰AEX,0.6988805113135002,0.3228701629452975,0.4135074616762606,0.3621156449776827,0.3230277960776992,0.0,0.24398887631810146,0.41857990869287853,0.3890115121850741
Costa Rica Indice Accionario,0.23693036542746324,0.23487709868325668,0.2468725635896279,0.2451436708438862,0.24394772930025707,0.24398887631810146,0.0,0.24191738737832527,0.25659431574770447
加拿大多伦多S&P/TSX 综合指数,0.3933845546723498,0.2821843618575215,0.44293171444673324,0.3186019602848,0.3197950554804832,0.41857990869287853,0.24191738737832527,0.0,0.401081797998813
S&P CLX IPSA,0.37717828003215453,0.2944456797793953,0.4318449586782936,0.36135590637084253,0.3582730529170358,0.3890115121850741,0.25659431574770447,0.401081797998813,0.0
