,比利时BFX,日经225,墨西哥BOLSA,恒生指数,韩国综合指数,荷兰AEX,Costa Rica Indice Accionario,加拿大多伦多S&P/TSX 综合指数,S&P CLX IPSA
比利时BFX,0.0,0.32379739192244933,0.3658293381952936,0.33168605168830895,0.3037473016627329,0.6790531311393498,0.2353674244571972,0.3804454855961899,0.347755770156904
日经225,0.32379739192244933,0.0,0.2895194783241034,0.40802874176059495,0.3886131251368717,0.32243556580849336,0.2352769306652819,0.26919874532172716,0.2882926409961628
墨西哥BOLSA,0.3658293381952936,0.2895194783241034,0.0,0.3076842343557172,0.3188323435980923,0.39445692898159435,0.24617655701552268,0.424944787385959,0.4148031217452926
恒生指数,0.33168605168830895,0.40802874176059495,0.3076842343557172,0.0,0.4445196201272917,0.33813390915164454,0.24518799630504784,0.3028179360828199,0.3323108816375281
韩国综合指数,0.3037473016627329,0.3886131251368717,0.3188323435980923,0.4445196201272917,0.0,0.310852930605039,0.2441163622983374,0.2986546672849462,0.3389619940830187
荷兰AEX,0.6790531311393498,0.32243556580849336,0.39445692898159435,0.33813390915164454,0.310852930605039,0.0,0.2434302839148576,0.40526469030091294,0.36724384366599416
Costa Rica Indice Accionario,0.2353674244571972,0.2352769306652819,0.24617655701552268,0.24518799630504784,0.2441163622983374,0.2434302839148576,0.0,0.24141314974075365,0.25810186936859325
加拿大多伦多S&P/TSX 综合指数,0.3804454855961899,0.26919874532172716,0.424944787385959,0.3028179360828199,0.2986546672849462,0.40526469030091294,0.24141314974075365,0.0,0.38028712620105326
S&P CLX IPSA,0.347755770156904,0.2882926409961628,0.4148031217452926,0.3323108816375281,0.3389619940830187,0.36724384366599416,0.25810186936859325,0.38028712620105326,0.0
