,比利时BFX,日经225,墨西哥BOLSA,恒生指数,韩国综合指数,荷兰AEX,Costa Rica Indice Accionario,加拿大多伦多S&P/TSX 综合指数,S&P CLX IPSA
比利时BFX,0.0,0.33665859567231643,0.39228947292424354,0.3484645115469833,0.3135254440176678,0.6982500622032244,0.26139615311399483,0.39485541836875543,0.3793291713898762
日经225,0.33665859567231643,0.0,0.3038517716363749,0.3670083732179958,0.3723337870193124,0.33392687882042654,0.263674614215576,0.297276660604652,0.29651818701573696
墨西哥BOLSA,0.39228947292424354,0.3038517716363749,0.0,0.32479556183963804,0.343009681509982,0.41583949327146813,0.24957347571246655,0.41939691305789545,0.41657137312143283
恒生指数,0.3484645115469833,0.3670083732179958,0.32479556183963804,0.0,0.38467379355255554,0.3470040168322583,0.2533362574779272,0.3214004419107644,0.3471020204102116
韩国综合指数,0.3135254440176678,0.3723337870193124,0.343009681509982,0.38467379355255554,0.0,0.31198525299945246,0.2485575634357533,0.32722204534430915,0.34026172226902
荷兰AEX,0.6982500622032244,0.33392687882042654,0.41583949327146813,0.3470040168322583,0.31198525299945246,0.0,0.2528983865272111,0.40351712687124036,0.37531211241134643
Costa Rica Indice Accionario,0.26139615311399483,0.263674614215576,0.24957347571246655,0.2533362574779272,0.2485575634357533,0.2528983865272111,0.0,0.24455875969733498,0.24345311078973764
加拿大多伦多S&P/TSX 综合指数,0.39485541836875543,0.297276660604652,0.41939691305789545,0.3214004419107644,0.32722204534430915,0.40351712687124036,0.24455875969733498,0.0,0.3678227483680769
S&P CLX IPSA,0.3793291713898762,0.29651818701573696,0.41657137312143283,0.3471020204102116,0.34026172226902,0.37531211241134643,0.24345311078973764,0.3678227483680769,0.0
