,比利时BFX,日经225,墨西哥BOLSA,恒生指数,韩国综合指数,荷兰AEX,Costa Rica Indice Accionario,加拿大多伦多S&P/TSX 综合指数,S&P CLX IPSA
比利时BFX,0.0,0.3330480208154455,0.3920081623544717,0.3484609181292601,0.31288714079135643,0.6971359400975896,0.26255333798645086,0.39958736347147156,0.37999740912598584
日经225,0.3330480208154455,0.0,0.30235235606454086,0.3664664483275545,0.3724254739392699,0.33271464853547666,0.2670355420385375,0.29972788902861075,0.2961062949584317
墨西哥BOLSA,0.3920081623544717,0.30235235606454086,0.0,0.3256111317928324,0.3495862065621814,0.41380870929222624,0.24819859047059661,0.41634835935691017,0.41467770169272455
恒生指数,0.3484609181292601,0.3664664483275545,0.3256111317928324,0.0,0.3777885737207273,0.3484054182107473,0.2522094247614382,0.31790579200976166,0.3415242075903904
韩国综合指数,0.31288714079135643,0.3724254739392699,0.3495862065621814,0.3777885737207273,0.0,0.3126289753166827,0.24520396525607385,0.32955506458967154,0.3383104284664082
荷兰AEX,0.6971359400975896,0.33271464853547666,0.41380870929222624,0.3484054182107473,0.3126289753166827,0.0,0.25325168002009246,0.40800888817590925,0.3747965815204969
Costa Rica Indice Accionario,0.26255333798645086,0.2670355420385375,0.24819859047059661,0.2522094247614382,0.24520396525607385,0.25325168002009246,0.0,0.25259292413769024,0.2430297728826125
加拿大多伦多S&P/TSX 综合指数,0.39958736347147156,0.29972788902861075,0.41634835935691017,0.31790579200976166,0.32955506458967154,0.40800888817590925,0.25259292413769024,0.0,0.3616699532762981
S&P CLX IPSA,0.37999740912598584,0.2961062949584317,0.41467770169272455,0.3415242075903904,0.3383104284664082,0.3747965815204969,0.2430297728826125,0.3616699532762981,0.0
