,比利时BFX,日经225,墨西哥BOLSA,恒生指数,韩国综合指数,荷兰AEX,Costa Rica Indice Accionario,加拿大多伦多S&P/TSX 综合指数,S&P CLX IPSA
比利时BFX,0.0,0.29712130452560925,0.37313586752377276,0.3455869329864013,0.3338301598833072,0.6814618391263637,0.24034900671837017,0.3729013326071134,0.33075711550131914
日经225,0.29712130452560925,0.0,0.28057309190450247,0.3939544864078599,0.4149730012784688,0.306701669292952,0.24445524219149214,0.2718717499846137,0.2683387025569385
墨西哥BOLSA,0.37313586752377276,0.28057309190450247,0.0,0.3004716249698296,0.3037994913366336,0.376456691886459,0.244369428275564,0.3711952766440018,0.3618497148959953
恒生指数,0.3455869329864013,0.3939544864078599,0.3004716249698296,0.0,0.4798416687472073,0.3696402958449512,0.2545115220853863,0.3038104844972208,0.3180284729038521
韩国综合指数,0.3338301598833072,0.4149730012784688,0.3037994913366336,0.4798416687472073,0.0,0.34448043211895335,0.25294034678050686,0.29085484301855713,0.29970068127665656
荷兰AEX,0.6814618391263637,0.306701669292952,0.376456691886459,0.3696402958449512,0.34448043211895335,0.0,0.24497590591890572,0.3994762922877443,0.3468248100253598
Costa Rica Indice Accionario,0.24034900671837017,0.24445524219149214,0.244369428275564,0.2545115220853863,0.25294034678050686,0.24497590591890572,0.0,0.2352079124638694,0.23312078048130253
加拿大多伦多S&P/TSX 综合指数,0.3729013326071134,0.2718717499846137,0.3711952766440018,0.3038104844972208,0.29085484301855713,0.3994762922877443,0.2352079124638694,0.0,0.3401686598335851
S&P CLX IPSA,0.33075711550131914,0.2683387025569385,0.3618497148959953,0.3180284729038521,0.29970068127665656,0.3468248100253598,0.23312078048130253,0.3401686598335851,0.0
