,比利时BFX,日经225,墨西哥BOLSA,恒生指数,韩国综合指数,荷兰AEX,Costa Rica Indice Accionario,加拿大多伦多S&P/TSX 综合指数,S&P CLX IPSA
比利时BFX,0.0,0.33069211332655557,0.39521276956145307,0.34659946615491466,0.3399428931798278,0.6852462060528622,0.23448160530617207,0.37067498658280384,0.3446697152215663
日经225,0.33069211332655557,0.0,0.30806768600904233,0.42116785857329214,0.4153413153685475,0.32813254138563425,0.23091997652414337,0.2689159655403818,0.3035525424713801
墨西哥BOLSA,0.39521276956145307,0.30806768600904233,0.0,0.3310251272642878,0.3501080547947318,0.42086014102256164,0.2437977797842598,0.42415100206571565,0.40701971400884873
恒生指数,0.34659946615491466,0.42116785857329214,0.3310251272642878,0.0,0.4770782238009871,0.36001528660434007,0.2436440348121166,0.30371090938640344,0.3581551701178144
韩国综合指数,0.3399428931798278,0.4153413153685475,0.3501080547947318,0.4770782238009871,0.0,0.35179172573545403,0.2466126623095198,0.3030006379040417,0.3459200776070128
荷兰AEX,0.6852462060528622,0.32813254138563425,0.42086014102256164,0.36001528660434007,0.35179172573545403,0.0,0.24086281615704544,0.39415126433337216,0.36578718085873246
Costa Rica Indice Accionario,0.23448160530617207,0.23091997652414337,0.2437977797842598,0.2436440348121166,0.2466126623095198,0.24086281615704544,0.0,0.24135098473773728,0.2594128378803539
加拿大多伦多S&P/TSX 综合指数,0.37067498658280384,0.2689159655403818,0.42415100206571565,0.30371090938640344,0.3030006379040417,0.39415126433337216,0.24135098473773728,0.0,0.3650879864640548
S&P CLX IPSA,0.3446697152215663,0.3035525424713801,0.40701971400884873,0.3581551701178144,0.3459200776070128,0.36578718085873246,0.2594128378803539,0.3650879864640548,0.0
