,比利时BFX,日经225,墨西哥BOLSA,恒生指数,韩国综合指数,荷兰AEX,Costa Rica Indice Accionario,加拿大多伦多S&P/TSX 综合指数,S&P CLX IPSA
比利时BFX,0.0,0.3268110093501591,0.3981214866932617,0.3544681401526069,0.3449311322181404,0.7074917587979426,0.24104480740078768,0.3861769237230426,0.3549352943584912
日经225,0.3268110093501591,0.0,0.3130280221701879,0.4175770068939465,0.4194429907642277,0.3298880469935908,0.23912642866034717,0.27930932191279023,0.30669232484253534
墨西哥BOLSA,0.3981214866932617,0.3130280221701879,0.0,0.3215721227172251,0.32717727148556436,0.4142420917726837,0.251892996043986,0.43086145719620655,0.38982644321083326
恒生指数,0.3544681401526069,0.4175770068939465,0.3215721227172251,0.0,0.49581708204567554,0.3682890256178483,0.2500665131538614,0.3141091136952638,0.360880906126127
韩国综合指数,0.3449311322181404,0.4194429907642277,0.32717727148556436,0.49581708204567554,0.0,0.3571975790568419,0.2555389561657369,0.3021452493340189,0.3443317927973973
荷兰AEX,0.7074917587979426,0.3298880469935908,0.4142420917726837,0.3682890256178483,0.3571975790568419,0.0,0.24943798360063882,0.4137168077146669,0.3788249013957642
Costa Rica Indice Accionario,0.24104480740078768,0.23912642866034717,0.251892996043986,0.2500665131538614,0.2555389561657369,0.24943798360063882,0.0,0.24439368378941143,0.2537409343116863
加拿大多伦多S&P/TSX 综合指数,0.3861769237230426,0.27930932191279023,0.43086145719620655,0.3141091136952638,0.3021452493340189,0.4137168077146669,0.24439368378941143,0.0,0.37833407792182755
S&P CLX IPSA,0.3549352943584912,0.30669232484253534,0.38982644321083326,0.360880906126127,0.3443317927973973,0.3788249013957642,0.2537409343116863,0.37833407792182755,0.0
