,比利时BFX,日经225,墨西哥BOLSA,恒生指数,韩国综合指数,荷兰AEX,Costa Rica Indice Accionario,加拿大多伦多S&P/TSX 综合指数,S&P CLX IPSA
比利时BFX,0.0,0.2988640056746348,0.3806518885824823,0.3374720116523981,0.32942035476622905,0.6794665396658849,0.2398039393644298,0.3827207128870159,0.3268815866969623
日经225,0.2988640056746348,0.0,0.2823218294646955,0.39471211004243323,0.42614225527654626,0.3026301442291993,0.2437142372512805,0.2765102355399842,0.2724792133980633
墨西哥BOLSA,0.3806518885824823,0.2823218294646955,0.0,0.302624435152073,0.3046573076078238,0.38367405096323676,0.24497135279954066,0.37025024848668403,0.3537321024271862
恒生指数,0.3374720116523981,0.39471211004243323,0.302624435152073,0.0,0.4628623682993721,0.3614623480452025,0.25484809437585787,0.3108275218058912,0.31317022713989556
韩国综合指数,0.32942035476622905,0.42614225527654626,0.3046573076078238,0.4628623682993721,0.0,0.34037560490464724,0.25442786135762163,0.29530905961500953,0.29310283179651075
荷兰AEX,0.6794665396658849,0.3026301442291993,0.38367405096323676,0.3614623480452025,0.34037560490464724,0.0,0.24424487324040123,0.403556643048143,0.3451181469621271
Costa Rica Indice Accionario,0.2398039393644298,0.2437142372512805,0.24497135279954066,0.25484809437585787,0.25442786135762163,0.24424487324040123,0.0,0.23602833415489724,0.23529008996301723
加拿大多伦多S&P/TSX 综合指数,0.3827207128870159,0.2765102355399842,0.37025024848668403,0.3108275218058912,0.29530905961500953,0.403556643048143,0.23602833415489724,0.0,0.344080173000586
S&P CLX IPSA,0.3268815866969623,0.2724792133980633,0.3537321024271862,0.31317022713989556,0.29310283179651075,0.3451181469621271,0.23529008996301723,0.344080173000586,0.0
