,比利时BFX,日经225,墨西哥BOLSA,恒生指数,韩国综合指数,荷兰AEX,Costa Rica Indice Accionario,加拿大多伦多S&P/TSX 综合指数,S&P CLX IPSA
比利时BFX,0.0,0.30259284796989433,0.3775010014359324,0.34695828053104477,0.34976691733891974,0.672107025612976,0.24357312530833683,0.38613559052979435,0.31904042312874575
日经225,0.30259284796989433,0.0,0.2811718481259114,0.38301443219668846,0.4173390034154077,0.31016060149461905,0.2463352126419312,0.2808044409792563,0.2622006634068981
墨西哥BOLSA,0.3775010014359324,0.2811718481259114,0.0,0.3027908028247798,0.3030509687764879,0.37811391111500187,0.24912620668675667,0.35901169247580805,0.3417220305367645
恒生指数,0.34695828053104477,0.38301443219668846,0.3027908028247798,0.0,0.45650102513202007,0.3675171627655023,0.2535584709339987,0.314543134322214,0.3063139764084299
韩国综合指数,0.34976691733891974,0.4173390034154077,0.3030509687764879,0.45650102513202007,0.0,0.36198314212485017,0.25576363025313803,0.2969868458246995,0.2777247645661046
荷兰AEX,0.672107025612976,0.31016060149461905,0.37811391111500187,0.3675171627655023,0.36198314212485017,0.0,0.2495753953660652,0.4002780161829614,0.3354743718524724
Costa Rica Indice Accionario,0.24357312530833683,0.2463352126419312,0.24912620668675667,0.2535584709339987,0.25576363025313803,0.2495753953660652,0.0,0.23634254223855,0.2373270262513207
加拿大多伦多S&P/TSX 综合指数,0.38613559052979435,0.2808044409792563,0.35901169247580805,0.314543134322214,0.2969868458246995,0.4002780161829614,0.23634254223855,0.0,0.3349129167272138
S&P CLX IPSA,0.31904042312874575,0.2622006634068981,0.3417220305367645,0.3063139764084299,0.2777247645661046,0.3354743718524724,0.2373270262513207,0.3349129167272138,0.0
