,比利时BFX,日经225,墨西哥BOLSA,恒生指数,韩国综合指数,荷兰AEX,Costa Rica Indice Accionario,加拿大多伦多S&P/TSX 综合指数,S&P CLX IPSA
比利时BFX,0.0,0.32811648283812533,0.3965494522442888,0.3530913313483185,0.32307122107779734,0.705542329013268,0.24193338613087922,0.3949757908559247,0.38111491736356984
日经225,0.32811648283812533,0.0,0.2971380046582893,0.3918481192278576,0.39441683409485745,0.3302800158240373,0.2345146046364659,0.28702055441285895,0.30289509254368374
墨西哥BOLSA,0.3965494522442888,0.2971380046582893,0.0,0.3278108707966736,0.3450915565237682,0.42239461453638,0.2564930558552618,0.44420956003273915,0.43755036340249814
恒生指数,0.3530913313483185,0.3918481192278576,0.3278108707966736,0.0,0.4286951496311005,0.35655610188548076,0.24716870989751188,0.3158512819279189,0.3597682206576542
韩国综合指数,0.32307122107779734,0.39441683409485745,0.3450915565237682,0.4286951496311005,0.0,0.3260651746325457,0.2456007202470347,0.32488510509879925,0.3631134960896397
荷兰AEX,0.705542329013268,0.3302800158240373,0.42239461453638,0.35655610188548076,0.3260651746325457,0.0,0.24897477424794953,0.4162880853823747,0.38543763468514963
Costa Rica Indice Accionario,0.24193338613087922,0.2345146046364659,0.2564930558552618,0.24716870989751188,0.2456007202470347,0.24897477424794953,0.0,0.2494843267267998,0.26296772298146404
加拿大多伦多S&P/TSX 综合指数,0.3949757908559247,0.28702055441285895,0.44420956003273915,0.3158512819279189,0.32488510509879925,0.4162880853823747,0.2494843267267998,0.0,0.3921513990885301
S&P CLX IPSA,0.38111491736356984,0.30289509254368374,0.43755036340249814,0.3597682206576542,0.3631134960896397,0.38543763468514963,0.26296772298146404,0.3921513990885301,0.0
