,比利时BFX,日经225,墨西哥BOLSA,恒生指数,韩国综合指数,荷兰AEX,Costa Rica Indice Accionario,加拿大多伦多S&P/TSX 综合指数,S&P CLX IPSA
比利时BFX,0.0,0.3302794160896227,0.3949685755933241,0.34678146407518345,0.34025770734579075,0.6860048349633764,0.23430954233920007,0.37110339199991244,0.34470880771481194
日经225,0.3302794160896227,0.0,0.3090465392678412,0.4192694515348683,0.4143432612614907,0.32797434260959335,0.2298644684266731,0.2690963147962995,0.3035978098809232
墨西哥BOLSA,0.3949685755933241,0.3090465392678412,0.0,0.3311831723992556,0.3483217377793172,0.419883801225626,0.24513596984472782,0.4228616796623597,0.4066531931631057
恒生指数,0.34678146407518345,0.4192694515348683,0.3311831723992556,0.0,0.4800764288672308,0.36076145045423874,0.24247100545578015,0.30465429162103536,0.3585270354162576
韩国综合指数,0.34025770734579075,0.4143432612614907,0.3483217377793172,0.4800764288672308,0.0,0.351713399338826,0.2483168790448717,0.30260772204399994,0.34565580837001997
荷兰AEX,0.6860048349633764,0.32797434260959335,0.419883801225626,0.36076145045423874,0.351713399338826,0.0,0.24158430729412456,0.39406999148690003,0.36569719919258403
Costa Rica Indice Accionario,0.23430954233920007,0.2298644684266731,0.24513596984472782,0.24247100545578015,0.2483168790448717,0.24158430729412456,0.0,0.24292667595459788,0.26020550541796694
加拿大多伦多S&P/TSX 综合指数,0.37110339199991244,0.2690963147962995,0.4228616796623597,0.30465429162103536,0.30260772204399994,0.39406999148690003,0.24292667595459788,0.0,0.3650313536456779
S&P CLX IPSA,0.34470880771481194,0.3035978098809232,0.4066531931631057,0.3585270354162576,0.34565580837001997,0.36569719919258403,0.26020550541796694,0.3650313536456779,0.0
