,比利时BFX,日经225,墨西哥BOLSA,恒生指数,韩国综合指数,荷兰AEX,Costa Rica Indice Accionario,加拿大多伦多S&P/TSX 综合指数,S&P CLX IPSA
比利时BFX,0.0,0.32946815746097435,0.3926869231163076,0.3437856773303367,0.3383496836053917,0.6841938823477931,0.23419706419936046,0.3703937319923362,0.342902055654411
日经225,0.32946815746097435,0.0,0.30681039424174317,0.417334577141991,0.41315590372565225,0.3271846774932362,0.23041797486449445,0.26899072380265127,0.30078819553827096
墨西哥BOLSA,0.3926869231163076,0.30681039424174317,0.0,0.33153839507517424,0.3485225276558055,0.4189263421289343,0.24562217161194347,0.4244878182782203,0.4056256569089603
恒生指数,0.3437856773303367,0.417334577141991,0.33153839507517424,0.0,0.48074728254767374,0.3590303876894939,0.24364805725020036,0.30415293422816375,0.3584646272208534
韩国综合指数,0.3383496836053917,0.41315590372565225,0.3485225276558055,0.48074728254767374,0.0,0.3501940644859697,0.2488374727047903,0.30255516655455983,0.34540258803123436
荷兰AEX,0.6841938823477931,0.3271846774932362,0.4189263421289343,0.3590303876894939,0.3501940644859697,0.0,0.24181338668611504,0.3936220209122364,0.36552591365657616
Costa Rica Indice Accionario,0.23419706419936046,0.23041797486449445,0.24562217161194347,0.24364805725020036,0.2488374727047903,0.24181338668611504,0.0,0.2426277489651473,0.26132574881264986
加拿大多伦多S&P/TSX 综合指数,0.3703937319923362,0.26899072380265127,0.4244878182782203,0.30415293422816375,0.30255516655455983,0.3936220209122364,0.2426277489651473,0.0,0.3655779324543786
S&P CLX IPSA,0.342902055654411,0.30078819553827096,0.4056256569089603,0.3584646272208534,0.34540258803123436,0.36552591365657616,0.26132574881264986,0.3655779324543786,0.0
