,比利时BFX,日经225,墨西哥BOLSA,恒生指数,韩国综合指数,荷兰AEX,Costa Rica Indice Accionario,加拿大多伦多S&P/TSX 综合指数,S&P CLX IPSA
比利时BFX,0.0,0.320292044898856,0.38609214134319275,0.3535593067133592,0.3170723842101278,0.7010804492208392,0.2362640493949753,0.391287343071664,0.3755378896411439
日经225,0.320292044898856,0.0,0.2973547748145816,0.3958676197475549,0.392885640026979,0.32017778591856855,0.23492268031290434,0.2825658598956043,0.29403868169321384
墨西哥BOLSA,0.38609214134319275,0.2973547748145816,0.0,0.32639921197767485,0.337936109063447,0.4115009461808829,0.24692730884824998,0.44099609025830117,0.43369197581385566
恒生指数,0.3535593067133592,0.3958676197475549,0.32639921197767485,0.0,0.42766691992033967,0.3606152283581811,0.24525370886359837,0.318835550741863,0.3551299619068014
韩国综合指数,0.3170723842101278,0.392885640026979,0.337936109063447,0.42766691992033967,0.0,0.323156983891155,0.2439530638800487,0.3217387838251025,0.35516047976164167
荷兰AEX,0.7010804492208392,0.32017778591856855,0.4115009461808829,0.3606152283581811,0.323156983891155,0.0,0.24370652498395995,0.414012926970389,0.39201165447127484
Costa Rica Indice Accionario,0.2362640493949753,0.23492268031290434,0.24692730884824998,0.24525370886359837,0.2439530638800487,0.24370652498395995,0.0,0.2417730035198777,0.25720442126101206
加拿大多伦多S&P/TSX 综合指数,0.391287343071664,0.2825658598956043,0.44099609025830117,0.318835550741863,0.3217387838251025,0.414012926970389,0.2417730035198777,0.0,0.4004743162657808
S&P CLX IPSA,0.3755378896411439,0.29403868169321384,0.43369197581385566,0.3551299619068014,0.35516047976164167,0.39201165447127484,0.25720442126101206,0.4004743162657808,0.0
