,比利时BFX,日经225,墨西哥BOLSA,恒生指数,韩国综合指数,荷兰AEX,Costa Rica Indice Accionario,加拿大多伦多S&P/TSX 综合指数,S&P CLX IPSA
比利时BFX,0.0,0.3203031953422284,0.38347493864627774,0.34975173486290456,0.3161888107086775,0.7004477012948251,0.2368492399908407,0.38983228895336786,0.37481881388907445
日经225,0.3203031953422284,0.0,0.29741269644923446,0.3948862891290831,0.3894827041125536,0.3206859199724475,0.2348458597249439,0.2818071825627607,0.29444536222884343
墨西哥BOLSA,0.38347493864627774,0.29741269644923446,0.0,0.3239488768998711,0.3367038040238616,0.408643652194672,0.2469264844438571,0.44272467652220177,0.42903334138965243
恒生指数,0.34975173486290456,0.3948862891290831,0.3239488768998711,0.0,0.42598263907459666,0.3579494960523804,0.24510361759334956,0.31667830635887223,0.3568483492538299
韩国综合指数,0.3161888107086775,0.3894827041125536,0.3367038040238616,0.42598263907459666,0.0,0.3228824066029777,0.24391637677226172,0.32091494122708786,0.3572353560506771
荷兰AEX,0.7004477012948251,0.3206859199724475,0.408643652194672,0.3579494960523804,0.3228824066029777,0.0,0.24400236050803784,0.4142321571850207,0.3905023744880922
Costa Rica Indice Accionario,0.2368492399908407,0.2348458597249439,0.2469264844438571,0.24510361759334956,0.24391637677226172,0.24400236050803784,0.0,0.24198155265723545,0.2570742326335045
加拿大多伦多S&P/TSX 综合指数,0.38983228895336786,0.2818071825627607,0.44272467652220177,0.31667830635887223,0.32091494122708786,0.4142321571850207,0.24198155265723545,0.0,0.3999977674666351
S&P CLX IPSA,0.37481881388907445,0.29444536222884343,0.42903334138965243,0.3568483492538299,0.3572353560506771,0.3905023744880922,0.2570742326335045,0.3999977674666351,0.0
