,比利时BFX,日经225,墨西哥BOLSA,恒生指数,韩国综合指数,荷兰AEX,Costa Rica Indice Accionario,加拿大多伦多S&P/TSX 综合指数,S&P CLX IPSA
比利时BFX,0.0,0.30010348409648646,0.37816715828261377,0.3480667502786183,0.3431864764549762,0.6704161227553785,0.2450746990494998,0.37612662492715243,0.31703850478242923
日经225,0.30010348409648646,0.0,0.2849461442517176,0.39362138995612594,0.4219773404725035,0.30563951321955496,0.24582920919036952,0.27915759007793944,0.26955162673342514
墨西哥BOLSA,0.37816715828261377,0.2849461442517176,0.0,0.30710827662160123,0.31069161244278765,0.3840761045973514,0.2470234913059074,0.3661747873897192,0.3500137605032719
恒生指数,0.3480667502786183,0.39362138995612594,0.30710827662160123,0.0,0.46662626173232813,0.37260913923672984,0.25118203904923814,0.3181040352134794,0.30986177485664823
韩国综合指数,0.3431864764549762,0.4219773404725035,0.31069161244278765,0.46662626173232813,0.0,0.3540082975967735,0.2555167669092612,0.30002870104823226,0.28880804896020323
荷兰AEX,0.6704161227553785,0.30563951321955496,0.3840761045973514,0.37260913923672984,0.3540082975967735,0.0,0.25054880717209466,0.3965088492338903,0.3366817712303676
Costa Rica Indice Accionario,0.2450746990494998,0.24582920919036952,0.2470234913059074,0.25118203904923814,0.2555167669092612,0.25054880717209466,0.0,0.2360574678670245,0.23671668599184983
加拿大多伦多S&P/TSX 综合指数,0.37612662492715243,0.27915759007793944,0.3661747873897192,0.3181040352134794,0.30002870104823226,0.3965088492338903,0.2360574678670245,0.0,0.3384895850397795
S&P CLX IPSA,0.31703850478242923,0.26955162673342514,0.3500137605032719,0.30986177485664823,0.28880804896020323,0.3366817712303676,0.23671668599184983,0.3384895850397795,0.0
