,比利时BFX,日经225,墨西哥BOLSA,恒生指数,韩国综合指数,荷兰AEX,Costa Rica Indice Accionario,加拿大多伦多S&P/TSX 综合指数,S&P CLX IPSA
比利时BFX,0.0,0.30175021858813206,0.37824052534819114,0.3515315754483826,0.34577569702289457,0.6705154972323565,0.24347457545379644,0.3769728406795784,0.3182893820850371
日经225,0.30175021858813206,0.0,0.2827566166973909,0.3864873327713917,0.41671425759430025,0.30742331826803493,0.245853216025093,0.2791473193768465,0.2677842502045691
墨西哥BOLSA,0.37824052534819114,0.2827566166973909,0.0,0.30503400277475073,0.3086806405269451,0.3844571378644793,0.2474458198703056,0.3655039701162271,0.34834408708752873
恒生指数,0.3515315754483826,0.3864873327713917,0.30503400277475073,0.0,0.4607314880631523,0.37735491278862515,0.2518865562769426,0.3187604878981361,0.30786200243938444
韩国综合指数,0.34577569702289457,0.41671425759430025,0.3086806405269451,0.4607314880631523,0.0,0.3567807459526742,0.25488662807572665,0.30050853962907215,0.28767020995570747
荷兰AEX,0.6705154972323565,0.30742331826803493,0.3844571378644793,0.37735491278862515,0.3567807459526742,0.0,0.2493047836767247,0.39710891225584316,0.33767997623382773
Costa Rica Indice Accionario,0.24347457545379644,0.245853216025093,0.2474458198703056,0.2518865562769426,0.25488662807572665,0.2493047836767247,0.0,0.23471272756657388,0.2350529626517704
加拿大多伦多S&P/TSX 综合指数,0.3769728406795784,0.2791473193768465,0.3655039701162271,0.3187604878981361,0.30050853962907215,0.39710891225584316,0.23471272756657388,0.0,0.3392786570688999
S&P CLX IPSA,0.3182893820850371,0.2677842502045691,0.34834408708752873,0.30786200243938444,0.28767020995570747,0.33767997623382773,0.2350529626517704,0.3392786570688999,0.0
