,比利时BFX,日经225,墨西哥BOLSA,恒生指数,韩国综合指数,荷兰AEX,Costa Rica Indice Accionario,加拿大多伦多S&P/TSX 综合指数,S&P CLX IPSA
比利时BFX,0.0,0.32785663109951985,0.3975239329210407,0.3504039342896457,0.31950242787475863,0.7074048636743554,0.24187504869995707,0.39752988032666325,0.3833816110039672
日经225,0.32785663109951985,0.0,0.29597175760446204,0.3917767420325913,0.39117556886386834,0.3308660343144503,0.23444332226117645,0.28705650390413956,0.3003840824118894
墨西哥BOLSA,0.3975239329210407,0.29597175760446204,0.0,0.3237340034849705,0.33994472548856186,0.42322081633741804,0.2564829884326839,0.4438069291336184,0.43967293796321505
恒生指数,0.3504039342896457,0.3917767420325913,0.3237340034849705,0.0,0.4277472117356976,0.3535800831670088,0.247132201006151,0.31373423980574705,0.35597511638681106
韩国综合指数,0.31950242787475863,0.39117556886386834,0.33994472548856186,0.4277472117356976,0.0,0.32322932544852995,0.24560867801052463,0.32072587396337565,0.35655591105320544
荷兰AEX,0.7074048636743554,0.3308660343144503,0.42322081633741804,0.3535800831670088,0.32322932544852995,0.0,0.24893049560155034,0.41749737377430074,0.3869410002333844
Costa Rica Indice Accionario,0.24187504869995707,0.23444332226117645,0.2564829884326839,0.247132201006151,0.24560867801052463,0.24893049560155034,0.0,0.24961161767502615,0.26295976727102266
加拿大多伦多S&P/TSX 综合指数,0.39752988032666325,0.28705650390413956,0.4438069291336184,0.31373423980574705,0.32072587396337565,0.41749737377430074,0.24961161767502615,0.0,0.3940450404261226
S&P CLX IPSA,0.3833816110039672,0.3003840824118894,0.43967293796321505,0.35597511638681106,0.35655591105320544,0.3869410002333844,0.26295976727102266,0.3940450404261226,0.0
