,比利时BFX,日经225,墨西哥BOLSA,恒生指数,韩国综合指数,荷兰AEX,Costa Rica Indice Accionario,加拿大多伦多S&P/TSX 综合指数,S&P CLX IPSA
比利时BFX,0.0,0.3015305086291681,0.3747531372300211,0.34740729607692294,0.3456348499633105,0.6702146957293054,0.243160340068572,0.38389045649557313,0.3208911728344046
日经225,0.3015305086291681,0.0,0.28050990525998215,0.3848457181542594,0.41634424369855094,0.3075649104247802,0.24577043844715635,0.27885204625656546,0.26528820065933617
墨西哥BOLSA,0.3747531372300211,0.28050990525998215,0.0,0.3054892606655162,0.3052903366857082,0.3786130579294558,0.24825984479212793,0.36489117596423215,0.3519405539924513
恒生指数,0.34740729607692294,0.3848457181542594,0.3054892606655162,0.0,0.46000834952858477,0.3692501950663262,0.2524224180204473,0.3167672583084395,0.3083172551617257
韩国综合指数,0.3456348499633105,0.41634424369855094,0.3052903366857082,0.46000834952858477,0.0,0.3576932803707062,0.2548691849287088,0.2988218232805958,0.28525731239953156
荷兰AEX,0.6702146957293054,0.3075649104247802,0.3786130579294558,0.3692501950663262,0.3576932803707062,0.0,0.24886039518858502,0.40179818058394756,0.33880947751466894
Costa Rica Indice Accionario,0.243160340068572,0.24577043844715635,0.24825984479212793,0.2524224180204473,0.2548691849287088,0.24886039518858502,0.0,0.23551583892966318,0.23591343651497834
加拿大多伦多S&P/TSX 综合指数,0.38389045649557313,0.27885204625656546,0.36489117596423215,0.3167672583084395,0.2988218232805958,0.40179818058394756,0.23551583892966318,0.0,0.34027598622462446
S&P CLX IPSA,0.3208911728344046,0.26528820065933617,0.3519405539924513,0.3083172551617257,0.28525731239953156,0.33880947751466894,0.23591343651497834,0.34027598622462446,0.0
