,比利时BFX,日经225,墨西哥BOLSA,恒生指数,韩国综合指数,荷兰AEX,Costa Rica Indice Accionario,加拿大多伦多S&P/TSX 综合指数,S&P CLX IPSA
比利时BFX,0.0,0.30307823139872736,0.37913756506082125,0.34737166385079277,0.3382095848140862,0.6759057039933434,0.24032030920338238,0.37728047713216295,0.32723721959295726
日经225,0.30307823139872736,0.0,0.2832449727054413,0.39058433627031564,0.42579577204572455,0.3057815330576537,0.24371684668569507,0.27884323443875175,0.2710141719331616
墨西哥BOLSA,0.37913756506082125,0.2832449727054413,0.0,0.30642010699931305,0.30778376046747996,0.38246093508372564,0.24561086542367283,0.3685626501894188,0.3523497963597277
恒生指数,0.34737166385079277,0.39058433627031564,0.30642010699931305,0.0,0.4622649310010231,0.37170162934167866,0.2555138982951378,0.3174946203669125,0.3121861776036338
韩国综合指数,0.3382095848140862,0.42579577204572455,0.30778376046747996,0.4622649310010231,0.0,0.34926981280731406,0.25503011282052884,0.2998075632089767,0.29185694283518254
荷兰AEX,0.6759057039933434,0.3057815330576537,0.38246093508372564,0.37170162934167866,0.34926981280731406,0.0,0.24509739755325588,0.3975213732796642,0.34644748403250153
Costa Rica Indice Accionario,0.24032030920338238,0.24371684668569507,0.24561086542367283,0.2555138982951378,0.25503011282052884,0.24509739755325588,0.0,0.23628656768731882,0.23560507263926705
加拿大多伦多S&P/TSX 综合指数,0.37728047713216295,0.27884323443875175,0.3685626501894188,0.3174946203669125,0.2998075632089767,0.3975213732796642,0.23628656768731882,0.0,0.34277764842121156
S&P CLX IPSA,0.32723721959295726,0.2710141719331616,0.3523497963597277,0.3121861776036338,0.29185694283518254,0.34644748403250153,0.23560507263926705,0.34277764842121156,0.0
