,比利时BFX,日经225,墨西哥BOLSA,恒生指数,韩国综合指数,荷兰AEX,Costa Rica Indice Accionario,加拿大多伦多S&P/TSX 综合指数,S&P CLX IPSA
比利时BFX,0.0,0.32858378021053336,0.3937262741205896,0.3535515713666064,0.3221561528692589,0.7065846521459386,0.24153116500714608,0.39174634776902606,0.37937444231673506
日经225,0.32858378021053336,0.0,0.2954588587357682,0.39339032406087315,0.3941598861366074,0.33071889186796644,0.2343506134691098,0.2873045709928612,0.3015524266085916
墨西哥BOLSA,0.3937262741205896,0.2954588587357682,0.0,0.33100117635018994,0.3473916925393934,0.4217380163043909,0.25514132691198216,0.4460841216609815,0.4379247908865397
恒生指数,0.3535515713666064,0.39339032406087315,0.33100117635018994,0.0,0.4327397931572952,0.3585652142379034,0.24678014057706296,0.31637524519177546,0.3639513808732732
韩国综合指数,0.3221561528692589,0.3941598861366074,0.3473916925393934,0.4327397931572952,0.0,0.3256322781475998,0.24543947255277979,0.32623384351638224,0.36161577564453484
荷兰AEX,0.7065846521459386,0.33071889186796644,0.4217380163043909,0.3585652142379034,0.3256322781475998,0.0,0.24864079194868932,0.41605648805512097,0.3853963138333307
Costa Rica Indice Accionario,0.24153116500714608,0.2343506134691098,0.25514132691198216,0.24678014057706296,0.24543947255277979,0.24864079194868932,0.0,0.24904624018378324,0.26246512260197213
加拿大多伦多S&P/TSX 综合指数,0.39174634776902606,0.2873045709928612,0.4460841216609815,0.31637524519177546,0.32623384351638224,0.41605648805512097,0.24904624018378324,0.0,0.3891011353564988
S&P CLX IPSA,0.37937444231673506,0.3015524266085916,0.4379247908865397,0.3639513808732732,0.36161577564453484,0.3853963138333307,0.26246512260197213,0.3891011353564988,0.0
