,比利时BFX,日经225,墨西哥BOLSA,恒生指数,韩国综合指数,荷兰AEX,Costa Rica Indice Accionario,加拿大多伦多S&P/TSX 综合指数,S&P CLX IPSA
比利时BFX,0.0,0.32312573922466453,0.39582039752835646,0.3584761168223305,0.3520646078746518,0.7055296135970524,0.24128668138115797,0.38327455941466815,0.344977191685404
日经225,0.32312573922466453,0.0,0.3033526160676051,0.4139388650452277,0.4149313293578726,0.32540798531405735,0.23797031827404033,0.2749231008041717,0.29861887339737736
墨西哥BOLSA,0.39582039752835646,0.3033526160676051,0.0,0.31604601290489415,0.32511681932036623,0.4118975508359195,0.251939256402118,0.43071011834283823,0.3811801078712895
恒生指数,0.3584761168223305,0.4139388650452277,0.31604601290489415,0.0,0.4933745439978083,0.37499637445797795,0.24937501465430922,0.30417804914005553,0.3417995314452621
韩国综合指数,0.3520646078746518,0.4149313293578726,0.32511681932036623,0.4933745439978083,0.0,0.36409355692510015,0.25537354161793563,0.2991575537801216,0.3298121425338323
荷兰AEX,0.7055296135970524,0.32540798531405735,0.4118975508359195,0.37499637445797795,0.36409355692510015,0.0,0.24924334798079606,0.4117362838047447,0.3648821262856331
Costa Rica Indice Accionario,0.24128668138115797,0.23797031827404033,0.251939256402118,0.24937501465430922,0.25537354161793563,0.24924334798079606,0.0,0.24438695023805493,0.2506704185865049
加拿大多伦多S&P/TSX 综合指数,0.38327455941466815,0.2749231008041717,0.43071011834283823,0.30417804914005553,0.2991575537801216,0.4117362838047447,0.24438695023805493,0.0,0.3725707480677651
S&P CLX IPSA,0.344977191685404,0.29861887339737736,0.3811801078712895,0.3417995314452621,0.3298121425338323,0.3648821262856331,0.2506704185865049,0.3725707480677651,0.0
