,比利时BFX,日经225,墨西哥BOLSA,恒生指数,韩国综合指数,荷兰AEX,Costa Rica Indice Accionario,加拿大多伦多S&P/TSX 综合指数,S&P CLX IPSA
比利时BFX,0.0,0.3287068617802653,0.39555188692917626,0.35590347236447467,0.34583513651943043,0.6988401266150748,0.23336269126974832,0.3732988367945135,0.3480105145606604
日经225,0.3287068617802653,0.0,0.31327729360091144,0.4195614297740181,0.41937946822114397,0.3268300604218998,0.23087171322927066,0.27770823439734227,0.3034594140125147
墨西哥BOLSA,0.39555188692917626,0.31327729360091144,0.0,0.33031595285171117,0.3438929895576986,0.41495584869709473,0.2439008840645797,0.42877381961174293,0.39848190129937816
恒生指数,0.35590347236447467,0.4195614297740181,0.33031595285171117,0.0,0.4842934671719154,0.3670030888844253,0.24006337018808593,0.3215696256182133,0.3605862669895335
韩国综合指数,0.34583513651943043,0.41937946822114397,0.3438929895576986,0.4842934671719154,0.0,0.35479607848329386,0.24613606672842472,0.31295093142600444,0.34137936197314206
荷兰AEX,0.6988401266150748,0.3268300604218998,0.41495584869709473,0.3670030888844253,0.35479607848329386,0.0,0.23860401376898155,0.39834373197546086,0.3649319468507627
Costa Rica Indice Accionario,0.23336269126974832,0.23087171322927066,0.2439008840645797,0.24006337018808593,0.24613606672842472,0.23860401376898155,0.0,0.23971804223372592,0.2573595092085419
加拿大多伦多S&P/TSX 综合指数,0.3732988367945135,0.27770823439734227,0.42877381961174293,0.3215696256182133,0.31295093142600444,0.39834373197546086,0.23971804223372592,0.0,0.37167864683560403
S&P CLX IPSA,0.3480105145606604,0.3034594140125147,0.39848190129937816,0.3605862669895335,0.34137936197314206,0.3649319468507627,0.2573595092085419,0.37167864683560403,0.0
