,比利时BFX,日经225,墨西哥BOLSA,恒生指数,韩国综合指数,荷兰AEX,Costa Rica Indice Accionario,加拿大多伦多S&P/TSX 综合指数,S&P CLX IPSA
比利时BFX,0.0,0.32325045058517593,0.3722440369197752,0.3356747154885728,0.3045293484940202,0.683786720348993,0.2351982401503332,0.38568856758550524,0.35482542374849435
日经225,0.32325045058517593,0.0,0.2904176418031036,0.3995300196981613,0.39077141933778675,0.3230418049294004,0.23498496323134424,0.2710409980162899,0.2895594703754179
墨西哥BOLSA,0.3722440369197752,0.2904176418031036,0.0,0.3170263065069258,0.3197709268215175,0.40073980775037454,0.24594634502286428,0.4325171760068418,0.425328739695829
恒生指数,0.3356747154885728,0.3995300196981613,0.3170263065069258,0.0,0.4356341505592527,0.3435206748974286,0.24484152529058714,0.30832730488455906,0.34199644462655604
韩国综合指数,0.3045293484940202,0.39077141933778675,0.3197709268215175,0.4356341505592527,0.0,0.3119779299277733,0.24376161436057178,0.30106294122555605,0.3391869095625961
荷兰AEX,0.683786720348993,0.3230418049294004,0.40073980775037454,0.3435206748974286,0.3119779299277733,0.0,0.24318757233096538,0.41052478847290835,0.37400351762903233
Costa Rica Indice Accionario,0.2351982401503332,0.23498496323134424,0.24594634502286428,0.24484152529058714,0.24376161436057178,0.24318757233096538,0.0,0.24109983895437334,0.2570330652978369
加拿大多伦多S&P/TSX 综合指数,0.38568856758550524,0.2710409980162899,0.4325171760068418,0.30832730488455906,0.30106294122555605,0.41052478847290835,0.24109983895437334,0.0,0.3898287945936747
S&P CLX IPSA,0.35482542374849435,0.2895594703754179,0.425328739695829,0.34199644462655604,0.3391869095625961,0.37400351762903233,0.2570330652978369,0.3898287945936747,0.0
