,比利时BFX,日经225,墨西哥BOLSA,恒生指数,韩国综合指数,荷兰AEX,Costa Rica Indice Accionario,加拿大多伦多S&P/TSX 综合指数,S&P CLX IPSA
比利时BFX,0.0,0.3280566524504251,0.39610494237337385,0.3535910868321639,0.3470731276257545,0.7010949049253319,0.24194203459253663,0.37724094912680556,0.3558579062721844
日经225,0.3280566524504251,0.0,0.3097206234534455,0.4184174790167994,0.4163873941998185,0.326256721717841,0.23210297196805876,0.2767043214229081,0.30594402833260387
墨西哥BOLSA,0.39610494237337385,0.3097206234534455,0.0,0.31900800731958756,0.34084904008957695,0.41580510728549636,0.2449993646699905,0.4389905672597591,0.39942645484922756
恒生指数,0.3535910868321639,0.4184174790167994,0.31900800731958756,0.0,0.48856121869733893,0.363367740173703,0.24170913009561643,0.31640660659809544,0.3597515264443598
韩国综合指数,0.3470731276257545,0.4163873941998185,0.34084904008957695,0.48856121869733893,0.0,0.35622910559445076,0.24745396878403095,0.31377059216296976,0.34948145526438107
荷兰AEX,0.7010949049253319,0.326256721717841,0.41580510728549636,0.363367740173703,0.35622910559445076,0.0,0.24751939675800227,0.4051011847130196,0.3755002275638413
Costa Rica Indice Accionario,0.24194203459253663,0.23210297196805876,0.2449993646699905,0.24170913009561643,0.24745396878403095,0.24751939675800227,0.0,0.2432475815635401,0.25666574246350027
加拿大多伦多S&P/TSX 综合指数,0.37724094912680556,0.2767043214229081,0.4389905672597591,0.31640660659809544,0.31377059216296976,0.4051011847130196,0.2432475815635401,0.0,0.37258536384947
S&P CLX IPSA,0.3558579062721844,0.30594402833260387,0.39942645484922756,0.3597515264443598,0.34948145526438107,0.3755002275638413,0.25666574246350027,0.37258536384947,0.0
