,比利时BFX,日经225,墨西哥BOLSA,恒生指数,韩国综合指数,荷兰AEX,Costa Rica Indice Accionario,加拿大多伦多S&P/TSX 综合指数,S&P CLX IPSA
比利时BFX,0.0,0.3296109990565728,0.39926797214233717,0.3567625943629131,0.34560958703404204,0.7066342098448366,0.24159969016313493,0.3822090538159835,0.3591731538364519
日经225,0.3296109990565728,0.0,0.31565119916056217,0.4198051894500037,0.4223174365787018,0.3307460670876607,0.2374831283299977,0.281232319085767,0.31137367459247617
墨西哥BOLSA,0.39926797214233717,0.31565119916056217,0.0,0.32295182645849657,0.3298031738249432,0.4135284419628033,0.24988456867966077,0.4342651537929106,0.39206247129335353
恒生指数,0.3567625943629131,0.4198051894500037,0.32295182645849657,0.0,0.5001073193252388,0.368218012050722,0.24718793513050047,0.31690994484993185,0.36337770564860405
韩国综合指数,0.34560958703404204,0.4223174365787018,0.3298031738249432,0.5001073193252388,0.0,0.3544577406153915,0.25532599702735503,0.3071966279111831,0.34872394826975167
荷兰AEX,0.7066342098448366,0.3307460670876607,0.4135284419628033,0.368218012050722,0.3544577406153915,0.0,0.24948249836237005,0.4095953524584495,0.37927967550021613
Costa Rica Indice Accionario,0.24159969016313493,0.2374831283299977,0.24988456867966077,0.24718793513050047,0.25532599702735503,0.24948249836237005,0.0,0.24497675496992008,0.2515731320239711
加拿大多伦多S&P/TSX 综合指数,0.3822090538159835,0.281232319085767,0.4342651537929106,0.31690994484993185,0.3071966279111831,0.4095953524584495,0.24497675496992008,0.0,0.3774759208839956
S&P CLX IPSA,0.3591731538364519,0.31137367459247617,0.39206247129335353,0.36337770564860405,0.34872394826975167,0.37927967550021613,0.2515731320239711,0.3774759208839956,0.0
