,比利时BFX,日经225,墨西哥BOLSA,恒生指数,韩国综合指数,荷兰AEX,Costa Rica Indice Accionario,加拿大多伦多S&P/TSX 综合指数,S&P CLX IPSA
比利时BFX,0.0,0.32889443055621137,0.3949634653526587,0.3574978514548202,0.3239375244162867,0.7061536258557941,0.23878091112460387,0.39072067402622385,0.3754724905303624
日经225,0.32889443055621137,0.0,0.29578843174436953,0.38900449147413396,0.3947144851997001,0.3302167121964053,0.23326428518095088,0.28806596344013935,0.30040346543169427
墨西哥BOLSA,0.3949634653526587,0.29578843174436953,0.0,0.3313054453940233,0.34819799249655564,0.4241172375590535,0.2521825583570014,0.44813411550160875,0.4372148296525848
恒生指数,0.3574978514548202,0.38900449147413396,0.3313054453940233,0.0,0.4334474832278915,0.3630594160817999,0.24670664734189693,0.3205053170066961,0.3668776601511186
韩国综合指数,0.3239375244162867,0.3947144851997001,0.34819799249655564,0.4334474832278915,0.0,0.327167947002746,0.24403955993589047,0.3272830345608686,0.3640990696507302
荷兰AEX,0.7061536258557941,0.3302167121964053,0.4241172375590535,0.3630594160817999,0.327167947002746,0.0,0.24587448889133995,0.41514715554991727,0.38302901798017097
Costa Rica Indice Accionario,0.23878091112460387,0.23326428518095088,0.2521825583570014,0.24670664734189693,0.24403955993589047,0.24587448889133995,0.0,0.24833388647831153,0.2602658938248839
加拿大多伦多S&P/TSX 综合指数,0.39072067402622385,0.28806596344013935,0.44813411550160875,0.3205053170066961,0.3272830345608686,0.41514715554991727,0.24833388647831153,0.0,0.39331126926670656
S&P CLX IPSA,0.3754724905303624,0.30040346543169427,0.4372148296525848,0.3668776601511186,0.3640990696507302,0.38302901798017097,0.2602658938248839,0.39331126926670656,0.0
