,比利时BFX,日经225,墨西哥BOLSA,恒生指数,韩国综合指数,荷兰AEX,Costa Rica Indice Accionario,加拿大多伦多S&P/TSX 综合指数,S&P CLX IPSA
比利时BFX,0.0,0.29900191456203956,0.37553257417667335,0.34251250508742775,0.32808418086393165,0.6878963448628322,0.2380948595879607,0.37269195458609417,0.3278971594089087
日经225,0.29900191456203956,0.0,0.2790290921482928,0.39680136122293336,0.41204194899608887,0.30615012810470354,0.24225221396951455,0.26712111488331586,0.26871745692694243
墨西哥BOLSA,0.37553257417667335,0.2790290921482928,0.0,0.2991916444254322,0.3036604191736801,0.38434840587130814,0.25115399971506397,0.3822742187409553,0.36272973976351114
恒生指数,0.34251250508742775,0.39680136122293336,0.2991916444254322,0.0,0.4836376035308493,0.36559035462125183,0.25833522483464366,0.2982512977452638,0.3240111650595768
韩国综合指数,0.32808418086393165,0.41204194899608887,0.3036604191736801,0.4836376035308493,0.0,0.3414756919129091,0.26241451246934305,0.290798752881053,0.30619620675295944
荷兰AEX,0.6878963448628322,0.30615012810470354,0.38434840587130814,0.36559035462125183,0.3414756919129091,0.0,0.24786200769946587,0.40260031684591985,0.3469273126725529
Costa Rica Indice Accionario,0.2380948595879607,0.24225221396951455,0.25115399971506397,0.25833522483464366,0.26241451246934305,0.24786200769946587,0.0,0.24593436908122152,0.25253174775257636
加拿大多伦多S&P/TSX 综合指数,0.37269195458609417,0.26712111488331586,0.3822742187409553,0.2982512977452638,0.290798752881053,0.40260031684591985,0.24593436908122152,0.0,0.33981107069709754
S&P CLX IPSA,0.3278971594089087,0.26871745692694243,0.36272973976351114,0.3240111650595768,0.30619620675295944,0.3469273126725529,0.25253174775257636,0.33981107069709754,0.0
