,比利时BFX,日经225,墨西哥BOLSA,恒生指数,韩国综合指数,荷兰AEX,Costa Rica Indice Accionario,加拿大多伦多S&P/TSX 综合指数,S&P CLX IPSA
比利时BFX,0.0,0.32049904027526877,0.38410305786194804,0.3511541272788736,0.3180467743937953,0.6983297523339781,0.23689020673078745,0.39086514424061997,0.3763416794874542
日经225,0.32049904027526877,0.0,0.2975069810183721,0.39494308834186864,0.3903632564308533,0.32067942327271687,0.23485049440523623,0.2819850826007651,0.29414695424435
墨西哥BOLSA,0.38410305786194804,0.2975069810183721,0.0,0.32529836008137497,0.33810225310716235,0.410670212289058,0.2470215779457161,0.4421093075773451,0.43433542323543295
恒生指数,0.3511541272788736,0.39494308834186864,0.32529836008137497,0.0,0.4262480097219926,0.3594609017867444,0.24508054094426784,0.31713885413594234,0.35622442554011413
韩国综合指数,0.3180467743937953,0.3903632564308533,0.33810225310716235,0.4262480097219926,0.0,0.325043782615027,0.24392596029136068,0.3212313828842721,0.3563660748832682
荷兰AEX,0.6983297523339781,0.32067942327271687,0.410670212289058,0.3594609017867444,0.325043782615027,0.0,0.2440953952254513,0.41475537837623494,0.3930695477289156
Costa Rica Indice Accionario,0.23689020673078745,0.23485049440523623,0.2470215779457161,0.24508054094426784,0.24392596029136068,0.2440953952254513,0.0,0.2419519666290458,0.25718237218994217
加拿大多伦多S&P/TSX 综合指数,0.39086514424061997,0.2819850826007651,0.4421093075773451,0.31713885413594234,0.3212313828842721,0.41475537837623494,0.2419519666290458,0.0,0.4003646300745636
S&P CLX IPSA,0.3763416794874542,0.29414695424435,0.43433542323543295,0.35622442554011413,0.3563660748832682,0.3930695477289156,0.25718237218994217,0.4003646300745636,0.0
