,比利时BFX,日经225,墨西哥BOLSA,恒生指数,韩国综合指数,荷兰AEX,Costa Rica Indice Accionario,加拿大多伦多S&P/TSX 综合指数,S&P CLX IPSA
比利时BFX,0.0,0.3259946992452953,0.3892019700482244,0.35475891198036036,0.3196871949400412,0.6993738628652021,0.2385533015648477,0.3943710597019441,0.3779509412223847
日经225,0.3259946992452953,0.0,0.29675912967702067,0.39766153394352494,0.3901494455114389,0.3277600577401611,0.2342148668308012,0.28427048309706193,0.2992842338366593
墨西哥BOLSA,0.3892019700482244,0.29675912967702067,0.0,0.32947738256293874,0.3376451933130429,0.41790574093518834,0.2483575959561839,0.43819361956633934,0.4397695670078658
恒生指数,0.35475891198036036,0.39766153394352494,0.32947738256293874,0.0,0.42593315179196284,0.3602388618529709,0.24747132206047423,0.31812299212943357,0.362350162190702
韩国综合指数,0.3196871949400412,0.3901494455114389,0.3376451933130429,0.42593315179196284,0.0,0.32383312307382167,0.24489690155922955,0.3202150670764742,0.3611314340647705
荷兰AEX,0.6993738628652021,0.3277600577401611,0.41790574093518834,0.3602388618529709,0.32383312307382167,0.0,0.2463913323363618,0.41930843834242726,0.38908644165315853
Costa Rica Indice Accionario,0.2385533015648477,0.2342148668308012,0.2483575959561839,0.24747132206047423,0.24489690155922955,0.2463913323363618,0.0,0.24583775407962086,0.25698333535863005
加拿大多伦多S&P/TSX 综合指数,0.3943710597019441,0.28427048309706193,0.43819361956633934,0.31812299212943357,0.3202150670764742,0.41930843834242726,0.24583775407962086,0.0,0.40204080626032673
S&P CLX IPSA,0.3779509412223847,0.2992842338366593,0.4397695670078658,0.362350162190702,0.3611314340647705,0.38908644165315853,0.25698333535863005,0.40204080626032673,0.0
