,比利时BFX,日经225,墨西哥BOLSA,恒生指数,韩国综合指数,荷兰AEX,Costa Rica Indice Accionario,加拿大多伦多S&P/TSX 综合指数,S&P CLX IPSA
比利时BFX,0.0,0.3285110693669523,0.3934483423202985,0.3397802571498516,0.33617614732142603,0.6871034301708726,0.23439355039206122,0.3724848542480944,0.3449183743947627
日经225,0.3285110693669523,0.0,0.30608826596464567,0.41770875008488445,0.41536072832220616,0.32662930690279474,0.2306527604570694,0.26931668617833854,0.30199676378902424
墨西哥BOLSA,0.3934483423202985,0.30608826596464567,0.0,0.32952653427472056,0.3474103627075426,0.4206708690208967,0.24571786425374814,0.4265319138333824,0.4075007992329362
恒生指数,0.3397802571498516,0.41770875008488445,0.32952653427472056,0.0,0.4810311823552047,0.3546705625162277,0.24400321867239552,0.3046862652716551,0.35735593831069495
韩国综合指数,0.33617614732142603,0.41536072832220616,0.3474103627075426,0.4810311823552047,0.0,0.3475813261413782,0.2491747076935866,0.3034187782996945,0.3444166143735793
荷兰AEX,0.6871034301708726,0.32662930690279474,0.4206708690208967,0.3546705625162277,0.3475813261413782,0.0,0.24206951643864116,0.3977756227258337,0.36735252650098316
Costa Rica Indice Accionario,0.23439355039206122,0.2306527604570694,0.24571786425374814,0.24400321867239552,0.2491747076935866,0.24206951643864116,0.0,0.24257382605650837,0.2613767661672605
加拿大多伦多S&P/TSX 综合指数,0.3724848542480944,0.26931668617833854,0.4265319138333824,0.3046862652716551,0.3034187782996945,0.3977756227258337,0.24257382605650837,0.0,0.3679634674740488
S&P CLX IPSA,0.3449183743947627,0.30199676378902424,0.4075007992329362,0.35735593831069495,0.3444166143735793,0.36735252650098316,0.2613767661672605,0.3679634674740488,0.0
