,比利时BFX,日经225,墨西哥BOLSA,恒生指数,韩国综合指数,荷兰AEX,Costa Rica Indice Accionario,加拿大多伦多S&P/TSX 综合指数,S&P CLX IPSA
比利时BFX,0.0,0.3023226671277967,0.2907813154776461,0.28064067467207837,0.27148478213045935,0.5721488549039383,0.25297244451508955,0.32883923956537553,0.3252273648082549
日经225,0.3023226671277967,0.0,0.25982808381673855,0.2988057067221339,0.3283390060652018,0.31716672850260397,0.24836706880401543,0.29504715339074633,0.28678055806725633
墨西哥BOLSA,0.2907813154776461,0.25982808381673855,0.0,0.26465545223352843,0.2497172970965488,0.30165605176704663,0.24551943642535998,0.33680652493899027,0.3235626576331819
恒生指数,0.28064067467207837,0.2988057067221339,0.26465545223352843,0.0,0.35328503070158557,0.2972786474536007,0.240466776090795,0.2673862639137237,0.30691766325229836
韩国综合指数,0.27148478213045935,0.3283390060652018,0.2497172970965488,0.35328503070158557,0.0,0.28661413465144814,0.23459831383343746,0.2562564104825918,0.27860040807016667
荷兰AEX,0.5721488549039383,0.31716672850260397,0.30165605176704663,0.2972786474536007,0.28661413465144814,0.0,0.2527114378880402,0.36238160766773964,0.33661536707347345
Costa Rica Indice Accionario,0.25297244451508955,0.24836706880401543,0.24551943642535998,0.240466776090795,0.23459831383343746,0.2527114378880402,0.0,0.24928872966637053,0.24586456706973733
加拿大多伦多S&P/TSX 综合指数,0.32883923956537553,0.29504715339074633,0.33680652493899027,0.2673862639137237,0.2562564104825918,0.36238160766773964,0.24928872966637053,0.0,0.3223079641655511
S&P CLX IPSA,0.3252273648082549,0.28678055806725633,0.3235626576331819,0.30691766325229836,0.27860040807016667,0.33661536707347345,0.24586456706973733,0.3223079641655511,0.0
