,比利时BFX,日经225,墨西哥BOLSA,恒生指数,韩国综合指数,荷兰AEX,Costa Rica Indice Accionario,加拿大多伦多S&P/TSX 综合指数,S&P CLX IPSA
比利时BFX,0.0,0.3115921384733242,0.36541809692668153,0.3225772935797024,0.33767989424766504,0.6669892769903456,0.24582527597637696,0.39777915810749176,0.3262303266901627
日经225,0.3115921384733242,0.0,0.26916400382817135,0.36730935807832904,0.40874887065790655,0.32213759061074215,0.24627161574054765,0.28857760104417185,0.2707868211823468
墨西哥BOLSA,0.36541809692668153,0.26916400382817135,0.0,0.29183824713989037,0.2919185965866478,0.37299255479501436,0.255157454933768,0.3636060307467636,0.34538348166261756
恒生指数,0.3225772935797024,0.36730935807832904,0.29183824713989037,0.0,0.45189521070344557,0.33639586984641784,0.25975218221575147,0.29397866533573236,0.30983059256600565
韩国综合指数,0.33767989424766504,0.40874887065790655,0.2919185965866478,0.45189521070344557,0.0,0.355094295614457,0.25598090551147334,0.28591021071200523,0.2871874650574064
荷兰AEX,0.6669892769903456,0.32213759061074215,0.37299255479501436,0.33639586984641784,0.355094295614457,0.0,0.25588462124199607,0.4075051582252772,0.3421064018671164
Costa Rica Indice Accionario,0.24582527597637696,0.24627161574054765,0.255157454933768,0.25975218221575147,0.25598090551147334,0.25588462124199607,0.0,0.24707749580363492,0.2362380451816378
加拿大多伦多S&P/TSX 综合指数,0.39777915810749176,0.28857760104417185,0.3636060307467636,0.29397866533573236,0.28591021071200523,0.4075051582252772,0.24707749580363492,0.0,0.34360073673776453
S&P CLX IPSA,0.3262303266901627,0.2707868211823468,0.34538348166261756,0.30983059256600565,0.2871874650574064,0.3421064018671164,0.2362380451816378,0.34360073673776453,0.0
