,比利时BFX,日经225,墨西哥BOLSA,恒生指数,韩国综合指数,荷兰AEX,Costa Rica Indice Accionario,加拿大多伦多S&P/TSX 综合指数,S&P CLX IPSA
比利时BFX,0.0,0.2940749567900797,0.30308727402864977,0.27727710772007186,0.27838218783895924,0.5580675106304399,0.24684610649515767,0.33392471678034286,0.3146870721923395
日经225,0.2940749567900797,0.0,0.26224362813885466,0.2813968346019095,0.32204942277570453,0.31078044736210836,0.24531055041220834,0.2905131566111013,0.27131298427676814
墨西哥BOLSA,0.30308727402864977,0.26224362813885466,0.0,0.2669185832981302,0.257557937562461,0.3043902055841564,0.24475964850708704,0.333013996553808,0.31081494715167446
恒生指数,0.27727710772007186,0.2813968346019095,0.2669185832981302,0.0,0.34983324177043057,0.28733430263731957,0.23943883272448807,0.26431093182553356,0.30357265426313373
韩国综合指数,0.27838218783895924,0.32204942277570453,0.257557937562461,0.34983324177043057,0.0,0.2861526774099952,0.23216431099608364,0.25448385693727743,0.2692097380018875
荷兰AEX,0.5580675106304399,0.31078044736210836,0.3043902055841564,0.28733430263731957,0.2861526774099952,0.0,0.24532886363803696,0.36747908081360947,0.32774990758339956
Costa Rica Indice Accionario,0.24684610649515767,0.24531055041220834,0.24475964850708704,0.23943883272448807,0.23216431099608364,0.24532886363803696,0.0,0.24235310876248078,0.24186458230289162
加拿大多伦多S&P/TSX 综合指数,0.33392471678034286,0.2905131566111013,0.333013996553808,0.26431093182553356,0.25448385693727743,0.36747908081360947,0.24235310876248078,0.0,0.3227215191723047
S&P CLX IPSA,0.3146870721923395,0.27131298427676814,0.31081494715167446,0.30357265426313373,0.2692097380018875,0.32774990758339956,0.24186458230289162,0.3227215191723047,0.0
