,比利时BFX,日经225,墨西哥BOLSA,恒生指数,韩国综合指数,荷兰AEX,Costa Rica Indice Accionario,加拿大多伦多S&P/TSX 综合指数,S&P CLX IPSA
比利时BFX,0.0,0.2933539743832912,0.3051184529231424,0.2808217522178544,0.2796107360120685,0.564428041514754,0.2584525123788491,0.32359162580286077,0.3209111448035601
日经225,0.2933539743832912,0.0,0.27752686523507486,0.3013168655261049,0.3350080389205035,0.3087976577738837,0.2407164763055924,0.298413381383397,0.2901551157365638
墨西哥BOLSA,0.3051184529231424,0.27752686523507486,0.0,0.26257581347311804,0.2537282019832377,0.30475796245696607,0.24106394473112883,0.3342986895618841,0.31618331272324746
恒生指数,0.2808217522178544,0.3013168655261049,0.26257581347311804,0.0,0.3602380351895937,0.2990727552906378,0.23457736164915977,0.2685844122867086,0.30331013082264313
韩国综合指数,0.2796107360120685,0.3350080389205035,0.2537282019832377,0.3602380351895937,0.0,0.2955071801388774,0.23660573966597628,0.262027167138311,0.2780168625470439
荷兰AEX,0.564428041514754,0.3087976577738837,0.30475796245696607,0.2990727552906378,0.2955071801388774,0.0,0.25482790958395446,0.3522432416100375,0.327591730651279
Costa Rica Indice Accionario,0.2584525123788491,0.2407164763055924,0.24106394473112883,0.23457736164915977,0.23660573966597628,0.25482790958395446,0.0,0.2413928653195992,0.24231528285279236
加拿大多伦多S&P/TSX 综合指数,0.32359162580286077,0.298413381383397,0.3342986895618841,0.2685844122867086,0.262027167138311,0.3522432416100375,0.2413928653195992,0.0,0.31887704899174424
S&P CLX IPSA,0.3209111448035601,0.2901551157365638,0.31618331272324746,0.30331013082264313,0.2780168625470439,0.327591730651279,0.24231528285279236,0.31887704899174424,0.0
