,比利时BFX,日经225,墨西哥BOLSA,恒生指数,韩国综合指数,荷兰AEX,Costa Rica Indice Accionario,加拿大多伦多S&P/TSX 综合指数,S&P CLX IPSA
比利时BFX,0.0,0.30185946317855417,0.36976566626551216,0.3342490703986284,0.3429264485468737,0.6667597726451483,0.24552755197332113,0.3909138564034827,0.31636511521469995
日经225,0.30185946317855417,0.0,0.2779300702167401,0.3745184384885549,0.40475678306594065,0.3054946980295225,0.24791082681361726,0.28009568812962754,0.2626951960833609
墨西哥BOLSA,0.36976566626551216,0.2779300702167401,0.0,0.2985384025537143,0.2984899761801833,0.3722820626812229,0.2527416483285735,0.360570174659875,0.34418139814528687
恒生指数,0.3342490703986284,0.3745184384885549,0.2985384025537143,0.0,0.4567647667920427,0.3517418348681642,0.25471888140440624,0.3072776007160989,0.30582113127004257
韩国综合指数,0.3429264485468737,0.40475678306594065,0.2984899761801833,0.4567647667920427,0.0,0.3541771107407228,0.2569055389412923,0.29404761108414385,0.2801747546872576
荷兰AEX,0.6667597726451483,0.3054946980295225,0.3722820626812229,0.3517418348681642,0.3541771107407228,0.0,0.2525271404153388,0.40128673985439467,0.3360469956174893
Costa Rica Indice Accionario,0.24552755197332113,0.24791082681361726,0.2527416483285735,0.25471888140440624,0.2569055389412923,0.2525271404153388,0.0,0.2400549867962249,0.23834687783116745
加拿大多伦多S&P/TSX 综合指数,0.3909138564034827,0.28009568812962754,0.360570174659875,0.3072776007160989,0.29404761108414385,0.40128673985439467,0.2400549867962249,0.0,0.3302510646894268
S&P CLX IPSA,0.31636511521469995,0.2626951960833609,0.34418139814528687,0.30582113127004257,0.2801747546872576,0.3360469956174893,0.23834687783116745,0.3302510646894268,0.0
