,比利时BFX,日经225,墨西哥BOLSA,恒生指数,韩国综合指数,荷兰AEX,Costa Rica Indice Accionario,加拿大多伦多S&P/TSX 综合指数,S&P CLX IPSA
比利时BFX,0.0,0.25800327447736726,0.3127690105862062,0.2617441963940891,0.26340425190413524,0.5453337508827539,0.24489157065695702,0.33022220721148476,0.31803184287775865
日经225,0.25800327447736726,0.0,0.23956829356056422,0.32311422022939784,0.3686956666453784,0.27483531575466624,0.25159521545482033,0.2680532333915449,0.2505005743116726
墨西哥BOLSA,0.3127690105862062,0.23956829356056422,0.0,0.2632912495883789,0.25231489984179534,0.3236273758527784,0.2508975009848361,0.31864891896179176,0.33637595048192725
恒生指数,0.2617441963940891,0.32311422022939784,0.2632912495883789,0.0,0.3775852393395613,0.2819191458907783,0.2555829721929459,0.2587972492660242,0.2919593877336183
韩国综合指数,0.26340425190413524,0.3686956666453784,0.25231489984179534,0.3775852393395613,0.0,0.27965173771929314,0.2393412779958631,0.25085586022918177,0.25551593700470987
荷兰AEX,0.5453337508827539,0.27483531575466624,0.3236273758527784,0.2819191458907783,0.27965173771929314,0.0,0.24655426133758418,0.35698292742518395,0.3336019728396836
Costa Rica Indice Accionario,0.24489157065695702,0.25159521545482033,0.2508975009848361,0.2555829721929459,0.2393412779958631,0.24655426133758418,0.0,0.23524616885134977,0.24468988054233756
加拿大多伦多S&P/TSX 综合指数,0.33022220721148476,0.2680532333915449,0.31864891896179176,0.2587972492660242,0.25085586022918177,0.35698292742518395,0.23524616885134977,0.0,0.32815635713902697
S&P CLX IPSA,0.31803184287775865,0.2505005743116726,0.33637595048192725,0.2919593877336183,0.25551593700470987,0.3336019728396836,0.24468988054233756,0.32815635713902697,0.0
