,比利时BFX,日经225,墨西哥BOLSA,恒生指数,韩国综合指数,荷兰AEX,Costa Rica Indice Accionario,加拿大多伦多S&P/TSX 综合指数,S&P CLX IPSA
比利时BFX,0.0,0.25841155732828447,0.3258286174126434,0.2684151147600398,0.26993925849385164,0.5570560009800343,0.25589039582244444,0.34452065852702946,0.31528325392732615
日经225,0.25841155732828447,0.0,0.24381772578750144,0.3298461587297299,0.37355439228165954,0.2754434506746731,0.2517110791399645,0.26145910469263484,0.2536743463670415
墨西哥BOLSA,0.3258286174126434,0.24381772578750144,0.0,0.2664207378096835,0.2614788018100276,0.3386895518816489,0.2550125991545892,0.34098403018819745,0.3340200829019468
恒生指数,0.2684151147600398,0.3298461587297299,0.2664207378096835,0.0,0.3886585241362704,0.2869386333584436,0.26086983410715314,0.25687103939559197,0.2956322869238778
韩国综合指数,0.26993925849385164,0.37355439228165954,0.2614788018100276,0.3886585241362704,0.0,0.2891874706717604,0.2530017795541052,0.2505695366152847,0.262591599160266
荷兰AEX,0.5570560009800343,0.2754434506746731,0.3386895518816489,0.2869386333584436,0.2891874706717604,0.0,0.2685991501487609,0.365994053002612,0.3296953778347412
Costa Rica Indice Accionario,0.25589039582244444,0.2517110791399645,0.2550125991545892,0.26086983410715314,0.2530017795541052,0.2685991501487609,0.0,0.24935972068627055,0.2406456811972245
加拿大多伦多S&P/TSX 综合指数,0.34452065852702946,0.26145910469263484,0.34098403018819745,0.25687103939559197,0.2505695366152847,0.365994053002612,0.24935972068627055,0.0,0.33378068159539603
S&P CLX IPSA,0.31528325392732615,0.2536743463670415,0.3340200829019468,0.2956322869238778,0.262591599160266,0.3296953778347412,0.2406456811972245,0.33378068159539603,0.0
