,比利时BFX,日经225,墨西哥BOLSA,恒生指数,韩国综合指数,荷兰AEX,Costa Rica Indice Accionario,加拿大多伦多S&P/TSX 综合指数,S&P CLX IPSA
比利时BFX,0.0,0.307241791248121,0.368880213564142,0.329660374895746,0.34014729908012453,0.6716369240869298,0.2469569770993744,0.4011516166811079,0.3267785717206281
日经225,0.307241791248121,0.0,0.26812705752254995,0.3717736298328421,0.41270592590803196,0.3154476214438785,0.24860276076643548,0.2869208973977368,0.2713362988727562
墨西哥BOLSA,0.368880213564142,0.26812705752254995,0.0,0.2881589824747514,0.291477414364602,0.3758041373037737,0.25369063240108103,0.3657485369788239,0.3455522344737099
恒生指数,0.329660374895746,0.3717736298328421,0.2881589824747514,0.0,0.4546479736165283,0.3407159011029286,0.25952541587195865,0.3008976059057701,0.30243741941706476
韩国综合指数,0.34014729908012453,0.41270592590803196,0.291477414364602,0.4546479736165283,0.0,0.3535601155711213,0.25839733280001503,0.29322523576471027,0.28201516706153257
荷兰AEX,0.6716369240869298,0.3154476214438785,0.3758041373037737,0.3407159011029286,0.3535601155711213,0.0,0.2552703521539445,0.40928241000937826,0.34333613377527633
Costa Rica Indice Accionario,0.2469569770993744,0.24860276076643548,0.25369063240108103,0.25952541587195865,0.25839733280001503,0.2552703521539445,0.0,0.24499744712533847,0.2395710126969128
加拿大多伦多S&P/TSX 综合指数,0.4011516166811079,0.2869208973977368,0.3657485369788239,0.3008976059057701,0.29322523576471027,0.40928241000937826,0.24499744712533847,0.0,0.34629065482327265
S&P CLX IPSA,0.3267785717206281,0.2713362988727562,0.3455522344737099,0.30243741941706476,0.28201516706153257,0.34333613377527633,0.2395710126969128,0.34629065482327265,0.0
