,比利时BFX,日经225,墨西哥BOLSA,恒生指数,韩国综合指数,荷兰AEX,Costa Rica Indice Accionario,加拿大多伦多S&P/TSX 综合指数,S&P CLX IPSA
比利时BFX,0.0,0.2992370715454139,0.30979482674984826,0.2894292688288022,0.2896417302907915,0.574480479283297,0.2663209942933468,0.3152385360381585,0.289132134126349
日经225,0.2992370715454139,0.0,0.2858897833446993,0.31629018233630185,0.32115681707459603,0.30063503989581564,0.24534232890500027,0.2967205138948316,0.2924823935990746
墨西哥BOLSA,0.30979482674984826,0.2858897833446993,0.0,0.2848526129429161,0.2715668143587777,0.30491952840076925,0.23415271354035117,0.32024236233142467,0.3031829470988355
恒生指数,0.2894292688288022,0.31629018233630185,0.2848526129429161,0.0,0.36799013306301875,0.3050840299190352,0.22891022992341606,0.27119353959605114,0.2999797090864221
韩国综合指数,0.2896417302907915,0.32115681707459603,0.2715668143587777,0.36799013306301875,0.0,0.30265501635374065,0.23832858438134005,0.25579766619175426,0.27147519981121604
荷兰AEX,0.574480479283297,0.30063503989581564,0.30491952840076925,0.3050840299190352,0.30265501635374065,0.0,0.26131070564712067,0.34099406951840916,0.2946630568284461
Costa Rica Indice Accionario,0.2663209942933468,0.24534232890500027,0.23415271354035117,0.22891022992341606,0.23832858438134005,0.26131070564712067,0.0,0.23913842578502348,0.24674631247822493
加拿大多伦多S&P/TSX 综合指数,0.3152385360381585,0.2967205138948316,0.32024236233142467,0.27119353959605114,0.25579766619175426,0.34099406951840916,0.23913842578502348,0.0,0.2991606340477957
S&P CLX IPSA,0.289132134126349,0.2924823935990746,0.3031829470988355,0.2999797090864221,0.27147519981121604,0.2946630568284461,0.24674631247822493,0.2991606340477957,0.0
