,比利时BFX,日经225,墨西哥BOLSA,恒生指数,韩国综合指数,荷兰AEX,Costa Rica Indice Accionario,加拿大多伦多S&P/TSX 综合指数,S&P CLX IPSA
比利时BFX,0.0,0.2578298440131556,0.30560981360095485,0.25759365392032785,0.2616036362700153,0.5481931347225425,0.24939819562981538,0.33971400281567943,0.3168478161955336
日经225,0.2578298440131556,0.0,0.23843140094564322,0.32138877708630165,0.37319209276709264,0.27632426924709047,0.24755205965641797,0.27310808529575925,0.24867546449700914
墨西哥BOLSA,0.30560981360095485,0.23843140094564322,0.0,0.2569398078000236,0.25010424332949127,0.31310821584282317,0.24419475943244875,0.31812974497059787,0.3326888933131938
恒生指数,0.25759365392032785,0.32138877708630165,0.2569398078000236,0.0,0.3719729526792929,0.2720460231103107,0.2410130307909193,0.2619352728575787,0.29411785122824247
韩国综合指数,0.2616036362700153,0.37319209276709264,0.25010424332949127,0.3719729526792929,0.0,0.27335615403665015,0.23702741610833788,0.25372445497965895,0.25526709078855275
荷兰AEX,0.5481931347225425,0.27632426924709047,0.31310821584282317,0.2720460231103107,0.27335615403665015,0.0,0.2437440514318291,0.38361732614431543,0.3367193371179867
Costa Rica Indice Accionario,0.24939819562981538,0.24755205965641797,0.24419475943244875,0.2410130307909193,0.23702741610833788,0.2437440514318291,0.0,0.23759413298808763,0.23953113143693816
加拿大多伦多S&P/TSX 综合指数,0.33971400281567943,0.27310808529575925,0.31812974497059787,0.2619352728575787,0.25372445497965895,0.38361732614431543,0.23759413298808763,0.0,0.32657577782835706
S&P CLX IPSA,0.3168478161955336,0.24867546449700914,0.3326888933131938,0.29411785122824247,0.25526709078855275,0.3367193371179867,0.23953113143693816,0.32657577782835706,0.0
