,比利时BFX,日经225,墨西哥BOLSA,恒生指数,韩国综合指数,荷兰AEX,Costa Rica Indice Accionario,加拿大多伦多S&P/TSX 综合指数,S&P CLX IPSA
比利时BFX,0.0,0.30376913480657003,0.36520923623688795,0.3270126438660294,0.33949760206272916,0.6713773792441841,0.24712309180021627,0.39306900637406084,0.32271599991350375
日经225,0.30376913480657003,0.0,0.2692822308050958,0.37383566304544086,0.4128846701699044,0.31296214061976946,0.2482940448166231,0.28826980044967127,0.27000645856845684
墨西哥BOLSA,0.36520923623688795,0.2692822308050958,0.0,0.2938578952164729,0.29533691400800854,0.3744578571117316,0.2536924955706986,0.3673555200769404,0.3464206964310911
恒生指数,0.3270126438660294,0.37383566304544086,0.2938578952164729,0.0,0.4607318834383921,0.3425246876014795,0.26030190017661414,0.3063886303538961,0.30252511715826336
韩国综合指数,0.33949760206272916,0.4128846701699044,0.29533691400800854,0.4607318834383921,0.0,0.35412950282956673,0.25926583734362124,0.2946733351107808,0.2834708174304168
荷兰AEX,0.6713773792441841,0.31296214061976946,0.3744578571117316,0.3425246876014795,0.35412950282956673,0.0,0.25573458558212603,0.4054394516759414,0.3415024050409938
Costa Rica Indice Accionario,0.24712309180021627,0.2482940448166231,0.2536924955706986,0.26030190017661414,0.25926583734362124,0.25573458558212603,0.0,0.2445294499554449,0.2404941070711501
加拿大多伦多S&P/TSX 综合指数,0.39306900637406084,0.28826980044967127,0.3673555200769404,0.3063886303538961,0.2946733351107808,0.4054394516759414,0.2445294499554449,0.0,0.3410287199697093
S&P CLX IPSA,0.32271599991350375,0.27000645856845684,0.3464206964310911,0.30252511715826336,0.2834708174304168,0.3415024050409938,0.2404941070711501,0.3410287199697093,0.0
