,比利时BFX,日经225,墨西哥BOLSA,恒生指数,韩国综合指数,荷兰AEX,Costa Rica Indice Accionario,加拿大多伦多S&P/TSX 综合指数,S&P CLX IPSA
比利时BFX,0.0,0.3113727390118953,0.3655106914609535,0.3243580276880967,0.33977074294661874,0.6674069408799486,0.2459016149448764,0.3997736311241348,0.3272577650667298
日经225,0.3113727390118953,0.0,0.269996614925797,0.3687218610949481,0.4104245032660695,0.32176259593895984,0.24611021667557068,0.28875253424374464,0.2709316239654758
墨西哥BOLSA,0.3655106914609535,0.269996614925797,0.0,0.29005178161460166,0.292085261728427,0.37274144421072986,0.25636858893222236,0.3634286836764061,0.3416276055479064
恒生指数,0.3243580276880967,0.3687218610949481,0.29005178161460166,0.0,0.45249453902772,0.33798798782309625,0.2613594194222181,0.29653034225007263,0.30691369860723905
韩国综合指数,0.33977074294661874,0.4104245032660695,0.292085261728427,0.45249453902772,0.0,0.3562234730383007,0.25649415647008733,0.2895141538528634,0.28712939240334384
荷兰AEX,0.6674069408799486,0.32176259593895984,0.37274144421072986,0.33798798782309625,0.3562234730383007,0.0,0.2561115400421301,0.41004004220878687,0.3428781466486208
Costa Rica Indice Accionario,0.2459016149448764,0.24611021667557068,0.25636858893222236,0.2613594194222181,0.25649415647008733,0.2561115400421301,0.0,0.24725080843836442,0.23751875587348908
加拿大多伦多S&P/TSX 综合指数,0.3997736311241348,0.28875253424374464,0.3634286836764061,0.29653034225007263,0.2895141538528634,0.41004004220878687,0.24725080843836442,0.0,0.3442216134905701
S&P CLX IPSA,0.3272577650667298,0.2709316239654758,0.3416276055479064,0.30691369860723905,0.28712939240334384,0.3428781466486208,0.23751875587348908,0.3442216134905701,0.0
