,比利时BFX,日经225,墨西哥BOLSA,恒生指数,韩国综合指数,荷兰AEX,Costa Rica Indice Accionario,加拿大多伦多S&P/TSX 综合指数,S&P CLX IPSA
比利时BFX,0.0,0.3041053941318634,0.36517730176810054,0.327850966856729,0.3394423640233569,0.6722003284169422,0.2470630059748423,0.39059471653010536,0.32247627499958226
日经225,0.3041053941318634,0.0,0.2697795109158888,0.3732189412649238,0.4112932428879429,0.3126518384837338,0.24831432918839416,0.28652604496906053,0.26934188500715284
墨西哥BOLSA,0.36517730176810054,0.2697795109158888,0.0,0.29504328539011426,0.2957474030279705,0.375052021239516,0.2536054878148102,0.3662972849902485,0.3466379470949373
恒生指数,0.327850966856729,0.3732189412649238,0.29504328539011426,0.0,0.45955424038326065,0.3423527788828266,0.2605235869575077,0.30481467237888743,0.3019100898493467
韩国综合指数,0.3394423640233569,0.4112932428879429,0.2957474030279705,0.45955424038326065,0.0,0.353900973840702,0.259485475982862,0.2953735758982452,0.28376972666488526
荷兰AEX,0.6722003284169422,0.3126518384837338,0.375052021239516,0.3423527788828266,0.353900973840702,0.0,0.25580971305059214,0.40344057506959147,0.34130302399784035
Costa Rica Indice Accionario,0.2470630059748423,0.24831432918839416,0.2536054878148102,0.2605235869575077,0.259485475982862,0.25580971305059214,0.0,0.2449095011882094,0.2406848459503544
加拿大多伦多S&P/TSX 综合指数,0.39059471653010536,0.28652604496906053,0.3662972849902485,0.30481467237888743,0.2953735758982452,0.40344057506959147,0.2449095011882094,0.0,0.3418720986859613
S&P CLX IPSA,0.32247627499958226,0.26934188500715284,0.3466379470949373,0.3019100898493467,0.28376972666488526,0.34130302399784035,0.2406848459503544,0.3418720986859613,0.0
