,比利时BFX,日经225,墨西哥BOLSA,恒生指数,韩国综合指数,荷兰AEX,Costa Rica Indice Accionario,加拿大多伦多S&P/TSX 综合指数,S&P CLX IPSA
比利时BFX,0.0,0.2594442178715801,0.30545392991693615,0.2569186840342289,0.25906856101467046,0.5546151566618421,0.24642670370123063,0.3406815056068679,0.31868682608037846
日经225,0.2594442178715801,0.0,0.2399829930524097,0.3239476832778134,0.37894219103947235,0.277915110502187,0.24642709823544773,0.27566465224129505,0.2508465713116694
墨西哥BOLSA,0.30545392991693615,0.2399829930524097,0.0,0.2576481264125188,0.24791028975735735,0.3132760893296184,0.24539074733240643,0.31697264121455726,0.3343819004495263
恒生指数,0.2569186840342289,0.3239476832778134,0.2576481264125188,0.0,0.36890350633556657,0.27220545331962265,0.2405845163614982,0.2646378234789729,0.2958251102060725
韩国综合指数,0.25906856101467046,0.37894219103947235,0.24791028975735735,0.36890350633556657,0.0,0.27241840115951,0.23458271459589694,0.2571983423511942,0.26060471303180166
荷兰AEX,0.5546151566618421,0.277915110502187,0.3132760893296184,0.27220545331962265,0.27241840115951,0.0,0.2449761365972163,0.38488110056103964,0.33951531356380793
Costa Rica Indice Accionario,0.24642670370123063,0.24642709823544773,0.24539074733240643,0.2405845163614982,0.23458271459589694,0.2449761365972163,0.0,0.24114503955274377,0.24188785220718062
加拿大多伦多S&P/TSX 综合指数,0.3406815056068679,0.27566465224129505,0.31697264121455726,0.2646378234789729,0.2571983423511942,0.38488110056103964,0.24114503955274377,0.0,0.3302987480631233
S&P CLX IPSA,0.31868682608037846,0.2508465713116694,0.3343819004495263,0.2958251102060725,0.26060471303180166,0.33951531356380793,0.24188785220718062,0.3302987480631233,0.0
