,比利时BFX,日经225,墨西哥BOLSA,恒生指数,韩国综合指数,荷兰AEX,Costa Rica Indice Accionario,加拿大多伦多S&P/TSX 综合指数,S&P CLX IPSA
比利时BFX,0.0,0.25277193439942636,0.31741910354911057,0.27534113353002554,0.2766664022545894,0.5721234622212055,0.24859806323210928,0.3394261370811788,0.31424588101342504
日经225,0.25277193439942636,0.0,0.24350128214337688,0.32099364946348763,0.36284783457518077,0.2670525353217971,0.248634479002837,0.26386759979488067,0.2492806524238196
墨西哥BOLSA,0.31741910354911057,0.24350128214337688,0.0,0.26832072754493264,0.26186920847461964,0.3290310654478753,0.25545903280897,0.3351434360737422,0.32600976544390564
恒生指数,0.27534113353002554,0.32099364946348763,0.26832072754493264,0.0,0.3888354437087468,0.2898272850977149,0.2619521267968146,0.26049226163678396,0.29499256813933417
韩国综合指数,0.2766664022545894,0.36284783457518077,0.26186920847461964,0.3888354437087468,0.0,0.29497895182875955,0.25499033750083505,0.2539901573173894,0.2628608036737533
荷兰AEX,0.5721234622212055,0.2670525353217971,0.3290310654478753,0.2898272850977149,0.29497895182875955,0.0,0.26311774334655075,0.36087386158125184,0.3278670674001383
Costa Rica Indice Accionario,0.24859806323210928,0.248634479002837,0.25545903280897,0.2619521267968146,0.25499033750083505,0.26311774334655075,0.0,0.25023366366808314,0.24059741458602313
加拿大多伦多S&P/TSX 综合指数,0.3394261370811788,0.26386759979488067,0.3351434360737422,0.26049226163678396,0.2539901573173894,0.36087386158125184,0.25023366366808314,0.0,0.3355341721368849
S&P CLX IPSA,0.31424588101342504,0.2492806524238196,0.32600976544390564,0.29499256813933417,0.2628608036737533,0.3278670674001383,0.24059741458602313,0.3355341721368849,0.0
