,比利时BFX,日经225,墨西哥BOLSA,恒生指数,韩国综合指数,荷兰AEX,Costa Rica Indice Accionario,加拿大多伦多S&P/TSX 综合指数,S&P CLX IPSA
比利时BFX,0.0,0.30228458521876705,0.2913021555424346,0.28153300224676864,0.2727918993530414,0.5743146619305762,0.25284736203883346,0.32853449891849673,0.32509314220548763
日经225,0.30228458521876705,0.0,0.262847091683119,0.29424022094084973,0.32253942365936333,0.313807999524174,0.24838025906594932,0.2956536944284287,0.28460209446418355
墨西哥BOLSA,0.2913021555424346,0.262847091683119,0.0,0.26469584253253875,0.25108164243206543,0.2995372559224239,0.24519368273189596,0.34367941335184504,0.32502035812518626
恒生指数,0.28153300224676864,0.29424022094084973,0.26469584253253875,0.0,0.352195460621815,0.29868035518624647,0.24034653800771735,0.2661172465636348,0.30945503471109737
韩国综合指数,0.2727918993530414,0.32253942365936333,0.25108164243206543,0.352195460621815,0.0,0.2878038628412575,0.23470768008357737,0.25682169942978567,0.2785997574788796
荷兰AEX,0.5743146619305762,0.313807999524174,0.2995372559224239,0.29868035518624647,0.2878038628412575,0.0,0.2527801161969084,0.35660677566140375,0.3361736961665982
Costa Rica Indice Accionario,0.25284736203883346,0.24838025906594932,0.24519368273189596,0.24034653800771735,0.23470768008357737,0.2527801161969084,0.0,0.24910917154488763,0.2456093550322593
加拿大多伦多S&P/TSX 综合指数,0.32853449891849673,0.2956536944284287,0.34367941335184504,0.2661172465636348,0.25682169942978567,0.35660677566140375,0.24910917154488763,0.0,0.3206133727600689
S&P CLX IPSA,0.32509314220548763,0.28460209446418355,0.32502035812518626,0.30945503471109737,0.2785997574788796,0.3361736961665982,0.2456093550322593,0.3206133727600689,0.0
