,比利时BFX,日经225,墨西哥BOLSA,恒生指数,韩国综合指数,荷兰AEX,Costa Rica Indice Accionario,加拿大多伦多S&P/TSX 综合指数,S&P CLX IPSA
比利时BFX,0.0,0.30423133304096645,0.3665471287993314,0.3319612976238105,0.3421983819191812,0.6725079085749295,0.24535537396898213,0.39031803154353073,0.3217126560012845
日经225,0.30423133304096645,0.0,0.26667061528064484,0.3751066348343668,0.4072874292271382,0.3101868785155747,0.24829072701094412,0.2811599825089321,0.269225316471715
墨西哥BOLSA,0.3665471287993314,0.26667061528064484,0.0,0.29348990109774886,0.2957903844877831,0.3711235208374465,0.2534071591453368,0.363688827889181,0.34455500698929437
恒生指数,0.3319612976238105,0.3751066348343668,0.29348990109774886,0.0,0.4573237554585759,0.3475954139236365,0.25652393208550717,0.30624040480612247,0.3020879179129983
韩国综合指数,0.3421983819191812,0.4072874292271382,0.2957903844877831,0.4573237554585759,0.0,0.35535700417132715,0.25807112109608443,0.29621214754719327,0.28389327485708366
荷兰AEX,0.6725079085749295,0.3101868785155747,0.3711235208374465,0.3475954139236365,0.35535700417132715,0.0,0.2524430079836945,0.40127341886783996,0.3392480517758975
Costa Rica Indice Accionario,0.24535537396898213,0.24829072701094412,0.2534071591453368,0.25652393208550717,0.25807112109608443,0.2524430079836945,0.0,0.2398534652335843,0.23935844193918512
加拿大多伦多S&P/TSX 综合指数,0.39031803154353073,0.2811599825089321,0.363688827889181,0.30624040480612247,0.29621214754719327,0.40127341886783996,0.2398534652335843,0.0,0.3357201242491792
S&P CLX IPSA,0.3217126560012845,0.269225316471715,0.34455500698929437,0.3020879179129983,0.28389327485708366,0.3392480517758975,0.23935844193918512,0.3357201242491792,0.0
