,比利时BFX,日经225,墨西哥BOLSA,恒生指数,韩国综合指数,荷兰AEX,Costa Rica Indice Accionario,加拿大多伦多S&P/TSX 综合指数,S&P CLX IPSA
比利时BFX,0.0,0.30445816306302614,0.29161852128656757,0.2783494167633881,0.27806458040729326,0.5695785868059863,0.2477281350266601,0.33466048790419967,0.32201746555859245
日经225,0.30445816306302614,0.0,0.2672128520018524,0.28979205990682,0.33282868985635894,0.3237490888101891,0.24598921009081964,0.2970616471843658,0.2835263239842681
墨西哥BOLSA,0.29161852128656757,0.2672128520018524,0.0,0.2662672710875783,0.2529952122300064,0.2990500257676371,0.24591075460402534,0.3465975577496039,0.32187308500393746
恒生指数,0.2783494167633881,0.28979205990682,0.2662672710875783,0.0,0.3428353738903777,0.28690141226896343,0.24244963386815563,0.26552194930793005,0.30670351241571775
韩国综合指数,0.27806458040729326,0.33282868985635894,0.2529952122300064,0.3428353738903777,0.0,0.289042552644478,0.23271385248456952,0.25987033195464165,0.277165279451936
荷兰AEX,0.5695785868059863,0.3237490888101891,0.2990500257676371,0.28690141226896343,0.289042552644478,0.0,0.24886211754631204,0.3597177153996629,0.32903221535163146
Costa Rica Indice Accionario,0.2477281350266601,0.24598921009081964,0.24591075460402534,0.24244963386815563,0.23271385248456952,0.24886211754631204,0.0,0.2461404874172903,0.24267170567360455
加拿大多伦多S&P/TSX 综合指数,0.33466048790419967,0.2970616471843658,0.3465975577496039,0.26552194930793005,0.25987033195464165,0.3597177153996629,0.2461404874172903,0.0,0.3181884893552083
S&P CLX IPSA,0.32201746555859245,0.2835263239842681,0.32187308500393746,0.30670351241571775,0.277165279451936,0.32903221535163146,0.24267170567360455,0.3181884893552083,0.0
