,比利时BFX,日经225,墨西哥BOLSA,恒生指数,韩国综合指数,荷兰AEX,Costa Rica Indice Accionario,加拿大多伦多S&P/TSX 综合指数,S&P CLX IPSA
比利时BFX,0.0,0.2988587631718326,0.2969183846226722,0.27868467832297705,0.28002656663074565,0.5721758967994837,0.2476356205895148,0.3367052677173293,0.3206964679609036
日经225,0.2988587631718326,0.0,0.26161455165160713,0.2905332006935507,0.32914930407439696,0.3134938008909599,0.24604770065617987,0.2899610643285045,0.2752289048413224
墨西哥BOLSA,0.2969183846226722,0.26161455165160713,0.0,0.2670151850718011,0.2551769226876726,0.3029868039103863,0.24582590751569317,0.3425246801659167,0.3239505259390317
恒生指数,0.27868467832297705,0.2905332006935507,0.2670151850718011,0.0,0.35189874214645755,0.2868681860672564,0.2424589748434358,0.26331152828827736,0.3045652676382656
韩国综合指数,0.28002656663074565,0.32914930407439696,0.2551769226876726,0.35189874214645755,0.0,0.28923155385629756,0.23292226201427216,0.25819974851158656,0.27410203095155816
荷兰AEX,0.5721758967994837,0.3134938008909599,0.3029868039103863,0.2868681860672564,0.28923155385629756,0.0,0.2487522904850615,0.3614425790611615,0.32924242403121184
Costa Rica Indice Accionario,0.2476356205895148,0.24604770065617987,0.24582590751569317,0.2424589748434358,0.23292226201427216,0.2487522904850615,0.0,0.2461326352906588,0.24273367449482464
加拿大多伦多S&P/TSX 综合指数,0.3367052677173293,0.2899610643285045,0.3425246801659167,0.26331152828827736,0.25819974851158656,0.3614425790611615,0.2461326352906588,0.0,0.3186742262199037
S&P CLX IPSA,0.3206964679609036,0.2752289048413224,0.3239505259390317,0.3045652676382656,0.27410203095155816,0.32924242403121184,0.24273367449482464,0.3186742262199037,0.0
