,比利时BFX,日经225,墨西哥BOLSA,恒生指数,韩国综合指数,荷兰AEX,Costa Rica Indice Accionario,加拿大多伦多S&P/TSX 综合指数,S&P CLX IPSA
比利时BFX,0.0,0.25712305483351283,0.3254759284977318,0.2686285591318884,0.27019807182330113,0.5572999235008466,0.25603754610335117,0.3436782743714936,0.3157217731751357
日经225,0.25712305483351283,0.0,0.24464282280495794,0.326937478250623,0.3693235855929287,0.27425565559681153,0.2512127167595458,0.26246983334821156,0.2538253109113524
墨西哥BOLSA,0.3254759284977318,0.24464282280495794,0.0,0.2662445939026593,0.26122901979230434,0.3383325613808911,0.2548459167271096,0.3418079276081211,0.3338341379480987
恒生指数,0.2686285591318884,0.326937478250623,0.2662445939026593,0.0,0.3889426531335585,0.28712751047331875,0.26101895976366196,0.2564144424068573,0.29602143266266956
韩国综合指数,0.27019807182330113,0.3693235855929287,0.26122901979230434,0.3889426531335585,0.0,0.2893496389623481,0.25309615176477795,0.25028557404290425,0.26257550372066163
荷兰AEX,0.5572999235008466,0.27425565559681153,0.3383325613808911,0.28712751047331875,0.2893496389623481,0.0,0.2686556934154846,0.365653341621722,0.3298346470452179
Costa Rica Indice Accionario,0.25603754610335117,0.2512127167595458,0.2548459167271096,0.26101895976366196,0.25309615176477795,0.2686556934154846,0.0,0.24937298153280463,0.240420989448195
加拿大多伦多S&P/TSX 综合指数,0.3436782743714936,0.26246983334821156,0.3418079276081211,0.2564144424068573,0.25028557404290425,0.365653341621722,0.24937298153280463,0.0,0.33537413032669805
S&P CLX IPSA,0.3157217731751357,0.2538253109113524,0.3338341379480987,0.29602143266266956,0.26257550372066163,0.3298346470452179,0.240420989448195,0.33537413032669805,0.0
