,比利时BFX,日经225,墨西哥BOLSA,恒生指数,韩国综合指数,荷兰AEX,Costa Rica Indice Accionario,加拿大多伦多S&P/TSX 综合指数,S&P CLX IPSA
比利时BFX,0.0,0.2529236403202671,0.3171479047286867,0.2690882390198815,0.27366682150121374,0.5793662709322361,0.24867922565294956,0.3512451026899099,0.3148191217963593
日经225,0.2529236403202671,0.0,0.24206391054912313,0.322288574120474,0.35707709387586367,0.2661286824572715,0.24881411942183876,0.26248195542396585,0.24926347334031612
墨西哥BOLSA,0.3171479047286867,0.24206391054912313,0.0,0.26699161396538734,0.26256127423706177,0.3266421070958049,0.25592917275013216,0.334956913392142,0.3249233533024628
恒生指数,0.2690882390198815,0.322288574120474,0.26699161396538734,0.0,0.406402924152104,0.28749684486092275,0.26281099730640867,0.26242378678932415,0.2929170093263113
韩国综合指数,0.27366682150121374,0.35707709387586367,0.26256127423706177,0.406402924152104,0.0,0.29407468646063656,0.25793620347254653,0.25798679620037335,0.2681402499147326
荷兰AEX,0.5793662709322361,0.2661286824572715,0.3266421070958049,0.28749684486092275,0.29407468646063656,0.0,0.263568812057188,0.3665343564628662,0.3279297283777177
Costa Rica Indice Accionario,0.24867922565294956,0.24881411942183876,0.25592917275013216,0.26281099730640867,0.25793620347254653,0.263568812057188,0.0,0.24791637603516908,0.23683026940727114
加拿大多伦多S&P/TSX 综合指数,0.3512451026899099,0.26248195542396585,0.334956913392142,0.26242378678932415,0.25798679620037335,0.3665343564628662,0.24791637603516908,0.0,0.3391369400755227
S&P CLX IPSA,0.3148191217963593,0.24926347334031612,0.3249233533024628,0.2929170093263113,0.2681402499147326,0.3279297283777177,0.23683026940727114,0.3391369400755227,0.0
