,比利时BFX,日经225,墨西哥BOLSA,恒生指数,韩国综合指数,荷兰AEX,Costa Rica Indice Accionario,加拿大多伦多S&P/TSX 综合指数,S&P CLX IPSA
比利时BFX,0.0,0.30216862614951245,0.3091680845825619,0.2808802360754514,0.2819468332050969,0.5784552801920063,0.25805179219556884,0.3264997184628885,0.2961878743173915
日经225,0.30216862614951245,0.0,0.2745197420610105,0.3027627204977535,0.3344044451568068,0.3122995313891718,0.23767183999706662,0.29662050109422533,0.2878703298179852
墨西哥BOLSA,0.3091680845825619,0.2745197420610105,0.0,0.2682601447788298,0.25880620295139223,0.3096272451990643,0.2408683319288563,0.33482473967380955,0.3001891760538041
恒生指数,0.2808802360754514,0.3027627204977535,0.2682601447788298,0.0,0.35798965780553466,0.29909202653867106,0.2331443513903924,0.26985803775623013,0.295456861822322
韩国综合指数,0.2819468332050969,0.3344044451568068,0.25880620295139223,0.35798965780553466,0.0,0.29715658759780983,0.23750935808445114,0.26301186768139684,0.2737275828677287
荷兰AEX,0.5784552801920063,0.3122995313891718,0.3096272451990643,0.29909202653867106,0.29715658759780983,0.0,0.25935280630055574,0.3529115032569951,0.296811920023893
Costa Rica Indice Accionario,0.25805179219556884,0.23767183999706662,0.2408683319288563,0.2331443513903924,0.23750935808445114,0.25935280630055574,0.0,0.24016180914572854,0.24239196681675995
加拿大多伦多S&P/TSX 综合指数,0.3264997184628885,0.29662050109422533,0.33482473967380955,0.26985803775623013,0.26301186768139684,0.3529115032569951,0.24016180914572854,0.0,0.2997296611182177
S&P CLX IPSA,0.2961878743173915,0.2878703298179852,0.3001891760538041,0.295456861822322,0.2737275828677287,0.296811920023893,0.24239196681675995,0.2997296611182177,0.0
