,比利时BFX,日经225,墨西哥BOLSA,恒生指数,韩国综合指数,荷兰AEX,Costa Rica Indice Accionario,加拿大多伦多S&P/TSX 综合指数,S&P CLX IPSA
比利时BFX,0.0,0.30410078546833696,0.36992333499521113,0.3275654224698645,0.34117269747309803,0.6724218092333875,0.24677973999682226,0.3943691192106281,0.3211146585255559
日经225,0.30410078546833696,0.0,0.26647571393007013,0.37834355697277827,0.4064365354812639,0.31062747198752977,0.24843365412136464,0.2819554533322914,0.26872714233354167
墨西哥BOLSA,0.36992333499521113,0.26647571393007013,0.0,0.29532978174984564,0.29551224198577236,0.37706613635917563,0.2540823510536406,0.3662359432627017,0.3468972979666307
恒生指数,0.3275654224698645,0.37834355697277827,0.29532978174984564,0.0,0.4565209711862369,0.34060107851710986,0.2604837721947507,0.30303031010640136,0.30135948132320634
韩国综合指数,0.34117269747309803,0.4064365354812639,0.29551224198577236,0.4565209711862369,0.0,0.3546237068762138,0.25943928371965946,0.2954486927211575,0.28295264496854283
荷兰AEX,0.6724218092333875,0.31062747198752977,0.37706613635917563,0.34060107851710986,0.3546237068762138,0.0,0.2552548275149555,0.4050010486099265,0.33930701265866026
Costa Rica Indice Accionario,0.24677973999682226,0.24843365412136464,0.2540823510536406,0.2604837721947507,0.25943928371965946,0.2552548275149555,0.0,0.2451318309597771,0.2390634896775211
加拿大多伦多S&P/TSX 综合指数,0.3943691192106281,0.2819554533322914,0.3662359432627017,0.30303031010640136,0.2954486927211575,0.4050010486099265,0.2451318309597771,0.0,0.340614724738543
S&P CLX IPSA,0.3211146585255559,0.26872714233354167,0.3468972979666307,0.30135948132320634,0.28295264496854283,0.33930701265866026,0.2390634896775211,0.340614724738543,0.0
