,比利时BFX,日经225,墨西哥BOLSA,恒生指数,韩国综合指数,荷兰AEX,Costa Rica Indice Accionario,加拿大多伦多S&P/TSX 综合指数,S&P CLX IPSA
比利时BFX,0.0,0.30047082136016073,0.3088056826489754,0.289870828659982,0.2898230491388996,0.5751225695036262,0.26674642350436883,0.3151932262988735,0.2890301986009928
日经225,0.30047082136016073,0.0,0.2837626760524042,0.3165744029225535,0.3210578070913717,0.3025034871715479,0.24632298753504617,0.29633428378672955,0.2919353425373924
墨西哥BOLSA,0.3088056826489754,0.2837626760524042,0.0,0.2855778325514192,0.27102494171166663,0.3033028003152006,0.23385196885584228,0.3202121361601166,0.30294201893092426
恒生指数,0.289870828659982,0.3165744029225535,0.2855778325514192,0.0,0.3690122755532532,0.30588931600058633,0.22902593009300135,0.27128331120484156,0.30037505089808453
韩国综合指数,0.2898230491388996,0.3210578070913717,0.27102494171166663,0.3690122755532532,0.0,0.30276314957479666,0.23850491412112915,0.2558246679692489,0.2713952942657663
荷兰AEX,0.5751225695036262,0.3025034871715479,0.3033028003152006,0.30588931600058633,0.30276314957479666,0.0,0.2618954144238915,0.3407810440299366,0.29440463533796873
Costa Rica Indice Accionario,0.26674642350436883,0.24632298753504617,0.23385196885584228,0.22902593009300135,0.23850491412112915,0.2618954144238915,0.0,0.23918970766849665,0.24676182440134697
加拿大多伦多S&P/TSX 综合指数,0.3151932262988735,0.29633428378672955,0.3202121361601166,0.27128331120484156,0.2558246679692489,0.3407810440299366,0.23918970766849665,0.0,0.29916881794332273
S&P CLX IPSA,0.2890301986009928,0.2919353425373924,0.30294201893092426,0.30037505089808453,0.2713952942657663,0.29440463533796873,0.24676182440134697,0.29916881794332273,0.0
