,比利时BFX,日经225,墨西哥BOLSA,恒生指数,韩国综合指数,荷兰AEX,Costa Rica Indice Accionario,加拿大多伦多S&P/TSX 综合指数,S&P CLX IPSA
比利时BFX,0.0,0.25657137910395245,0.32160702907078514,0.27475108450533514,0.28651465455503394,0.5856195647210437,0.24526549514812532,0.35825289354761547,0.31503154988557525
日经225,0.25657137910395245,0.0,0.2474113878458487,0.3334259002163406,0.3627327958076227,0.27236359992413806,0.24668491119910219,0.26574369482345783,0.252275060742498
墨西哥BOLSA,0.32160702907078514,0.2474113878458487,0.0,0.26940653529849984,0.267249242613889,0.33146549484192567,0.25518397887137967,0.3358959521927773,0.32912439962762347
恒生指数,0.27475108450533514,0.3334259002163406,0.26940653529849984,0.0,0.4220402794798861,0.29492545545906573,0.2610837757903288,0.26504521224893446,0.297377762381328
韩国综合指数,0.28651465455503394,0.3627327958076227,0.267249242613889,0.4220402794798861,0.0,0.3103188875650621,0.2572046349828366,0.25634134225814553,0.2718988160743461
荷兰AEX,0.5856195647210437,0.27236359992413806,0.33146549484192567,0.29492545545906573,0.3103188875650621,0.0,0.2597525665080013,0.36756378345686713,0.32662181637735715
Costa Rica Indice Accionario,0.24526549514812532,0.24668491119910219,0.25518397887137967,0.2610837757903288,0.2572046349828366,0.2597525665080013,0.0,0.2471243945921435,0.23523243899598228
加拿大多伦多S&P/TSX 综合指数,0.35825289354761547,0.26574369482345783,0.3358959521927773,0.26504521224893446,0.25634134225814553,0.36756378345686713,0.2471243945921435,0.0,0.3369874795309878
S&P CLX IPSA,0.31503154988557525,0.252275060742498,0.32912439962762347,0.297377762381328,0.2718988160743461,0.32662181637735715,0.23523243899598228,0.3369874795309878,0.0
