,比利时BFX,日经225,墨西哥BOLSA,恒生指数,韩国综合指数,荷兰AEX,Costa Rica Indice Accionario,加拿大多伦多S&P/TSX 综合指数,S&P CLX IPSA
比利时BFX,0.0,0.30245501767621497,0.3096418238476316,0.28042970030558584,0.28172726212101984,0.582988226278599,0.25804933245428874,0.3256830159230609,0.2950641475552833
日经225,0.30245501767621497,0.0,0.27523786385985727,0.30236970985063355,0.33403295080151596,0.3119182029598328,0.23768304167801177,0.2958060746532579,0.2866331770465893
墨西哥BOLSA,0.3096418238476316,0.27523786385985727,0.0,0.26750856576629617,0.25837170494703177,0.30800581462652,0.24089447046151055,0.33214676846192087,0.2971725151033787
恒生指数,0.28042970030558584,0.30236970985063355,0.26750856576629617,0.0,0.3580593980965294,0.30083543112529004,0.23313246140809804,0.27019706548252603,0.2958457742921393
韩国综合指数,0.28172726212101984,0.33403295080151596,0.25837170494703177,0.3580593980965294,0.0,0.29797466894638647,0.23750563527712776,0.2631894952127154,0.2739249138760715
荷兰AEX,0.582988226278599,0.3119182029598328,0.30800581462652,0.30083543112529004,0.29797466894638647,0.0,0.2594329966787413,0.35443912250130255,0.2982873495686026
Costa Rica Indice Accionario,0.25804933245428874,0.23768304167801177,0.24089447046151055,0.23313246140809804,0.23750563527712776,0.2594329966787413,0.0,0.24015839194485528,0.24238020761357235
加拿大多伦多S&P/TSX 综合指数,0.3256830159230609,0.2958060746532579,0.33214676846192087,0.27019706548252603,0.2631894952127154,0.35443912250130255,0.24015839194485528,0.0,0.3007322645513574
S&P CLX IPSA,0.2950641475552833,0.2866331770465893,0.2971725151033787,0.2958457742921393,0.2739249138760715,0.2982873495686026,0.24238020761357235,0.3007322645513574,0.0
