,比利时BFX,日经225,墨西哥BOLSA,恒生指数,韩国综合指数,荷兰AEX,Costa Rica Indice Accionario,加拿大多伦多S&P/TSX 综合指数,S&P CLX IPSA
比利时BFX,0.0,0.26075184600911677,0.32403468483298586,0.2730099851566713,0.274471154700233,0.5556989025927441,0.2417210245522832,0.3463462992504115,0.31435779008319964
日经225,0.26075184600911677,0.0,0.2437093802074203,0.33144703319586577,0.37431369040207646,0.27881134965989235,0.25538153963899735,0.2628414239770182,0.2528994557743165
墨西哥BOLSA,0.32403468483298586,0.2437093802074203,0.0,0.2663451382535213,0.26059963800903563,0.33764268811003717,0.2563664742536784,0.3354883958307743,0.33281367871070267
恒生指数,0.2730099851566713,0.33144703319586577,0.2663451382535213,0.0,0.389512462979102,0.2961456114879192,0.26271176269063123,0.2580667518597909,0.2998003449061037
韩国综合指数,0.274471154700233,0.37431369040207646,0.26059963800903563,0.389512462979102,0.0,0.2957585438255318,0.2545574915928108,0.25306999188824797,0.26372879894865947
荷兰AEX,0.5556989025927441,0.27881134965989235,0.33764268811003717,0.2961456114879192,0.2957585438255318,0.0,0.25149324266514017,0.37221911640692934,0.33056939989673073
Costa Rica Indice Accionario,0.2417210245522832,0.25538153963899735,0.2563664742536784,0.26271176269063123,0.2545574915928108,0.25149324266514017,0.0,0.24454897109948345,0.24062585960930505
加拿大多伦多S&P/TSX 综合指数,0.3463462992504115,0.2628414239770182,0.3354883958307743,0.2580667518597909,0.25306999188824797,0.37221911640692934,0.24454897109948345,0.0,0.3302196366068714
S&P CLX IPSA,0.31435779008319964,0.2528994557743165,0.33281367871070267,0.2998003449061037,0.26372879894865947,0.33056939989673073,0.24062585960930505,0.3302196366068714,0.0
