,比利时BFX,日经225,墨西哥BOLSA,恒生指数,韩国综合指数,荷兰AEX,Costa Rica Indice Accionario,加拿大多伦多S&P/TSX 综合指数,S&P CLX IPSA
比利时BFX,0.0,0.3029711376974962,0.2907128284678788,0.2771974801846671,0.2733211238295231,0.5719499463282319,0.25344098605874077,0.3306582666290525,0.3214530545282258
日经225,0.3029711376974962,0.0,0.25903663641382935,0.2917618365101305,0.3252374760424739,0.31514437521486616,0.24827439697765444,0.29556486960615547,0.28187846034702607
墨西哥BOLSA,0.2907128284678788,0.25903663641382935,0.0,0.2695238411819813,0.24959761451683996,0.29354768508245765,0.2448595993709028,0.34577089554706036,0.3225453580359042
恒生指数,0.2771974801846671,0.2917618365101305,0.2695238411819813,0.0,0.353356367065325,0.2901595666849419,0.24188397639351852,0.2649819364082963,0.3051093148574693
韩国综合指数,0.2733211238295231,0.3252374760424739,0.24959761451683996,0.353356367065325,0.0,0.28662827039501154,0.23422734925369065,0.2575783342402683,0.27751534357823027
荷兰AEX,0.5719499463282319,0.31514437521486616,0.29354768508245765,0.2901595666849419,0.28662827039501154,0.0,0.2532830603375998,0.3549184970093828,0.3266459260801996
Costa Rica Indice Accionario,0.25344098605874077,0.24827439697765444,0.2448595993709028,0.24188397639351852,0.23422734925369065,0.2532830603375998,0.0,0.2507838418910852,0.24612912520597227
加拿大多伦多S&P/TSX 综合指数,0.3306582666290525,0.29556486960615547,0.34577089554706036,0.2649819364082963,0.2575783342402683,0.3549184970093828,0.2507838418910852,0.0,0.31890079832931584
S&P CLX IPSA,0.3214530545282258,0.28187846034702607,0.3225453580359042,0.3051093148574693,0.27751534357823027,0.3266459260801996,0.24612912520597227,0.31890079832931584,0.0
