,比利时BFX,日经225,墨西哥BOLSA,恒生指数,韩国综合指数,荷兰AEX,Costa Rica Indice Accionario,加拿大多伦多S&P/TSX 综合指数,S&P CLX IPSA
比利时BFX,0.0,0.30589536568423886,0.3610682300844569,0.31306157241194105,0.3298380158271063,0.6570129690548804,0.24504047953962182,0.38800433835041903,0.32245555254852293
日经225,0.30589536568423886,0.0,0.2654535753548069,0.36058718648705984,0.3972839667245229,0.31774663521431773,0.24595794842979377,0.28512889363645144,0.2658757832703806
墨西哥BOLSA,0.3610682300844569,0.2654535753548069,0.0,0.2884499210019522,0.2905132304364063,0.3678436129163608,0.2544154278933796,0.3544216163075186,0.34223189093860606
恒生指数,0.31306157241194105,0.36058718648705984,0.2884499210019522,0.0,0.44047426683191004,0.32868592771975524,0.2592983734456861,0.28640422126023823,0.3062968098589123
韩国综合指数,0.3298380158271063,0.3972839667245229,0.2905132304364063,0.44047426683191004,0.0,0.35047530221462647,0.25529346373224016,0.2791504268155173,0.2854533575896866
荷兰AEX,0.6570129690548804,0.31774663521431773,0.3678436129163608,0.32868592771975524,0.35047530221462647,0.0,0.25536127834334627,0.3955323012621061,0.33813639265444634
Costa Rica Indice Accionario,0.24504047953962182,0.24595794842979377,0.2544154278933796,0.2592983734456861,0.25529346373224016,0.25536127834334627,0.0,0.24669846924423272,0.23535564498449826
加拿大多伦多S&P/TSX 综合指数,0.38800433835041903,0.28512889363645144,0.3544216163075186,0.28640422126023823,0.2791504268155173,0.3955323012621061,0.24669846924423272,0.0,0.33637634716954184
S&P CLX IPSA,0.32245555254852293,0.2658757832703806,0.34223189093860606,0.3062968098589123,0.2854533575896866,0.33813639265444634,0.23535564498449826,0.33637634716954184,0.0
