,比利时BFX,日经225,墨西哥BOLSA,恒生指数,韩国综合指数,荷兰AEX,Costa Rica Indice Accionario,加拿大多伦多S&P/TSX 综合指数,S&P CLX IPSA
比利时BFX,0.0,0.2588978525285885,0.3255747331440678,0.2674071430823603,0.2705709663184322,0.5573861582587563,0.2558483321203879,0.34514467340230287,0.3152241592707322
日经225,0.2588978525285885,0.0,0.24382086680761508,0.33017893777857943,0.3740161601232777,0.27610005626705747,0.2516165358489029,0.26165738300117036,0.2533510210462353
墨西哥BOLSA,0.3255747331440678,0.24382086680761508,0.0,0.2663777865444462,0.26134568053731533,0.33856141261934786,0.255035690021274,0.34086787284829384,0.33421486005562123
恒生指数,0.2674071430823603,0.33017893777857943,0.2663777865444462,0.0,0.3871064750086913,0.2854696275376413,0.2611326246922053,0.25678103241055905,0.29686439509865603
韩国综合指数,0.2705709663184322,0.3740161601232777,0.26134568053731533,0.3871064750086913,0.0,0.2897443014560704,0.25287431828684287,0.25108409428299827,0.2622452926255456
荷兰AEX,0.5573861582587563,0.27610005626705747,0.33856141261934786,0.2854696275376413,0.2897443014560704,0.0,0.2686530357647031,0.3669972812389554,0.3301943032432023
Costa Rica Indice Accionario,0.2558483321203879,0.2516165358489029,0.255035690021274,0.2611326246922053,0.25287431828684287,0.2686530357647031,0.0,0.2492718226127754,0.24062673794071632
加拿大多伦多S&P/TSX 综合指数,0.34514467340230287,0.26165738300117036,0.34086787284829384,0.25678103241055905,0.25108409428299827,0.3669972812389554,0.2492718226127754,0.0,0.3332733948690212
S&P CLX IPSA,0.3152241592707322,0.2533510210462353,0.33421486005562123,0.29686439509865603,0.2622452926255456,0.3301943032432023,0.24062673794071632,0.3332733948690212,0.0
