,比利时BFX,日经225,墨西哥BOLSA,恒生指数,韩国综合指数,荷兰AEX,Costa Rica Indice Accionario,加拿大多伦多S&P/TSX 综合指数,S&P CLX IPSA
比利时BFX,0.0,0.25421375858895395,0.32395402678760393,0.2726995342349633,0.2719183206653369,0.5626769298995449,0.25287704363686875,0.3442607513381636,0.3191940422609502
日经225,0.25421375858895395,0.0,0.24449007887118115,0.31942460218477264,0.3627305890025283,0.2681440528968397,0.24898712297970757,0.26221954322221097,0.2511270910720309
墨西哥BOLSA,0.32395402678760393,0.24449007887118115,0.0,0.2678532207502202,0.2604459604919416,0.33321759414664087,0.2556520369843138,0.34234142471229984,0.32994970183450056
恒生指数,0.2726995342349633,0.31942460218477264,0.2678532207502202,0.0,0.38766022668893124,0.2896357703968632,0.26018036235841147,0.25692713004320383,0.29674430565209453
韩国综合指数,0.2719183206653369,0.3627305890025283,0.2604459604919416,0.38766022668893124,0.0,0.29267200894155576,0.2537660094191311,0.2509513391140361,0.2633152165635397
荷兰AEX,0.5626769298995449,0.2681440528968397,0.33321759414664087,0.2896357703968632,0.29267200894155576,0.0,0.2634891920573075,0.36325646620162,0.33177855174332327
Costa Rica Indice Accionario,0.25287704363686875,0.24898712297970757,0.2556520369843138,0.26018036235841147,0.2537660094191311,0.2634891920573075,0.0,0.2495073040469109,0.24027600253532425
加拿大多伦多S&P/TSX 综合指数,0.3442607513381636,0.26221954322221097,0.34234142471229984,0.25692713004320383,0.2509513391140361,0.36325646620162,0.2495073040469109,0.0,0.3345160332807889
S&P CLX IPSA,0.3191940422609502,0.2511270910720309,0.32994970183450056,0.29674430565209453,0.2633152165635397,0.33177855174332327,0.24027600253532425,0.3345160332807889,0.0
