,比利时BFX,日经225,墨西哥BOLSA,恒生指数,韩国综合指数,荷兰AEX,Costa Rica Indice Accionario,加拿大多伦多S&P/TSX 综合指数,S&P CLX IPSA
比利时BFX,0.0,0.28948777050218905,0.3025306668462507,0.2789307021258047,0.27639701299610125,0.5699547996930416,0.2611806392234829,0.32875873597803573,0.3270078890982389
日经225,0.28948777050218905,0.0,0.2678618520235525,0.29971253473290743,0.34038003470132905,0.3013802564550662,0.24966708930881695,0.29381097085878566,0.2834139073680949
墨西哥BOLSA,0.3025306668462507,0.2678618520235525,0.0,0.25693680043684786,0.250079273629102,0.3038039837829972,0.2546434337131173,0.33203724438070087,0.3106423436166154
恒生指数,0.2789307021258047,0.29971253473290743,0.25693680043684786,0.0,0.3629766501062264,0.29343048515667,0.23836811923670229,0.2645164240193268,0.3029521606258944
韩国综合指数,0.27639701299610125,0.34038003470132905,0.250079273629102,0.3629766501062264,0.0,0.2899829667201256,0.2338732099499581,0.260175220355861,0.2737570362740677
荷兰AEX,0.5699547996930416,0.3013802564550662,0.3038039837829972,0.29343048515667,0.2899829667201256,0.0,0.2581803392754112,0.3590067867314168,0.33440281291172325
Costa Rica Indice Accionario,0.2611806392234829,0.24966708930881695,0.2546434337131173,0.23836811923670229,0.2338732099499581,0.2581803392754112,0.0,0.24861290454005108,0.24838884279353315
加拿大多伦多S&P/TSX 综合指数,0.32875873597803573,0.29381097085878566,0.33203724438070087,0.2645164240193268,0.260175220355861,0.3590067867314168,0.24861290454005108,0.0,0.32299084696028646
S&P CLX IPSA,0.3270078890982389,0.2834139073680949,0.3106423436166154,0.3029521606258944,0.2737570362740677,0.33440281291172325,0.24838884279353315,0.32299084696028646,0.0
