,比利时BFX,日经225,墨西哥BOLSA,恒生指数,韩国综合指数,荷兰AEX,Costa Rica Indice Accionario,加拿大多伦多S&P/TSX 综合指数,S&P CLX IPSA
比利时BFX,0.0,0.30449316288632017,0.36645210977937487,0.32812097329603435,0.34002166824773455,0.6644473679058138,0.24737573265412818,0.39781778404015783,0.32295038909714396
日经225,0.30449316288632017,0.0,0.267358469279033,0.3719402235247743,0.41095569008165944,0.31265704220528207,0.2486394294593345,0.2846917835935209,0.268843354967352
墨西哥BOLSA,0.36645210977937487,0.267358469279033,0.0,0.28943434521393085,0.2947204970955841,0.3741062209533331,0.25431773326101004,0.36622958696667957,0.3468225263587245
恒生指数,0.32812097329603435,0.3719402235247743,0.28943434521393085,0.0,0.45467289238704756,0.33902162256086715,0.25942263750549893,0.30195892069389446,0.30230662222740573
韩国综合指数,0.34002166824773455,0.41095569008165944,0.2947204970955841,0.45467289238704756,0.0,0.35344110970116155,0.25882633672034394,0.2928327159546331,0.2831860300583255
荷兰AEX,0.6644473679058138,0.31265704220528207,0.3741062209533331,0.33902162256086715,0.35344110970116155,0.0,0.25581662668082417,0.4051777661042986,0.3409917753503424
Costa Rica Indice Accionario,0.24737573265412818,0.2486394294593345,0.25431773326101004,0.25942263750549893,0.25882633672034394,0.25581662668082417,0.0,0.2457494231103411,0.2403254892915925
加拿大多伦多S&P/TSX 综合指数,0.39781778404015783,0.2846917835935209,0.36622958696667957,0.30195892069389446,0.2928327159546331,0.4051777661042986,0.2457494231103411,0.0,0.3430580874679815
S&P CLX IPSA,0.32295038909714396,0.268843354967352,0.3468225263587245,0.30230662222740573,0.2831860300583255,0.3409917753503424,0.2403254892915925,0.3430580874679815,0.0
