,比利时BFX,日经225,墨西哥BOLSA,恒生指数,韩国综合指数,荷兰AEX,Costa Rica Indice Accionario,加拿大多伦多S&P/TSX 综合指数,S&P CLX IPSA
比利时BFX,0.0,0.3044218507489151,0.29146803610132194,0.2778509394355139,0.2774276458495598,0.5693735946312798,0.24772251716372068,0.3346558043065093,0.3219864797631045
日经225,0.3044218507489151,0.0,0.26572277664578847,0.28870053445125,0.3314060767558908,0.3227419871376519,0.24591848438705852,0.29565164149444784,0.2833896649627641
墨西哥BOLSA,0.29146803610132194,0.26572277664578847,0.0,0.26679789131572856,0.25492723870187245,0.2983322215603183,0.24560097298192127,0.34504528696802816,0.3215366174368579
恒生指数,0.2778509394355139,0.28870053445125,0.26679789131572856,0.0,0.34650715183370534,0.2873258010468199,0.24209972434306523,0.2659270496412329,0.30558957710556856
韩国综合指数,0.2774276458495598,0.3314060767558908,0.25492723870187245,0.34650715183370534,0.0,0.2902789407888254,0.2324878369872209,0.26154287022423117,0.2762575824712369
荷兰AEX,0.5693735946312798,0.3227419871376519,0.2983322215603183,0.2873258010468199,0.2902789407888254,0.0,0.24865321865834064,0.3591001222602355,0.3286231083287232
Costa Rica Indice Accionario,0.24772251716372068,0.24591848438705852,0.24560097298192127,0.24209972434306523,0.2324878369872209,0.24865321865834064,0.0,0.24586760356194481,0.24268088576603916
加拿大多伦多S&P/TSX 综合指数,0.3346558043065093,0.29565164149444784,0.34504528696802816,0.2659270496412329,0.26154287022423117,0.3591001222602355,0.24586760356194481,0.0,0.3178526046407159
S&P CLX IPSA,0.3219864797631045,0.2833896649627641,0.3215366174368579,0.30558957710556856,0.2762575824712369,0.3286231083287232,0.24268088576603916,0.3178526046407159,0.0
