,比利时BFX,日经225,墨西哥BOLSA,恒生指数,韩国综合指数,荷兰AEX,Costa Rica Indice Accionario,加拿大多伦多S&P/TSX 综合指数,S&P CLX IPSA
比利时BFX,0.0,0.25814559482580623,0.31133698476163957,0.26362977799322623,0.26248026019510357,0.5467683703781252,0.2506560887745406,0.3357737621328281,0.3192016130821265
日经225,0.25814559482580623,0.0,0.23838116820673344,0.31986062571770313,0.3676326578313534,0.2748524695471935,0.2469021350841646,0.27044600301840865,0.2487892241269514
墨西哥BOLSA,0.31133698476163957,0.23838116820673344,0.0,0.26203804324389046,0.25222327318021476,0.31924624551489605,0.2458415175866635,0.32293243463182575,0.33661469570227104
恒生指数,0.26362977799322623,0.31986062571770313,0.26203804324389046,0.0,0.3799134003049087,0.2837332119844971,0.24531674879385884,0.26101984307898485,0.2916875848969158
韩国综合指数,0.26248026019510357,0.3676326578313534,0.25222327318021476,0.3799134003049087,0.0,0.27820526696453324,0.24045428049611603,0.2527736265105137,0.256764015784404
荷兰AEX,0.5467683703781252,0.2748524695471935,0.31924624551489605,0.2837332119844971,0.27820526696453324,0.0,0.24746242299400953,0.3739827128875881,0.3338308020749073
Costa Rica Indice Accionario,0.2506560887745406,0.2469021350841646,0.2458415175866635,0.24531674879385884,0.24045428049611603,0.24746242299400953,0.0,0.23714663677273837,0.2400418049563305
加拿大多伦多S&P/TSX 综合指数,0.3357737621328281,0.27044600301840865,0.32293243463182575,0.26101984307898485,0.2527736265105137,0.3739827128875881,0.23714663677273837,0.0,0.3306813019174043
S&P CLX IPSA,0.3192016130821265,0.2487892241269514,0.33661469570227104,0.2916875848969158,0.256764015784404,0.3338308020749073,0.2400418049563305,0.3306813019174043,0.0
