,比利时BFX,日经225,墨西哥BOLSA,恒生指数,韩国综合指数,荷兰AEX,Costa Rica Indice Accionario,加拿大多伦多S&P/TSX 综合指数,S&P CLX IPSA
比利时BFX,0.0,0.25702557733787523,0.30476557868022874,0.2563406917567719,0.25739322185814567,0.5516006025934517,0.24633376854193176,0.3394628118744882,0.31674439691370093
日经225,0.25702557733787523,0.0,0.2394107210192133,0.3222995423270863,0.37556593864022025,0.27596573432448335,0.24644537841000247,0.27469049908199444,0.24883590434698807
墨西哥BOLSA,0.30476557868022874,0.2394107210192133,0.0,0.25650519220293566,0.24706829792156154,0.3119547600175817,0.24535905745961228,0.3157920596953334,0.33372758037000216
恒生指数,0.2563406917567719,0.3222995423270863,0.25650519220293566,0.0,0.3680816178810327,0.2692953918051557,0.2404703919140142,0.2621364975558226,0.2941664108704021
韩国综合指数,0.25739322185814567,0.37556593864022025,0.24706829792156154,0.3680816178810327,0.0,0.269894271681339,0.234458219854504,0.25542404928488266,0.2579690846649371
荷兰AEX,0.5516006025934517,0.27596573432448335,0.3119547600175817,0.2692953918051557,0.269894271681339,0.0,0.2449437972408898,0.3814225892816533,0.3361441862367991
Costa Rica Indice Accionario,0.24633376854193176,0.24644537841000247,0.24535905745961228,0.2404703919140142,0.234458219854504,0.2449437972408898,0.0,0.2410569264533841,0.2418073265812277
加拿大多伦多S&P/TSX 综合指数,0.3394628118744882,0.27469049908199444,0.3157920596953334,0.2621364975558226,0.25542404928488266,0.3814225892816533,0.2410569264533841,0.0,0.32861855405567947
S&P CLX IPSA,0.31674439691370093,0.24883590434698807,0.33372758037000216,0.2941664108704021,0.2579690846649371,0.3361441862367991,0.2418073265812277,0.32861855405567947,0.0
