,比利时BFX,日经225,墨西哥BOLSA,恒生指数,韩国综合指数,荷兰AEX,Costa Rica Indice Accionario,加拿大多伦多S&P/TSX 综合指数,S&P CLX IPSA
比利时BFX,0.0,0.3013127611645837,0.2927677491230132,0.2810591160702372,0.27231802421110574,0.5746782857650709,0.25284687963955343,0.3309702743843078,0.3253449147078146
日经225,0.3013127611645837,0.0,0.2645622997812431,0.29628429299241626,0.325062818274771,0.31178569452592175,0.24828016145725862,0.2980944332680548,0.2881662903217121
墨西哥BOLSA,0.2927677491230132,0.2645622997812431,0.0,0.2655877580790231,0.25149627109984246,0.3015702876269153,0.24532045350607626,0.3407681598025869,0.32270785360482074
恒生指数,0.2810591160702372,0.29628429299241626,0.2655877580790231,0.0,0.35766801886317595,0.2976774010756198,0.24043184601785292,0.26850644148367936,0.3064261008082336
韩国综合指数,0.27231802421110574,0.325062818274771,0.25149627109984246,0.35766801886317595,0.0,0.28714099916596836,0.23464060123641364,0.258641402706083,0.28120324849808115
荷兰AEX,0.5746782857650709,0.31178569452592175,0.3015702876269153,0.2976774010756198,0.28714099916596836,0.0,0.2527733899808762,0.36030482536212705,0.3358253581568671
Costa Rica Indice Accionario,0.25284687963955343,0.24828016145725862,0.24532045350607626,0.24043184601785292,0.23464060123641364,0.2527733899808762,0.0,0.24913791833797863,0.24579640645040127
加拿大多伦多S&P/TSX 综合指数,0.3309702743843078,0.2980944332680548,0.3407681598025869,0.26850644148367936,0.258641402706083,0.36030482536212705,0.24913791833797863,0.0,0.32068461810519533
S&P CLX IPSA,0.3253449147078146,0.2881662903217121,0.32270785360482074,0.3064261008082336,0.28120324849808115,0.3358253581568671,0.24579640645040127,0.32068461810519533,0.0
