,比利时BFX,日经225,墨西哥BOLSA,恒生指数,韩国综合指数,荷兰AEX,Costa Rica Indice Accionario,加拿大多伦多S&P/TSX 综合指数,S&P CLX IPSA
比利时BFX,0.0,0.2578289549919015,0.32404376433657067,0.2790310718918919,0.2871970884088357,0.5870083371896125,0.2455761221543734,0.35857799716208827,0.31569851266592436
日经225,0.2578289549919015,0.0,0.24654949515730046,0.3364582608054493,0.3641463003884593,0.27302518829812655,0.2466400185505228,0.2651857635209919,0.252143339268778
墨西哥BOLSA,0.32404376433657067,0.24654949515730046,0.0,0.2734075930624668,0.2685047758274346,0.33308711279113445,0.25513754400254207,0.3349400578632653,0.3291458212306084
恒生指数,0.2790310718918919,0.3364582608054493,0.2734075930624668,0.0,0.42145396072681357,0.2981851559920469,0.2614590043450919,0.2672294419818355,0.299197245422235
韩国综合指数,0.2871970884088357,0.3641463003884593,0.2685047758274346,0.42145396072681357,0.0,0.3109710426260705,0.2573365654834809,0.25698591234078016,0.2724200561869608
荷兰AEX,0.5870083371896125,0.27302518829812655,0.33308711279113445,0.2981851559920469,0.3109710426260705,0.0,0.2598590065902646,0.36801355770403216,0.3271525935692834
Costa Rica Indice Accionario,0.2455761221543734,0.2466400185505228,0.25513754400254207,0.2614590043450919,0.2573365654834809,0.2598590065902646,0.0,0.24706676305608205,0.23524068286192973
加拿大多伦多S&P/TSX 综合指数,0.35857799716208827,0.2651857635209919,0.3349400578632653,0.2672294419818355,0.25698591234078016,0.36801355770403216,0.24706676305608205,0.0,0.33685655381278934
S&P CLX IPSA,0.31569851266592436,0.252143339268778,0.3291458212306084,0.299197245422235,0.2724200561869608,0.3271525935692834,0.23524068286192973,0.33685655381278934,0.0
