,比利时BFX,日经225,墨西哥BOLSA,恒生指数,韩国综合指数,荷兰AEX,Costa Rica Indice Accionario,加拿大多伦多S&P/TSX 综合指数,S&P CLX IPSA
比利时BFX,0.0,0.2952337483716842,0.29383107758015753,0.2777280759528413,0.27407462206048266,0.5696925071967041,0.26150752317996573,0.3275515391613741,0.3326450134080371
日经225,0.2952337483716842,0.0,0.2604458444304639,0.29350923834465314,0.3327582706587971,0.30735721401168287,0.2517833133612176,0.29331874439714,0.2894139020985082
墨西哥BOLSA,0.29383107758015753,0.2604458444304639,0.0,0.2579791370349706,0.2505685679494486,0.29854585593693816,0.255299375624987,0.33033364069363574,0.31789956572652445
恒生指数,0.2777280759528413,0.29350923834465314,0.2579791370349706,0.0,0.35992376847925794,0.29480187668747687,0.23851498379596178,0.2610986433500312,0.31081444542736714
韩国综合指数,0.27407462206048266,0.3327582706587971,0.2505685679494486,0.35992376847925794,0.0,0.28633875886406013,0.23340030479580748,0.25721555378588445,0.2752368450535985
荷兰AEX,0.5696925071967041,0.30735721401168287,0.29854585593693816,0.29480187668747687,0.28633875886406013,0.0,0.25707092140842536,0.35686674576383526,0.3426008870684341
Costa Rica Indice Accionario,0.26150752317996573,0.2517833133612176,0.255299375624987,0.23851498379596178,0.23340030479580748,0.25707092140842536,0.0,0.2485754789204574,0.24731349012713424
加拿大多伦多S&P/TSX 综合指数,0.3275515391613741,0.29331874439714,0.33033364069363574,0.2610986433500312,0.25721555378588445,0.35686674576383526,0.2485754789204574,0.0,0.32126952984561574
S&P CLX IPSA,0.3326450134080371,0.2894139020985082,0.31789956572652445,0.31081444542736714,0.2752368450535985,0.3426008870684341,0.24731349012713424,0.32126952984561574,0.0
