,比利时BFX,日经225,墨西哥BOLSA,恒生指数,韩国综合指数,荷兰AEX,Costa Rica Indice Accionario,加拿大多伦多S&P/TSX 综合指数,S&P CLX IPSA
比利时BFX,0.0,0.25249814122305214,0.3197212168993585,0.26955196568818524,0.2704420395274798,0.5620881465902464,0.25194099841420114,0.3447071354876243,0.3173474237189382
日经225,0.25249814122305214,0.0,0.24369078763655336,0.32048842971285757,0.3622005768304755,0.26839468418234697,0.2497386704880763,0.2612337323479503,0.25257526650814266
墨西哥BOLSA,0.3197212168993585,0.24369078763655336,0.0,0.2660147489405494,0.2603442752658357,0.33130761033684514,0.25447314018906925,0.33999109302991865,0.33199937655637296
恒生指数,0.26955196568818524,0.32048842971285757,0.2660147489405494,0.0,0.3889170138422058,0.2887154155403013,0.2600193215244916,0.2568402975742391,0.2952966521299888
韩国综合指数,0.2704420395274798,0.3622005768304755,0.2603442752658357,0.3889170138422058,0.0,0.2909684620925963,0.2522392864063319,0.2502744807408491,0.26324843392782193
荷兰AEX,0.5620881465902464,0.26839468418234697,0.33130761033684514,0.2887154155403013,0.2909684620925963,0.0,0.26276887906245744,0.36280978334181535,0.32924559508710516
Costa Rica Indice Accionario,0.25194099841420114,0.2497386704880763,0.25447314018906925,0.2600193215244916,0.2522392864063319,0.26276887906245744,0.0,0.2492082831811304,0.23920861919976294
加拿大多伦多S&P/TSX 综合指数,0.3447071354876243,0.2612337323479503,0.33999109302991865,0.2568402975742391,0.2502744807408491,0.36280978334181535,0.2492082831811304,0.0,0.3342766602756215
S&P CLX IPSA,0.3173474237189382,0.25257526650814266,0.33199937655637296,0.2952966521299888,0.26324843392782193,0.32924559508710516,0.23920861919976294,0.3342766602756215,0.0
