,比利时BFX,日经225,墨西哥BOLSA,恒生指数,韩国综合指数,荷兰AEX,Costa Rica Indice Accionario,加拿大多伦多S&P/TSX 综合指数,S&P CLX IPSA
比利时BFX,0.0,0.2535334113910064,0.31626094625950635,0.2688840939448072,0.27614365617687414,0.5781741490399304,0.24877361696441855,0.3403617174070659,0.31642043326597485
日经225,0.2535334113910064,0.0,0.24345042938564398,0.3252524864351637,0.36821177903368174,0.2682806395358903,0.24905226013407625,0.26516925771397504,0.25117811813800905
墨西哥BOLSA,0.31626094625950635,0.24345042938564398,0.0,0.2666756676208478,0.2626891559871459,0.3282094618551455,0.25528008109478384,0.3345029257616139,0.3266890130651275
恒生指数,0.2688840939448072,0.3252524864351637,0.2666756676208478,0.0,0.39488641827940135,0.28484269138169327,0.2621712077044261,0.2589143207807726,0.29222291128296624
韩国综合指数,0.27614365617687414,0.36821177903368174,0.2626891559871459,0.39488641827940135,0.0,0.29409791404380736,0.25555382046588815,0.2557029548276671,0.2644962044890165
荷兰AEX,0.5781741490399304,0.2682806395358903,0.3282094618551455,0.28484269138169327,0.29409791404380736,0.0,0.2632707472501867,0.36274037763239175,0.33037003086070144
Costa Rica Indice Accionario,0.24877361696441855,0.24905226013407625,0.25528008109478384,0.2621712077044261,0.25555382046588815,0.2632707472501867,0.0,0.25039708778822395,0.24106477515407304
加拿大多伦多S&P/TSX 综合指数,0.3403617174070659,0.26516925771397504,0.3345029257616139,0.2589143207807726,0.2557029548276671,0.36274037763239175,0.25039708778822395,0.0,0.3366700593175032
S&P CLX IPSA,0.31642043326597485,0.25117811813800905,0.3266890130651275,0.29222291128296624,0.2644962044890165,0.33037003086070144,0.24106477515407304,0.3366700593175032,0.0
