,比利时BFX,日经225,墨西哥BOLSA,恒生指数,韩国综合指数,荷兰AEX,Costa Rica Indice Accionario,加拿大多伦多S&P/TSX 综合指数,S&P CLX IPSA
比利时BFX,0.0,0.25963572561833553,0.3203796407485204,0.2703698595346126,0.26817071003004844,0.5456563143142835,0.2442688130580047,0.3374569832907325,0.3138749877686398
日经225,0.25963572561833553,0.0,0.2443208953092728,0.32670699083149624,0.3716283531742586,0.2769312990026137,0.2549422500984112,0.2659087843407276,0.25189251055357526
墨西哥BOLSA,0.3203796407485204,0.2443208953092728,0.0,0.2737942515500225,0.26000494216537207,0.33259163435712935,0.2591774193655315,0.32407989260139924,0.3336421544358076
恒生指数,0.2703698595346126,0.32670699083149624,0.2737942515500225,0.0,0.38157015264701527,0.29249050858477843,0.264500647076903,0.26433035858673437,0.2989473754768124
韩国综合指数,0.26817071003004844,0.3716283531742586,0.26000494216537207,0.38157015264701527,0.0,0.28682191222590153,0.2533819896638393,0.25232284837218766,0.26064326630166645
荷兰AEX,0.5456563143142835,0.2769312990026137,0.33259163435712935,0.29249050858477843,0.28682191222590153,0.0,0.2549527445931257,0.36329087421395706,0.32830440763203683
Costa Rica Indice Accionario,0.2442688130580047,0.2549422500984112,0.2591774193655315,0.264500647076903,0.2533819896638393,0.2549527445931257,0.0,0.24946424082141933,0.24101260889358206
加拿大多伦多S&P/TSX 综合指数,0.3374569832907325,0.2659087843407276,0.32407989260139924,0.26433035858673437,0.25232284837218766,0.36329087421395706,0.24946424082141933,0.0,0.33267113735100595
S&P CLX IPSA,0.3138749877686398,0.25189251055357526,0.3336421544358076,0.2989473754768124,0.26064326630166645,0.32830440763203683,0.24101260889358206,0.33267113735100595,0.0
