,比利时BFX,日经225,墨西哥BOLSA,恒生指数,韩国综合指数,荷兰AEX,Costa Rica Indice Accionario,加拿大多伦多S&P/TSX 综合指数,S&P CLX IPSA
比利时BFX,0.0,0.30392746248749675,0.3754093825564244,0.3408742605660756,0.3487102995778969,0.6700586734159726,0.2462114217449305,0.39078074436885535,0.31941926014476385
日经225,0.30392746248749675,0.0,0.28201599299374025,0.3868045259686973,0.4161762955798791,0.3116920503370692,0.2475416312601705,0.28234608106603704,0.2655729234520292
墨西哥BOLSA,0.3754093825564244,0.28201599299374025,0.0,0.3005440902778068,0.30058551096841,0.3740251289766579,0.251805830002627,0.3682801958975276,0.34329205206035884
恒生指数,0.3408742605660756,0.3868045259686973,0.3005440902778068,0.0,0.4532138014071484,0.36154914225354956,0.2546376502370036,0.31261704255001965,0.30259823004372843
韩国综合指数,0.3487102995778969,0.4161762955798791,0.30058551096841,0.4532138014071484,0.0,0.36020491951353545,0.2571066043451639,0.2973931792351717,0.2757879361569542
荷兰AEX,0.6700586734159726,0.3116920503370692,0.3740251289766579,0.36154914225354956,0.36020491951353545,0.0,0.2528046721631321,0.4016414916488208,0.3361708466473169
Costa Rica Indice Accionario,0.2462114217449305,0.2475416312601705,0.251805830002627,0.2546376502370036,0.2571066043451639,0.2528046721631321,0.0,0.23723780268686923,0.23859982244651734
加拿大多伦多S&P/TSX 综合指数,0.39078074436885535,0.28234608106603704,0.3682801958975276,0.31261704255001965,0.2973931792351717,0.4016414916488208,0.23723780268686923,0.0,0.3359887058776861
S&P CLX IPSA,0.31941926014476385,0.2655729234520292,0.34329205206035884,0.30259823004372843,0.2757879361569542,0.3361708466473169,0.23859982244651734,0.3359887058776861,0.0
