,比利时BFX,日经225,墨西哥BOLSA,恒生指数,韩国综合指数,荷兰AEX,Costa Rica Indice Accionario,加拿大多伦多S&P/TSX 综合指数,S&P CLX IPSA
比利时BFX,0.0,0.29834678906786294,0.3030599446126032,0.284022831402652,0.28857770151120316,0.5763215650133251,0.2668909601512995,0.31275536689404715,0.28439779286199673
日经225,0.29834678906786294,0.0,0.2795816553488228,0.31373813615989643,0.322284958958282,0.2999809210739828,0.24574589584776776,0.29408324707417505,0.2815509955735461
墨西哥BOLSA,0.3030599446126032,0.2795816553488228,0.0,0.2858419586496921,0.2720851557417141,0.29775568407338704,0.2328219117793826,0.3179512732059397,0.29483948594013
恒生指数,0.284022831402652,0.31373813615989643,0.2858419586496921,0.0,0.3696537642261785,0.29976647732222755,0.22829080855982548,0.2702380471165047,0.30223021717235077
韩国综合指数,0.28857770151120316,0.322284958958282,0.2720851557417141,0.3696537642261785,0.0,0.3017523083703904,0.23838968205804162,0.2560746903287007,0.2774998772243964
荷兰AEX,0.5763215650133251,0.2999809210739828,0.29775568407338704,0.29976647732222755,0.3017523083703904,0.0,0.26196541796764805,0.3379807398663193,0.2887492596462205
Costa Rica Indice Accionario,0.2668909601512995,0.24574589584776776,0.2328219117793826,0.22829080855982548,0.23838968205804162,0.26196541796764805,0.0,0.23874369234946655,0.24444635160789277
加拿大多伦多S&P/TSX 综合指数,0.31275536689404715,0.29408324707417505,0.3179512732059397,0.2702380471165047,0.2560746903287007,0.3379807398663193,0.23874369234946655,0.0,0.2972329791375677
S&P CLX IPSA,0.28439779286199673,0.2815509955735461,0.29483948594013,0.30223021717235077,0.2774998772243964,0.2887492596462205,0.24444635160789277,0.2972329791375677,0.0
