,比利时BFX,日经225,墨西哥BOLSA,恒生指数,韩国综合指数,荷兰AEX,Costa Rica Indice Accionario,加拿大多伦多S&P/TSX 综合指数,S&P CLX IPSA
比利时BFX,0.0,0.3096554445132452,0.3681316052697028,0.3302899937944977,0.34555098493348785,0.6688056521602334,0.24658319470727585,0.401103011558504,0.32716161846456493
日经225,0.3096554445132452,0.0,0.26836989290101004,0.37149149121758734,0.4124091323955308,0.3183015419201209,0.24649312306316318,0.28661540083150205,0.2718975286307863
墨西哥BOLSA,0.3681316052697028,0.26836989290101004,0.0,0.28833092687548684,0.2923708617036227,0.37571850863713774,0.25494986759897226,0.3658944987829221,0.3447365136829519
恒生指数,0.3302899937944977,0.37149149121758734,0.28833092687548684,0.0,0.4553557538668984,0.3421416987769664,0.260091433242953,0.3011054147756171,0.3020327450340009
韩国综合指数,0.34555098493348785,0.4124091323955308,0.2923708617036227,0.4553557538668984,0.0,0.36029563156515787,0.25534709290928725,0.29319696359850755,0.28297855744088624
荷兰AEX,0.6688056521602334,0.3183015419201209,0.37571850863713774,0.3421416987769664,0.36029563156515787,0.0,0.2564316369023883,0.41082198321473723,0.3436033157830639
Costa Rica Indice Accionario,0.24658319470727585,0.24649312306316318,0.25494986759897226,0.260091433242953,0.25534709290928725,0.2564316369023883,0.0,0.2474117504023916,0.23765232674858142
加拿大多伦多S&P/TSX 综合指数,0.401103011558504,0.28661540083150205,0.3658944987829221,0.3011054147756171,0.29319696359850755,0.41082198321473723,0.2474117504023916,0.0,0.3449159905408958
S&P CLX IPSA,0.32716161846456493,0.2718975286307863,0.3447365136829519,0.3020327450340009,0.28297855744088624,0.3436033157830639,0.23765232674858142,0.3449159905408958,0.0
