,比利时BFX,日经225,墨西哥BOLSA,恒生指数,韩国综合指数,荷兰AEX,Costa Rica Indice Accionario,加拿大多伦多S&P/TSX 综合指数,S&P CLX IPSA
比利时BFX,0.0,0.25520978664550353,0.3148760306141153,0.26676602689161966,0.2759103135918369,0.5754062538499533,0.24865223584150276,0.3401455142203961,0.31415373923174644
日经225,0.25520978664550353,0.0,0.2435489369242172,0.3248314280099014,0.36974317443469457,0.2699460109909042,0.24900788576636174,0.26482381918557996,0.25089330892402406
墨西哥BOLSA,0.3148760306141153,0.2435489369242172,0.0,0.26600119427859636,0.2630914352619114,0.327270944997607,0.25562289183705833,0.3366690199987117,0.3285079853917913
恒生指数,0.26676602689161966,0.3248314280099014,0.26600119427859636,0.0,0.4007381310082715,0.2847385104681953,0.26254105989568044,0.2595928492633252,0.29519274993292605
韩国综合指数,0.2759103135918369,0.36974317443469457,0.2630914352619114,0.4007381310082715,0.0,0.2944176378353367,0.2567139994543806,0.25669786329014266,0.26603579967816465
荷兰AEX,0.5754062538499533,0.2699460109909042,0.327270944997607,0.2847385104681953,0.2944176378353367,0.0,0.2637276178349171,0.3635891220911203,0.33130736073051054
Costa Rica Indice Accionario,0.24865223584150276,0.24900788576636174,0.25562289183705833,0.26254105989568044,0.2567139994543806,0.2637276178349171,0.0,0.24982873666911998,0.2409609847082044
加拿大多伦多S&P/TSX 综合指数,0.3401455142203961,0.26482381918557996,0.3366690199987117,0.2595928492633252,0.25669786329014266,0.3635891220911203,0.24982873666911998,0.0,0.3349031063966228
S&P CLX IPSA,0.31415373923174644,0.25089330892402406,0.3285079853917913,0.29519274993292605,0.26603579967816465,0.33130736073051054,0.2409609847082044,0.3349031063966228,0.0
