,比利时BFX,日经225,墨西哥BOLSA,恒生指数,韩国综合指数,荷兰AEX,Costa Rica Indice Accionario,加拿大多伦多S&P/TSX 综合指数,S&P CLX IPSA
比利时BFX,0.0,0.2989245550357605,0.3095053997694513,0.2893663566507511,0.29036461684915266,0.5738730527576128,0.2664466964015008,0.3126524793829972,0.2889912644745096
日经225,0.2989245550357605,0.0,0.2864452128474615,0.31607929180458344,0.32098620279296947,0.29982347541032167,0.2453515002855416,0.2982744425943851,0.29243180901757676
墨西哥BOLSA,0.3095053997694513,0.2864452128474615,0.0,0.2855585102593766,0.2701152513037306,0.3044353187153238,0.23420406597224339,0.31933096842602504,0.30058430005819625
恒生指数,0.2893663566507511,0.31607929180458344,0.2855585102593766,0.0,0.360535787522027,0.3050238616972538,0.22926884652750673,0.2714976616305688,0.29810517499090855
韩国综合指数,0.29036461684915266,0.32098620279296947,0.2701152513037306,0.360535787522027,0.0,0.30033605864478724,0.23898239106690486,0.25718804851702387,0.2758568332897681
荷兰AEX,0.5738730527576128,0.29982347541032167,0.3044353187153238,0.3050238616972538,0.30033605864478724,0.0,0.2613399492625692,0.3384585126555375,0.29324015026501604
Costa Rica Indice Accionario,0.2664466964015008,0.2453515002855416,0.23420406597224339,0.22926884652750673,0.23898239106690486,0.2613399492625692,0.0,0.2393173800474891,0.24728836383215633
加拿大多伦多S&P/TSX 综合指数,0.3126524793829972,0.2982744425943851,0.31933096842602504,0.2714976616305688,0.25718804851702387,0.3384585126555375,0.2393173800474891,0.0,0.2953090659461715
S&P CLX IPSA,0.2889912644745096,0.29243180901757676,0.30058430005819625,0.29810517499090855,0.2758568332897681,0.29324015026501604,0.24728836383215633,0.2953090659461715,0.0
