,比利时BFX,日经225,墨西哥BOLSA,恒生指数,韩国综合指数,荷兰AEX,Costa Rica Indice Accionario,加拿大多伦多S&P/TSX 综合指数,S&P CLX IPSA
比利时BFX,0.0,0.25859141146357995,0.3113003247875836,0.25975237287950215,0.2635054761969418,0.5431917579954056,0.24441883511477097,0.3309872605592701,0.31433245032924634
日经225,0.25859141146357995,0.0,0.24151228487074292,0.3276906167534408,0.37154539099101425,0.27562732921329924,0.2552551916053602,0.2684808747806847,0.2538103931335943
墨西哥BOLSA,0.3113003247875836,0.24151228487074292,0.0,0.2654094379078603,0.25482543005714076,0.3221516152910865,0.2535595113619585,0.31913322918901643,0.33726368645678434
恒生指数,0.25975237287950215,0.3276906167534408,0.2654094379078603,0.0,0.38406041319502165,0.27949120793915194,0.2618499446993138,0.259601086689915,0.29447242009275343
韩国综合指数,0.2635054761969418,0.37154539099101425,0.25482543005714076,0.38406041319502165,0.0,0.2798068870843628,0.24436604020809025,0.2515126206017538,0.2594888109399188
荷兰AEX,0.5431917579954056,0.27562732921329924,0.3221516152910865,0.27949120793915194,0.2798068870843628,0.0,0.24613475436059068,0.3581774146133274,0.3296368705298289
Costa Rica Indice Accionario,0.24441883511477097,0.2552551916053602,0.2535595113619585,0.2618499446993138,0.24436604020809025,0.24613475436059068,0.0,0.23622868391377103,0.24842394065203857
加拿大多伦多S&P/TSX 综合指数,0.3309872605592701,0.2684808747806847,0.31913322918901643,0.259601086689915,0.2515126206017538,0.3581774146133274,0.23622868391377103,0.0,0.32951313198232185
S&P CLX IPSA,0.31433245032924634,0.2538103931335943,0.33726368645678434,0.29447242009275343,0.2594888109399188,0.3296368705298289,0.24842394065203857,0.32951313198232185,0.0
