,比利时BFX,日经225,墨西哥BOLSA,恒生指数,韩国综合指数,荷兰AEX,Costa Rica Indice Accionario,加拿大多伦多S&P/TSX 综合指数,S&P CLX IPSA
比利时BFX,0.0,0.3343159267879431,0.29934965579289413,0.3003191707095198,0.28751420685958,0.6148071551479393,0.2322513774754577,0.3343083099729339,0.29755718996651914
日经225,0.3343159267879431,0.0,0.27991923547919706,0.3656089234756763,0.3349323721614219,0.3317985482817918,0.23332551060532508,0.2987934244935188,0.28728729351650845
墨西哥BOLSA,0.29934965579289413,0.27991923547919706,0.0,0.3089466884296257,0.28736800478758046,0.29909233501564425,0.2515646136521914,0.308226418423599,0.29754428337173444
恒生指数,0.3003191707095198,0.3656089234756763,0.3089466884296257,0.0,0.40128072942140014,0.3225765213683909,0.23841535060410296,0.2896996604967133,0.2957551616861334
韩国综合指数,0.28751420685958,0.3349323721614219,0.28736800478758046,0.40128072942140014,0.0,0.30320787785268793,0.2464710133235631,0.29235928838742586,0.28478343477151447
荷兰AEX,0.6148071551479393,0.3317985482817918,0.29909233501564425,0.3225765213683909,0.30320787785268793,0.0,0.23930407787081603,0.3675584234158083,0.30292991633870886
Costa Rica Indice Accionario,0.2322513774754577,0.23332551060532508,0.2515646136521914,0.23841535060410296,0.2464710133235631,0.23930407787081603,0.0,0.24043262885164893,0.24422139356271513
加拿大多伦多S&P/TSX 综合指数,0.3343083099729339,0.2987934244935188,0.308226418423599,0.2896996604967133,0.29235928838742586,0.3675584234158083,0.24043262885164893,0.0,0.3023217095861523
S&P CLX IPSA,0.29755718996651914,0.28728729351650845,0.29754428337173444,0.2957551616861334,0.28478343477151447,0.30292991633870886,0.24422139356271513,0.3023217095861523,0.0
