,比利时BFX,日经225,墨西哥BOLSA,恒生指数,韩国综合指数,荷兰AEX,Costa Rica Indice Accionario,加拿大多伦多S&P/TSX 综合指数,S&P CLX IPSA
比利时BFX,0.0,0.3331601527576058,0.3041710264673034,0.30333434702880746,0.2896968918336695,0.6171119890956566,0.23681428633701096,0.33295132445421155,0.29857792594617727
日经225,0.3331601527576058,0.0,0.2818646698166304,0.37089760913172887,0.3388854688601042,0.3285854632503303,0.2306524807093921,0.3005347181064404,0.2873258406734257
墨西哥BOLSA,0.3041710264673034,0.2818646698166304,0.0,0.3141601605763266,0.2921698050362589,0.29951636732232373,0.24850080746753556,0.3081862947388029,0.2976696353415144
恒生指数,0.30333434702880746,0.37089760913172887,0.3141601605763266,0.0,0.40975758402601137,0.32178719504000647,0.234370217141707,0.2921121672478592,0.29668863697339576
韩国综合指数,0.2896968918336695,0.3388854688601042,0.2921698050362589,0.40975758402601137,0.0,0.30422786477626507,0.24455920108471552,0.29729236247848756,0.2871970721680099
荷兰AEX,0.6171119890956566,0.3285854632503303,0.29951636732232373,0.32178719504000647,0.30422786477626507,0.0,0.2449310415516988,0.3615553050906715,0.30347453696920085
Costa Rica Indice Accionario,0.23681428633701096,0.2306524807093921,0.24850080746753556,0.234370217141707,0.24455920108471552,0.2449310415516988,0.0,0.23561322911057098,0.24451084083186048
加拿大多伦多S&P/TSX 综合指数,0.33295132445421155,0.3005347181064404,0.3081862947388029,0.2921121672478592,0.29729236247848756,0.3615553050906715,0.23561322911057098,0.0,0.30189208269293255
S&P CLX IPSA,0.29857792594617727,0.2873258406734257,0.2976696353415144,0.29668863697339576,0.2871970721680099,0.30347453696920085,0.24451084083186048,0.30189208269293255,0.0
