,比利时BFX,日经225,墨西哥BOLSA,恒生指数,韩国综合指数,荷兰AEX,Costa Rica Indice Accionario,加拿大多伦多S&P/TSX 综合指数,S&P CLX IPSA
比利时BFX,0.0,0.3351756107092125,0.30302115202188046,0.303229308553403,0.29123322199372753,0.6155052531384612,0.23620611134754219,0.334947468980378,0.29812449379779604
日经225,0.3351756107092125,0.0,0.2830971484285565,0.37066652160093105,0.33989526441436074,0.33094397896098143,0.2303015999355641,0.30073371895551704,0.2880990952770759
墨西哥BOLSA,0.30302115202188046,0.2830971484285565,0.0,0.3140713849469322,0.2924675067296228,0.299673604090221,0.24785698732650804,0.3100948724958813,0.29791445868222105
恒生指数,0.303229308553403,0.37066652160093105,0.3140713849469322,0.0,0.4087668766713714,0.322457281211189,0.23406736251771562,0.2926791951957977,0.29683340301778843
韩国综合指数,0.29123322199372753,0.33989526441436074,0.2924675067296228,0.4087668766713714,0.0,0.30486929370631416,0.24430474145986472,0.2949536966536667,0.2871783501108062
荷兰AEX,0.6155052531384612,0.33094397896098143,0.299673604090221,0.322457281211189,0.30486929370631416,0.0,0.24488124465211342,0.36589401094185237,0.3033651918435462
Costa Rica Indice Accionario,0.23620611134754219,0.2303015999355641,0.24785698732650804,0.23406736251771562,0.24430474145986472,0.24488124465211342,0.0,0.23572189714034097,0.2443971044075871
加拿大多伦多S&P/TSX 综合指数,0.334947468980378,0.30073371895551704,0.3100948724958813,0.2926791951957977,0.2949536966536667,0.36589401094185237,0.23572189714034097,0.0,0.30303239844823265
S&P CLX IPSA,0.29812449379779604,0.2880990952770759,0.29791445868222105,0.29683340301778843,0.2871783501108062,0.3033651918435462,0.2443971044075871,0.30303239844823265,0.0
