,比利时BFX,日经225,墨西哥BOLSA,恒生指数,韩国综合指数,荷兰AEX,Costa Rica Indice Accionario,加拿大多伦多S&P/TSX 综合指数,S&P CLX IPSA
比利时BFX,0.0,0.3310821805770077,0.30160538592209063,0.2961338632571266,0.2929378303131616,0.612818416116639,0.2402839028838202,0.3492620807649897,0.30175055937108786
日经225,0.3310821805770077,0.0,0.30107245035748464,0.3717680546672815,0.36793434670655717,0.33699575340968474,0.2310787014439094,0.30493440402450933,0.29268640989948796
墨西哥BOLSA,0.30160538592209063,0.30107245035748464,0.0,0.31921308788139985,0.3090931578961536,0.30071450075217304,0.24828447475211227,0.31207875279885533,0.29647325204022
恒生指数,0.2961338632571266,0.3717680546672815,0.31921308788139985,0.0,0.40855662523925823,0.31465346062969457,0.23506003492963792,0.2825637719076792,0.29652313691916604
韩国综合指数,0.2929378303131616,0.36793434670655717,0.3090931578961536,0.40855662523925823,0.0,0.31212122248780017,0.2454845709930632,0.30481517615675713,0.2957265377760753
荷兰AEX,0.612818416116639,0.33699575340968474,0.30071450075217304,0.31465346062969457,0.31212122248780017,0.0,0.24684735870348765,0.36924042301411253,0.3069409186233122
Costa Rica Indice Accionario,0.2402839028838202,0.2310787014439094,0.24828447475211227,0.23506003492963792,0.2454845709930632,0.24684735870348765,0.0,0.23933583106747014,0.24612560155443
加拿大多伦多S&P/TSX 综合指数,0.3492620807649897,0.30493440402450933,0.31207875279885533,0.2825637719076792,0.30481517615675713,0.36924042301411253,0.23933583106747014,0.0,0.3094781063401696
S&P CLX IPSA,0.30175055937108786,0.29268640989948796,0.29647325204022,0.29652313691916604,0.2957265377760753,0.3069409186233122,0.24612560155443,0.3094781063401696,0.0
