,比利时BFX,日经225,墨西哥BOLSA,恒生指数,韩国综合指数,荷兰AEX,Costa Rica Indice Accionario,加拿大多伦多S&P/TSX 综合指数,S&P CLX IPSA
比利时BFX,0.0,0.3317712710316581,0.29560215307018106,0.3402268422439093,0.3512858590224131,0.573715461772385,0.2524076673175165,0.3688026496314262,0.32981009523490057
日经225,0.3317712710316581,0.0,0.26230766721699966,0.38706280502399887,0.4786842476933308,0.32416620779302935,0.2425431960242118,0.30743789048664943,0.2872701090745812
墨西哥BOLSA,0.29560215307018106,0.26230766721699966,0.0,0.26616795085566003,0.285185253448155,0.29442460956578126,0.2804817513586471,0.308197228203088,0.3232497529993551
恒生指数,0.3402268422439093,0.38706280502399887,0.26616795085566003,0.0,0.43879508434428993,0.3252700139684437,0.2511387692463909,0.29125297686173557,0.28875509687531414
韩国综合指数,0.3512858590224131,0.4786842476933308,0.285185253448155,0.43879508434428993,0.0,0.342126554722936,0.25570231228452284,0.31442137783366997,0.29950394113033896
荷兰AEX,0.573715461772385,0.32416620779302935,0.29442460956578126,0.3252700139684437,0.342126554722936,0.0,0.24590345628369545,0.39140205854651233,0.3339432216241792
Costa Rica Indice Accionario,0.2524076673175165,0.2425431960242118,0.2804817513586471,0.2511387692463909,0.25570231228452284,0.24590345628369545,0.0,0.2540942757328949,0.24679315807993052
加拿大多伦多S&P/TSX 综合指数,0.3688026496314262,0.30743789048664943,0.308197228203088,0.29125297686173557,0.31442137783366997,0.39140205854651233,0.2540942757328949,0.0,0.31982135706671777
S&P CLX IPSA,0.32981009523490057,0.2872701090745812,0.3232497529993551,0.28875509687531414,0.29950394113033896,0.3339432216241792,0.24679315807993052,0.31982135706671777,0.0
