,比利时BFX,日经225,墨西哥BOLSA,恒生指数,韩国综合指数,荷兰AEX,Costa Rica Indice Accionario,加拿大多伦多S&P/TSX 综合指数,S&P CLX IPSA
比利时BFX,0.0,0.3336938925034829,0.2967947737913566,0.28985633089177215,0.2840659341980218,0.5982179760575957,0.23892703223870002,0.3458427511259743,0.30435731964804236
日经225,0.3336938925034829,0.0,0.2998634041788026,0.385190365426393,0.375559449992764,0.33720324641645105,0.22913107150565573,0.3028008036209463,0.29509921960776636
墨西哥BOLSA,0.2967947737913566,0.2998634041788026,0.0,0.311929375697052,0.30794258032591115,0.29614868515178544,0.24907718025001402,0.3076463248765335,0.29795149224269535
恒生指数,0.28985633089177215,0.385190365426393,0.311929375697052,0.0,0.4056229882659583,0.30279896046518884,0.23146310183354046,0.2741708526862715,0.2962859434092652
韩国综合指数,0.2840659341980218,0.375559449992764,0.30794258032591115,0.4056229882659583,0.0,0.29915682327521637,0.24538511377342126,0.29317333095253467,0.2920207636303461
荷兰AEX,0.5982179760575957,0.33720324641645105,0.29614868515178544,0.30279896046518884,0.29915682327521637,0.0,0.24287531272578525,0.36312859912833184,0.3064914321237429
Costa Rica Indice Accionario,0.23892703223870002,0.22913107150565573,0.24907718025001402,0.23146310183354046,0.24538511377342126,0.24287531272578525,0.0,0.23950940043242322,0.2445670212765014
加拿大多伦多S&P/TSX 综合指数,0.3458427511259743,0.3028008036209463,0.3076463248765335,0.2741708526862715,0.29317333095253467,0.36312859912833184,0.23950940043242322,0.0,0.3054523228131484
S&P CLX IPSA,0.30435731964804236,0.29509921960776636,0.29795149224269535,0.2962859434092652,0.2920207636303461,0.3064914321237429,0.2445670212765014,0.3054523228131484,0.0
