,比利时BFX,日经225,墨西哥BOLSA,恒生指数,韩国综合指数,荷兰AEX,Costa Rica Indice Accionario,加拿大多伦多S&P/TSX 综合指数,S&P CLX IPSA
比利时BFX,0.0,0.3335902275189559,0.3167751233107133,0.293667597377195,0.2956681122900959,0.5733516959954559,0.2402994791386958,0.34206759613444593,0.30184143934163604
日经225,0.3335902275189559,0.0,0.2963581425291143,0.3943954646603558,0.39779329737070757,0.338860068084675,0.22889922544497215,0.2984959924466563,0.28928965507137305
墨西哥BOLSA,0.3167751233107133,0.2963581425291143,0.0,0.3087169829999101,0.3121013939137732,0.3063179461371077,0.25171691688275927,0.2873433789425123,0.30064738515138967
恒生指数,0.293667597377195,0.3943954646603558,0.3087169829999101,0.0,0.40710603577226323,0.30133315665497634,0.22825304165978597,0.2766578537806479,0.2884737783994756
韩国综合指数,0.2956681122900959,0.39779329737070757,0.3121013939137732,0.40710603577226323,0.0,0.30705407405645274,0.24399367177467696,0.2912230515096985,0.2874229019619447
荷兰AEX,0.5733516959954559,0.338860068084675,0.3063179461371077,0.30133315665497634,0.30705407405645274,0.0,0.24502650515254007,0.37269411497135024,0.30917094355973296
Costa Rica Indice Accionario,0.2402994791386958,0.22889922544497215,0.25171691688275927,0.22825304165978597,0.24399367177467696,0.24502650515254007,0.0,0.23965349479770356,0.24232358160383208
加拿大多伦多S&P/TSX 综合指数,0.34206759613444593,0.2984959924466563,0.2873433789425123,0.2766578537806479,0.2912230515096985,0.37269411497135024,0.23965349479770356,0.0,0.3080628478439498
S&P CLX IPSA,0.30184143934163604,0.28928965507137305,0.30064738515138967,0.2884737783994756,0.2874229019619447,0.30917094355973296,0.24232358160383208,0.3080628478439498,0.0
