,比利时BFX,日经225,墨西哥BOLSA,恒生指数,韩国综合指数,荷兰AEX,Costa Rica Indice Accionario,加拿大多伦多S&P/TSX 综合指数,S&P CLX IPSA
比利时BFX,0.0,0.33084710603372164,0.2931602251121002,0.33848394825451167,0.3494525134992441,0.5715604833086079,0.2522528685512033,0.36434910732737996,0.3283948784936171
日经225,0.33084710603372164,0.0,0.25833251643981303,0.3869005007546637,0.4746934036347603,0.32519396016430263,0.24211638238051705,0.30533340440951323,0.28523279326892015
墨西哥BOLSA,0.2931602251121002,0.25833251643981303,0.0,0.2631492100353761,0.28298589985124994,0.29059011787613087,0.28051665487605115,0.3047355653237727,0.32142242112309355
恒生指数,0.33848394825451167,0.3869005007546637,0.2631492100353761,0.0,0.43570010113252217,0.32461153593642433,0.25080780477569475,0.2883734247979918,0.285816072466612
韩国综合指数,0.3494525134992441,0.4746934036347603,0.28298589985124994,0.43570010113252217,0.0,0.3407719102092382,0.25552211958057974,0.3095372704063046,0.29585807670348346
荷兰AEX,0.5715604833086079,0.32519396016430263,0.29059011787613087,0.32461153593642433,0.3407719102092382,0.0,0.24558684520198698,0.3841587572535179,0.3312250112003999
Costa Rica Indice Accionario,0.2522528685512033,0.24211638238051705,0.28051665487605115,0.25080780477569475,0.25552211958057974,0.24558684520198698,0.0,0.25372839836139327,0.24653802981175102
加拿大多伦多S&P/TSX 综合指数,0.36434910732737996,0.30533340440951323,0.3047355653237727,0.2883734247979918,0.3095372704063046,0.3841587572535179,0.25372839836139327,0.0,0.3187941795139821
S&P CLX IPSA,0.3283948784936171,0.28523279326892015,0.32142242112309355,0.285816072466612,0.29585807670348346,0.3312250112003999,0.24653802981175102,0.3187941795139821,0.0
