,比利时BFX,日经225,墨西哥BOLSA,恒生指数,韩国综合指数,荷兰AEX,Costa Rica Indice Accionario,加拿大多伦多S&P/TSX 综合指数,S&P CLX IPSA
比利时BFX,0.0,0.32747658061542845,0.31209785332207834,0.3204589665164815,0.3180457217481786,0.5679820800454478,0.25371926250392185,0.35992287256374916,0.33047714961614716
日经225,0.32747658061542845,0.0,0.26367171842262277,0.40128810758545547,0.4624583219315384,0.3286162300534889,0.23682703051748272,0.29498149472703195,0.28980771662128546
墨西哥BOLSA,0.31209785332207834,0.26367171842262277,0.0,0.28053907913481774,0.2900068152167955,0.3148783188346014,0.27867778090324435,0.3087955848773263,0.32758146963264856
恒生指数,0.3204589665164815,0.40128810758545547,0.28053907913481774,0.0,0.440024516259618,0.3170106967060476,0.2465625572073848,0.27993098323787663,0.28640975095579807
韩国综合指数,0.3180457217481786,0.4624583219315384,0.2900068152167955,0.440024516259618,0.0,0.3206395620445728,0.25392625442739813,0.31307266317756904,0.29047471028388505
荷兰AEX,0.5679820800454478,0.3286162300534889,0.3148783188346014,0.3170106967060476,0.3206395620445728,0.0,0.24881342335899945,0.39010778771118815,0.3405111751015701
Costa Rica Indice Accionario,0.25371926250392185,0.23682703051748272,0.27867778090324435,0.2465625572073848,0.25392625442739813,0.24881342335899945,0.0,0.25066808437859095,0.24856049568232624
加拿大多伦多S&P/TSX 综合指数,0.35992287256374916,0.29498149472703195,0.3087955848773263,0.27993098323787663,0.31307266317756904,0.39010778771118815,0.25066808437859095,0.0,0.327322280386257
S&P CLX IPSA,0.33047714961614716,0.28980771662128546,0.32758146963264856,0.28640975095579807,0.29047471028388505,0.3405111751015701,0.24856049568232624,0.327322280386257,0.0
