,比利时BFX,日经225,墨西哥BOLSA,恒生指数,韩国综合指数,荷兰AEX,Costa Rica Indice Accionario,加拿大多伦多S&P/TSX 综合指数,S&P CLX IPSA
比利时BFX,0.0,0.31755141240993784,0.2970440728171795,0.32023945083964184,0.32909139455068903,0.5513870741320138,0.25475653280050425,0.36158163750472966,0.3167774271542167
日经225,0.31755141240993784,0.0,0.2560475601722568,0.3845829141168524,0.46995805430200155,0.3129324916784628,0.23719909444444637,0.29941138132544765,0.2819498469453974
墨西哥BOLSA,0.2970440728171795,0.2560475601722568,0.0,0.26315145495500963,0.27963415215628656,0.29593845824401177,0.27675678440209056,0.2999707877965611,0.31846383669030526
恒生指数,0.32023945083964184,0.3845829141168524,0.26315145495500963,0.0,0.4372049982773501,0.3053724535732881,0.24790021687657998,0.2858410945744501,0.2834123011094526
韩国综合指数,0.32909139455068903,0.46995805430200155,0.27963415215628656,0.4372049982773501,0.0,0.32171114323381284,0.25480245207349345,0.31085475990134165,0.28943447102601033
荷兰AEX,0.5513870741320138,0.3129324916784628,0.29593845824401177,0.3053724535732881,0.32171114323381284,0.0,0.2497832134897055,0.39759298154794737,0.32179183288113306
Costa Rica Indice Accionario,0.25475653280050425,0.23719909444444637,0.27675678440209056,0.24790021687657998,0.25480245207349345,0.2497832134897055,0.0,0.25092249124080945,0.2496657472023247
加拿大多伦多S&P/TSX 综合指数,0.36158163750472966,0.29941138132544765,0.2999707877965611,0.2858410945744501,0.31085475990134165,0.39759298154794737,0.25092249124080945,0.0,0.3195623101526907
S&P CLX IPSA,0.3167774271542167,0.2819498469453974,0.31846383669030526,0.2834123011094526,0.28943447102601033,0.32179183288113306,0.2496657472023247,0.3195623101526907,0.0
