,比利时BFX,日经225,墨西哥BOLSA,恒生指数,韩国综合指数,荷兰AEX,Costa Rica Indice Accionario,加拿大多伦多S&P/TSX 综合指数,S&P CLX IPSA
比利时BFX,0.0,0.3243942850101629,0.31474242318223433,0.30371548166067935,0.28307118827990363,0.5863745119758926,0.2381137132110554,0.3274483476789499,0.29770539153240183
日经225,0.3243942850101629,0.0,0.2879146103408482,0.35279951536036536,0.3236565868241631,0.3286107608340871,0.2359561651721456,0.2955312906345755,0.2879932032917413
墨西哥BOLSA,0.31474242318223433,0.2879146103408482,0.0,0.30877057769231653,0.28260380062878687,0.31504284418565887,0.2524241333144162,0.3233946344944059,0.3008740317437614
恒生指数,0.30371548166067935,0.35279951536036536,0.30877057769231653,0.0,0.36695583955169175,0.3261706519746293,0.23646773982627528,0.28059632408634394,0.29356539071106846
韩国综合指数,0.28307118827990363,0.3236565868241631,0.28260380062878687,0.36695583955169175,0.0,0.30091658057494086,0.24551005744577062,0.27347361789523134,0.2786620471095645
荷兰AEX,0.5863745119758926,0.3286107608340871,0.31504284418565887,0.3261706519746293,0.30091658057494086,0.0,0.24126751557384996,0.3585757263732958,0.3031429036892837
Costa Rica Indice Accionario,0.2381137132110554,0.2359561651721456,0.2524241333144162,0.23646773982627528,0.24551005744577062,0.24126751557384996,0.0,0.23940544486064658,0.24540282114626383
加拿大多伦多S&P/TSX 综合指数,0.3274483476789499,0.2955312906345755,0.3233946344944059,0.28059632408634394,0.27347361789523134,0.3585757263732958,0.23940544486064658,0.0,0.29946750885412177
S&P CLX IPSA,0.29770539153240183,0.2879932032917413,0.3008740317437614,0.29356539071106846,0.2786620471095645,0.3031429036892837,0.24540282114626383,0.29946750885412177,0.0
