,比利时BFX,日经225,墨西哥BOLSA,恒生指数,韩国综合指数,荷兰AEX,Costa Rica Indice Accionario,加拿大多伦多S&P/TSX 综合指数,S&P CLX IPSA
比利时BFX,0.0,0.32372838184193964,0.2903241064007799,0.30122853094043894,0.2859734946545026,0.6220443642093634,0.23830982397865594,0.3412079336753327,0.30119925398051844
日经225,0.32372838184193964,0.0,0.295569209599593,0.37835668205481143,0.3633361087880167,0.330518630973218,0.23079612332550195,0.30033863500477254,0.28894116089187505
墨西哥BOLSA,0.2903241064007799,0.295569209599593,0.0,0.31604859627064563,0.29902574702906953,0.29230709164801877,0.2454187636728623,0.31077683771002473,0.2955349430737012
恒生指数,0.30122853094043894,0.37835668205481143,0.31604859627064563,0.0,0.42150388891585233,0.3209616211390251,0.23411330167380362,0.2960203933664597,0.2947172413863167
韩国综合指数,0.2859734946545026,0.3633361087880167,0.29902574702906953,0.42150388891585233,0.0,0.3061176824302262,0.24380042100280866,0.30122156911129216,0.2856455146888097
荷兰AEX,0.6220443642093634,0.330518630973218,0.29230709164801877,0.3209616211390251,0.3061176824302262,0.0,0.24575054671812463,0.3637618363778364,0.30621850753838437
Costa Rica Indice Accionario,0.23830982397865594,0.23079612332550195,0.2454187636728623,0.23411330167380362,0.24380042100280866,0.24575054671812463,0.0,0.23889245702608483,0.24500616371094103
加拿大多伦多S&P/TSX 综合指数,0.3412079336753327,0.30033863500477254,0.31077683771002473,0.2960203933664597,0.30122156911129216,0.3637618363778364,0.23889245702608483,0.0,0.30363688610354195
S&P CLX IPSA,0.30119925398051844,0.28894116089187505,0.2955349430737012,0.2947172413863167,0.2856455146888097,0.30621850753838437,0.24500616371094103,0.30363688610354195,0.0
