,比利时BFX,日经225,墨西哥BOLSA,恒生指数,韩国综合指数,荷兰AEX,Costa Rica Indice Accionario,加拿大多伦多S&P/TSX 综合指数,S&P CLX IPSA
比利时BFX,0.0,0.3334314009522299,0.30920974760473036,0.2906504811052787,0.2935468260462723,0.5932816223422303,0.24002682721169818,0.3576642719456781,0.3066503104097566
日经225,0.3334314009522299,0.0,0.29444951125005353,0.3931714497467244,0.39084589267152375,0.336143008058035,0.2290895679989998,0.304108246787465,0.291997083141972
墨西哥BOLSA,0.30920974760473036,0.29444951125005353,0.0,0.2999751915573051,0.3091263680197479,0.3012420932564132,0.251844095517966,0.2981044780602646,0.2972193218772571
恒生指数,0.2906504811052787,0.3931714497467244,0.2999751915573051,0.0,0.40425035972648354,0.3012212869733467,0.22839933829655576,0.281925982002055,0.29475674125426843
韩国综合指数,0.2935468260462723,0.39084589267152375,0.3091263680197479,0.40425035972648354,0.0,0.3055207052540625,0.24453333120353102,0.2971048619516101,0.28822026430032355
荷兰AEX,0.5932816223422303,0.336143008058035,0.3012420932564132,0.3012212869733467,0.3055207052540625,0.0,0.24473951854956627,0.38276269665093693,0.3101408638665188
Costa Rica Indice Accionario,0.24002682721169818,0.2290895679989998,0.251844095517966,0.22839933829655576,0.24453333120353102,0.24473951854956627,0.0,0.23973158135726896,0.24238869853900408
加拿大多伦多S&P/TSX 综合指数,0.3576642719456781,0.304108246787465,0.2981044780602646,0.281925982002055,0.2971048619516101,0.38276269665093693,0.23973158135726896,0.0,0.3077403284173038
S&P CLX IPSA,0.3066503104097566,0.291997083141972,0.2972193218772571,0.29475674125426843,0.28822026430032355,0.3101408638665188,0.24238869853900408,0.3077403284173038,0.0
