,比利时BFX,日经225,墨西哥BOLSA,恒生指数,韩国综合指数,荷兰AEX,Costa Rica Indice Accionario,加拿大多伦多S&P/TSX 综合指数,S&P CLX IPSA
比利时BFX,0.0,0.3316031246458404,0.2971430406216814,0.29648448156518,0.29513179154152636,0.6211141552533792,0.2403983027395969,0.35051774234530075,0.30089541002602105
日经225,0.3316031246458404,0.0,0.29912762369319323,0.3699023101254225,0.36693445108730105,0.3388575104842365,0.23094406684138075,0.3053409689615534,0.2927483754848154
墨西哥BOLSA,0.2971430406216814,0.29912762369319323,0.0,0.3164816854554622,0.3058878159491982,0.30130289910452995,0.2479581397381414,0.3137129949771817,0.297096727672382
恒生指数,0.29648448156518,0.3699023101254225,0.3164816854554622,0.0,0.4093102888942748,0.3157681160897325,0.23444794792504142,0.28022274439302425,0.2966808157537106
韩国综合指数,0.29513179154152636,0.36693445108730105,0.3058878159491982,0.4093102888942748,0.0,0.31511713356515614,0.2444864095819423,0.3063260971124663,0.2932398134164788
荷兰AEX,0.6211141552533792,0.3388575104842365,0.30130289910452995,0.3157681160897325,0.31511713356515614,0.0,0.2469905673686199,0.36945928672289396,0.3055587003423343
Costa Rica Indice Accionario,0.2403983027395969,0.23094406684138075,0.2479581397381414,0.23444794792504142,0.2444864095819423,0.2469905673686199,0.0,0.2393760614870555,0.24623568044423264
加拿大多伦多S&P/TSX 综合指数,0.35051774234530075,0.3053409689615534,0.3137129949771817,0.28022274439302425,0.3063260971124663,0.36945928672289396,0.2393760614870555,0.0,0.30851163622987754
S&P CLX IPSA,0.30089541002602105,0.2927483754848154,0.297096727672382,0.2966808157537106,0.2932398134164788,0.3055587003423343,0.24623568044423264,0.30851163622987754,0.0
