,比利时BFX,日经225,墨西哥BOLSA,恒生指数,韩国综合指数,荷兰AEX,Costa Rica Indice Accionario,加拿大多伦多S&P/TSX 综合指数,S&P CLX IPSA
比利时BFX,0.0,0.3307403852972873,0.3218014317582476,0.3048997397093282,0.2963750432224484,0.5729960043577235,0.2410039171102156,0.3538817570726261,0.3303092787445793
日经225,0.3307403852972873,0.0,0.29367790882049266,0.3847472940895285,0.4056714135131276,0.3427598605716812,0.23370261717016397,0.2947342920332143,0.29160005310857107
墨西哥BOLSA,0.3218014317582476,0.29367790882049266,0.0,0.30986687648003197,0.3075389107265439,0.3178498676411156,0.2612616740841765,0.28854283580177703,0.3156602070013323
恒生指数,0.3048997397093282,0.3847472940895285,0.30986687648003197,0.0,0.39829528990130075,0.3127042764564493,0.2390883675348589,0.2766561358190657,0.2924331093744898
韩国综合指数,0.2963750432224484,0.4056714135131276,0.3075389107265439,0.39829528990130075,0.0,0.3064707132936924,0.24907597054749225,0.2942009418272137,0.29596734355541254
荷兰AEX,0.5729960043577235,0.3427598605716812,0.3178498676411156,0.3127042764564493,0.3064707132936924,0.0,0.2413835549516758,0.38431987120679156,0.3330211816117264
Costa Rica Indice Accionario,0.2410039171102156,0.23370261717016397,0.2612616740841765,0.2390883675348589,0.24907597054749225,0.2413835549516758,0.0,0.2394890673516778,0.25053744725856203
加拿大多伦多S&P/TSX 综合指数,0.3538817570726261,0.2947342920332143,0.28854283580177703,0.2766561358190657,0.2942009418272137,0.38431987120679156,0.2394890673516778,0.0,0.31105596492948684
S&P CLX IPSA,0.3303092787445793,0.29160005310857107,0.3156602070013323,0.2924331093744898,0.29596734355541254,0.3330211816117264,0.25053744725856203,0.31105596492948684,0.0
