,比利时BFX,日经225,墨西哥BOLSA,恒生指数,韩国综合指数,荷兰AEX,Costa Rica Indice Accionario,加拿大多伦多S&P/TSX 综合指数,S&P CLX IPSA
比利时BFX,0.0,0.33813090211179025,0.2895603810330431,0.33852749493006223,0.35130614281594164,0.5762219388486629,0.2513340868273406,0.3661689206055568,0.3312615882393294
日经225,0.33813090211179025,0.0,0.25634229643000866,0.3824421527367665,0.46971973456903837,0.33325087000511716,0.24041252880321812,0.3093801323251578,0.288256573557978
墨西哥BOLSA,0.2895603810330431,0.25634229643000866,0.0,0.26207055357045106,0.28190507947650423,0.2876539812851956,0.2803459921784403,0.30336191758206527,0.3185930439234468
恒生指数,0.33852749493006223,0.3824421527367665,0.26207055357045106,0.0,0.43465848313690425,0.32586740123401026,0.2495178561505414,0.2867915079181325,0.2863930563267318
韩国综合指数,0.35130614281594164,0.46971973456903837,0.28190507947650423,0.43465848313690425,0.0,0.34388077332254596,0.2543905810768543,0.30850211487103024,0.2971585737583019
荷兰AEX,0.5762219388486629,0.33325087000511716,0.2876539812851956,0.32586740123401026,0.34388077332254596,0.0,0.24515133646649542,0.3869720430337769,0.33392137567719443
Costa Rica Indice Accionario,0.2513340868273406,0.24041252880321812,0.2803459921784403,0.2495178561505414,0.2543905810768543,0.24515133646649542,0.0,0.25268697694414544,0.24603625950312824
加拿大多伦多S&P/TSX 综合指数,0.3661689206055568,0.3093801323251578,0.30336191758206527,0.2867915079181325,0.30850211487103024,0.3869720430337769,0.25268697694414544,0.0,0.31854762859159147
S&P CLX IPSA,0.3312615882393294,0.288256573557978,0.3185930439234468,0.2863930563267318,0.2971585737583019,0.33392137567719443,0.24603625950312824,0.31854762859159147,0.0
