,比利时BFX,日经225,墨西哥BOLSA,恒生指数,韩国综合指数,荷兰AEX,Costa Rica Indice Accionario,加拿大多伦多S&P/TSX 综合指数,S&P CLX IPSA
比利时BFX,0.0,0.3344656661875889,0.3221275142692002,0.3034686861632195,0.29312045755043903,0.5762546967864483,0.23709949121872123,0.35116342573064757,0.31289824513924824
日经225,0.3344656661875889,0.0,0.298259013245198,0.3870935654306817,0.40133125263555885,0.34129691316780836,0.231360663275957,0.3016729453684181,0.29371032385450785
墨西哥BOLSA,0.3221275142692002,0.298259013245198,0.0,0.31776498061121494,0.3168616811481704,0.3156755771746884,0.2579923332047472,0.2889451186984993,0.31132381776611023
恒生指数,0.3034686861632195,0.3870935654306817,0.31776498061121494,0.0,0.40430744322024076,0.3082688626865289,0.23135586518798856,0.28100162261380857,0.29880586029777917
韩国综合指数,0.29312045755043903,0.40133125263555885,0.3168616811481704,0.40430744322024076,0.0,0.30323565379003775,0.24513182317394563,0.2888855315088816,0.29382563382216714
荷兰AEX,0.5762546967864483,0.34129691316780836,0.3156755771746884,0.3082688626865289,0.30323565379003775,0.0,0.24256232104991357,0.3793778592761762,0.32647401847417673
Costa Rica Indice Accionario,0.23709949121872123,0.231360663275957,0.2579923332047472,0.23135586518798856,0.24513182317394563,0.24256232104991357,0.0,0.23871148103328743,0.24489173429386746
加拿大多伦多S&P/TSX 综合指数,0.35116342573064757,0.3016729453684181,0.2889451186984993,0.28100162261380857,0.2888855315088816,0.3793778592761762,0.23871148103328743,0.0,0.3120764439713895
S&P CLX IPSA,0.31289824513924824,0.29371032385450785,0.31132381776611023,0.29880586029777917,0.29382563382216714,0.32647401847417673,0.24489173429386746,0.3120764439713895,0.0
