,比利时BFX,日经225,墨西哥BOLSA,恒生指数,韩国综合指数,荷兰AEX,Costa Rica Indice Accionario,加拿大多伦多S&P/TSX 综合指数,S&P CLX IPSA
比利时BFX,0.0,0.33248594384823027,0.30391592588569777,0.29213172128507,0.2880933388006758,0.5913213544538377,0.2387820322177219,0.35689998155155384,0.3065690563969072
日经225,0.33248594384823027,0.0,0.2965564335662028,0.3888114099064293,0.377788434593331,0.33158780244783836,0.2299160813904569,0.2998783601150239,0.29267719229138717
墨西哥BOLSA,0.30391592588569777,0.2965564335662028,0.0,0.30930763579000997,0.3089407536422674,0.29882125168141244,0.25152441784910773,0.30591681812908905,0.29915738653122054
恒生指数,0.29213172128507,0.3888114099064293,0.30930763579000997,0.0,0.4143714802107634,0.30508301466145527,0.23183597350282906,0.2783073122550085,0.29335567532842727
韩国综合指数,0.2880933388006758,0.377788434593331,0.3089407536422674,0.4143714802107634,0.0,0.3003923406356315,0.24574024380727993,0.29457472802273843,0.2879903536782054
荷兰AEX,0.5913213544538377,0.33158780244783836,0.29882125168141244,0.30508301466145527,0.3003923406356315,0.0,0.24301850041758175,0.38107291195659215,0.3111062137953482
Costa Rica Indice Accionario,0.2387820322177219,0.2299160813904569,0.25152441784910773,0.23183597350282906,0.24574024380727993,0.24301850041758175,0.0,0.24082322084882887,0.24447342763073976
加拿大多伦多S&P/TSX 综合指数,0.35689998155155384,0.2998783601150239,0.30591681812908905,0.2783073122550085,0.29457472802273843,0.38107291195659215,0.24082322084882887,0.0,0.30902600676972664
S&P CLX IPSA,0.3065690563969072,0.29267719229138717,0.29915738653122054,0.29335567532842727,0.2879903536782054,0.3111062137953482,0.24447342763073976,0.30902600676972664,0.0
