,比利时BFX,日经225,墨西哥BOLSA,恒生指数,韩国综合指数,荷兰AEX,Costa Rica Indice Accionario,加拿大多伦多S&P/TSX 综合指数,S&P CLX IPSA
比利时BFX,0.0,0.3205561084162916,0.29747532185819114,0.32156873958879034,0.3347150366796952,0.5502465875285734,0.2529880517137373,0.35715818971874985,0.3186637468692192
日经225,0.3205561084162916,0.0,0.25826643652211917,0.386081199713195,0.47042705045719396,0.31745055700607006,0.23710111258164102,0.3002850717635231,0.2813886192126438
墨西哥BOLSA,0.29747532185819114,0.25826643652211917,0.0,0.26449438170163664,0.283151310770951,0.2961704639148104,0.27463127730402626,0.3054450442528718,0.31871592332758986
恒生指数,0.32156873958879034,0.386081199713195,0.26449438170163664,0.0,0.4399232090215975,0.30784207458997603,0.24537800166928675,0.286924116768053,0.2802079729975401
韩国综合指数,0.3347150366796952,0.47042705045719396,0.283151310770951,0.4399232090215975,0.0,0.32841004247006533,0.2518010369973592,0.31092248807230055,0.29414590608746244
荷兰AEX,0.5502465875285734,0.31745055700607006,0.2961704639148104,0.30784207458997603,0.32841004247006533,0.0,0.24824720118646748,0.3948873007753299,0.32265721119490554
Costa Rica Indice Accionario,0.2529880517137373,0.23710111258164102,0.27463127730402626,0.24537800166928675,0.2518010369973592,0.24824720118646748,0.0,0.24977657236900594,0.246900834827511
加拿大多伦多S&P/TSX 综合指数,0.35715818971874985,0.3002850717635231,0.3054450442528718,0.286924116768053,0.31092248807230055,0.3948873007753299,0.24977657236900594,0.0,0.3158727185336002
S&P CLX IPSA,0.3186637468692192,0.2813886192126438,0.31871592332758986,0.2802079729975401,0.29414590608746244,0.32265721119490554,0.246900834827511,0.3158727185336002,0.0
