,比利时BFX,日经225,墨西哥BOLSA,恒生指数,韩国综合指数,荷兰AEX,Costa Rica Indice Accionario,加拿大多伦多S&P/TSX 综合指数,S&P CLX IPSA
比利时BFX,0.0,0.33400124204854287,0.32190354898495865,0.30341386992429825,0.29433839298343684,0.5725698690013132,0.24032290218720256,0.34813573673296166,0.31472959673585355
日经225,0.33400124204854287,0.0,0.29650217121631417,0.3818109281050171,0.4008718512349754,0.3420237396445147,0.2332418958331221,0.3016643493086515,0.2926414820264802
墨西哥BOLSA,0.32190354898495865,0.29650217121631417,0.0,0.31676161146239484,0.31420366475685335,0.31423923230243633,0.2621753882941597,0.2867009403643025,0.3140447126702993
恒生指数,0.30341386992429825,0.3818109281050171,0.31676161146239484,0.0,0.40555066761035097,0.3125290225263421,0.23907730495691498,0.2799709160474347,0.2947079628465758
韩国综合指数,0.29433839298343684,0.4008718512349754,0.31420366475685335,0.40555066761035097,0.0,0.30426686158112176,0.2493445126685807,0.2875682366725664,0.2962710078060294
荷兰AEX,0.5725698690013132,0.3420237396445147,0.31423923230243633,0.3125290225263421,0.30426686158112176,0.0,0.24107118532453126,0.3787935671480265,0.3249090337579067
Costa Rica Indice Accionario,0.24032290218720256,0.2332418958331221,0.2621753882941597,0.23907730495691498,0.2493445126685807,0.24107118532453126,0.0,0.23909342695057262,0.24989914084734238
加拿大多伦多S&P/TSX 综合指数,0.34813573673296166,0.3016643493086515,0.2867009403643025,0.2799709160474347,0.2875682366725664,0.3787935671480265,0.23909342695057262,0.0,0.31059602046075674
S&P CLX IPSA,0.31472959673585355,0.2926414820264802,0.3140447126702993,0.2947079628465758,0.2962710078060294,0.3249090337579067,0.24989914084734238,0.31059602046075674,0.0
