,比利时BFX,日经225,墨西哥BOLSA,恒生指数,韩国综合指数,荷兰AEX,Costa Rica Indice Accionario,加拿大多伦多S&P/TSX 综合指数,S&P CLX IPSA
比利时BFX,0.0,0.32783643840768045,0.29463289663265585,0.29719408723847845,0.29169039613931713,0.6289513212110815,0.23859004956195048,0.35365560591716955,0.3042709221013304
日经225,0.32783643840768045,0.0,0.29784444859077014,0.3754985621431027,0.3663237804952509,0.3344542469579377,0.2309260953283695,0.3046087278666327,0.29063814724874926
墨西哥BOLSA,0.29463289663265585,0.29784444859077014,0.0,0.3149986874992074,0.301452676083722,0.29721434073282443,0.2454809090687771,0.3142307920760807,0.2971084304341516
恒生指数,0.29719408723847845,0.3754985621431027,0.3149986874992074,0.0,0.41804518267315727,0.31604723191542117,0.23419212213583895,0.29229282469559503,0.29360967732300924
韩国综合指数,0.29169039613931713,0.3663237804952509,0.301452676083722,0.41804518267315727,0.0,0.31147065820102093,0.24379774496190917,0.3042346220069575,0.2874601964744204
荷兰AEX,0.6289513212110815,0.3344542469579377,0.29721434073282443,0.31604723191542117,0.31147065820102093,0.0,0.24584493464867507,0.3734979146749658,0.30877472103266274
Costa Rica Indice Accionario,0.23859004956195048,0.2309260953283695,0.2454809090687771,0.23419212213583895,0.24379774496190917,0.24584493464867507,0.0,0.2388920435976432,0.245022027904943
加拿大多伦多S&P/TSX 综合指数,0.35365560591716955,0.3046087278666327,0.3142307920760807,0.29229282469559503,0.3042346220069575,0.3734979146749658,0.2388920435976432,0.0,0.30664222465091207
S&P CLX IPSA,0.3042709221013304,0.29063814724874926,0.2971084304341516,0.29360967732300924,0.2874601964744204,0.30877472103266274,0.245022027904943,0.30664222465091207,0.0
