,比利时BFX,日经225,墨西哥BOLSA,恒生指数,韩国综合指数,荷兰AEX,Costa Rica Indice Accionario,加拿大多伦多S&P/TSX 综合指数,S&P CLX IPSA
比利时BFX,0.0,0.3359272523708204,0.31438693524125233,0.31630993806727287,0.32104131159541194,0.5663991509666442,0.2417031834023372,0.3618694935166646,0.3377126926151083
日经225,0.3359272523708204,0.0,0.28952320819802163,0.3973802845236086,0.4469548355385996,0.3325252426102256,0.23556365032504836,0.29734371404600235,0.2954602768544469
墨西哥BOLSA,0.31438693524125233,0.28952320819802163,0.0,0.2996294585947203,0.32014871439801185,0.326925478125253,0.2744671469318406,0.30921717572137974,0.3267377467401835
恒生指数,0.31630993806727287,0.3973802845236086,0.2996294585947203,0.0,0.4275607066956001,0.318502099477658,0.2380200571786003,0.28324941965581935,0.2939048575805409
韩国综合指数,0.32104131159541194,0.4469548355385996,0.32014871439801185,0.4275607066956001,0.0,0.32485305128079495,0.2524154837598285,0.3181772191436282,0.3033416950119945
荷兰AEX,0.5663991509666442,0.3325252426102256,0.326925478125253,0.318502099477658,0.32485305128079495,0.0,0.2432054821215579,0.3926959010643365,0.3462177758723931
Costa Rica Indice Accionario,0.2417031834023372,0.23556365032504836,0.2744671469318406,0.2380200571786003,0.2524154837598285,0.2432054821215579,0.0,0.24312734353964138,0.2592768879248067
加拿大多伦多S&P/TSX 综合指数,0.3618694935166646,0.29734371404600235,0.30921717572137974,0.28324941965581935,0.3181772191436282,0.3926959010643365,0.24312734353964138,0.0,0.3240843702737752
S&P CLX IPSA,0.3377126926151083,0.2954602768544469,0.3267377467401835,0.2939048575805409,0.3033416950119945,0.3462177758723931,0.2592768879248067,0.3240843702737752,0.0
