,比利时BFX,日经225,墨西哥BOLSA,恒生指数,韩国综合指数,荷兰AEX,Costa Rica Indice Accionario,加拿大多伦多S&P/TSX 综合指数,S&P CLX IPSA
比利时BFX,0.0,0.32883246744855027,0.3293136822300711,0.31154770644178986,0.3162404372874266,0.5822439113925079,0.23991518885478338,0.37235796714490593,0.34611867868679047
日经225,0.32883246744855027,0.0,0.2959785185647344,0.3960263353673937,0.4422139758935117,0.34174013917210616,0.23280351018139783,0.3017245428043939,0.29678500309690364
墨西哥BOLSA,0.3293136822300711,0.2959785185647344,0.0,0.30881746960499323,0.3127120438906563,0.3307952333057288,0.2597600155209449,0.2942781440341378,0.326438300707705
恒生指数,0.31154770644178986,0.3960263353673937,0.30881746960499323,0.0,0.4259437864804293,0.3204850133399652,0.23759602520342785,0.2826563082955773,0.29645103435368536
韩国综合指数,0.3162404372874266,0.4422139758935117,0.3127120438906563,0.4259437864804293,0.0,0.32548471629688774,0.24702284857696885,0.3130229025257726,0.3015638639441373
荷兰AEX,0.5822439113925079,0.34174013917210616,0.3307952333057288,0.3204850133399652,0.32548471629688774,0.0,0.24033164875701432,0.39737232421147695,0.3525419927489643
Costa Rica Indice Accionario,0.23991518885478338,0.23280351018139783,0.2597600155209449,0.23759602520342785,0.24702284857696885,0.24033164875701432,0.0,0.238315811742407,0.24898171896075583
加拿大多伦多S&P/TSX 综合指数,0.37235796714490593,0.3017245428043939,0.2942781440341378,0.2826563082955773,0.3130229025257726,0.39737232421147695,0.238315811742407,0.0,0.3326335070959163
S&P CLX IPSA,0.34611867868679047,0.29678500309690364,0.326438300707705,0.29645103435368536,0.3015638639441373,0.3525419927489643,0.24898171896075583,0.3326335070959163,0.0
