,比利时BFX,日经225,墨西哥BOLSA,恒生指数,韩国综合指数,荷兰AEX,Costa Rica Indice Accionario,加拿大多伦多S&P/TSX 综合指数,S&P CLX IPSA
比利时BFX,0.0,0.33130809424389046,0.2980512163198617,0.297723967041559,0.29437543078721706,0.6196763640428847,0.24025172105663747,0.3504966713647686,0.30079658810047005
日经225,0.33130809424389046,0.0,0.2995657457393099,0.37037426287153163,0.3669239508936305,0.3388154884968876,0.23094481530312266,0.3048893741109696,0.2929411541183294
墨西哥BOLSA,0.2980512163198617,0.2995657457393099,0.0,0.3172803466468613,0.30496682926679447,0.30143009059139564,0.24774294114208972,0.3145157129457146,0.2968457325578792
恒生指数,0.297723967041559,0.37037426287153163,0.3172803466468613,0.0,0.40625390698692837,0.3157987451894383,0.234208883841271,0.2810472162397657,0.2962555884072609
韩国综合指数,0.29437543078721706,0.3669239508936305,0.30496682926679447,0.40625390698692837,0.0,0.3149548965365972,0.2446111004601161,0.30609781065986924,0.2932305198691595
荷兰AEX,0.6196763640428847,0.3388154884968876,0.30143009059139564,0.3157987451894383,0.3149548965365972,0.0,0.24697714094561768,0.36946674209624414,0.30559859377190557
Costa Rica Indice Accionario,0.24025172105663747,0.23094481530312266,0.24774294114208972,0.234208883841271,0.2446111004601161,0.24697714094561768,0.0,0.23933786470570384,0.24624269482239422
加拿大多伦多S&P/TSX 综合指数,0.3504966713647686,0.3048893741109696,0.3145157129457146,0.2810472162397657,0.30609781065986924,0.36946674209624414,0.23933786470570384,0.0,0.30872401307005004
S&P CLX IPSA,0.30079658810047005,0.2929411541183294,0.2968457325578792,0.2962555884072609,0.2932305198691595,0.30559859377190557,0.24624269482239422,0.30872401307005004,0.0
