,比利时BFX,日经225,墨西哥BOLSA,恒生指数,韩国综合指数,荷兰AEX,Costa Rica Indice Accionario,加拿大多伦多S&P/TSX 综合指数,S&P CLX IPSA
比利时BFX,0.0,0.33119283199835253,0.31027034644084506,0.2891870950169631,0.2924574197193656,0.5952825582214096,0.2399248780536572,0.3564954862663974,0.3069177727568117
日经225,0.33119283199835253,0.0,0.29718846958505857,0.38886736270278066,0.3894839593581617,0.3320387864338317,0.22902826726869444,0.2993008219509984,0.29137023134470263
墨西哥BOLSA,0.31027034644084506,0.29718846958505857,0.0,0.30034462435153414,0.3102544188137335,0.30361712529702695,0.2520982256739205,0.30095576885773273,0.2965303632029193
恒生指数,0.2891870950169631,0.38886736270278066,0.30034462435153414,0.0,0.40345359632887956,0.29908013889062757,0.22829529940358206,0.2788588263728531,0.2953058466183834
韩国综合指数,0.2924574197193656,0.3894839593581617,0.3102544188137335,0.40345359632887956,0.0,0.3038855908116455,0.24448490496664446,0.29474305099006726,0.2881226880042348
荷兰AEX,0.5952825582214096,0.3320387864338317,0.30361712529702695,0.29908013889062757,0.3038855908116455,0.0,0.2446662650476067,0.3779678167432541,0.31075078351003504
Costa Rica Indice Accionario,0.2399248780536572,0.22902826726869444,0.2520982256739205,0.22829529940358206,0.24448490496664446,0.2446662650476067,0.0,0.23932855956470928,0.2422920166204831
加拿大多伦多S&P/TSX 综合指数,0.3564954862663974,0.2993008219509984,0.30095576885773273,0.2788588263728531,0.29474305099006726,0.3779678167432541,0.23932855956470928,0.0,0.30881546047800107
S&P CLX IPSA,0.3069177727568117,0.29137023134470263,0.2965303632029193,0.2953058466183834,0.2881226880042348,0.31075078351003504,0.2422920166204831,0.30881546047800107,0.0
