,比利时BFX,日经225,墨西哥BOLSA,恒生指数,韩国综合指数,荷兰AEX,Costa Rica Indice Accionario,加拿大多伦多S&P/TSX 综合指数,S&P CLX IPSA
比利时BFX,0.0,0.3174146002176285,0.29703318435627296,0.3198519436013155,0.329370089166718,0.5511662551935624,0.25475493977284774,0.36042596649987774,0.3164265996055967
日经225,0.3174146002176285,0.0,0.25549985077648957,0.3821892325865972,0.47210556217076793,0.3125517505881702,0.23710431315286876,0.2975934806698037,0.2794679702453658
墨西哥BOLSA,0.29703318435627296,0.25549985077648957,0.0,0.26171815968355844,0.28051524432420516,0.29562175643652655,0.27675381256195547,0.2980110352679489,0.31676008649747844
恒生指数,0.3198519436013155,0.3821892325865972,0.26171815968355844,0.0,0.4383341607008165,0.3048781627315018,0.2477534528977719,0.2845278683534921,0.28044218864372755
韩国综合指数,0.329370089166718,0.47210556217076793,0.28051524432420516,0.4383341607008165,0.0,0.3217091942232266,0.25487192979333134,0.3096205098159288,0.28953223396865774
荷兰AEX,0.5511662551935624,0.3125517505881702,0.29562175643652655,0.3048781627315018,0.3217091942232266,0.0,0.24975502890482315,0.39663065707044964,0.321438067560112
Costa Rica Indice Accionario,0.25475493977284774,0.23710431315286876,0.27675381256195547,0.2477534528977719,0.25487192979333134,0.24975502890482315,0.0,0.2507510904988476,0.24951725054666732
加拿大多伦多S&P/TSX 综合指数,0.36042596649987774,0.2975934806698037,0.2980110352679489,0.2845278683534921,0.3096205098159288,0.39663065707044964,0.2507510904988476,0.0,0.3181596669100567
S&P CLX IPSA,0.3164265996055967,0.2794679702453658,0.31676008649747844,0.28044218864372755,0.28953223396865774,0.321438067560112,0.24951725054666732,0.3181596669100567,0.0
