,比利时BFX,日经225,墨西哥BOLSA,恒生指数,韩国综合指数,荷兰AEX,Costa Rica Indice Accionario,加拿大多伦多S&P/TSX 综合指数,S&P CLX IPSA
比利时BFX,0.0,0.3329987574640206,0.30879916754763864,0.29024730788370073,0.29261793828320926,0.5907489122097027,0.23980362486881837,0.35671807352936663,0.3063281058671026
日经225,0.3329987574640206,0.0,0.29257313518851485,0.3912496518479397,0.393872591637714,0.33726874120095596,0.2288599720285673,0.3032189773535027,0.29265842647810547
墨西哥BOLSA,0.30879916754763864,0.29257313518851485,0.0,0.2982531741901942,0.3061417876179591,0.29955526203601046,0.25192901117183986,0.29761714090833175,0.29673731690131067
恒生指数,0.29024730788370073,0.3912496518479397,0.2982531741901942,0.0,0.40305307653688943,0.30124062446363703,0.22833019115102376,0.2814733265134876,0.2933136777437457
韩国综合指数,0.29261793828320926,0.393872591637714,0.3061417876179591,0.40305307653688943,0.0,0.3057566432535799,0.2442463225092398,0.29687113817104555,0.2876872439088489
荷兰AEX,0.5907489122097027,0.33726874120095596,0.29955526203601046,0.30124062446363703,0.3057566432535799,0.0,0.24454397591392368,0.38216119122341113,0.30935352754785206
Costa Rica Indice Accionario,0.23980362486881837,0.2288599720285673,0.25192901117183986,0.22833019115102376,0.2442463225092398,0.24454397591392368,0.0,0.2399675756453309,0.24225901873571323
加拿大多伦多S&P/TSX 综合指数,0.35671807352936663,0.3032189773535027,0.29761714090833175,0.2814733265134876,0.29687113817104555,0.38216119122341113,0.2399675756453309,0.0,0.3071445455115729
S&P CLX IPSA,0.3063281058671026,0.29265842647810547,0.29673731690131067,0.2933136777437457,0.2876872439088489,0.30935352754785206,0.24225901873571323,0.3071445455115729,0.0
