,比利时BFX,日经225,墨西哥BOLSA,恒生指数,韩国综合指数,荷兰AEX,Costa Rica Indice Accionario,加拿大多伦多S&P/TSX 综合指数,S&P CLX IPSA
比利时BFX,0.0,0.3345756568109394,0.295967719066895,0.29657566074446046,0.29057698992485026,0.6142087918863882,0.23815666544766007,0.34956294332267246,0.30066902367286047
日经225,0.3345756568109394,0.0,0.2973567405543067,0.3722339310046105,0.36520167034133855,0.33963165130908546,0.23030358327685743,0.3047914204844739,0.2920437786447377
墨西哥BOLSA,0.295967719066895,0.2973567405543067,0.0,0.3146407202813658,0.3106163240917361,0.2954672495079067,0.24982510370953842,0.30955843387809323,0.2967967753233873
恒生指数,0.29657566074446046,0.3722339310046105,0.3146407202813658,0.0,0.40725630196735135,0.3155921629466663,0.23273716191202728,0.281332257562383,0.2969086447925253
韩国综合指数,0.29057698992485026,0.36520167034133855,0.3106163240917361,0.40725630196735135,0.0,0.3081621277391991,0.24526953553621333,0.30079266379871883,0.2933300856220703
荷兰AEX,0.6142087918863882,0.33963165130908546,0.2954672495079067,0.3155921629466663,0.3081621277391991,0.0,0.24276134013065007,0.3683781511073134,0.30604051515565805
Costa Rica Indice Accionario,0.23815666544766007,0.23030358327685743,0.24982510370953842,0.23273716191202728,0.24526953553621333,0.24276134013065007,0.0,0.23913962158931093,0.24535229433972397
加拿大多伦多S&P/TSX 综合指数,0.34956294332267246,0.3047914204844739,0.30955843387809323,0.281332257562383,0.30079266379871883,0.3683781511073134,0.23913962158931093,0.0,0.30772031027203894
S&P CLX IPSA,0.30066902367286047,0.2920437786447377,0.2967967753233873,0.2969086447925253,0.2933300856220703,0.30604051515565805,0.24535229433972397,0.30772031027203894,0.0
