,比利时BFX,日经225,墨西哥BOLSA,恒生指数,韩国综合指数,荷兰AEX,Costa Rica Indice Accionario,加拿大多伦多S&P/TSX 综合指数,S&P CLX IPSA
比利时BFX,0.0,0.3273402939293711,0.31579515277124215,0.30734044212712214,0.2851865310983071,0.5963312674400393,0.2359960650413271,0.3484247828607283,0.3025768794792274
日经225,0.3273402939293711,0.0,0.2883344740021225,0.35773266913986335,0.32091331210357077,0.32991547351854206,0.2327166831496562,0.2931661612275758,0.293879981297039
墨西哥BOLSA,0.31579515277124215,0.2883344740021225,0.0,0.31428062063659296,0.28657498205895054,0.3118518542250522,0.25062778562827803,0.32361952214850354,0.3028119639978769
恒生指数,0.30734044212712214,0.35773266913986335,0.31428062063659296,0.0,0.38436220603173715,0.3362806575196791,0.23572814092038122,0.28888059030832114,0.3025252844571927
韩国综合指数,0.2851865310983071,0.32091331210357077,0.28657498205895054,0.38436220603173715,0.0,0.307541318220603,0.24437643018557387,0.2826442105820533,0.28705673297634443
荷兰AEX,0.5963312674400393,0.32991547351854206,0.3118518542250522,0.3362806575196791,0.307541318220603,0.0,0.2395505521661842,0.37084371322590287,0.3096484194716009
Costa Rica Indice Accionario,0.2359960650413271,0.2327166831496562,0.25062778562827803,0.23572814092038122,0.24437643018557387,0.2395505521661842,0.0,0.23816023072776513,0.24262512586644477
加拿大多伦多S&P/TSX 综合指数,0.3484247828607283,0.2931661612275758,0.32361952214850354,0.28888059030832114,0.2826442105820533,0.37084371322590287,0.23816023072776513,0.0,0.3031050989953348
S&P CLX IPSA,0.3025768794792274,0.293879981297039,0.3028119639978769,0.3025252844571927,0.28705673297634443,0.3096484194716009,0.24262512586644477,0.3031050989953348,0.0
