,比利时BFX,日经225,墨西哥BOLSA,恒生指数,韩国综合指数,荷兰AEX,Costa Rica Indice Accionario,加拿大多伦多S&P/TSX 综合指数,S&P CLX IPSA
比利时BFX,0.0,0.3342074999440943,0.3193866607658116,0.29882636536535884,0.29573180379632763,0.5764294196440243,0.23721721894494743,0.3483234506010717,0.301187541008329
日经225,0.3342074999440943,0.0,0.2990638447307019,0.3886276870411589,0.4001203554410429,0.3398513061535142,0.22940795843667383,0.30281315087786964,0.293771103476925
墨西哥BOLSA,0.3193866607658116,0.2990638447307019,0.0,0.313874773915304,0.3180159868317196,0.3118047511654516,0.25600075653995263,0.28703154885056315,0.3024781229281115
恒生指数,0.29882636536535884,0.3886276870411589,0.313874773915304,0.0,0.40658641970049214,0.3056741314693591,0.23100236912866298,0.2810858656912701,0.28978853583921166
韩国综合指数,0.29573180379632763,0.4001203554410429,0.3180159868317196,0.40658641970049214,0.0,0.30645741352805617,0.24669014668652348,0.2925162658658814,0.2905675156467036
荷兰AEX,0.5764294196440243,0.3398513061535142,0.3118047511654516,0.3056741314693591,0.30645741352805617,0.0,0.24213797833408796,0.37431984024230264,0.30925820122344294
Costa Rica Indice Accionario,0.23721721894494743,0.22940795843667383,0.25600075653995263,0.23100236912866298,0.24669014668652348,0.24213797833408796,0.0,0.23627475209980744,0.2429145176679625
加拿大多伦多S&P/TSX 综合指数,0.3483234506010717,0.30281315087786964,0.28703154885056315,0.2810858656912701,0.2925162658658814,0.37431984024230264,0.23627475209980744,0.0,0.3057671648727986
S&P CLX IPSA,0.301187541008329,0.293771103476925,0.3024781229281115,0.28978853583921166,0.2905675156467036,0.30925820122344294,0.2429145176679625,0.3057671648727986,0.0
