,比利时BFX,日经225,墨西哥BOLSA,恒生指数,韩国综合指数,荷兰AEX,Costa Rica Indice Accionario,加拿大多伦多S&P/TSX 综合指数,S&P CLX IPSA
比利时BFX,0.0,0.33007216066835554,0.2961036016094107,0.29865941079765196,0.29409486961752596,0.6237932238843769,0.23827566996633087,0.35216912489303387,0.30255219695189906
日经225,0.33007216066835554,0.0,0.29863761006520784,0.37203815635556803,0.36709214977813387,0.3368801364898664,0.23074451923728476,0.3060712908263512,0.2912053564930363
墨西哥BOLSA,0.2961036016094107,0.29863761006520784,0.0,0.3168371377860541,0.3039541253496852,0.3013501238024964,0.24608863713982476,0.31579047621119066,0.29647565028066813
恒生指数,0.29865941079765196,0.37203815635556803,0.3168371377860541,0.0,0.4092183261248471,0.31846872511193564,0.23260978854356568,0.287652227543164,0.2960879269445535
韩国综合指数,0.29409486961752596,0.36709214977813387,0.3039541253496852,0.4092183261248471,0.0,0.313664622070835,0.24312027576575782,0.3087627623607106,0.29117561399700986
荷兰AEX,0.6237932238843769,0.3368801364898664,0.3013501238024964,0.31846872511193564,0.313664622070835,0.0,0.24560317030365036,0.37156606941382375,0.30660230766688035
Costa Rica Indice Accionario,0.23827566996633087,0.23074451923728476,0.24608863713982476,0.23260978854356568,0.24312027576575782,0.24560317030365036,0.0,0.2396189781119369,0.24508909659804926
加拿大多伦多S&P/TSX 综合指数,0.35216912489303387,0.3060712908263512,0.31579047621119066,0.287652227543164,0.3087627623607106,0.37156606941382375,0.2396189781119369,0.0,0.30946723992342956
S&P CLX IPSA,0.30255219695189906,0.2912053564930363,0.29647565028066813,0.2960879269445535,0.29117561399700986,0.30660230766688035,0.24508909659804926,0.30946723992342956,0.0
