,比利时BFX,日经225,墨西哥BOLSA,恒生指数,韩国综合指数,荷兰AEX,Costa Rica Indice Accionario,加拿大多伦多S&P/TSX 综合指数,S&P CLX IPSA
比利时BFX,0.0,0.33310849637908957,0.3035491676323436,0.3032861492854228,0.28980788252726863,0.6171478805948251,0.23694487024852146,0.33275436788688184,0.29772129070589154
日经225,0.33310849637908957,0.0,0.28178232639760065,0.37091674548720205,0.33888657325520344,0.3286092057429236,0.23066754863274147,0.30054446420251957,0.28719160945069117
墨西哥BOLSA,0.3035491676323436,0.28178232639760065,0.0,0.31414013715091027,0.291905416831446,0.2993443120774357,0.24828683657879777,0.3084092940708289,0.2985757911288358
恒生指数,0.3032861492854228,0.37091674548720205,0.31414013715091027,0.0,0.40976742589017046,0.3217055631332498,0.23442970918336326,0.2920116836612674,0.29638569177066393
韩国综合指数,0.28980788252726863,0.33888657325520344,0.291905416831446,0.40976742589017046,0.0,0.3043027084179265,0.24461151775839513,0.2972688863503937,0.2868599154718019
荷兰AEX,0.6171478805948251,0.3286092057429236,0.2993443120774357,0.3217055631332498,0.3043027084179265,0.0,0.245069288680209,0.36132133969771396,0.30278020479642753
Costa Rica Indice Accionario,0.23694487024852146,0.23066754863274147,0.24828683657879777,0.23442970918336326,0.24461151775839513,0.245069288680209,0.0,0.2356887780540156,0.2444894324645381
加拿大多伦多S&P/TSX 综合指数,0.33275436788688184,0.30054446420251957,0.3084092940708289,0.2920116836612674,0.2972688863503937,0.36132133969771396,0.2356887780540156,0.0,0.3015998006521717
S&P CLX IPSA,0.29772129070589154,0.28719160945069117,0.2985757911288358,0.29638569177066393,0.2868599154718019,0.30278020479642753,0.2444894324645381,0.3015998006521717,0.0
