,比利时BFX,日经225,墨西哥BOLSA,恒生指数,韩国综合指数,荷兰AEX,Costa Rica Indice Accionario,加拿大多伦多S&P/TSX 综合指数,S&P CLX IPSA
比利时BFX,0.0,0.33336157395058047,0.29720919958252545,0.2908838586157556,0.2845963841287527,0.5991842438330534,0.23846344906700379,0.34668501609998825,0.3042606378482607
日经225,0.33336157395058047,0.0,0.2997105889802837,0.3845011934658099,0.37531754890804664,0.33643011456228245,0.22944238027272934,0.3025416768759845,0.2953073181995748
墨西哥BOLSA,0.29720919958252545,0.2997105889802837,0.0,0.3120478885021574,0.3081383143881376,0.2965027726282159,0.24956431369841567,0.30764094588601804,0.2982385775288769
恒生指数,0.2908838586157556,0.3845011934658099,0.3120478885021574,0.0,0.406163013075423,0.30391893590146735,0.23208145977833378,0.27414938630106633,0.29674727572499965
韩国综合指数,0.2845963841287527,0.37531754890804664,0.3081383143881376,0.406163013075423,0.0,0.29976001233783783,0.24541667732463956,0.2934525904003216,0.2921385893618798
荷兰AEX,0.5991842438330534,0.33643011456228245,0.2965027726282159,0.30391893590146735,0.29976001233783783,0.0,0.24271044678579476,0.3636238411378697,0.30642245462995615
Costa Rica Indice Accionario,0.23846344906700379,0.22944238027272934,0.24956431369841567,0.23208145977833378,0.24541667732463956,0.24271044678579476,0.0,0.24054550222508705,0.24381709936731186
加拿大多伦多S&P/TSX 综合指数,0.34668501609998825,0.3025416768759845,0.30764094588601804,0.27414938630106633,0.2934525904003216,0.3636238411378697,0.24054550222508705,0.0,0.3061349912447932
S&P CLX IPSA,0.3042606378482607,0.2953073181995748,0.2982385775288769,0.29674727572499965,0.2921385893618798,0.30642245462995615,0.24381709936731186,0.3061349912447932,0.0
