,比利时BFX,日经225,墨西哥BOLSA,恒生指数,韩国综合指数,荷兰AEX,Costa Rica Indice Accionario,加拿大多伦多S&P/TSX 综合指数,S&P CLX IPSA
比利时BFX,0.0,0.33248773519551306,0.3139249207397116,0.32141583367055027,0.321171999928264,0.5677427083842594,0.24934845962693097,0.3631212618759386,0.3328371322246762
日经225,0.33248773519551306,0.0,0.26203717667534376,0.4003869955543674,0.4638944858330253,0.33263858871207175,0.23731197200331175,0.2953522903017083,0.28908353842607837
墨西哥BOLSA,0.3139249207397116,0.26203717667534376,0.0,0.2842961761087425,0.2905870989085645,0.31699869418703813,0.271054426442673,0.30659757013819217,0.32768040594872583
恒生指数,0.32141583367055027,0.4003869955543674,0.2842961761087425,0.0,0.4402129650248763,0.318698532411325,0.24750482288029468,0.2798165813646671,0.2852244511618877
韩国综合指数,0.321171999928264,0.4638944858330253,0.2905870989085645,0.4402129650248763,0.0,0.3245000256880535,0.2535532837193621,0.317997599065795,0.29154091116851893
荷兰AEX,0.5677427083842594,0.33263858871207175,0.31699869418703813,0.318698532411325,0.3245000256880535,0.0,0.24508593805061943,0.39627606556776823,0.3431899491769609
Costa Rica Indice Accionario,0.24934845962693097,0.23731197200331175,0.271054426442673,0.24750482288029468,0.2535532837193621,0.24508593805061943,0.0,0.24551217161110714,0.24634796434350323
加拿大多伦多S&P/TSX 综合指数,0.3631212618759386,0.2953522903017083,0.30659757013819217,0.2798165813646671,0.317997599065795,0.39627606556776823,0.24551217161110714,0.0,0.3262088121743539
S&P CLX IPSA,0.3328371322246762,0.28908353842607837,0.32768040594872583,0.2852244511618877,0.29154091116851893,0.3431899491769609,0.24634796434350323,0.3262088121743539,0.0
