,比利时BFX,日经225,墨西哥BOLSA,恒生指数,韩国综合指数,荷兰AEX,Costa Rica Indice Accionario,加拿大多伦多S&P/TSX 综合指数,S&P CLX IPSA
比利时BFX,0.0,0.32486029827190993,0.30142143753314443,0.30596808333131653,0.28731431662531853,0.6180771134046443,0.2372227259673508,0.3467908224543821,0.3019315055410917
日经225,0.32486029827190993,0.0,0.2940139116166253,0.37868426482022044,0.3619729300375782,0.32585484855986885,0.23121141745968857,0.3063809712787214,0.2866343920215928
墨西哥BOLSA,0.30142143753314443,0.2940139116166253,0.0,0.3228785536856569,0.3040616009600113,0.2998769406594381,0.2477154475394761,0.32326391394907994,0.2981422502598214
恒生指数,0.30596808333131653,0.37868426482022044,0.3228785536856569,0.0,0.4142256995433788,0.32537538718277365,0.23453059263879808,0.300441847447827,0.29648303680224875
韩国综合指数,0.28731431662531853,0.3619729300375782,0.3040616009600113,0.4142256995433788,0.0,0.3059130100707365,0.24443407609132087,0.3026540704774933,0.2854345301707362
荷兰AEX,0.6180771134046443,0.32585484855986885,0.2998769406594381,0.32537538718277365,0.3059130100707365,0.0,0.24527837401620153,0.3765014258270573,0.30497967256053926
Costa Rica Indice Accionario,0.2372227259673508,0.23121141745968857,0.2477154475394761,0.23453059263879808,0.24443407609132087,0.24527837401620153,0.0,0.23631327291462276,0.24461021333529695
加拿大多伦多S&P/TSX 综合指数,0.3467908224543821,0.3063809712787214,0.32326391394907994,0.300441847447827,0.3026540704774933,0.3765014258270573,0.23631327291462276,0.0,0.3019918515564377
S&P CLX IPSA,0.3019315055410917,0.2866343920215928,0.2981422502598214,0.29648303680224875,0.2854345301707362,0.30497967256053926,0.24461021333529695,0.3019918515564377,0.0
