,比利时BFX,日经225,墨西哥BOLSA,恒生指数,韩国综合指数,荷兰AEX,Costa Rica Indice Accionario,加拿大多伦多S&P/TSX 综合指数,S&P CLX IPSA
比利时BFX,0.0,0.33555490660106513,0.33913364248444117,0.31411768797989786,0.3236822153219754,0.5828701770064751,0.2491809475001451,0.37791037411249984,0.34616355858866554
日经225,0.33555490660106513,0.0,0.29927073343023264,0.400085667119444,0.4491579112860586,0.3444858837945699,0.23503291460273779,0.3046934654239753,0.2970730872845092
墨西哥BOLSA,0.33913364248444117,0.29927073343023264,0.0,0.30873136363464665,0.3169312752972635,0.3368778701540921,0.25670292691038044,0.29946233923421745,0.3251089610591808
恒生指数,0.31411768797989786,0.400085667119444,0.30873136363464665,0.0,0.4315244565179065,0.3194397736542823,0.2396770889421977,0.2841356401726901,0.2958145796451848
韩国综合指数,0.3236822153219754,0.4491579112860586,0.3169312752972635,0.4315244565179065,0.0,0.32934895931283437,0.24751428155399108,0.3180006014566017,0.30166575548694397
荷兰AEX,0.5828701770064751,0.3444858837945699,0.3368778701540921,0.3194397736542823,0.32934895931283437,0.0,0.2452733922080474,0.40215396416105725,0.35127266752362846
Costa Rica Indice Accionario,0.2491809475001451,0.23503291460273779,0.25670292691038044,0.2396770889421977,0.24751428155399108,0.2452733922080474,0.0,0.2371574061307992,0.25363616649256665
加拿大多伦多S&P/TSX 综合指数,0.37791037411249984,0.3046934654239753,0.29946233923421745,0.2841356401726901,0.3180006014566017,0.40215396416105725,0.2371574061307992,0.0,0.33188446911860897
S&P CLX IPSA,0.34616355858866554,0.2970730872845092,0.3251089610591808,0.2958145796451848,0.30166575548694397,0.35127266752362846,0.25363616649256665,0.33188446911860897,0.0
