,比利时BFX,日经225,墨西哥BOLSA,恒生指数,韩国综合指数,荷兰AEX,Costa Rica Indice Accionario,加拿大多伦多S&P/TSX 综合指数,S&P CLX IPSA
比利时BFX,0.0,0.307924634676015,0.3009792069582936,0.2887752504861794,0.28654989426864524,0.5715049645876994,0.24165659651875543,0.306945405389323,0.2870690133949932
日经225,0.307924634676015,0.0,0.28123137407051224,0.30385278928811504,0.30483962935364345,0.30355709546690046,0.23677250919590706,0.2968439915295462,0.2882945852546261
墨西哥BOLSA,0.3009792069582936,0.28123137407051224,0.0,0.2856026160743662,0.2722773065635728,0.30049142037455046,0.2515994349940455,0.3255006362326629,0.2971277242339555
恒生指数,0.2887752504861794,0.30385278928811504,0.2856026160743662,0.0,0.35509492272681,0.3009835407397775,0.23492163951732495,0.27620006997851626,0.2964452397860692
韩国综合指数,0.28654989426864524,0.30483962935364345,0.2722773065635728,0.35509492272681,0.0,0.29667126906380653,0.24550682384209324,0.25898849431608456,0.2765594278323322
荷兰AEX,0.5715049645876994,0.30355709546690046,0.30049142037455046,0.3009835407397775,0.29667126906380653,0.0,0.24418995782175523,0.3390050713778844,0.2923504585270732
Costa Rica Indice Accionario,0.24165659651875543,0.23677250919590706,0.2515994349940455,0.23492163951732495,0.24550682384209324,0.24418995782175523,0.0,0.2419894633027025,0.24600057000903083
加拿大多伦多S&P/TSX 综合指数,0.306945405389323,0.2968439915295462,0.3255006362326629,0.27620006997851626,0.25898849431608456,0.3390050713778844,0.2419894633027025,0.0,0.2926424805158323
S&P CLX IPSA,0.2870690133949932,0.2882945852546261,0.2971277242339555,0.2964452397860692,0.2765594278323322,0.2923504585270732,0.24600057000903083,0.2926424805158323,0.0
