,比利时BFX,日经225,墨西哥BOLSA,恒生指数,韩国综合指数,荷兰AEX,Costa Rica Indice Accionario,加拿大多伦多S&P/TSX 综合指数,S&P CLX IPSA
比利时BFX,0.0,0.334595839063156,0.31836377112335146,0.3034047300337417,0.29415493785184765,0.572474600209288,0.24095374570536154,0.35186832909920096,0.3247153251984838
日经225,0.334595839063156,0.0,0.2936317189020671,0.3827427797487154,0.4106293634636037,0.3462344369407604,0.2334334609063011,0.29842847928820887,0.29144017652555154
墨西哥BOLSA,0.31836377112335146,0.2936317189020671,0.0,0.3123819618329759,0.30884743739190357,0.31540134620076116,0.26151225298021047,0.28830910735587123,0.31847907823763877
恒生指数,0.3034047300337417,0.3827427797487154,0.3123819618329759,0.0,0.4021450789004675,0.31134032941338907,0.23918056825992887,0.27757928666307435,0.2959878273924735
韩国综合指数,0.29415493785184765,0.4106293634636037,0.30884743739190357,0.4021450789004675,0.0,0.30406083139748286,0.249144942471787,0.29374463687815155,0.29765888759667863
荷兰AEX,0.572474600209288,0.3462344369407604,0.31540134620076116,0.31134032941338907,0.30406083139748286,0.0,0.24138854197592668,0.3828211831524823,0.3295716405205466
Costa Rica Indice Accionario,0.24095374570536154,0.2334334609063011,0.26151225298021047,0.23918056825992887,0.249144942471787,0.24138854197592668,0.0,0.23951075596021631,0.2510913813303557
加拿大多伦多S&P/TSX 综合指数,0.35186832909920096,0.29842847928820887,0.28830910735587123,0.27757928666307435,0.29374463687815155,0.3828211831524823,0.23951075596021631,0.0,0.3102280140477405
S&P CLX IPSA,0.3247153251984838,0.29144017652555154,0.31847907823763877,0.2959878273924735,0.29765888759667863,0.3295716405205466,0.2510913813303557,0.3102280140477405,0.0
