,比利时BFX,日经225,墨西哥BOLSA,恒生指数,韩国综合指数,荷兰AEX,Costa Rica Indice Accionario,加拿大多伦多S&P/TSX 综合指数,S&P CLX IPSA
比利时BFX,0.0,0.33376092881692343,0.3015330218327685,0.3040671471382039,0.2924404622068222,0.6182661187407779,0.23688229703898303,0.34002654059836807,0.2995375843730432
日经225,0.33376092881692343,0.0,0.2811148257359866,0.3721733734266074,0.3402241176099947,0.3280376479725117,0.23065207130735085,0.3032203013805167,0.28793070408107563
墨西哥BOLSA,0.3015330218327685,0.2811148257359866,0.0,0.3153684474239422,0.2917681426571421,0.29630153335919424,0.24828284820199947,0.30896352194896354,0.2989784556777156
恒生指数,0.3040671471382039,0.3721733734266074,0.3153684474239422,0.0,0.4091201066893646,0.3215445883452789,0.2344030583521678,0.2911734434754615,0.29617936385312316
韩国综合指数,0.2924404622068222,0.3402241176099947,0.2917681426571421,0.4091201066893646,0.0,0.3063061698815289,0.2445855348223453,0.2985456182284735,0.2870114539276756
荷兰AEX,0.6182661187407779,0.3280376479725117,0.29630153335919424,0.3215445883452789,0.3063061698815289,0.0,0.2450443144176943,0.36779637690466077,0.30387605728176864
Costa Rica Indice Accionario,0.23688229703898303,0.23065207130735085,0.24828284820199947,0.2344030583521678,0.2445855348223453,0.2450443144176943,0.0,0.23568071518946812,0.24448744826349544
加拿大多伦多S&P/TSX 综合指数,0.34002654059836807,0.3032203013805167,0.30896352194896354,0.2911734434754615,0.2985456182284735,0.36779637690466077,0.23568071518946812,0.0,0.3013732958596624
S&P CLX IPSA,0.2995375843730432,0.28793070408107563,0.2989784556777156,0.29617936385312316,0.2870114539276756,0.30387605728176864,0.24448744826349544,0.3013732958596624,0.0
