,比利时BFX,日经225,墨西哥BOLSA,恒生指数,韩国综合指数,荷兰AEX,Costa Rica Indice Accionario,加拿大多伦多S&P/TSX 综合指数,S&P CLX IPSA
比利时BFX,0.0,0.33470591317180004,0.2963225305140853,0.29109448512327624,0.2854172561854822,0.6064365942907469,0.23853042502103827,0.34926302392649805,0.3036913787835214
日经225,0.33470591317180004,0.0,0.2993732537519039,0.38397081503039077,0.3753251295047952,0.3367289403873028,0.2294066698835603,0.3024548817096621,0.2957127374587043
墨西哥BOLSA,0.2963225305140853,0.2993732537519039,0.0,0.3123077522570357,0.308046419073155,0.29580681241078316,0.24961886534516867,0.30795622115728694,0.2977932757636497
恒生指数,0.29109448512327624,0.38397081503039077,0.3123077522570357,0.0,0.4058482829989742,0.303348040037654,0.2320779735100025,0.2739770545697224,0.2968680260932286
韩国综合指数,0.2854172561854822,0.3753251295047952,0.308046419073155,0.4058482829989742,0.0,0.2998000028191674,0.24537590705005444,0.29328055202695236,0.2925399454103914
荷兰AEX,0.6064365942907469,0.3367289403873028,0.29580681241078316,0.303348040037654,0.2998000028191674,0.0,0.2426427828212735,0.36338431278511657,0.30693818271618395
Costa Rica Indice Accionario,0.23853042502103827,0.2294066698835603,0.24961886534516867,0.2320779735100025,0.24537590705005444,0.2426427828212735,0.0,0.2404620915247295,0.24386575129557586
加拿大多伦多S&P/TSX 综合指数,0.34926302392649805,0.3024548817096621,0.30795622115728694,0.2739770545697224,0.29328055202695236,0.36338431278511657,0.2404620915247295,0.0,0.30710591965468403
S&P CLX IPSA,0.3036913787835214,0.2957127374587043,0.2977932757636497,0.2968680260932286,0.2925399454103914,0.30693818271618395,0.24386575129557586,0.30710591965468403,0.0
