,比利时BFX,日经225,墨西哥BOLSA,恒生指数,韩国综合指数,荷兰AEX,Costa Rica Indice Accionario,加拿大多伦多S&P/TSX 综合指数,S&P CLX IPSA
比利时BFX,0.0,0.30705419502270775,0.3024553553375279,0.28740357806516487,0.28721640690686684,0.5762543642361853,0.2673372876794482,0.3087681984935989,0.28828717024252853
日经225,0.30705419502270775,0.0,0.2816517922012238,0.3101056257315796,0.3081648195080232,0.3029784009545404,0.24506447927603195,0.2973529272847093,0.2934085348103054
墨西哥BOLSA,0.3024553553375279,0.2816517922012238,0.0,0.28672053949085163,0.268808284977673,0.295755563039535,0.23667583483337815,0.3236304602260542,0.29709638460048887
恒生指数,0.28740357806516487,0.3101056257315796,0.28672053949085163,0.0,0.35782012940843383,0.3002855878932214,0.23233744334356016,0.2772700416543696,0.299069691963888
韩国综合指数,0.28721640690686684,0.3081648195080232,0.268808284977673,0.35782012940843383,0.0,0.29550435480586346,0.24051188760319175,0.259145190601806,0.2778741791781024
荷兰AEX,0.5762543642361853,0.3029784009545404,0.295755563039535,0.3002855878932214,0.29550435480586346,0.0,0.26253391039746876,0.3370694319221999,0.291965279058721
Costa Rica Indice Accionario,0.2673372876794482,0.24506447927603195,0.23667583483337815,0.23233744334356016,0.24051188760319175,0.26253391039746876,0.0,0.23969975479710448,0.2491983016240776
加拿大多伦多S&P/TSX 综合指数,0.3087681984935989,0.2973529272847093,0.3236304602260542,0.2772700416543696,0.259145190601806,0.3370694319221999,0.23969975479710448,0.0,0.29499808822905166
S&P CLX IPSA,0.28828717024252853,0.2934085348103054,0.29709638460048887,0.299069691963888,0.2778741791781024,0.291965279058721,0.2491983016240776,0.29499808822905166,0.0
