,比利时BFX,日经225,墨西哥BOLSA,恒生指数,韩国综合指数,荷兰AEX,Costa Rica Indice Accionario,加拿大多伦多S&P/TSX 综合指数,S&P CLX IPSA
比利时BFX,0.0,0.33349544520783103,0.2962818460280533,0.29540434184051945,0.292841330798354,0.613870861108427,0.239489590305016,0.35015356403520986,0.30006336442956744
日经225,0.33349544520783103,0.0,0.2976010395491014,0.37097024147668334,0.36877116213894423,0.3379032071511616,0.23150196778602727,0.30521521942238455,0.2915887091089759
墨西哥BOLSA,0.2962818460280533,0.2976010395491014,0.0,0.31763660492802087,0.3100877152705311,0.29663391225882957,0.2491843234399941,0.3096993219469903,0.2970072130945702
恒生指数,0.29540434184051945,0.37097024147668334,0.31763660492802087,0.0,0.410402715365084,0.3134617086759391,0.2345201452623407,0.28152473721984383,0.29610027956734974
韩国综合指数,0.292841330798354,0.36877116213894423,0.3100877152705311,0.410402715365084,0.0,0.31112704945027675,0.24477609217908963,0.3014501605931324,0.29465717262788377
荷兰AEX,0.613870861108427,0.3379032071511616,0.29663391225882957,0.3134617086759391,0.31112704945027675,0.0,0.24485705886404013,0.36960624668965536,0.30512835938067073
Costa Rica Indice Accionario,0.239489590305016,0.23150196778602727,0.2491843234399941,0.2345201452623407,0.24477609217908963,0.24485705886404013,0.0,0.23931027121636997,0.24618323816877935
加拿大多伦多S&P/TSX 综合指数,0.35015356403520986,0.30521521942238455,0.3096993219469903,0.28152473721984383,0.3014501605931324,0.36960624668965536,0.23931027121636997,0.0,0.3079063180796885
S&P CLX IPSA,0.30006336442956744,0.2915887091089759,0.2970072130945702,0.29610027956734974,0.29465717262788377,0.30512835938067073,0.24618323816877935,0.3079063180796885,0.0
