,比利时BFX,日经225,墨西哥BOLSA,恒生指数,韩国综合指数,荷兰AEX,Costa Rica Indice Accionario,加拿大多伦多S&P/TSX 综合指数,S&P CLX IPSA
比利时BFX,0.0,0.3309521470557336,0.3062365461002479,0.28839031573660595,0.2921113237653985,0.5941898288798526,0.23961423809559973,0.3553580814895911,0.3052084904193152
日经225,0.3309521470557336,0.0,0.3014369257540547,0.38389413576127795,0.3850756455321751,0.33054555834074195,0.22909736478171752,0.29777587102282943,0.29023825054825747
墨西哥BOLSA,0.3062365461002479,0.3014369257540547,0.0,0.3040902237084891,0.3142770151988218,0.301959776791688,0.25189603431843477,0.30397188478658316,0.2967260496660323
恒生指数,0.28839031573660595,0.38389413576127795,0.3040902237084891,0.0,0.40284004933746637,0.2981826883663185,0.22813516675649173,0.27775404783127916,0.2941981792981888
韩国综合指数,0.2921113237653985,0.3850756455321751,0.3142770151988218,0.40284004933746637,0.0,0.3035884864193033,0.24429788275461903,0.2922480549944934,0.2867897289060322
荷兰AEX,0.5941898288798526,0.33054555834074195,0.301959776791688,0.2981826883663185,0.3035884864193033,0.0,0.24448374538215317,0.37717668122856524,0.3091925456196521
Costa Rica Indice Accionario,0.23961423809559973,0.22909736478171752,0.25189603431843477,0.22813516675649173,0.24429788275461903,0.24448374538215317,0.0,0.23936372932728522,0.24232341886244516
加拿大多伦多S&P/TSX 综合指数,0.3553580814895911,0.29777587102282943,0.30397188478658316,0.27775404783127916,0.2922480549944934,0.37717668122856524,0.23936372932728522,0.0,0.3098535675860676
S&P CLX IPSA,0.3052084904193152,0.29023825054825747,0.2967260496660323,0.2941981792981888,0.2867897289060322,0.3091925456196521,0.24232341886244516,0.3098535675860676,0.0
