,比利时BFX,日经225,墨西哥BOLSA,恒生指数,韩国综合指数,荷兰AEX,Costa Rica Indice Accionario,加拿大多伦多S&P/TSX 综合指数,S&P CLX IPSA
比利时BFX,0.0,0.33242591129431115,0.2944276531990579,0.2992669799478019,0.2959687814060067,0.6231831796033364,0.23863510699524218,0.3519014964520129,0.30085732129948306
日经225,0.33242591129431115,0.0,0.29942444231073745,0.3729821910870447,0.36715200037727314,0.3391574200104793,0.2308841028180493,0.30583155035386694,0.29233535770317964
墨西哥BOLSA,0.2944276531990579,0.29942444231073745,0.0,0.3160112639099544,0.3042164010614872,0.29969146891803555,0.24601750775947007,0.3161191494774222,0.2954132126111254
恒生指数,0.2992669799478019,0.3729821910870447,0.3160112639099544,0.0,0.41061271071082367,0.31918938146870457,0.23297726502178287,0.28707495833786856,0.29566931955504894
韩国综合指数,0.2959687814060067,0.36715200037727314,0.3042164010614872,0.41061271071082367,0.0,0.3157080854840438,0.24344685293041046,0.3081079051011433,0.2919009538722978
荷兰AEX,0.6231831796033364,0.3391574200104793,0.29969146891803555,0.31918938146870457,0.3157080854840438,0.0,0.24601120667347431,0.37109405127210193,0.30498130169867355
Costa Rica Indice Accionario,0.23863510699524218,0.2308841028180493,0.24601750775947007,0.23297726502178287,0.24344685293041046,0.24601120667347431,0.0,0.23948144537263516,0.2451226214950827
加拿大多伦多S&P/TSX 综合指数,0.3519014964520129,0.30583155035386694,0.3161191494774222,0.28707495833786856,0.3081079051011433,0.37109405127210193,0.23948144537263516,0.0,0.30975544233065905
S&P CLX IPSA,0.30085732129948306,0.29233535770317964,0.2954132126111254,0.29566931955504894,0.2919009538722978,0.30498130169867355,0.2451226214950827,0.30975544233065905,0.0
