,比利时BFX,日经225,墨西哥BOLSA,恒生指数,韩国综合指数,荷兰AEX,Costa Rica Indice Accionario,加拿大多伦多S&P/TSX 综合指数,S&P CLX IPSA
比利时BFX,0.0,0.3383555557960801,0.31669270881772876,0.31861375956755883,0.32180050129587234,0.5700617351955799,0.24184472731511006,0.36204086370281735,0.3425434144734257
日经225,0.3383555557960801,0.0,0.29023557086347196,0.3969565618422615,0.449294447616918,0.3368823904619147,0.2359739634368791,0.3022700164412482,0.29845757404849227
墨西哥BOLSA,0.31669270881772876,0.29023557086347196,0.0,0.30174611400359824,0.31948172372052563,0.32824148353216787,0.2743493489698362,0.3085383844163846,0.3300997820616752
恒生指数,0.31861375956755883,0.3969565618422615,0.30174611400359824,0.0,0.4251929497260115,0.32002440827248196,0.23803321444347877,0.28315011678450724,0.29718258211833765
韩国综合指数,0.32180050129587234,0.449294447616918,0.31948172372052563,0.4251929497260115,0.0,0.3264284541985237,0.2525289821671508,0.3213399682716572,0.30258497252583405
荷兰AEX,0.5700617351955799,0.3368823904619147,0.32824148353216787,0.32002440827248196,0.3264284541985237,0.0,0.24331451801853524,0.39523509093124914,0.3484525501980007
Costa Rica Indice Accionario,0.24184472731511006,0.2359739634368791,0.2743493489698362,0.23803321444347877,0.2525289821671508,0.24331451801853524,0.0,0.24341745962951383,0.2589249702420907
加拿大多伦多S&P/TSX 综合指数,0.36204086370281735,0.3022700164412482,0.3085383844163846,0.28315011678450724,0.3213399682716572,0.39523509093124914,0.24341745962951383,0.0,0.32323924727443565
S&P CLX IPSA,0.3425434144734257,0.29845757404849227,0.3300997820616752,0.29718258211833765,0.30258497252583405,0.3484525501980007,0.2589249702420907,0.32323924727443565,0.0
