,比利时BFX,日经225,墨西哥BOLSA,恒生指数,韩国综合指数,荷兰AEX,Costa Rica Indice Accionario,加拿大多伦多S&P/TSX 综合指数,S&P CLX IPSA
比利时BFX,0.0,0.33421098715772446,0.3215722292437874,0.30562443471659934,0.29598784120712174,0.5723213576590748,0.24106288310855248,0.3526003846134774,0.32948180524326787
日经225,0.33421098715772446,0.0,0.29463707889704804,0.38508466526388363,0.4091229773381823,0.345985047502897,0.23351839840818148,0.29803270785145375,0.29354663576906515
墨西哥BOLSA,0.3215722292437874,0.29463707889704804,0.0,0.3100695740000544,0.30737256577111144,0.31760237098635374,0.26129378538078873,0.288168752709093,0.3154326200485011
恒生指数,0.30562443471659934,0.38508466526388363,0.3100695740000544,0.0,0.39891475879597293,0.3133009800751953,0.23905033244841492,0.2773361069562463,0.29289460350258173
韩国综合指数,0.29598784120712174,0.4091229773381823,0.30737256577111144,0.39891475879597293,0.0,0.3062743533319029,0.2490879908007568,0.29400703122871213,0.29563121424728944
荷兰AEX,0.5723213576590748,0.345985047502897,0.31760237098635374,0.3133009800751953,0.3062743533319029,0.0,0.24140562397411797,0.38380042877386483,0.3323950032975907
Costa Rica Indice Accionario,0.24106288310855248,0.23351839840818148,0.26129378538078873,0.23905033244841492,0.2490879908007568,0.24140562397411797,0.0,0.23949776740587295,0.25060661523433403
加拿大多伦多S&P/TSX 综合指数,0.3526003846134774,0.29803270785145375,0.288168752709093,0.2773361069562463,0.29400703122871213,0.38380042877386483,0.23949776740587295,0.0,0.3101146514309566
S&P CLX IPSA,0.32948180524326787,0.29354663576906515,0.3154326200485011,0.29289460350258173,0.29563121424728944,0.3323950032975907,0.25060661523433403,0.3101146514309566,0.0
