,比利时BFX,日经225,墨西哥BOLSA,恒生指数,韩国综合指数,荷兰AEX,Costa Rica Indice Accionario,加拿大多伦多S&P/TSX 综合指数,S&P CLX IPSA
比利时BFX,0.0,0.3315651325185501,0.3115919265936962,0.2920684511273867,0.2934746657956203,0.5738398936791784,0.2402183928046732,0.3467920812805159,0.3033494439509579
日经225,0.3315651325185501,0.0,0.29307820444558863,0.38613335251521114,0.39496079653993155,0.33687217592010676,0.22870208905200573,0.30104908808738146,0.28967687322423086
墨西哥BOLSA,0.3115919265936962,0.29307820444558863,0.0,0.30271870000637696,0.30750269688764803,0.3021406175823843,0.2521672574390781,0.29285080419187764,0.2989720633220587
恒生指数,0.2920684511273867,0.38613335251521114,0.30271870000637696,0.0,0.40356922461971506,0.3012477364593411,0.22818239665142395,0.27958664544342005,0.2921367575729347
韩国综合指数,0.2934746657956203,0.39496079653993155,0.30750269688764803,0.40356922461971506,0.0,0.30544618269137697,0.24394367758854493,0.29474793180116093,0.2889096035017748
荷兰AEX,0.5738398936791784,0.33687217592010676,0.3021406175823843,0.3012477364593411,0.30544618269137697,0.0,0.24480675821809073,0.373285543862719,0.31026423209493287
Costa Rica Indice Accionario,0.2402183928046732,0.22870208905200573,0.2521672574390781,0.22818239665142395,0.24394367758854493,0.24480675821809073,0.0,0.23980128852542337,0.24212607875466355
加拿大多伦多S&P/TSX 综合指数,0.3467920812805159,0.30104908808738146,0.29285080419187764,0.27958664544342005,0.29474793180116093,0.373285543862719,0.23980128852542337,0.0,0.3062310063959633
S&P CLX IPSA,0.3033494439509579,0.28967687322423086,0.2989720633220587,0.2921367575729347,0.2889096035017748,0.31026423209493287,0.24212607875466355,0.3062310063959633,0.0
