,比利时BFX,日经225,墨西哥BOLSA,恒生指数,韩国综合指数,荷兰AEX,Costa Rica Indice Accionario,加拿大多伦多S&P/TSX 综合指数,S&P CLX IPSA
比利时BFX,0.0,0.32777733091645866,0.3187665614577955,0.3061741248707655,0.2979695815224427,0.5704898043684101,0.24063733007697355,0.3552225325168879,0.3405091461781755
日经225,0.32777733091645866,0.0,0.2924391180306563,0.3817086901648311,0.4059418638656531,0.34128234821880904,0.2333617493852336,0.2933057746239563,0.2914493717738657
墨西哥BOLSA,0.3187665614577955,0.2924391180306563,0.0,0.31271580420722106,0.31084189406548085,0.31780834974477057,0.2607109050083789,0.28849159244694644,0.31863119245994614
恒生指数,0.3061741248707655,0.3817086901648311,0.31271580420722106,0.0,0.40647689472139337,0.3168328967949389,0.23858330475578676,0.2791415904863702,0.30191541847787723
韩国综合指数,0.2979695815224427,0.4059418638656531,0.31084189406548085,0.40647689472139337,0.0,0.3106070321012207,0.24843139830878372,0.2966498804014646,0.3073218011876143
荷兰AEX,0.5704898043684101,0.34128234821880904,0.31780834974477057,0.3168328967949389,0.3106070321012207,0.0,0.24088380211735763,0.38651265588313394,0.3430964810768406
Costa Rica Indice Accionario,0.24063733007697355,0.2333617493852336,0.2607109050083789,0.23858330475578676,0.24843139830878372,0.24088380211735763,0.0,0.23902111489364364,0.24996354089074505
加拿大多伦多S&P/TSX 综合指数,0.3552225325168879,0.2933057746239563,0.28849159244694644,0.2791415904863702,0.2966498804014646,0.38651265588313394,0.23902111489364364,0.0,0.31805068856077184
S&P CLX IPSA,0.3405091461781755,0.2914493717738657,0.31863119245994614,0.30191541847787723,0.3073218011876143,0.3430964810768406,0.24996354089074505,0.31805068856077184,0.0
