,比利时BFX,日经225,墨西哥BOLSA,恒生指数,韩国综合指数,荷兰AEX,Costa Rica Indice Accionario,加拿大多伦多S&P/TSX 综合指数,S&P CLX IPSA
比利时BFX,0.0,0.33425269979183864,0.3222214754970433,0.32096113300000384,0.3214864651909431,0.5664845447897542,0.24845760147174303,0.36470048577611697,0.3427851850282887
日经225,0.33425269979183864,0.0,0.2838028615622786,0.39211159611698815,0.44948832808356876,0.3357870297261697,0.2333196746779001,0.30015182806124335,0.2983198002607415
墨西哥BOLSA,0.3222214754970433,0.2838028615622786,0.0,0.30585259729486247,0.3156310271660686,0.3265365036013199,0.28867413666802344,0.31230005119179644,0.32708904599344485
恒生指数,0.32096113300000384,0.39211159611698815,0.30585259729486247,0.0,0.4240232214018494,0.32030406551459834,0.24325329641383725,0.28507088207646136,0.2974441836782454
韩国综合指数,0.3214864651909431,0.44948832808356876,0.3156310271660686,0.4240232214018494,0.0,0.3270987463552366,0.2516120070694133,0.3206393119876988,0.30216251164374686
荷兰AEX,0.5664845447897542,0.3357870297261697,0.3265365036013199,0.32030406551459834,0.3270987463552366,0.0,0.24513750871714338,0.39575449265224916,0.3494085986633913
Costa Rica Indice Accionario,0.24845760147174303,0.2333196746779001,0.28867413666802344,0.24325329641383725,0.2516120070694133,0.24513750871714338,0.0,0.24819123255195338,0.25872718567474745
加拿大多伦多S&P/TSX 综合指数,0.36470048577611697,0.30015182806124335,0.31230005119179644,0.28507088207646136,0.3206393119876988,0.39575449265224916,0.24819123255195338,0.0,0.3230473601524257
S&P CLX IPSA,0.3427851850282887,0.2983198002607415,0.32708904599344485,0.2974441836782454,0.30216251164374686,0.3494085986633913,0.25872718567474745,0.3230473601524257,0.0
