,比利时BFX,日经225,墨西哥BOLSA,恒生指数,韩国综合指数,荷兰AEX,Costa Rica Indice Accionario,加拿大多伦多S&P/TSX 综合指数,S&P CLX IPSA
比利时BFX,0.0,0.3268614532521223,0.2962303528938924,0.3252678702101138,0.3399937082559169,0.5528690002696196,0.25268152363338253,0.35775837924264614,0.3176173266462238
日经225,0.3268614532521223,0.0,0.26022081602489155,0.3803352331832454,0.4699904803925665,0.31697245843300753,0.23680325792022364,0.3031451172577948,0.28136775038693873
墨西哥BOLSA,0.2962303528938924,0.26022081602489155,0.0,0.2658054502279874,0.2856388801770167,0.2959643602559562,0.27477598993520524,0.30727115229072294,0.3187056082072835
恒生指数,0.3252678702101138,0.3803352331832454,0.2658054502279874,0.0,0.4377535610250315,0.3097149374431825,0.24515791248447313,0.28198281378182805,0.2807960314967321
韩国综合指数,0.3399937082559169,0.4699904803925665,0.2856388801770167,0.4377535610250315,0.0,0.32898530132821535,0.2514947153958301,0.3083833230645682,0.29405363006917634
荷兰AEX,0.5528690002696196,0.31697245843300753,0.2959643602559562,0.3097149374431825,0.32898530132821535,0.0,0.2479663755405277,0.38463399056819514,0.3221696825171261
Costa Rica Indice Accionario,0.25268152363338253,0.23680325792022364,0.27477598993520524,0.24515791248447313,0.2514947153958301,0.2479663755405277,0.0,0.24944025977495923,0.24686024428495015
加拿大多伦多S&P/TSX 综合指数,0.35775837924264614,0.3031451172577948,0.30727115229072294,0.28198281378182805,0.3083833230645682,0.38463399056819514,0.24944025977495923,0.0,0.313713060085471
S&P CLX IPSA,0.3176173266462238,0.28136775038693873,0.3187056082072835,0.2807960314967321,0.29405363006917634,0.3221696825171261,0.24686024428495015,0.313713060085471,0.0
