,比利时BFX,日经225,墨西哥BOLSA,恒生指数,韩国综合指数,荷兰AEX,Costa Rica Indice Accionario,加拿大多伦多S&P/TSX 综合指数,S&P CLX IPSA
比利时BFX,0.0,0.3371473653185687,0.2890554237225061,0.33836932532117897,0.3512286096685093,0.5775940009510456,0.2507478606984665,0.36810260003818207,0.3319783036569496
日经225,0.3371473653185687,0.0,0.25587705655990745,0.3822235996021968,0.46970464873278694,0.33237895792322797,0.24003826337898,0.30901651635175903,0.2879605561730248
墨西哥BOLSA,0.2890554237225061,0.25587705655990745,0.0,0.26188655467464245,0.2817805401943173,0.28747485598830724,0.27997571310867836,0.30333629860098626,0.31842605185046075
恒生指数,0.33836932532117897,0.3822235996021968,0.26188655467464245,0.0,0.43463063590941453,0.32569420268783666,0.24930226928847646,0.28699654947054026,0.2864568019814412
韩国综合指数,0.3512286096685093,0.46970464873278694,0.2817805401943173,0.43463063590941453,0.0,0.34358124979565385,0.2542148304445792,0.3085534208184936,0.2972278884615186
荷兰AEX,0.5775940009510456,0.33237895792322797,0.28747485598830724,0.32569420268783666,0.34358124979565385,0.0,0.24482597879556584,0.3895136202128426,0.3350442721133768
Costa Rica Indice Accionario,0.2507478606984665,0.24003826337898,0.27997571310867836,0.24930226928847646,0.2542148304445792,0.24482597879556584,0.0,0.2524603280858384,0.24577204780434142
加拿大多伦多S&P/TSX 综合指数,0.36810260003818207,0.30901651635175903,0.30333629860098626,0.28699654947054026,0.3085534208184936,0.3895136202128426,0.2524603280858384,0.0,0.3198545489417089
S&P CLX IPSA,0.3319783036569496,0.2879605561730248,0.31842605185046075,0.2864568019814412,0.2972278884615186,0.3350442721133768,0.24577204780434142,0.3198545489417089,0.0
