,比利时BFX,日经225,墨西哥BOLSA,恒生指数,韩国综合指数,荷兰AEX,Costa Rica Indice Accionario,加拿大多伦多S&P/TSX 综合指数,S&P CLX IPSA
比利时BFX,0.0,0.3300441990353304,0.2967643703139224,0.2981313579230759,0.2930736638567231,0.6247721063013362,0.23836406372025531,0.3498538223322704,0.3029196716243316
日经225,0.3300441990353304,0.0,0.30087115470967396,0.37203032585386414,0.368772382928431,0.3373235478590821,0.23081172149462817,0.30942549299095967,0.29223654658461
墨西哥BOLSA,0.2967643703139224,0.30087115470967396,0.0,0.31797912904152653,0.30211709909224566,0.30304123756291984,0.24650638979782974,0.316409584339985,0.29713463782922106
恒生指数,0.2981313579230759,0.37203032585386414,0.31797912904152653,0.0,0.4124553983302189,0.3180824557101013,0.23267379010723618,0.29215498922041616,0.2967297543356994
韩国综合指数,0.2930736638567231,0.368772382928431,0.30211709909224566,0.4124553983302189,0.0,0.3139164990719921,0.24314725459708425,0.30955911583045526,0.2902249174227201
荷兰AEX,0.6247721063013362,0.3373235478590821,0.30304123756291984,0.3180824557101013,0.3139164990719921,0.0,0.24561733206003705,0.37236804990061495,0.3074703177892139
Costa Rica Indice Accionario,0.23836406372025531,0.23081172149462817,0.24650638979782974,0.23267379010723618,0.24314725459708425,0.24561733206003705,0.0,0.23968029731155632,0.2453431604749598
加拿大多伦多S&P/TSX 综合指数,0.3498538223322704,0.30942549299095967,0.316409584339985,0.29215498922041616,0.30955911583045526,0.37236804990061495,0.23968029731155632,0.0,0.30909715625909073
S&P CLX IPSA,0.3029196716243316,0.29223654658461,0.29713463782922106,0.2967297543356994,0.2902249174227201,0.3074703177892139,0.2453431604749598,0.30909715625909073,0.0
