,比利时BFX,日经225,墨西哥BOLSA,恒生指数,韩国综合指数,荷兰AEX,Costa Rica Indice Accionario,加拿大多伦多S&P/TSX 综合指数,S&P CLX IPSA
比利时BFX,0.0,0.30891126754911885,0.30122747685758117,0.2863434102868445,0.28401053745537824,0.5628212184548725,0.24168263731696168,0.3061941321785213,0.2849800223469896
日经225,0.30891126754911885,0.0,0.27636822349896384,0.31166438427488175,0.3088759456964315,0.3037650733082721,0.23677939540736198,0.2995692578464071,0.2865199710630355
墨西哥BOLSA,0.30122747685758117,0.27636822349896384,0.0,0.29135621267030243,0.275786793708821,0.29954184903632386,0.2520440523251771,0.3163226965674504,0.2964351204583687
恒生指数,0.2863434102868445,0.31166438427488175,0.29135621267030243,0.0,0.35382844959487686,0.3015295919955186,0.23524052409143403,0.27620279253115815,0.2927681898225704
韩国综合指数,0.28401053745537824,0.3088759456964315,0.275786793708821,0.35382844959487686,0.0,0.29570601166453003,0.2456599371837066,0.26174889421104697,0.27641174794151513
荷兰AEX,0.5628212184548725,0.3037650733082721,0.29954184903632386,0.3015295919955186,0.29570601166453003,0.0,0.2442844915411861,0.3398590854689645,0.29277464606673065
Costa Rica Indice Accionario,0.24168263731696168,0.23677939540736198,0.2520440523251771,0.23524052409143403,0.2456599371837066,0.2442844915411861,0.0,0.24202285857960634,0.2460448594358269
加拿大多伦多S&P/TSX 综合指数,0.3061941321785213,0.2995692578464071,0.3163226965674504,0.27620279253115815,0.26174889421104697,0.3398590854689645,0.24202285857960634,0.0,0.2906718462343165
S&P CLX IPSA,0.2849800223469896,0.2865199710630355,0.2964351204583687,0.2927681898225704,0.27641174794151513,0.29277464606673065,0.2460448594358269,0.2906718462343165,0.0
