,比利时BFX,日经225,墨西哥BOLSA,恒生指数,韩国综合指数,荷兰AEX,Costa Rica Indice Accionario,加拿大多伦多S&P/TSX 综合指数,S&P CLX IPSA
比利时BFX,0.0,0.3317872476196052,0.31610859643284883,0.3073975625448677,0.28595159561667455,0.5958124770743216,0.23588391154490165,0.3486242610245294,0.3027885698289652
日经225,0.3317872476196052,0.0,0.28858447553502053,0.3606206615578356,0.317220689198056,0.33634641977032487,0.23356730159533176,0.29412553183174106,0.29462662055794625
墨西哥BOLSA,0.31610859643284883,0.28858447553502053,0.0,0.314266078931802,0.286249859083096,0.31248003493173526,0.25066544399317336,0.3233970660196794,0.3027847545804621
恒生指数,0.3073975625448677,0.3606206615578356,0.314266078931802,0.0,0.3827063496402414,0.3363454954764509,0.23604421810458062,0.2892215558242572,0.3026567070738352
韩国综合指数,0.28595159561667455,0.317220689198056,0.286249859083096,0.3827063496402414,0.0,0.3101551377407103,0.24355361137359266,0.28087071448590606,0.28631365199791253
荷兰AEX,0.5958124770743216,0.33634641977032487,0.31248003493173526,0.3363454954764509,0.3101551377407103,0.0,0.23898587535030144,0.37092968473943005,0.30997427718859505
Costa Rica Indice Accionario,0.23588391154490165,0.23356730159533176,0.25066544399317336,0.23604421810458062,0.24355361137359266,0.23898587535030144,0.0,0.23887709279205444,0.24288531787940595
加拿大多伦多S&P/TSX 综合指数,0.3486242610245294,0.29412553183174106,0.3233970660196794,0.2892215558242572,0.28087071448590606,0.37092968473943005,0.23887709279205444,0.0,0.30328612398195987
S&P CLX IPSA,0.3027885698289652,0.29462662055794625,0.3027847545804621,0.3026567070738352,0.28631365199791253,0.30997427718859505,0.24288531787940595,0.30328612398195987,0.0
