,比利时BFX,日经225,墨西哥BOLSA,恒生指数,韩国综合指数,荷兰AEX,Costa Rica Indice Accionario,加拿大多伦多S&P/TSX 综合指数,S&P CLX IPSA
比利时BFX,0.0,0.3368792842192715,0.30221189146888566,0.308462625232879,0.2876528588385982,0.5778588332257779,0.2373282251722481,0.3135532889821224,0.2916380097446678
日经225,0.3368792842192715,0.0,0.29652887274293827,0.352909701408247,0.323128269344935,0.33897923010803266,0.23513522423844216,0.304006928787409,0.2917516555768748
墨西哥BOLSA,0.30221189146888566,0.29652887274293827,0.0,0.313938753588442,0.2871873208517007,0.3045153492491238,0.25117700399906906,0.3091731580381538,0.2947632261907908
恒生指数,0.308462625232879,0.352909701408247,0.313938753588442,0.0,0.366912394671134,0.33092793236055174,0.23545244599210335,0.2829720720605204,0.29487313088140094
韩国综合指数,0.2876528588385982,0.323128269344935,0.2871873208517007,0.366912394671134,0.0,0.3054765825049379,0.244703090512001,0.27685258047508116,0.28035027423218234
荷兰AEX,0.5778588332257779,0.33897923010803266,0.3045153492491238,0.33092793236055174,0.3054765825049379,0.0,0.24064595869104394,0.34658386633990323,0.2978344814087602
Costa Rica Indice Accionario,0.2373282251722481,0.23513522423844216,0.25117700399906906,0.23545244599210335,0.244703090512001,0.24064595869104394,0.0,0.24187989528709167,0.24576550058222915
加拿大多伦多S&P/TSX 综合指数,0.3135532889821224,0.304006928787409,0.3091731580381538,0.2829720720605204,0.27685258047508116,0.34658386633990323,0.24187989528709167,0.0,0.29345641380460474
S&P CLX IPSA,0.2916380097446678,0.2917516555768748,0.2947632261907908,0.29487313088140094,0.28035027423218234,0.2978344814087602,0.24576550058222915,0.29345641380460474,0.0
