,比利时BFX,日经225,墨西哥BOLSA,恒生指数,韩国综合指数,荷兰AEX,Costa Rica Indice Accionario,加拿大多伦多S&P/TSX 综合指数,S&P CLX IPSA
比利时BFX,0.0,0.3318227050539636,0.3030061775702212,0.3635924371816225,0.35090644401478793,0.5995347762644891,0.24686769232699166,0.3721707232675003,0.34487165225301164
日经225,0.3318227050539636,0.0,0.2647326530101315,0.3732642066016906,0.40751892371315235,0.3254440938906192,0.23412091438513877,0.2912456216742611,0.26346948934375236
墨西哥BOLSA,0.3030061775702212,0.2647326530101315,0.0,0.2679352932458975,0.2657004818813805,0.29674854098018233,0.23537548228144003,0.3224735497917111,0.3534632373079751
恒生指数,0.3635924371816225,0.3732642066016906,0.2679352932458975,0.0,0.4437692955602889,0.3656194564949475,0.2388689503007534,0.29325449927269254,0.2912927190068275
韩国综合指数,0.35090644401478793,0.40751892371315235,0.2657004818813805,0.4437692955602889,0.0,0.3474068906036642,0.242489504102827,0.28257442961661894,0.305144862783685
荷兰AEX,0.5995347762644891,0.3254440938906192,0.29674854098018233,0.3656194564949475,0.3474068906036642,0.0,0.24708696771673974,0.3882337923065851,0.3443797920827331
Costa Rica Indice Accionario,0.24686769232699166,0.23412091438513877,0.23537548228144003,0.2388689503007534,0.242489504102827,0.24708696771673974,0.0,0.24296880739288465,0.26956757307378015
加拿大多伦多S&P/TSX 综合指数,0.3721707232675003,0.2912456216742611,0.3224735497917111,0.29325449927269254,0.28257442961661894,0.3882337923065851,0.24296880739288465,0.0,0.32158788082452183
S&P CLX IPSA,0.34487165225301164,0.26346948934375236,0.3534632373079751,0.2912927190068275,0.305144862783685,0.3443797920827331,0.26956757307378015,0.32158788082452183,0.0
