,比利时BFX,日经225,墨西哥BOLSA,恒生指数,韩国综合指数,荷兰AEX,Costa Rica Indice Accionario,加拿大多伦多S&P/TSX 综合指数,S&P CLX IPSA
比利时BFX,0.0,0.3312436623258535,0.2868112714754786,0.36812170262116256,0.37016603286205985,0.5852537513321763,0.24456239292991094,0.3697742899282413,0.32299079130913116
日经225,0.3312436623258535,0.0,0.24272298704829615,0.38713309820747116,0.42732994628443016,0.3121059635150237,0.2317928869656492,0.2980645181042559,0.25551786142474237
墨西哥BOLSA,0.2868112714754786,0.24272298704829615,0.0,0.2502567375016446,0.2686520278367115,0.2855965265718877,0.25580225778999927,0.3217493090565566,0.3246028873097737
恒生指数,0.36812170262116256,0.38713309820747116,0.2502567375016446,0.0,0.47108511339067166,0.3515418247737478,0.24190363154360656,0.2980022128530411,0.2745977215262052
韩国综合指数,0.37016603286205985,0.42732994628443016,0.2686520278367115,0.47108511339067166,0.0,0.3586860281718341,0.2431064763801751,0.30964269715836285,0.2919401444770446
荷兰AEX,0.5852537513321763,0.3121059635150237,0.2855965265718877,0.3515418247737478,0.3586860281718341,0.0,0.24258325676978143,0.3882221168190333,0.3241318176496245
Costa Rica Indice Accionario,0.24456239292991094,0.2317928869656492,0.25580225778999927,0.24190363154360656,0.2431064763801751,0.24258325676978143,0.0,0.25381083681239897,0.25793009167984143
加拿大多伦多S&P/TSX 综合指数,0.3697742899282413,0.2980645181042559,0.3217493090565566,0.2980022128530411,0.30964269715836285,0.3882221168190333,0.25381083681239897,0.0,0.31683867208034605
S&P CLX IPSA,0.32299079130913116,0.25551786142474237,0.3246028873097737,0.2745977215262052,0.2919401444770446,0.3241318176496245,0.25793009167984143,0.31683867208034605,0.0
