,比利时BFX,日经225,墨西哥BOLSA,恒生指数,韩国综合指数,荷兰AEX,Costa Rica Indice Accionario,加拿大多伦多S&P/TSX 综合指数,S&P CLX IPSA
比利时BFX,0.0,0.3292552703049342,0.2991570869772539,0.3609130322283282,0.3625565079757711,0.5752318805091379,0.24637157359772008,0.3524933900822062,0.3309758830479663
日经225,0.3292552703049342,0.0,0.25029410303137944,0.370707949137528,0.4352044425501859,0.3138174404810528,0.23998343764572622,0.29874152677707894,0.28078423915407785
墨西哥BOLSA,0.2991570869772539,0.25029410303137944,0.0,0.26224592779378053,0.2765541744739496,0.29234618289104863,0.28059646005591315,0.309444391754852,0.32242798378962506
恒生指数,0.3609130322283282,0.370707949137528,0.26224592779378053,0.0,0.44978596737323506,0.34071315712628447,0.25093154897037256,0.2999363219521317,0.2937244312701711
韩国综合指数,0.3625565079757711,0.4352044425501859,0.2765541744739496,0.44978596737323506,0.0,0.34760184942424566,0.25453905692837747,0.3014121832976934,0.2945732141373226
荷兰AEX,0.5752318805091379,0.3138174404810528,0.29234618289104863,0.34071315712628447,0.34760184942424566,0.0,0.23972653662655233,0.38290958143207443,0.3335901456558053
Costa Rica Indice Accionario,0.24637157359772008,0.23998343764572622,0.28059646005591315,0.25093154897037256,0.25453905692837747,0.23972653662655233,0.0,0.25000421929623534,0.2477280049283929
加拿大多伦多S&P/TSX 综合指数,0.3524933900822062,0.29874152677707894,0.309444391754852,0.2999363219521317,0.3014121832976934,0.38290958143207443,0.25000421929623534,0.0,0.3266088885312541
S&P CLX IPSA,0.3309758830479663,0.28078423915407785,0.32242798378962506,0.2937244312701711,0.2945732141373226,0.3335901456558053,0.2477280049283929,0.3266088885312541,0.0
