,比利时BFX,日经225,墨西哥BOLSA,恒生指数,韩国综合指数,荷兰AEX,Costa Rica Indice Accionario,加拿大多伦多S&P/TSX 综合指数,S&P CLX IPSA
比利时BFX,0.0,0.3367908282881437,0.29277622577266044,0.37160935337746376,0.36236446930517086,0.5632857723688992,0.24265019830258736,0.3532784524419055,0.31414996427872643
日经225,0.3367908282881437,0.0,0.24513488292874402,0.37983897372414566,0.44699516547119317,0.31854949210103284,0.24008839314674013,0.30017414693844113,0.2682013996355256
墨西哥BOLSA,0.29277622577266044,0.24513488292874402,0.0,0.2594091591391942,0.2686427163637571,0.2904504289122979,0.2643279330996513,0.3175365335317067,0.3237773416865133
恒生指数,0.37160935337746376,0.37983897372414566,0.2594091591391942,0.0,0.4666905138730448,0.3548002164458888,0.24996877588025593,0.2978136206189083,0.2830773637253629
韩国综合指数,0.36236446930517086,0.44699516547119317,0.2686427163637571,0.4666905138730448,0.0,0.3530874258175914,0.2502710956550879,0.30771896396203496,0.2886526356698362
荷兰AEX,0.5632857723688992,0.31854949210103284,0.2904504289122979,0.3548002164458888,0.3530874258175914,0.0,0.24060636666904173,0.3751483691889247,0.32283951358681817
Costa Rica Indice Accionario,0.24265019830258736,0.24008839314674013,0.2643279330996513,0.24996877588025593,0.2502710956550879,0.24060636666904173,0.0,0.2510329062361297,0.2577727875790886
加拿大多伦多S&P/TSX 综合指数,0.3532784524419055,0.30017414693844113,0.3175365335317067,0.2978136206189083,0.30771896396203496,0.3751483691889247,0.2510329062361297,0.0,0.319978135063604
S&P CLX IPSA,0.31414996427872643,0.2682013996355256,0.3237773416865133,0.2830773637253629,0.2886526356698362,0.32283951358681817,0.2577727875790886,0.319978135063604,0.0
