,比利时BFX,日经225,墨西哥BOLSA,恒生指数,韩国综合指数,荷兰AEX,Costa Rica Indice Accionario,加拿大多伦多S&P/TSX 综合指数,S&P CLX IPSA
比利时BFX,0.0,0.3337848321888958,0.29654092172558577,0.3636196833200568,0.36574140161109653,0.5736245685900012,0.24204494987175815,0.358825064097328,0.3233396088864522
日经225,0.3337848321888958,0.0,0.24632372128226715,0.3780516305828423,0.4425408726326177,0.3161495601839942,0.23943062688999894,0.3017666464459518,0.27213570553932986
墨西哥BOLSA,0.29654092172558577,0.24632372128226715,0.0,0.2579103628090621,0.2747995379132328,0.293892147080351,0.264511588427219,0.31477105825132634,0.3206632046177274
恒生指数,0.3636196833200568,0.3780516305828423,0.2579103628090621,0.0,0.45613474204535065,0.3445748638114272,0.24478223552662212,0.3003613813442241,0.2871680225815017
韩国综合指数,0.36574140161109653,0.4425408726326177,0.2747995379132328,0.45613474204535065,0.0,0.35479517475585814,0.24851098252354134,0.3094830301529201,0.29257839372354044
荷兰AEX,0.5736245685900012,0.3161495601839942,0.293892147080351,0.3445748638114272,0.35479517475585814,0.0,0.2416253768852403,0.38113105456607727,0.33346745949164625
Costa Rica Indice Accionario,0.24204494987175815,0.23943062688999894,0.264511588427219,0.24478223552662212,0.24851098252354134,0.2416253768852403,0.0,0.2502953599727216,0.2533860343910038
加拿大多伦多S&P/TSX 综合指数,0.358825064097328,0.3017666464459518,0.31477105825132634,0.3003613813442241,0.3094830301529201,0.38113105456607727,0.2502953599727216,0.0,0.3329760653320302
S&P CLX IPSA,0.3233396088864522,0.27213570553932986,0.3206632046177274,0.2871680225815017,0.29257839372354044,0.33346745949164625,0.2533860343910038,0.3329760653320302,0.0
