,比利时BFX,日经225,墨西哥BOLSA,恒生指数,韩国综合指数,荷兰AEX,Costa Rica Indice Accionario,加拿大多伦多S&P/TSX 综合指数,S&P CLX IPSA
比利时BFX,0.0,0.32829518137153757,0.2966281101359038,0.3570438015678875,0.3592520881205071,0.5688293031527063,0.2427744276371669,0.3549233567380292,0.32612853194527397
日经225,0.32829518137153757,0.0,0.24760264073301802,0.37379256733521116,0.43788168914077563,0.31048256212247816,0.24197234148485533,0.2972569767372315,0.2766108388511409
墨西哥BOLSA,0.2966281101359038,0.24760264073301802,0.0,0.25853646623981125,0.27460887998766054,0.2947961492540633,0.2719461403181901,0.31443697015273064,0.324733967955726
恒生指数,0.3570438015678875,0.37379256733521116,0.25853646623981125,0.0,0.45360781405543954,0.33702748059504245,0.24736481577386535,0.29609693029875095,0.2870638451591472
韩国综合指数,0.3592520881205071,0.43788168914077563,0.27460887998766054,0.45360781405543954,0.0,0.34573425860408064,0.2506280032805082,0.3030747654235191,0.29250152545001207
荷兰AEX,0.5688293031527063,0.31048256212247816,0.2947961492540633,0.33702748059504245,0.34573425860408064,0.0,0.23863358513715047,0.3791437667467815,0.33104089500741496
Costa Rica Indice Accionario,0.2427744276371669,0.24197234148485533,0.2719461403181901,0.24736481577386535,0.2506280032805082,0.23863358513715047,0.0,0.2540268041245933,0.24778262251326022
加拿大多伦多S&P/TSX 综合指数,0.3549233567380292,0.2972569767372315,0.31443697015273064,0.29609693029875095,0.3030747654235191,0.3791437667467815,0.2540268041245933,0.0,0.327066419341029
S&P CLX IPSA,0.32612853194527397,0.2766108388511409,0.324733967955726,0.2870638451591472,0.29250152545001207,0.33104089500741496,0.24778262251326022,0.327066419341029,0.0
