,比利时BFX,日经225,墨西哥BOLSA,恒生指数,韩国综合指数,荷兰AEX,Costa Rica Indice Accionario,加拿大多伦多S&P/TSX 综合指数,S&P CLX IPSA
比利时BFX,0.0,0.33407456336298635,0.28834615763989185,0.3654323657896227,0.3676022899506733,0.5784303789669538,0.24746369479199998,0.369611136948405,0.32148222800691134
日经225,0.33407456336298635,0.0,0.24315162388943828,0.3795748861322882,0.4242998518178302,0.31424951322744316,0.23558235102130526,0.2984348463762771,0.2572509329766206
墨西哥BOLSA,0.28834615763989185,0.24315162388943828,0.0,0.2513646237265091,0.26749932717213654,0.2858375879311297,0.2579197542903396,0.323179854090161,0.3291381376853037
恒生指数,0.3654323657896227,0.3795748861322882,0.2513646237265091,0.0,0.458682113810351,0.35031272594081275,0.25181660162514347,0.294375904629085,0.27958700867000735
韩国综合指数,0.3676022899506733,0.4242998518178302,0.26749932717213654,0.458682113810351,0.0,0.35546613883652045,0.2493278501912376,0.30765697763492306,0.29092292250716933
荷兰AEX,0.5784303789669538,0.31424951322744316,0.2858375879311297,0.35031272594081275,0.35546613883652045,0.0,0.2430520365351862,0.3877696977479834,0.319079530297475
Costa Rica Indice Accionario,0.24746369479199998,0.23558235102130526,0.2579197542903396,0.25181660162514347,0.2493278501912376,0.2430520365351862,0.0,0.25181780498656414,0.2641238440759556
加拿大多伦多S&P/TSX 综合指数,0.369611136948405,0.2984348463762771,0.323179854090161,0.294375904629085,0.30765697763492306,0.3877696977479834,0.25181780498656414,0.0,0.312380977766312
S&P CLX IPSA,0.32148222800691134,0.2572509329766206,0.3291381376853037,0.27958700867000735,0.29092292250716933,0.319079530297475,0.2641238440759556,0.312380977766312,0.0
