,比利时BFX,日经225,墨西哥BOLSA,恒生指数,韩国综合指数,荷兰AEX,Costa Rica Indice Accionario,加拿大多伦多S&P/TSX 综合指数,S&P CLX IPSA
比利时BFX,0.0,0.3102134496644041,0.34020559791683797,0.342178040872109,0.3215634948231421,0.5786315235079201,0.25690808663816783,0.40923994882187026,0.3440065069091252
日经225,0.3102134496644041,0.0,0.26982500608642823,0.36028490530322377,0.3902390631115881,0.30151647203218507,0.23194379881615956,0.27090285481587356,0.2638642985858023
墨西哥BOLSA,0.34020559791683797,0.26982500608642823,0.0,0.2798271189700144,0.27175581555299416,0.3346853841273877,0.2391546271898008,0.3407275780854199,0.3602270638848334
恒生指数,0.342178040872109,0.36028490530322377,0.2798271189700144,0.0,0.4157850831311817,0.3424375005369453,0.24462544849820783,0.286226086803376,0.2928053557076144
韩国综合指数,0.3215634948231421,0.3902390631115881,0.27175581555299416,0.4157850831311817,0.0,0.3215265840140803,0.24644650645236685,0.28314846007956335,0.2976694544740944
荷兰AEX,0.5786315235079201,0.30151647203218507,0.3346853841273877,0.3424375005369453,0.3215265840140803,0.0,0.256907069115773,0.42682255423263404,0.3410866746066031
Costa Rica Indice Accionario,0.25690808663816783,0.23194379881615956,0.2391546271898008,0.24462544849820783,0.24644650645236685,0.256907069115773,0.0,0.2612312308877574,0.2714707988712459
加拿大多伦多S&P/TSX 综合指数,0.40923994882187026,0.27090285481587356,0.3407275780854199,0.286226086803376,0.28314846007956335,0.42682255423263404,0.2612312308877574,0.0,0.3185538671490685
S&P CLX IPSA,0.3440065069091252,0.2638642985858023,0.3602270638848334,0.2928053557076144,0.2976694544740944,0.3410866746066031,0.2714707988712459,0.3185538671490685,0.0
