,比利时BFX,日经225,墨西哥BOLSA,恒生指数,韩国综合指数,荷兰AEX,Costa Rica Indice Accionario,加拿大多伦多S&P/TSX 综合指数,S&P CLX IPSA
比利时BFX,0.0,0.33080737034441204,0.28755460921032194,0.36744454926387266,0.3638498201673092,0.5843438747453056,0.24519686770565274,0.3707946515808031,0.3199632292377519
日经225,0.33080737034441204,0.0,0.2433427356861562,0.3830918983910178,0.42448201451474943,0.31374805085707735,0.23273736542922227,0.2962005042288601,0.2545071216021018
墨西哥BOLSA,0.28755460921032194,0.2433427356861562,0.0,0.24988813571035198,0.26839743944320427,0.2864016903456744,0.2573535087932176,0.3215905746817995,0.3252409269906797
恒生指数,0.36744454926387266,0.3830918983910178,0.24988813571035198,0.0,0.46599962393121197,0.3514893720930775,0.24346798172832504,0.30002932497613666,0.27269182841928497
韩国综合指数,0.3638498201673092,0.42448201451474943,0.26839743944320427,0.46599962393121197,0.0,0.3548601920604382,0.24386072107590143,0.30724253583908645,0.28892564861024317
荷兰AEX,0.5843438747453056,0.31374805085707735,0.2864016903456744,0.3514893720930775,0.3548601920604382,0.0,0.24362596169103898,0.3874915350612286,0.3201115711343777
Costa Rica Indice Accionario,0.24519686770565274,0.23273736542922227,0.2573535087932176,0.24346798172832504,0.24386072107590143,0.24362596169103898,0.0,0.2532651085460412,0.25749057796283903
加拿大多伦多S&P/TSX 综合指数,0.3707946515808031,0.2962005042288601,0.3215905746817995,0.30002932497613666,0.30724253583908645,0.3874915350612286,0.2532651085460412,0.0,0.3149126784329507
S&P CLX IPSA,0.3199632292377519,0.2545071216021018,0.3252409269906797,0.27269182841928497,0.28892564861024317,0.3201115711343777,0.25749057796283903,0.3149126784329507,0.0
