,比利时BFX,日经225,墨西哥BOLSA,恒生指数,韩国综合指数,荷兰AEX,Costa Rica Indice Accionario,加拿大多伦多S&P/TSX 综合指数,S&P CLX IPSA
比利时BFX,0.0,0.33215745066127433,0.29517700920089834,0.3634232969917989,0.364823506813528,0.5727730123757204,0.24257922060709228,0.35631136445639194,0.31996637319085336
日经225,0.33215745066127433,0.0,0.24793578875386038,0.37524000426244514,0.4403041420205947,0.31397199385121805,0.23969605234204927,0.3010433716506708,0.27242622159981206
墨西哥BOLSA,0.29517700920089834,0.24793578875386038,0.0,0.25920847338793,0.2757854159253505,0.2928768612490832,0.265705441699193,0.3133232810252045,0.3186582719344073
恒生指数,0.3634232969917989,0.37524000426244514,0.25920847338793,0.0,0.45305930982933373,0.3441531322285349,0.24499707679778912,0.3013740903771589,0.2880033340502844
韩国综合指数,0.364823506813528,0.4403041420205947,0.2757854159253505,0.45305930982933373,0.0,0.35171047611312567,0.2485290469263409,0.30804732869456747,0.2922811478160727
荷兰AEX,0.5727730123757204,0.31397199385121805,0.2928768612490832,0.3441531322285349,0.35171047611312567,0.0,0.2416679930682185,0.37845823462637107,0.33004472567408716
Costa Rica Indice Accionario,0.24257922060709228,0.23969605234204927,0.265705441699193,0.24499707679778912,0.2485290469263409,0.2416679930682185,0.0,0.25070056395869333,0.25413886236285915
加拿大多伦多S&P/TSX 综合指数,0.35631136445639194,0.3010433716506708,0.3133232810252045,0.3013740903771589,0.30804732869456747,0.37845823462637107,0.25070056395869333,0.0,0.33069507381491153
S&P CLX IPSA,0.31996637319085336,0.27242622159981206,0.3186582719344073,0.2880033340502844,0.2922811478160727,0.33004472567408716,0.25413886236285915,0.33069507381491153,0.0
