,比利时BFX,日经225,墨西哥BOLSA,恒生指数,韩国综合指数,荷兰AEX,Costa Rica Indice Accionario,加拿大多伦多S&P/TSX 综合指数,S&P CLX IPSA
比利时BFX,0.0,0.32753518949484245,0.29705027525530214,0.3611175949200784,0.36421636711382477,0.5724491027050794,0.2499762235961937,0.35218674612855,0.3333043617045057
日经225,0.32753518949484245,0.0,0.24795974788990163,0.3704554819477112,0.4325245216053138,0.31316784174486806,0.24016959332891766,0.2963590608336901,0.2776806927501355
墨西哥BOLSA,0.29705027525530214,0.24795974788990163,0.0,0.26075778877623185,0.27679948166618923,0.29070695431473287,0.28225301157182664,0.30803849526278493,0.3231314613627268
恒生指数,0.3611175949200784,0.3704554819477112,0.26075778877623185,0.0,0.4463211633257456,0.3407861257221821,0.25104445291771055,0.2939086194108641,0.2926950701469387
韩国综合指数,0.36421636711382477,0.4325245216053138,0.27679948166618923,0.4463211633257456,0.0,0.3494908693892842,0.2552373370965962,0.3010505294833905,0.29513139375185776
荷兰AEX,0.5724491027050794,0.31316784174486806,0.29070695431473287,0.3407861257221821,0.3494908693892842,0.0,0.24288612626903994,0.3804301392902622,0.3357063053565765
Costa Rica Indice Accionario,0.2499762235961937,0.24016959332891766,0.28225301157182664,0.25104445291771055,0.2552373370965962,0.24288612626903994,0.0,0.25125024903170357,0.24669350018111214
加拿大多伦多S&P/TSX 综合指数,0.35218674612855,0.2963590608336901,0.30803849526278493,0.2939086194108641,0.3010505294833905,0.3804301392902622,0.25125024903170357,0.0,0.3275144411338895
S&P CLX IPSA,0.3333043617045057,0.2776806927501355,0.3231314613627268,0.2926950701469387,0.29513139375185776,0.3357063053565765,0.24669350018111214,0.3275144411338895,0.0
