,比利时BFX,日经225,墨西哥BOLSA,恒生指数,韩国综合指数,荷兰AEX,Costa Rica Indice Accionario,加拿大多伦多S&P/TSX 综合指数,S&P CLX IPSA
比利时BFX,0.0,0.3099364396601714,0.3276223384433629,0.32743776121127877,0.3183410941820545,0.5747040697785966,0.26318177387366676,0.40871119052729427,0.3077869959222771
日经225,0.3099364396601714,0.0,0.2771093562586935,0.3631628257519692,0.39118180340509845,0.30649734337764917,0.2384260053454686,0.267662291254076,0.2596312993769732
墨西哥BOLSA,0.3276223384433629,0.2771093562586935,0.0,0.2874333170761973,0.27457946083307005,0.32173027247545904,0.23358247324547382,0.32105513943572545,0.30540412329369027
恒生指数,0.32743776121127877,0.3631628257519692,0.2874333170761973,0.0,0.41153980053347894,0.32056271014223436,0.2514939536461491,0.26964844948845273,0.2739495898638049
韩国综合指数,0.3183410941820545,0.39118180340509845,0.27457946083307005,0.41153980053347894,0.0,0.3176180796550173,0.24343558193959758,0.27284964414094603,0.2862220100455873
荷兰AEX,0.5747040697785966,0.30649734337764917,0.32173027247545904,0.32056271014223436,0.3176180796550173,0.0,0.25697627265996215,0.43719143382374737,0.3004936520516206
Costa Rica Indice Accionario,0.26318177387366676,0.2384260053454686,0.23358247324547382,0.2514939536461491,0.24343558193959758,0.25697627265996215,0.0,0.2574956909308889,0.2569506616749785
加拿大多伦多S&P/TSX 综合指数,0.40871119052729427,0.267662291254076,0.32105513943572545,0.26964844948845273,0.27284964414094603,0.43719143382374737,0.2574956909308889,0.0,0.2711942565847738
S&P CLX IPSA,0.3077869959222771,0.2596312993769732,0.30540412329369027,0.2739495898638049,0.2862220100455873,0.3004936520516206,0.2569506616749785,0.2711942565847738,0.0
