,比利时BFX,日经225,墨西哥BOLSA,恒生指数,韩国综合指数,荷兰AEX,Costa Rica Indice Accionario,加拿大多伦多S&P/TSX 综合指数,S&P CLX IPSA
比利时BFX,0.0,0.33212142537266715,0.2874304575574697,0.3673252939651568,0.3695214733793822,0.5859212335195751,0.2452182668712848,0.36939563276799037,0.32269597082171014
日经225,0.33212142537266715,0.0,0.24392368662125127,0.38401392688364544,0.4227503572578917,0.3144863292441525,0.23319848017309666,0.29745803648272423,0.2552202269104524
墨西哥BOLSA,0.2874304575574697,0.24392368662125127,0.0,0.25031859448192806,0.2689469462410957,0.286363823044327,0.256349127428724,0.3216404592084776,0.3242941564317611
恒生指数,0.3673252939651568,0.38401392688364544,0.25031859448192806,0.0,0.4704647984815726,0.35078254138522896,0.24175555299544532,0.29802650153319843,0.274783522989686
韩国综合指数,0.3695214733793822,0.4227503572578917,0.2689469462410957,0.4704647984815726,0.0,0.35842277724695715,0.24285902218794167,0.30997943749889745,0.29255523241560016
荷兰AEX,0.5859212335195751,0.3144863292441525,0.286363823044327,0.35078254138522896,0.35842277724695715,0.0,0.24365717172988843,0.3870961992264062,0.3233112038715232
Costa Rica Indice Accionario,0.2452182668712848,0.23319848017309666,0.256349127428724,0.24175555299544532,0.24285902218794167,0.24365717172988843,0.0,0.2537569733521421,0.25775182337534297
加拿大多伦多S&P/TSX 综合指数,0.36939563276799037,0.29745803648272423,0.3216404592084776,0.29802650153319843,0.30997943749889745,0.3870961992264062,0.2537569733521421,0.0,0.3168574471642956
S&P CLX IPSA,0.32269597082171014,0.2552202269104524,0.3242941564317611,0.274783522989686,0.29255523241560016,0.3233112038715232,0.25775182337534297,0.3168574471642956,0.0
