,比利时BFX,日经225,墨西哥BOLSA,恒生指数,韩国综合指数,荷兰AEX,Costa Rica Indice Accionario,加拿大多伦多S&P/TSX 综合指数,S&P CLX IPSA
比利时BFX,0.0,0.3362023263867613,0.29572226172542354,0.3654691869135807,0.36707613572315745,0.580632829081179,0.24016310562281845,0.3652062781406493,0.32782381863150367
日经225,0.3362023263867613,0.0,0.2472999133870175,0.37832128914108715,0.4374462955691413,0.3137574492083675,0.23984750782005063,0.29919331477482236,0.27042654508437663
墨西哥BOLSA,0.29572226172542354,0.2472999133870175,0.0,0.25862111683573813,0.2714674996619552,0.29370891578810476,0.26330792370363865,0.3253862623320299,0.3258199286840427
恒生指数,0.3654691869135807,0.37832128914108715,0.25862111683573813,0.0,0.46235919214166027,0.34997941902604884,0.2485268968465798,0.2936290206167929,0.278300580157764
韩国综合指数,0.36707613572315745,0.4374462955691413,0.2714674996619552,0.46235919214166027,0.0,0.35402844302929676,0.24819894457983882,0.30647556252656544,0.2920173890276305
荷兰AEX,0.580632829081179,0.3137574492083675,0.29370891578810476,0.34997941902604884,0.35402844302929676,0.0,0.23967168456827487,0.38543948069175604,0.32891557784627384
Costa Rica Indice Accionario,0.24016310562281845,0.23984750782005063,0.26330792370363865,0.2485268968465798,0.24819894457983882,0.23967168456827487,0.0,0.25050719393168247,0.255654670337478
加拿大多伦多S&P/TSX 综合指数,0.3652062781406493,0.29919331477482236,0.3253862623320299,0.2936290206167929,0.30647556252656544,0.38543948069175604,0.25050719393168247,0.0,0.3280859334935752
S&P CLX IPSA,0.32782381863150367,0.27042654508437663,0.3258199286840427,0.278300580157764,0.2920173890276305,0.32891557784627384,0.255654670337478,0.3280859334935752,0.0
