,比利时BFX,日经225,墨西哥BOLSA,恒生指数,韩国综合指数,荷兰AEX,Costa Rica Indice Accionario,加拿大多伦多S&P/TSX 综合指数,S&P CLX IPSA
比利时BFX,0.0,0.3326755766930063,0.2965064712152721,0.36279938212362034,0.36587343200027606,0.5739652019573876,0.24208768367997474,0.35641549099212566,0.31727152091627014
日经225,0.3326755766930063,0.0,0.2477228359060354,0.37596266991318517,0.44115902276436203,0.3145689296509222,0.24135323844284942,0.30064692410947685,0.27092367806781215
墨西哥BOLSA,0.2965064712152721,0.2477228359060354,0.0,0.2588798821828225,0.2754971088075021,0.29501405357687394,0.27245450251041436,0.31495685558536074,0.3245273442966762
恒生指数,0.36279938212362034,0.37596266991318517,0.2588798821828225,0.0,0.4549660440857614,0.3441465317199641,0.24676438528855812,0.3000619925302728,0.2834627385249689
韩国综合指数,0.36587343200027606,0.44115902276436203,0.2754971088075021,0.4549660440857614,0.0,0.3522218227331938,0.24954818195694972,0.3077085949826976,0.28983159544180176
荷兰AEX,0.5739652019573876,0.3145689296509222,0.29501405357687394,0.3441465317199641,0.3522218227331938,0.0,0.23874619766566457,0.37905740081937467,0.3267361561564219
Costa Rica Indice Accionario,0.24208768367997474,0.24135323844284942,0.27245450251041436,0.24676438528855812,0.24954818195694972,0.23874619766566457,0.0,0.25305294786373084,0.2512053551423546
加拿大多伦多S&P/TSX 综合指数,0.35641549099212566,0.30064692410947685,0.31495685558536074,0.3000619925302728,0.3077085949826976,0.37905740081937467,0.25305294786373084,0.0,0.3294978983806944
S&P CLX IPSA,0.31727152091627014,0.27092367806781215,0.3245273442966762,0.2834627385249689,0.28983159544180176,0.3267361561564219,0.2512053551423546,0.3294978983806944,0.0
