,比利时BFX,日经225,墨西哥BOLSA,恒生指数,韩国综合指数,荷兰AEX,Costa Rica Indice Accionario,加拿大多伦多S&P/TSX 综合指数,S&P CLX IPSA
比利时BFX,0.0,0.3070739506125764,0.3331349002337632,0.34430174707316874,0.33317614141127694,0.5711793660610017,0.25739461986236495,0.3773723138714143,0.3352723370122664
日经225,0.3070739506125764,0.0,0.2702120926054884,0.3559826741995262,0.389900714593359,0.2988145161726191,0.2320119711517,0.2687642920488185,0.25910427721488305
墨西哥BOLSA,0.3331349002337632,0.2702120926054884,0.0,0.27276767837143767,0.2708639669637542,0.3298910093793804,0.23944067103052516,0.33173698830010073,0.3587904950853794
恒生指数,0.34430174707316874,0.3559826741995262,0.27276767837143767,0.0,0.41985591549190593,0.34204303280981657,0.2433574241224481,0.28267714779988473,0.2842475107366108
韩国综合指数,0.33317614141127694,0.389900714593359,0.2708639669637542,0.41985591549190593,0.0,0.3320139560407699,0.24486804106483748,0.27710901494154966,0.2943660648553478
荷兰AEX,0.5711793660610017,0.2988145161726191,0.3298910093793804,0.34204303280981657,0.3320139560407699,0.0,0.2570067696567665,0.4061219592047895,0.3355882166876986
Costa Rica Indice Accionario,0.25739461986236495,0.2320119711517,0.23944067103052516,0.2433574241224481,0.24486804106483748,0.2570067696567665,0.0,0.26067787115649943,0.2721296568809818
加拿大多伦多S&P/TSX 综合指数,0.3773723138714143,0.2687642920488185,0.33173698830010073,0.28267714779988473,0.27710901494154966,0.4061219592047895,0.26067787115649943,0.0,0.3226943925471164
S&P CLX IPSA,0.3352723370122664,0.25910427721488305,0.3587904950853794,0.2842475107366108,0.2943660648553478,0.3355882166876986,0.2721296568809818,0.3226943925471164,0.0
