,比利时BFX,日经225,墨西哥BOLSA,恒生指数,韩国综合指数,荷兰AEX,Costa Rica Indice Accionario,加拿大多伦多S&P/TSX 综合指数,S&P CLX IPSA
比利时BFX,0.0,0.3306172469645082,0.28811031043495766,0.36365195408471285,0.37069935965690615,0.5841052350034889,0.2448761300850621,0.36818692137593273,0.3220839425114507
日经225,0.3306172469645082,0.0,0.24432236718419154,0.3826089566102921,0.4247792583167212,0.31226162871790064,0.23262802516382772,0.29758177655966234,0.25758270018334234
墨西哥BOLSA,0.28811031043495766,0.24432236718419154,0.0,0.2529558783167908,0.26941379805510957,0.2856443572533196,0.2556516547565121,0.32187095456516446,0.3267331258141973
恒生指数,0.36365195408471285,0.3826089566102921,0.2529558783167908,0.0,0.4638637941525643,0.34912915326555816,0.24267781174246827,0.29536407029463446,0.2802410811933658
韩国综合指数,0.37069935965690615,0.4247792583167212,0.26941379805510957,0.4638637941525643,0.0,0.3596346659141889,0.24351830798930327,0.30958783178323557,0.29136779425434384
荷兰AEX,0.5841052350034889,0.31226162871790064,0.2856443572533196,0.34912915326555816,0.3596346659141889,0.0,0.2424589669434201,0.38736131500887666,0.32133446885181716
Costa Rica Indice Accionario,0.2448761300850621,0.23262802516382772,0.2556516547565121,0.24267781174246827,0.24351830798930327,0.2424589669434201,0.0,0.25388409500611014,0.2582056667086747
加拿大多伦多S&P/TSX 综合指数,0.36818692137593273,0.29758177655966234,0.32187095456516446,0.29536407029463446,0.30958783178323557,0.38736131500887666,0.25388409500611014,0.0,0.31306935186587265
S&P CLX IPSA,0.3220839425114507,0.25758270018334234,0.3267331258141973,0.2802410811933658,0.29136779425434384,0.32133446885181716,0.2582056667086747,0.31306935186587265,0.0
