,比利时BFX,日经225,墨西哥BOLSA,恒生指数,韩国综合指数,荷兰AEX,Costa Rica Indice Accionario,加拿大多伦多S&P/TSX 综合指数,S&P CLX IPSA
比利时BFX,0.0,0.33023850973349284,0.3015923171703471,0.3684023384883552,0.34838483216967925,0.6021768081310711,0.24635210898819498,0.3779885740555665,0.3482221459387909
日经225,0.33023850973349284,0.0,0.2630673360750648,0.38312550332938233,0.4070053034037263,0.3232691501295193,0.23358972908036463,0.28835787493622533,0.26025288737439894
墨西哥BOLSA,0.3015923171703471,0.2630673360750648,0.0,0.2659629918694436,0.2662209850874147,0.2927882365777364,0.23536517506397603,0.31789966131366026,0.34830501687659665
恒生指数,0.3684023384883552,0.38312550332938233,0.2659629918694436,0.0,0.4454498662455064,0.368828950612403,0.238249253131563,0.29706249248737854,0.29133140503587296
韩国综合指数,0.34838483216967925,0.4070053034037263,0.2662209850874147,0.4454498662455064,0.0,0.3426113752195246,0.24214013012342508,0.2806665597436522,0.3032129639783153
荷兰AEX,0.6021768081310711,0.3232691501295193,0.2927882365777364,0.368828950612403,0.3426113752195246,0.0,0.24641610815203155,0.39427365329488184,0.3467386509201446
Costa Rica Indice Accionario,0.24635210898819498,0.23358972908036463,0.23536517506397603,0.238249253131563,0.24214013012342508,0.24641610815203155,0.0,0.24269305189360033,0.26950057875862515
加拿大多伦多S&P/TSX 综合指数,0.3779885740555665,0.28835787493622533,0.31789966131366026,0.29706249248737854,0.2806665597436522,0.39427365329488184,0.24269305189360033,0.0,0.32429922229091457
S&P CLX IPSA,0.3482221459387909,0.26025288737439894,0.34830501687659665,0.29133140503587296,0.3032129639783153,0.3467386509201446,0.26950057875862515,0.32429922229091457,0.0
