,比利时BFX,日经225,墨西哥BOLSA,恒生指数,韩国综合指数,荷兰AEX,Costa Rica Indice Accionario,加拿大多伦多S&P/TSX 综合指数,S&P CLX IPSA
比利时BFX,0.0,0.3266233589777278,0.29781612279565006,0.3620290570760446,0.36220875031269706,0.5742887778977994,0.24692298553617162,0.35273989333835504,0.3307033819036711
日经225,0.3266233589777278,0.0,0.2486428175318406,0.3718425566845646,0.4331273616064703,0.3127900782435889,0.24024547055463655,0.2978632452496845,0.27884740303122346
墨西哥BOLSA,0.29781612279565006,0.2486428175318406,0.0,0.26236824908881323,0.2756538964049834,0.2915513903669991,0.2809794910596854,0.3086523908236861,0.3215556847746524
恒生指数,0.3620290570760446,0.3718425566845646,0.26236824908881323,0.0,0.45309666359397643,0.3410906519200864,0.25102147207925146,0.29854987296486707,0.2946713636842155
韩国综合指数,0.36220875031269706,0.4331273616064703,0.2756538964049834,0.45309666359397643,0.0,0.3478144084239724,0.25480575126175387,0.29972796946152563,0.2938013757294376
荷兰AEX,0.5742887778977994,0.3127900782435889,0.2915513903669991,0.3410906519200864,0.3478144084239724,0.0,0.23999887316523075,0.38291203577209054,0.3338733144504129
Costa Rica Indice Accionario,0.24692298553617162,0.24024547055463655,0.2809794910596854,0.25102147207925146,0.25480575126175387,0.23999887316523075,0.0,0.2499981125254792,0.2479807256484476
加拿大多伦多S&P/TSX 综合指数,0.35273989333835504,0.2978632452496845,0.3086523908236861,0.29854987296486707,0.29972796946152563,0.38291203577209054,0.2499981125254792,0.0,0.32531038987541
S&P CLX IPSA,0.3307033819036711,0.27884740303122346,0.3215556847746524,0.2946713636842155,0.2938013757294376,0.3338733144504129,0.2479807256484476,0.32531038987541,0.0
