,比利时BFX,日经225,墨西哥BOLSA,恒生指数,韩国综合指数,荷兰AEX,Costa Rica Indice Accionario,加拿大多伦多S&P/TSX 综合指数,S&P CLX IPSA
比利时BFX,0.0,0.3159920044276199,0.33725108232952294,0.33608364568637544,0.32046617857869686,0.5643067949456507,0.25902023661645107,0.40473520073498526,0.3064161709522271
日经225,0.3159920044276199,0.0,0.26990419932305354,0.36904953726448964,0.3967485086869987,0.3083421563716352,0.2331382163293951,0.27091681997482975,0.25348902545786073
墨西哥BOLSA,0.33725108232952294,0.26990419932305354,0.0,0.28223811943811317,0.2732130894586691,0.3328052250155984,0.23397439229890218,0.3294080532194848,0.3119484132769239
恒生指数,0.33608364568637544,0.36904953726448964,0.28223811943811317,0.0,0.4033208869441859,0.32579051878928833,0.24349154211113755,0.273890279721857,0.2723743551825566
韩国综合指数,0.32046617857869686,0.3967485086869987,0.2732130894586691,0.4033208869441859,0.0,0.32025898185697005,0.24028870425889928,0.27442001310985936,0.28655813312209655
荷兰AEX,0.5643067949456507,0.3083421563716352,0.3328052250155984,0.32579051878928833,0.32025898185697005,0.0,0.25564685250467284,0.4231059645067626,0.3018883299817837
Costa Rica Indice Accionario,0.25902023661645107,0.2331382163293951,0.23397439229890218,0.24349154211113755,0.24028870425889928,0.25564685250467284,0.0,0.2509294839326443,0.25641203855426564
加拿大多伦多S&P/TSX 综合指数,0.40473520073498526,0.27091681997482975,0.3294080532194848,0.273890279721857,0.27442001310985936,0.4231059645067626,0.2509294839326443,0.0,0.27301033272961794
S&P CLX IPSA,0.3064161709522271,0.25348902545786073,0.3119484132769239,0.2723743551825566,0.28655813312209655,0.3018883299817837,0.25641203855426564,0.27301033272961794,0.0
