,比利时BFX,日经225,墨西哥BOLSA,恒生指数,韩国综合指数,荷兰AEX,Costa Rica Indice Accionario,加拿大多伦多S&P/TSX 综合指数,S&P CLX IPSA
比利时BFX,0.0,0.33313428531830036,0.2880063845677153,0.3634994396237847,0.3660680274780465,0.5781594927346039,0.24264656355596584,0.37021285082747407,0.3187483152340742
日经225,0.33313428531830036,0.0,0.24313805049942405,0.3777964680849795,0.4231834572146693,0.31354416072545793,0.23326043850685524,0.2992400502853163,0.25482495905455915
墨西哥BOLSA,0.2880063845677153,0.24313805049942405,0.0,0.2527666779504292,0.26631636203040226,0.2860700299593675,0.25867339025956226,0.3249554213049509,0.3282924178587057
恒生指数,0.3634994396237847,0.3777964680849795,0.2527666779504292,0.0,0.45377632419492825,0.3506535226274074,0.24508034070271403,0.2959132705159009,0.2765594555080623
韩国综合指数,0.3660680274780465,0.4231834572146693,0.26631636203040226,0.45377632419492825,0.0,0.3544114682355432,0.2469691021995181,0.30795336765055337,0.2872386022346448
荷兰AEX,0.5781594927346039,0.31354416072545793,0.2860700299593675,0.3506535226274074,0.3544114682355432,0.0,0.23958920626820868,0.3897193280180853,0.3165701423326788
Costa Rica Indice Accionario,0.24264656355596584,0.23326043850685524,0.25867339025956226,0.24508034070271403,0.2469691021995181,0.23958920626820868,0.0,0.2506680145092876,0.2601232000523026
加拿大多伦多S&P/TSX 综合指数,0.37021285082747407,0.2992400502853163,0.3249554213049509,0.2959132705159009,0.30795336765055337,0.3897193280180853,0.2506680145092876,0.0,0.3134320943266294
S&P CLX IPSA,0.3187483152340742,0.25482495905455915,0.3282924178587057,0.2765594555080623,0.2872386022346448,0.3165701423326788,0.2601232000523026,0.3134320943266294,0.0
