,比利时BFX,日经225,墨西哥BOLSA,恒生指数,韩国综合指数,荷兰AEX,Costa Rica Indice Accionario,加拿大多伦多S&P/TSX 综合指数,S&P CLX IPSA
比利时BFX,0.0,0.3282735537887246,0.29645702118487416,0.3554514583688818,0.35844420833571344,0.5785782613759508,0.24079812189389496,0.35312868404733017,0.33141267238817856
日经225,0.3282735537887246,0.0,0.2469159492085122,0.3722698487629297,0.4359751471389604,0.31316783960547584,0.2406099516892027,0.2970265547901121,0.2803278807075041
墨西哥BOLSA,0.29645702118487416,0.2469159492085122,0.0,0.25742567438019953,0.2740951479823786,0.29075592784804477,0.2727216880837509,0.3119587555007232,0.32032339678796024
恒生指数,0.3554514583688818,0.3722698487629297,0.25742567438019953,0.0,0.45127685600465534,0.3384603584012335,0.24512893892157833,0.2969168786228115,0.29017138484663074
韩国综合指数,0.35844420833571344,0.4359751471389604,0.2740951479823786,0.45127685600465534,0.0,0.3445021316027448,0.2507732242843456,0.30112698031669377,0.29107310336519776
荷兰AEX,0.5785782613759508,0.31316783960547584,0.29075592784804477,0.3384603584012335,0.3445021316027448,0.0,0.23565722362552036,0.38141582154745785,0.3339022217977692
Costa Rica Indice Accionario,0.24079812189389496,0.2406099516892027,0.2727216880837509,0.24512893892157833,0.2507732242843456,0.23565722362552036,0.0,0.2533894124819022,0.24644787508769014
加拿大多伦多S&P/TSX 综合指数,0.35312868404733017,0.2970265547901121,0.3119587555007232,0.2969168786228115,0.30112698031669377,0.38141582154745785,0.2533894124819022,0.0,0.32821695782100163
S&P CLX IPSA,0.33141267238817856,0.2803278807075041,0.32032339678796024,0.29017138484663074,0.29107310336519776,0.3339022217977692,0.24644787508769014,0.32821695782100163,0.0
