,比利时BFX,日经225,墨西哥BOLSA,恒生指数,韩国综合指数,荷兰AEX,Costa Rica Indice Accionario,加拿大多伦多S&P/TSX 综合指数,S&P CLX IPSA
比利时BFX,0.0,0.33085144133111827,0.2877074278160472,0.3638098850788194,0.3707847653314064,0.5808826684067624,0.24322131275050804,0.3681827268693287,0.3204293282800911
日经225,0.33085144133111827,0.0,0.2436870943163979,0.3824864138696705,0.4248753097419924,0.31249879893762167,0.23189035181037324,0.2973839962024494,0.25614924709999587
墨西哥BOLSA,0.2877074278160472,0.2436870943163979,0.0,0.2526060529868511,0.26912585592362825,0.2848918657215219,0.25623273026465493,0.32152988612191763,0.3269716369603239
恒生指数,0.3638098850788194,0.3824864138696705,0.2526060529868511,0.0,0.4633143069723382,0.3503949746524093,0.2394689900723318,0.2955225780392374,0.2789392469783796
韩国综合指数,0.3707847653314064,0.4248753097419924,0.26912585592362825,0.4633143069723382,0.0,0.3590568807664316,0.24289110451219578,0.3095617388278418,0.29042630662079494
荷兰AEX,0.5808826684067624,0.31249879893762167,0.2848918657215219,0.3503949746524093,0.3590568807664316,0.0,0.23634012897313808,0.38694567841660843,0.3182702556553527
Costa Rica Indice Accionario,0.24322131275050804,0.23189035181037324,0.25623273026465493,0.2394689900723318,0.24289110451219578,0.23634012897313808,0.0,0.25194140697747597,0.261351624257203
加拿大多伦多S&P/TSX 综合指数,0.3681827268693287,0.2973839962024494,0.32152988612191763,0.2955225780392374,0.3095617388278418,0.38694567841660843,0.25194140697747597,0.0,0.31203555052561355
S&P CLX IPSA,0.3204293282800911,0.25614924709999587,0.3269716369603239,0.2789392469783796,0.29042630662079494,0.3182702556553527,0.261351624257203,0.31203555052561355,0.0
