,比利时BFX,日经225,墨西哥BOLSA,恒生指数,韩国综合指数,荷兰AEX,Costa Rica Indice Accionario,加拿大多伦多S&P/TSX 综合指数,S&P CLX IPSA
比利时BFX,0.0,0.30852221376348704,0.32728397771289225,0.32916583037401326,0.3188182768987085,0.5704211291069807,0.25957926599936865,0.40480536268456124,0.3082923074710251
日经225,0.30852221376348704,0.0,0.2740938741128573,0.3692802724432714,0.39486228594959244,0.30362496279856177,0.2343031122710884,0.2687482307410994,0.2589948587962226
墨西哥BOLSA,0.32728397771289225,0.2740938741128573,0.0,0.2874192941533174,0.2739825368846887,0.32152736561245726,0.23488667326359333,0.32006375309447865,0.30682312017741004
恒生指数,0.32916583037401326,0.3692802724432714,0.2874192941533174,0.0,0.41264515728589846,0.31974969175528234,0.24442418801107507,0.2722335008864329,0.2748751456573454
韩国综合指数,0.3188182768987085,0.39486228594959244,0.2739825368846887,0.41264515728589846,0.0,0.31795578555755716,0.24144101518454786,0.2737135748276337,0.28697444181925275
荷兰AEX,0.5704211291069807,0.30362496279856177,0.32152736561245726,0.31974969175528234,0.31795578555755716,0.0,0.2562996568952447,0.4283414909071121,0.301885936175304
Costa Rica Indice Accionario,0.25957926599936865,0.2343031122710884,0.23488667326359333,0.24442418801107507,0.24144101518454786,0.2562996568952447,0.0,0.2514159793018683,0.25643425009741694
加拿大多伦多S&P/TSX 综合指数,0.40480536268456124,0.2687482307410994,0.32006375309447865,0.2722335008864329,0.2737135748276337,0.4283414909071121,0.2514159793018683,0.0,0.27205213945171447
S&P CLX IPSA,0.3082923074710251,0.2589948587962226,0.30682312017741004,0.2748751456573454,0.28697444181925275,0.301885936175304,0.25643425009741694,0.27205213945171447,0.0
