,比利时BFX,日经225,墨西哥BOLSA,恒生指数,韩国综合指数,荷兰AEX,Costa Rica Indice Accionario,加拿大多伦多S&P/TSX 综合指数,S&P CLX IPSA
比利时BFX,0.0,0.327071713483064,0.28084934640461007,0.35915831725221586,0.3489880632652605,0.5624064901153397,0.24644333926977544,0.35321025708409415,0.30842283837115475
日经225,0.327071713483064,0.0,0.24344163534107935,0.3781858542606691,0.4155478430418667,0.30951565466600445,0.23264018853281054,0.2922853981136992,0.25003667474318336
墨西哥BOLSA,0.28084934640461007,0.24344163534107935,0.0,0.2492635764111049,0.2609505117392903,0.27814535068145013,0.2565655779478612,0.31416574893373644,0.32906196142310445
恒生指数,0.35915831725221586,0.3781858542606691,0.2492635764111049,0.0,0.4552525382626078,0.34445037056708383,0.2439372536933082,0.2931877228644885,0.27472656459147954
韩国综合指数,0.3489880632652605,0.4155478430418667,0.2609505117392903,0.4552525382626078,0.0,0.3378818830837337,0.24478540975101765,0.29271644672146613,0.2847717446056966
荷兰AEX,0.5624064901153397,0.30951565466600445,0.27814535068145013,0.34445037056708383,0.3378818830837337,0.0,0.24476815196984528,0.3773175474469287,0.311107587365449
Costa Rica Indice Accionario,0.24644333926977544,0.23264018853281054,0.2565655779478612,0.2439372536933082,0.24478540975101765,0.24476815196984528,0.0,0.2551621715289739,0.2582986977733767
加拿大多伦多S&P/TSX 综合指数,0.35321025708409415,0.2922853981136992,0.31416574893373644,0.2931877228644885,0.29271644672146613,0.3773175474469287,0.2551621715289739,0.0,0.30252172015982004
S&P CLX IPSA,0.30842283837115475,0.25003667474318336,0.32906196142310445,0.27472656459147954,0.2847717446056966,0.311107587365449,0.2582986977733767,0.30252172015982004,0.0
