,比利时BFX,日经225,墨西哥BOLSA,恒生指数,韩国综合指数,荷兰AEX,Costa Rica Indice Accionario,加拿大多伦多S&P/TSX 综合指数,S&P CLX IPSA
比利时BFX,0.0,0.3341991663184076,0.28818263505019176,0.36396199422746184,0.37110120650886047,0.5789813910908296,0.2476126689812239,0.36678879685638466,0.3222637097269911
日经225,0.3341991663184076,0.0,0.24314162429790181,0.3796684808179065,0.42416224246977335,0.3141099146626691,0.23555709776343853,0.2987497346892824,0.2571726028928531
墨西哥BOLSA,0.28818263505019176,0.24314162429790181,0.0,0.2508340286065831,0.26795735803952675,0.28578348993850694,0.25778818957450694,0.3218716260712354,0.32832184810113957
恒生指数,0.36396199422746184,0.3796684808179065,0.2508340286065831,0.0,0.4623483221217521,0.34932907810186387,0.2520081363982396,0.2931273309952709,0.2791157857960805
韩国综合指数,0.37110120650886047,0.42416224246977335,0.26795735803952675,0.4623483221217521,0.0,0.35777215063323237,0.24906324321009438,0.30837104036645746,0.2907045230971101
荷兰AEX,0.5789813910908296,0.3141099146626691,0.28578348993850694,0.34932907810186387,0.35777215063323237,0.0,0.24307286851691856,0.385175065545352,0.3204685005238165
Costa Rica Indice Accionario,0.2476126689812239,0.23555709776343853,0.25778818957450694,0.2520081363982396,0.24906324321009438,0.24307286851691856,0.0,0.25213035919952687,0.2641099411248862
加拿大多伦多S&P/TSX 综合指数,0.36678879685638466,0.2987497346892824,0.3218716260712354,0.2931273309952709,0.30837104036645746,0.385175065545352,0.25213035919952687,0.0,0.31258671690288337
S&P CLX IPSA,0.3222637097269911,0.2571726028928531,0.32832184810113957,0.2791157857960805,0.2907045230971101,0.3204685005238165,0.2641099411248862,0.31258671690288337,0.0
