,比利时BFX,日经225,墨西哥BOLSA,恒生指数,韩国综合指数,荷兰AEX,Costa Rica Indice Accionario,加拿大多伦多S&P/TSX 综合指数,S&P CLX IPSA
比利时BFX,0.0,0.3314056779582836,0.3023732118798799,0.3699721981048931,0.34961839643261733,0.6029137312517773,0.2464219254275194,0.3774243574913086,0.34730639293010995
日经225,0.3314056779582836,0.0,0.26428761333307704,0.3832553167853373,0.408497033278291,0.32390396278241923,0.23350658681076533,0.28936673334492313,0.26114897241242413
墨西哥BOLSA,0.3023732118798799,0.26428761333307704,0.0,0.2660931189984454,0.2645542928898103,0.2951233743911173,0.23473587929005493,0.3195261310272694,0.35112515890699225
恒生指数,0.3699721981048931,0.3832553167853373,0.2660931189984454,0.0,0.4450200883885729,0.37091160982073895,0.23798272322420055,0.29835187342026687,0.2925073031339559
韩国综合指数,0.34961839643261733,0.408497033278291,0.2645542928898103,0.4450200883885729,0.0,0.3450877403541172,0.24190501252085428,0.2814700261087386,0.30307522207573934
荷兰AEX,0.6029137312517773,0.32390396278241923,0.2951233743911173,0.37091160982073895,0.3450877403541172,0.0,0.24665774538281005,0.3937546573566563,0.34588623115478573
Costa Rica Indice Accionario,0.2464219254275194,0.23350658681076533,0.23473587929005493,0.23798272322420055,0.24190501252085428,0.24665774538281005,0.0,0.2427485240499003,0.2689397906068873
加拿大多伦多S&P/TSX 综合指数,0.3774243574913086,0.28936673334492313,0.3195261310272694,0.29835187342026687,0.2814700261087386,0.3937546573566563,0.2427485240499003,0.0,0.32403360620529814
S&P CLX IPSA,0.34730639293010995,0.26114897241242413,0.35112515890699225,0.2925073031339559,0.30307522207573934,0.34588623115478573,0.2689397906068873,0.32403360620529814,0.0
