,比利时BFX,日经225,墨西哥BOLSA,恒生指数,韩国综合指数,荷兰AEX,Costa Rica Indice Accionario,加拿大多伦多S&P/TSX 综合指数,S&P CLX IPSA
比利时BFX,0.0,0.3233389761280108,0.33524559871255494,0.335948474060709,0.32104544352697956,0.5721200001715533,0.2513232424015862,0.3986725176014832,0.33844794371061365
日经225,0.3233389761280108,0.0,0.2706444541674623,0.37656347683582275,0.39960287459055244,0.31494324070831065,0.2335387826637247,0.2771627332680884,0.2680841984059588
墨西哥BOLSA,0.33524559871255494,0.2706444541674623,0.0,0.2775169298458184,0.2725508215115502,0.33249743047237584,0.23438782862196228,0.33574358015401073,0.3555638530514981
恒生指数,0.335948474060709,0.37656347683582275,0.2775169298458184,0.0,0.4144835562600214,0.33559594018090383,0.2415933248009286,0.27967055653108375,0.2892900032206111
韩国综合指数,0.32104544352697956,0.39960287459055244,0.2725508215115502,0.4144835562600214,0.0,0.32105462075188945,0.23976808122260496,0.2814342806881355,0.2960711074730284
荷兰AEX,0.5721200001715533,0.31494324070831065,0.33249743047237584,0.33559594018090383,0.32105462075188945,0.0,0.24923297795105015,0.42023254125972187,0.33539272829940175
Costa Rica Indice Accionario,0.2513232424015862,0.2335387826637247,0.23438782862196228,0.2415933248009286,0.23976808122260496,0.24923297795105015,0.0,0.2539430559649451,0.27183946305144235
加拿大多伦多S&P/TSX 综合指数,0.3986725176014832,0.2771627332680884,0.33574358015401073,0.27967055653108375,0.2814342806881355,0.42023254125972187,0.2539430559649451,0.0,0.31266707322814546
S&P CLX IPSA,0.33844794371061365,0.2680841984059588,0.3555638530514981,0.2892900032206111,0.2960711074730284,0.33539272829940175,0.27183946305144235,0.31266707322814546,0.0
