,比利时BFX,日经225,墨西哥BOLSA,恒生指数,韩国综合指数,荷兰AEX,Costa Rica Indice Accionario,加拿大多伦多S&P/TSX 综合指数,S&P CLX IPSA
比利时BFX,0.0,0.33411830084726096,0.2884182598896763,0.36547424671028583,0.36770727658233016,0.5790409903503725,0.2474543598684133,0.36965688922487044,0.32147720040453603
日经225,0.33411830084726096,0.0,0.243301303302797,0.37947934628737234,0.4243364966059331,0.31418453034683413,0.23551059167468527,0.29829791168635406,0.2571594249561183
墨西哥BOLSA,0.2884182598896763,0.243301303302797,0.0,0.2513036436400201,0.2675142781961349,0.2856782918568257,0.25776455618325644,0.3228662427999585,0.32884059278510763
恒生指数,0.36547424671028583,0.37947934628737234,0.2513036436400201,0.0,0.4585878910855553,0.3502443181885924,0.2517823940268143,0.29430669830670236,0.2795406245939235
韩国综合指数,0.36770727658233016,0.4243364966059331,0.2675142781961349,0.4585878910855553,0.0,0.35532480410501316,0.24924543675260694,0.30750068835712435,0.29080989018467224
荷兰AEX,0.5790409903503725,0.31418453034683413,0.2856782918568257,0.3502443181885924,0.35532480410501316,0.0,0.24298192366231036,0.38761490049433095,0.31899202565077045
Costa Rica Indice Accionario,0.2474543598684133,0.23551059167468527,0.25776455618325644,0.2517823940268143,0.24924543675260694,0.24298192366231036,0.0,0.2517892301419464,0.2641145995919368
加拿大多伦多S&P/TSX 综合指数,0.36965688922487044,0.29829791168635406,0.3228662427999585,0.29430669830670236,0.30750068835712435,0.38761490049433095,0.2517892301419464,0.0,0.31233679355370003
S&P CLX IPSA,0.32147720040453603,0.2571594249561183,0.32884059278510763,0.2795406245939235,0.29080989018467224,0.31899202565077045,0.2641145995919368,0.31233679355370003,0.0
