,比利时BFX,日经225,墨西哥BOLSA,恒生指数,韩国综合指数,荷兰AEX,Costa Rica Indice Accionario,加拿大多伦多S&P/TSX 综合指数,S&P CLX IPSA
比利时BFX,0.0,0.324940351653797,0.2938936882930915,0.36519556536657166,0.34725311306281426,0.598505432783446,0.2565137271804707,0.3724231542045689,0.33430787946671303
日经225,0.324940351653797,0.0,0.2448673856863893,0.38635360806994873,0.41348689424052115,0.3201245390786463,0.23525762707173078,0.2880424508141385,0.2567393603885939
墨西哥BOLSA,0.2938936882930915,0.2448673856863893,0.0,0.2540950671804648,0.2512963511481369,0.2811346190092265,0.24665229139096279,0.309865109694167,0.3310432316919291
恒生指数,0.36519556536657166,0.38635360806994873,0.2540950671804648,0.0,0.4625625797390731,0.35888999000104993,0.25013856155843184,0.2944442960172204,0.2848149999556009
韩国综合指数,0.34725311306281426,0.41348689424052115,0.2512963511481369,0.4625625797390731,0.0,0.3396636409761747,0.24602811416282386,0.27822504448707697,0.2902428726349279
荷兰AEX,0.598505432783446,0.3201245390786463,0.2811346190092265,0.35888999000104993,0.3396636409761747,0.0,0.2514115877802312,0.3857044020981188,0.33734548899649996
Costa Rica Indice Accionario,0.2565137271804707,0.23525762707173078,0.24665229139096279,0.25013856155843184,0.24602811416282386,0.2514115877802312,0.0,0.2500263099581206,0.25811907349478985
加拿大多伦多S&P/TSX 综合指数,0.3724231542045689,0.2880424508141385,0.309865109694167,0.2944442960172204,0.27822504448707697,0.3857044020981188,0.2500263099581206,0.0,0.323125012567916
S&P CLX IPSA,0.33430787946671303,0.2567393603885939,0.3310432316919291,0.2848149999556009,0.2902428726349279,0.33734548899649996,0.25811907349478985,0.323125012567916,0.0
