,比利时BFX,日经225,墨西哥BOLSA,恒生指数,韩国综合指数,荷兰AEX,Costa Rica Indice Accionario,加拿大多伦多S&P/TSX 综合指数,S&P CLX IPSA
比利时BFX,0.0,0.3324195683292271,0.2883469595561063,0.36865867071704,0.3633583888963553,0.5819885449494593,0.245165403184109,0.36870107534299923,0.3175485844987083
日经225,0.3324195683292271,0.0,0.2429152613152489,0.3840869678157858,0.4286489214270392,0.3153465707024027,0.23222343863067965,0.29961828792284867,0.25594597956449455
墨西哥BOLSA,0.2883469595561063,0.2429152613152489,0.0,0.2513354002502534,0.2675277244247905,0.2866603706294038,0.25705168939341855,0.31898790139546185,0.3277715676766289
恒生指数,0.36865867071704,0.3840869678157858,0.2513354002502534,0.0,0.4740953781723627,0.35367085615032956,0.2427544780357444,0.30089108374466816,0.27121124150889914
韩国综合指数,0.3633583888963553,0.4286489214270392,0.2675277244247905,0.4740953781723627,0.0,0.35353428142693033,0.2435995504574247,0.3058524818769696,0.289477694328076
荷兰AEX,0.5819885449494593,0.3153465707024027,0.2866603706294038,0.35367085615032956,0.35353428142693033,0.0,0.24337165897112492,0.38557691738245187,0.32022105158936803
Costa Rica Indice Accionario,0.245165403184109,0.23222343863067965,0.25705168939341855,0.2427544780357444,0.2435995504574247,0.24337165897112492,0.0,0.2533425538498805,0.2577329410298491
加拿大多伦多S&P/TSX 综合指数,0.36870107534299923,0.29961828792284867,0.31898790139546185,0.30089108374466816,0.3058524818769696,0.38557691738245187,0.2533425538498805,0.0,0.31374479102575403
S&P CLX IPSA,0.3175485844987083,0.25594597956449455,0.3277715676766289,0.27121124150889914,0.289477694328076,0.32022105158936803,0.2577329410298491,0.31374479102575403,0.0
