,比利时BFX,日经225,墨西哥BOLSA,恒生指数,韩国综合指数,荷兰AEX,Costa Rica Indice Accionario,加拿大多伦多S&P/TSX 综合指数,S&P CLX IPSA
比利时BFX,0.0,0.30509860425311447,0.3343676554373906,0.34299836298930475,0.32913421090047495,0.5717241432025266,0.25737500827779686,0.377397286415352,0.3343863630560026
日经225,0.30509860425311447,0.0,0.2686861486280244,0.35604976674919303,0.3913661693594525,0.2964101549186165,0.23223413624964054,0.26694233215317015,0.25877014755257544
墨西哥BOLSA,0.3343676554373906,0.2686861486280244,0.0,0.2721908433298833,0.26862010048265966,0.33189751754509406,0.23928801820356113,0.33407865468893133,0.3586772850603432
恒生指数,0.34299836298930475,0.35604976674919303,0.2721908433298833,0.0,0.41894940213152615,0.340321346160334,0.24348557169108329,0.2813990059178225,0.28383575046121345
韩国综合指数,0.32913421090047495,0.3913661693594525,0.26862010048265966,0.41894940213152615,0.0,0.3267274176060574,0.24521495144591895,0.27350976956533,0.293226157165566
荷兰AEX,0.5717241432025266,0.2964101549186165,0.33189751754509406,0.340321346160334,0.3267274176060574,0.0,0.2570615388338685,0.40497330723066505,0.3341252611609451
Costa Rica Indice Accionario,0.25737500827779686,0.23223413624964054,0.23928801820356113,0.24348557169108329,0.24521495144591895,0.2570615388338685,0.0,0.26091386053170346,0.27233553402670135
加拿大多伦多S&P/TSX 综合指数,0.377397286415352,0.26694233215317015,0.33407865468893133,0.2813990059178225,0.27350976956533,0.40497330723066505,0.26091386053170346,0.0,0.32119498890027187
S&P CLX IPSA,0.3343863630560026,0.25877014755257544,0.3586772850603432,0.28383575046121345,0.293226157165566,0.3341252611609451,0.27233553402670135,0.32119498890027187,0.0
