,比利时BFX,日经225,墨西哥BOLSA,恒生指数,韩国综合指数,荷兰AEX,Costa Rica Indice Accionario,加拿大多伦多S&P/TSX 综合指数,S&P CLX IPSA
比利时BFX,0.0,0.33408683855388066,0.2884718415237614,0.3663218343989733,0.366898744874619,0.5825096897148689,0.24198222721478344,0.36835709521623555,0.31941589839117773
日经225,0.33408683855388066,0.0,0.2429598067490809,0.3768844083333583,0.42394233033219486,0.3128491974577592,0.23864474345500925,0.29928474640832614,0.25762069043786645
墨西哥BOLSA,0.2884718415237614,0.2429598067490809,0.0,0.25496340327335465,0.2676045649010271,0.28714097500053815,0.25980594401174534,0.32421037437797007,0.3299522561455567
恒生指数,0.3663218343989733,0.3768844083333583,0.25496340327335465,0.0,0.45287118833542384,0.35154815178573634,0.24657908640758325,0.2966777410037865,0.2779626824630798
韩国综合指数,0.366898744874619,0.42394233033219486,0.2676045649010271,0.45287118833542384,0.0,0.3543417978511377,0.24633110187552845,0.30764036247302806,0.28821379747599574
荷兰AEX,0.5825096897148689,0.3128491974577592,0.28714097500053815,0.35154815178573634,0.3543417978511377,0.0,0.24134863695327427,0.3901105906293671,0.31880066865858997
Costa Rica Indice Accionario,0.24198222721478344,0.23864474345500925,0.25980594401174534,0.24657908640758325,0.24633110187552845,0.24134863695327427,0.0,0.2529587642379702,0.2549444019905179
加拿大多伦多S&P/TSX 综合指数,0.36835709521623555,0.29928474640832614,0.32421037437797007,0.2966777410037865,0.30764036247302806,0.3901105906293671,0.2529587642379702,0.0,0.31605437707901773
S&P CLX IPSA,0.31941589839117773,0.25762069043786645,0.3299522561455567,0.2779626824630798,0.28821379747599574,0.31880066865858997,0.2549444019905179,0.31605437707901773,0.0
