,比利时BFX,日经225,墨西哥BOLSA,恒生指数,韩国综合指数,荷兰AEX,Costa Rica Indice Accionario,加拿大多伦多S&P/TSX 综合指数,S&P CLX IPSA
比利时BFX,0.0,0.32127516520465954,0.33388277017488066,0.33394614625596086,0.31793719023825606,0.5638488991528632,0.2508271372084334,0.4018253640578787,0.3105083539844182
日经225,0.32127516520465954,0.0,0.26463596926920996,0.3682026194369521,0.3987711213577151,0.31174843326206153,0.23375092536492809,0.2709877061693216,0.2584044986996545
墨西哥BOLSA,0.33388277017488066,0.26463596926920996,0.0,0.2737627845141171,0.26962800920290564,0.33015307247574305,0.23436139520280352,0.329931311456654,0.3225349896627871
恒生指数,0.33394614625596086,0.3682026194369521,0.2737627845141171,0.0,0.4059982627545523,0.3272677537369441,0.2381715600124599,0.26747876290489947,0.29179703862181955
韩国综合指数,0.31793719023825606,0.3987711213577151,0.26962800920290564,0.4059982627545523,0.0,0.3161826464427716,0.2383266917539098,0.2695842970247008,0.28588583097485076
荷兰AEX,0.5638488991528632,0.31174843326206153,0.33015307247574305,0.3272677537369441,0.3161826464427716,0.0,0.2498009792465398,0.42146038353940546,0.3041555809750083
Costa Rica Indice Accionario,0.2508271372084334,0.23375092536492809,0.23436139520280352,0.2381715600124599,0.2383266917539098,0.2498009792465398,0.0,0.2557061376688098,0.25829933257246435
加拿大多伦多S&P/TSX 综合指数,0.4018253640578787,0.2709877061693216,0.329931311456654,0.26747876290489947,0.2695842970247008,0.42146038353940546,0.2557061376688098,0.0,0.28008707111819886
S&P CLX IPSA,0.3105083539844182,0.2584044986996545,0.3225349896627871,0.29179703862181955,0.28588583097485076,0.3041555809750083,0.25829933257246435,0.28008707111819886,0.0
