,比利时BFX,日经225,墨西哥BOLSA,恒生指数,韩国综合指数,荷兰AEX,Costa Rica Indice Accionario,加拿大多伦多S&P/TSX 综合指数,S&P CLX IPSA
比利时BFX,0.0,0.3304310816927146,0.2884371079057995,0.3662922101151067,0.370482553962608,0.5845892977770984,0.2447355959921055,0.36825354789852405,0.3228696031451578
日经225,0.3304310816927146,0.0,0.2443181679335106,0.38428187493679405,0.42472903512820415,0.3123278823564373,0.2325345389292579,0.2980428558809241,0.25760796657033275
墨西哥BOLSA,0.2884371079057995,0.2443181679335106,0.0,0.25261985277486787,0.26946146920522496,0.28561882408240247,0.25570704143905587,0.3209849891423317,0.3267124176515311
恒生指数,0.3662922101151067,0.38428187493679405,0.25261985277486787,0.0,0.46645894483661055,0.3504764481767051,0.24270265135482977,0.2964376012225087,0.27952579037687203
韩国综合指数,0.370482553962608,0.42472903512820415,0.26946146920522496,0.46645894483661055,0.0,0.3596045416678614,0.2434278949032963,0.3097712537625398,0.2915135701128602
荷兰AEX,0.5845892977770984,0.3123278823564373,0.28561882408240247,0.3504764481767051,0.3596045416678614,0.0,0.24235735356772384,0.387585788251563,0.3213469530216947
Costa Rica Indice Accionario,0.2447355959921055,0.2325345389292579,0.25570704143905587,0.24270265135482977,0.2434278949032963,0.24235735356772384,0.0,0.25365060648735727,0.2583116170232978
加拿大多伦多S&P/TSX 综合指数,0.36825354789852405,0.2980428558809241,0.3209849891423317,0.2964376012225087,0.3097712537625398,0.387585788251563,0.25365060648735727,0.0,0.3120509726003403
S&P CLX IPSA,0.3228696031451578,0.25760796657033275,0.3267124176515311,0.27952579037687203,0.2915135701128602,0.3213469530216947,0.2583116170232978,0.3120509726003403,0.0
