,比利时BFX,日经225,墨西哥BOLSA,恒生指数,韩国综合指数,荷兰AEX,Costa Rica Indice Accionario,加拿大多伦多S&P/TSX 综合指数,S&P CLX IPSA
比利时BFX,0.0,0.32948534391925427,0.29606638406844765,0.3582703756162322,0.3582992436290943,0.5698772376608515,0.24171752027679708,0.354769640813897,0.3270921185564199
日经225,0.32948534391925427,0.0,0.24757211085172873,0.37494602683295686,0.43701898226235086,0.31147715480544064,0.24093722640095894,0.29769716038471766,0.27861893373065905
墨西哥BOLSA,0.29606638406844765,0.24757211085172873,0.0,0.25806064154762093,0.2746713029103539,0.2940937942539666,0.27223984115822686,0.3142511972466636,0.323681740971771
恒生指数,0.3582703756162322,0.37494602683295686,0.25806064154762093,0.0,0.45005867714121406,0.338868754979122,0.24557787782681104,0.2961117457361431,0.2889340099732977
韩国综合指数,0.3582992436290943,0.43701898226235086,0.2746713029103539,0.45005867714121406,0.0,0.3443580225683018,0.25099032796811666,0.3029606495893505,0.2918827254492957
荷兰AEX,0.5698772376608515,0.31147715480544064,0.2940937942539666,0.338868754979122,0.3443580225683018,0.0,0.2371466205230426,0.37879363835024177,0.33322500474750527
Costa Rica Indice Accionario,0.24171752027679708,0.24093722640095894,0.27223984115822686,0.24557787782681104,0.25099032796811666,0.2371466205230426,0.0,0.25378217941986425,0.24641264754030195
加拿大多伦多S&P/TSX 综合指数,0.354769640813897,0.29769716038471766,0.3142511972466636,0.2961117457361431,0.3029606495893505,0.37879363835024177,0.25378217941986425,0.0,0.32682909032044527
S&P CLX IPSA,0.3270921185564199,0.27861893373065905,0.323681740971771,0.2889340099732977,0.2918827254492957,0.33322500474750527,0.24641264754030195,0.32682909032044527,0.0
