,比利时BFX,日经225,墨西哥BOLSA,恒生指数,韩国综合指数,荷兰AEX,Costa Rica Indice Accionario,加拿大多伦多S&P/TSX 综合指数,S&P CLX IPSA
比利时BFX,0.0,0.3293180991146915,0.2962348020947804,0.3574339869260094,0.3597826999882269,0.5805178324372658,0.24099025892307743,0.35315374622793777,0.33112989602192844
日经225,0.3293180991146915,0.0,0.2464888348534894,0.3745405301469623,0.43636045343054747,0.3129222498193666,0.2409005530892613,0.2967762443920539,0.27841381352061145
墨西哥BOLSA,0.2962348020947804,0.2464888348534894,0.0,0.25737710146955456,0.2734940254578711,0.29147693602321145,0.2728424366520878,0.3124014088388063,0.3203959227867503
恒生指数,0.3574339869260094,0.3745405301469623,0.25737710146955456,0.0,0.45182997372938094,0.3377639752232668,0.24510147425011133,0.2955265413109582,0.28725955926445274
韩国综合指数,0.3597826999882269,0.43636045343054747,0.2734940254578711,0.45182997372938094,0.0,0.3448424418816491,0.25075190359058214,0.3004732033279993,0.2890303481899849
荷兰AEX,0.5805178324372658,0.3129222498193666,0.29147693602321145,0.3377639752232668,0.3448424418816491,0.0,0.23548697536004673,0.37984295179859023,0.333172797086756
Costa Rica Indice Accionario,0.24099025892307743,0.2409005530892613,0.2728424366520878,0.24510147425011133,0.25075190359058214,0.23548697536004673,0.0,0.2533551265410547,0.2461285283462378
加拿大多伦多S&P/TSX 综合指数,0.35315374622793777,0.2967762443920539,0.3124014088388063,0.2955265413109582,0.3004732033279993,0.37984295179859023,0.2533551265410547,0.0,0.327716392346923
S&P CLX IPSA,0.33112989602192844,0.27841381352061145,0.3203959227867503,0.28725955926445274,0.2890303481899849,0.333172797086756,0.2461285283462378,0.327716392346923,0.0
