,比利时BFX,日经225,墨西哥BOLSA,恒生指数,韩国综合指数,荷兰AEX,Costa Rica Indice Accionario,加拿大多伦多S&P/TSX 综合指数,S&P CLX IPSA
比利时BFX,0.0,0.3253679543195238,0.29120127028262494,0.34422802072451497,0.35915464344393166,0.576569682933158,0.2515095412987988,0.3496124831817991,0.3343052166890917
日经225,0.3253679543195238,0.0,0.2495377632382261,0.3652586511746319,0.4421232766209118,0.31591400760259436,0.2406351030844415,0.29488240079635436,0.2805114388171045
墨西哥BOLSA,0.29120127028262494,0.2495377632382261,0.0,0.25869543751084045,0.27745451044897546,0.28903821556423015,0.2811405596165722,0.30292147335965847,0.3190937969920896
恒生指数,0.34422802072451497,0.3652586511746319,0.25869543751084045,0.0,0.4366206596045986,0.32709891744424424,0.2496793110110285,0.2826364202762726,0.2856968125997662
韩国综合指数,0.35915464344393166,0.4421232766209118,0.27745451044897546,0.4366206596045986,0.0,0.3441093071833619,0.2547206637210466,0.29797162994188225,0.29529018094532855
荷兰AEX,0.576569682933158,0.31591400760259436,0.28903821556423015,0.32709891744424424,0.3441093071833619,0.0,0.245475993311749,0.3752608107634143,0.33955219332045206
Costa Rica Indice Accionario,0.2515095412987988,0.2406351030844415,0.2811405596165722,0.2496793110110285,0.2547206637210466,0.245475993311749,0.0,0.25368066803609407,0.24688067111690132
加拿大多伦多S&P/TSX 综合指数,0.3496124831817991,0.29488240079635436,0.30292147335965847,0.2826364202762726,0.29797162994188225,0.3752608107634143,0.25368066803609407,0.0,0.3260278825229063
S&P CLX IPSA,0.3343052166890917,0.2805114388171045,0.3190937969920896,0.2856968125997662,0.29529018094532855,0.33955219332045206,0.24688067111690132,0.3260278825229063,0.0
