,比利时BFX,日经225,墨西哥BOLSA,恒生指数,韩国综合指数,荷兰AEX,Costa Rica Indice Accionario,加拿大多伦多S&P/TSX 综合指数,S&P CLX IPSA
比利时BFX,0.0,0.31330977070293015,0.3309901516503455,0.3347771589564803,0.3228089733581798,0.5739398194467032,0.2591197938526009,0.40787502597707087,0.30733977577456556
日经225,0.31330977070293015,0.0,0.27637043379635334,0.3747134746664364,0.39904073196332257,0.30894110929953905,0.23419982640485132,0.2712506273601816,0.2578702975692656
墨西哥BOLSA,0.3309901516503455,0.27637043379635334,0.0,0.28867149261739883,0.27522283503903067,0.32431681343296026,0.2345801524406565,0.3250944254446709,0.31248412635965284
恒生指数,0.3347771589564803,0.3747134746664364,0.28867149261739883,0.0,0.4137873964331383,0.3265866577462994,0.24401501284976468,0.27553138801444793,0.27629246899490517
韩国综合指数,0.3228089733581798,0.39904073196332257,0.27522283503903067,0.4137873964331383,0.0,0.3237671225496016,0.24118879331024093,0.2750385664739763,0.28845936439924025
荷兰AEX,0.5739398194467032,0.30894110929953905,0.32431681343296026,0.3265866577462994,0.3237671225496016,0.0,0.25596586188426806,0.4327155221409984,0.3001421003733503
Costa Rica Indice Accionario,0.2591197938526009,0.23419982640485132,0.2345801524406565,0.24401501284976468,0.24118879331024093,0.25596586188426806,0.0,0.2510763759832611,0.25666494165354364
加拿大多伦多S&P/TSX 综合指数,0.40787502597707087,0.2712506273601816,0.3250944254446709,0.27553138801444793,0.2750385664739763,0.4327155221409984,0.2510763759832611,0.0,0.271593076521727
S&P CLX IPSA,0.30733977577456556,0.2578702975692656,0.31248412635965284,0.27629246899490517,0.28845936439924025,0.3001421003733503,0.25666494165354364,0.271593076521727,0.0
