,比利时BFX,日经225,墨西哥BOLSA,恒生指数,韩国综合指数,荷兰AEX,Costa Rica Indice Accionario,加拿大多伦多S&P/TSX 综合指数,S&P CLX IPSA
比利时BFX,0.0,0.3171052390848372,0.32346681270263933,0.35067358989301334,0.33293546732250945,0.5679066169475074,0.24838045613984963,0.37383691278004777,0.33957327667103654
日经225,0.3171052390848372,0.0,0.2631177597453161,0.36568081327655294,0.39576232190488775,0.31067273642246573,0.2331703949340866,0.2780775049098046,0.2617199602520942
墨西哥BOLSA,0.32346681270263933,0.2631177597453161,0.0,0.2750874144871193,0.26845255345825675,0.31616799262746476,0.2367313149449848,0.32650061409006104,0.363302551865085
恒生指数,0.35067358989301334,0.36568081327655294,0.2750874144871193,0.0,0.4274933477674712,0.3504632939352098,0.24258413814177748,0.2826121056249458,0.2897545133377225
韩国综合指数,0.33293546732250945,0.39576232190488775,0.26845255345825675,0.4274933477674712,0.0,0.32990172052543254,0.24675993112380976,0.27398922380360563,0.3021238370075654
荷兰AEX,0.5679066169475074,0.31067273642246573,0.31616799262746476,0.3504632939352098,0.32990172052543254,0.0,0.24744840342401372,0.3996665319779373,0.3400303899274157
Costa Rica Indice Accionario,0.24838045613984963,0.2331703949340866,0.2367313149449848,0.24258413814177748,0.24675993112380976,0.24744840342401372,0.0,0.24499627082899253,0.27189582100852605
加拿大多伦多S&P/TSX 综合指数,0.37383691278004777,0.2780775049098046,0.32650061409006104,0.2826121056249458,0.27398922380360563,0.3996665319779373,0.24499627082899253,0.0,0.32674637464299605
S&P CLX IPSA,0.33957327667103654,0.2617199602520942,0.363302551865085,0.2897545133377225,0.3021238370075654,0.3400303899274157,0.27189582100852605,0.32674637464299605,0.0
