,比利时BFX,日经225,墨西哥BOLSA,恒生指数,韩国综合指数,荷兰AEX,Costa Rica Indice Accionario,加拿大多伦多S&P/TSX 综合指数,S&P CLX IPSA
比利时BFX,0.0,0.3268365599074721,0.2990426472408011,0.3608253091573499,0.362763518817499,0.5743014951700921,0.24753515459604647,0.35328204149162873,0.3323967286061016
日经225,0.3268365599074721,0.0,0.24901094409473626,0.3705764322334796,0.4331357268802514,0.3130464287150934,0.2404424478016213,0.2983059050238525,0.27934544808878303
墨西哥BOLSA,0.2990426472408011,0.24901094409473626,0.0,0.26197272600759364,0.27631826785521824,0.2931818369357782,0.28026354474000564,0.30939345299766097,0.3208096663521349
恒生指数,0.3608253091573499,0.3705764322334796,0.26197272600759364,0.0,0.447483644034924,0.3401359436810535,0.2509150737189421,0.2968360902813218,0.29431318743201584
韩国综合指数,0.362763518817499,0.4331357268802514,0.27631826785521824,0.447483644034924,0.0,0.34860970834245764,0.25503963734388274,0.3012032805417319,0.29442315745833336
荷兰AEX,0.5743014951700921,0.3130464287150934,0.2931818369357782,0.3401359436810535,0.34860970834245764,0.0,0.24082013203192004,0.3837299456163421,0.3363135107022045
Costa Rica Indice Accionario,0.24753515459604647,0.2404424478016213,0.28026354474000564,0.2509150737189421,0.25503963734388274,0.24082013203192004,0.0,0.2502476294529747,0.24719387646831964
加拿大多伦多S&P/TSX 综合指数,0.35328204149162873,0.2983059050238525,0.30939345299766097,0.2968360902813218,0.3012032805417319,0.3837299456163421,0.2502476294529747,0.0,0.3260401235826702
S&P CLX IPSA,0.3323967286061016,0.27934544808878303,0.3208096663521349,0.29431318743201584,0.29442315745833336,0.3363135107022045,0.24719387646831964,0.3260401235826702,0.0
