,比利时BFX,日经225,墨西哥BOLSA,恒生指数,韩国综合指数,荷兰AEX,Costa Rica Indice Accionario,加拿大多伦多S&P/TSX 综合指数,S&P CLX IPSA
比利时BFX,0.0,0.31699931832334804,0.3244759908740581,0.35142183786607467,0.3317665202406626,0.5677779337090311,0.24823427890039385,0.3722829992416391,0.3401473201934434
日经225,0.31699931832334804,0.0,0.26176170027412354,0.3645695104505605,0.39592994606808446,0.3113935170158351,0.23352535015099465,0.27965402495210606,0.25872544537122016
墨西哥BOLSA,0.3244759908740581,0.26176170027412354,0.0,0.27317156837350054,0.26769085119363484,0.3180016541121197,0.23700918658576445,0.32899313468311214,0.3583136438600293
恒生指数,0.35142183786607467,0.3645695104505605,0.27317156837350054,0.0,0.426103104853793,0.3521151787142491,0.24284568032444917,0.28384208995521315,0.28703283603921065
韩国综合指数,0.3317665202406626,0.39592994606808446,0.26769085119363484,0.426103104853793,0.0,0.3299191965777108,0.24731242428655145,0.27600663050079827,0.29634104062535505
荷兰AEX,0.5677779337090311,0.3113935170158351,0.3180016541121197,0.3521151787142491,0.3299191965777108,0.0,0.24737509266785937,0.39852205838549437,0.34011916541344
Costa Rica Indice Accionario,0.24823427890039385,0.23352535015099465,0.23700918658576445,0.24284568032444917,0.24731242428655145,0.24737509266785937,0.0,0.24527281332537956,0.271078904565247
加拿大多伦多S&P/TSX 综合指数,0.3722829992416391,0.27965402495210606,0.32899313468311214,0.28384208995521315,0.27600663050079827,0.39852205838549437,0.24527281332537956,0.0,0.323140752954308
S&P CLX IPSA,0.3401473201934434,0.25872544537122016,0.3583136438600293,0.28703283603921065,0.29634104062535505,0.34011916541344,0.271078904565247,0.323140752954308,0.0
