,比利时BFX,日经225,墨西哥BOLSA,恒生指数,韩国综合指数,荷兰AEX,Costa Rica Indice Accionario,加拿大多伦多S&P/TSX 综合指数,S&P CLX IPSA
比利时BFX,0.0,0.33129759675706183,0.28764378476783276,0.36803416828943514,0.3643525695146892,0.584064898826352,0.24472757149871405,0.37055985464302454,0.3186136747583409
日经225,0.33129759675706183,0.0,0.24292168036174036,0.3840055622085594,0.42637805305023596,0.3138726612543143,0.23261627139786975,0.2971563675855084,0.2547363683242738
墨西哥BOLSA,0.28764378476783276,0.24292168036174036,0.0,0.25109662059463567,0.26777870954773014,0.28692884689876474,0.2570031274899201,0.31903790778530894,0.32791297511857825
恒生指数,0.36803416828943514,0.3840055622085594,0.25109662059463567,0.0,0.47363742223740257,0.3526625652561926,0.24271804225689797,0.30022411299378354,0.270770971163735
韩国综合指数,0.3643525695146892,0.42637805305023596,0.26777870954773014,0.47363742223740257,0.0,0.3535766698279255,0.24343142598175976,0.30645245713789315,0.28992640857599905
荷兰AEX,0.584064898826352,0.3138726612543143,0.28692884689876474,0.3526625652561926,0.3535766698279255,0.0,0.2432000120316329,0.38680788387872334,0.32133609335187313
Costa Rica Indice Accionario,0.24472757149871405,0.23261627139786975,0.2570031274899201,0.24271804225689797,0.24343142598175976,0.2432000120316329,0.0,0.2531162026281355,0.25751332563333185
加拿大多伦多S&P/TSX 综合指数,0.37055985464302454,0.2971563675855084,0.31903790778530894,0.30022411299378354,0.30645245713789315,0.38680788387872334,0.2531162026281355,0.0,0.31507841792272634
S&P CLX IPSA,0.3186136747583409,0.2547363683242738,0.32791297511857825,0.270770971163735,0.28992640857599905,0.32133609335187313,0.25751332563333185,0.31507841792272634,0.0
