,比利时BFX,日经225,墨西哥BOLSA,恒生指数,韩国综合指数,荷兰AEX,Costa Rica Indice Accionario,加拿大多伦多S&P/TSX 综合指数,S&P CLX IPSA
比利时BFX,0.0,0.3169731534387626,0.33509203531367376,0.3380472107511032,0.3227435725734116,0.563926799078633,0.25902708836354693,0.40577361677348694,0.30591346708220746
日经225,0.3169731534387626,0.0,0.27021953961549106,0.36875084945116543,0.396038051302754,0.3087354289624859,0.23322429941672887,0.27089655579756716,0.25454441512554715
墨西哥BOLSA,0.33509203531367376,0.27021953961549106,0.0,0.2810751912467609,0.27242679716150864,0.3276397230136458,0.23388807162980263,0.32633191216109936,0.3107922314855292
恒生指数,0.3380472107511032,0.36875084945116543,0.2810751912467609,0.0,0.40468051347859535,0.328192142352826,0.24361067702138928,0.2757078103916696,0.2723126436788597
韩国综合指数,0.3227435725734116,0.396038051302754,0.27242679716150864,0.40468051347859535,0.0,0.323662473645367,0.2404662853192183,0.2762213755086764,0.28766109512515387
荷兰AEX,0.563926799078633,0.3087354289624859,0.3276397230136458,0.328192142352826,0.323662473645367,0.0,0.25559918166539053,0.4270099938814195,0.2993563303574211
Costa Rica Indice Accionario,0.25902708836354693,0.23322429941672887,0.23388807162980263,0.24361067702138928,0.2404662853192183,0.25559918166539053,0.0,0.25093171660614183,0.2564265176481729
加拿大多伦多S&P/TSX 综合指数,0.40577361677348694,0.27089655579756716,0.32633191216109936,0.2757078103916696,0.2762213755086764,0.4270099938814195,0.25093171660614183,0.0,0.2723148178062095
S&P CLX IPSA,0.30591346708220746,0.25454441512554715,0.3107922314855292,0.2723126436788597,0.28766109512515387,0.2993563303574211,0.2564265176481729,0.2723148178062095,0.0
