,比利时BFX,日经225,墨西哥BOLSA,恒生指数,韩国综合指数,荷兰AEX,Costa Rica Indice Accionario,加拿大多伦多S&P/TSX 综合指数,S&P CLX IPSA
比利时BFX,0.0,0.3341500096672506,0.28880976543010056,0.36469852495544,0.3671290807443751,0.5778319198097406,0.2427091094106319,0.3694753289292533,0.3204619759914862
日经225,0.3341500096672506,0.0,0.2441691347734944,0.38070014827465876,0.4242558888055236,0.31458383566399367,0.23327272935505688,0.2987171745551851,0.25733807165656136
墨西哥BOLSA,0.28880976543010056,0.2441691347734944,0.0,0.25387817998747353,0.2675505432377781,0.28691709960870887,0.25880510556431285,0.3247075492718454,0.3293489416736443
恒生指数,0.36469852495544,0.38070014827465876,0.25387817998747353,0.0,0.4583477393946142,0.3509917224315266,0.24546837119688303,0.2950762790581465,0.27993275039868526
韩国综合指数,0.3671290807443751,0.4242558888055236,0.2675505432377781,0.4583477393946142,0.0,0.3549463304043881,0.24700801403129624,0.30728269792317675,0.2903247099996851
荷兰AEX,0.5778319198097406,0.31458383566399367,0.28691709960870887,0.3509917224315266,0.3549463304043881,0.0,0.23962225364130432,0.3882520481286497,0.31839425513320396
Costa Rica Indice Accionario,0.2427091094106319,0.23327272935505688,0.25880510556431285,0.24546837119688303,0.24700801403129624,0.23962225364130432,0.0,0.2506342898080921,0.2602666891268674
加拿大多伦多S&P/TSX 综合指数,0.3694753289292533,0.2987171745551851,0.3247075492718454,0.2950762790581465,0.30728269792317675,0.3882520481286497,0.2506342898080921,0.0,0.3122066135452012
S&P CLX IPSA,0.3204619759914862,0.25733807165656136,0.3293489416736443,0.27993275039868526,0.2903247099996851,0.31839425513320396,0.2602666891268674,0.3122066135452012,0.0
