,比利时BFX,日经225,墨西哥BOLSA,恒生指数,韩国综合指数,荷兰AEX,Costa Rica Indice Accionario,加拿大多伦多S&P/TSX 综合指数,S&P CLX IPSA
比利时BFX,0.0,0.3272978771211725,0.29589306017235484,0.3496620591624298,0.36162091032896854,0.574944909339858,0.25152267952709984,0.3563323439497147,0.3355048984336547
日经225,0.3272978771211725,0.0,0.24918123780553791,0.3627200811990376,0.43808561135960294,0.31384136350729896,0.24067714987919311,0.29825611630071946,0.2796804063709394
墨西哥BOLSA,0.29589306017235484,0.24918123780553791,0.0,0.25659334522554283,0.274248367786008,0.2916130451909456,0.28191747063341727,0.3032936064364442,0.3221181573145292
恒生指数,0.3496620591624298,0.3627200811990376,0.25659334522554283,0.0,0.4364018654210497,0.33014578435370007,0.2505284342845534,0.2862448010411254,0.2882310101269784
韩国综合指数,0.36162091032896854,0.43808561135960294,0.274248367786008,0.4364018654210497,0.0,0.34589514934288823,0.25522788758241566,0.30100374326279705,0.29744449940503864
荷兰AEX,0.574944909339858,0.31384136350729896,0.2916130451909456,0.33014578435370007,0.34589514934288823,0.0,0.24538757693347335,0.38206872918215995,0.3392597067413269
Costa Rica Indice Accionario,0.25152267952709984,0.24067714987919311,0.28191747063341727,0.2505284342845534,0.25522788758241566,0.24538757693347335,0.0,0.25439494300026294,0.24728636711975396
加拿大多伦多S&P/TSX 综合指数,0.3563323439497147,0.29825611630071946,0.3032936064364442,0.2862448010411254,0.30100374326279705,0.38206872918215995,0.25439494300026294,0.0,0.33321245947074457
S&P CLX IPSA,0.3355048984336547,0.2796804063709394,0.3221181573145292,0.2882310101269784,0.29744449940503864,0.3392597067413269,0.24728636711975396,0.33321245947074457,0.0
