,比利时BFX,日经225,墨西哥BOLSA,恒生指数,韩国综合指数,荷兰AEX,Costa Rica Indice Accionario,加拿大多伦多S&P/TSX 综合指数,S&P CLX IPSA
比利时BFX,0.0,0.32552406028266323,0.2990514226774361,0.3572777902190637,0.3606167735747635,0.5725619686286106,0.25026465317364904,0.3508475957496808,0.33528715619893207
日经225,0.32552406028266323,0.0,0.24791265096735046,0.3685046232660636,0.43862106494662995,0.31246916893683185,0.24032908895689017,0.2980324098421925,0.2787913533364661
墨西哥BOLSA,0.2990514226774361,0.24791265096735046,0.0,0.2600026022032795,0.27699916190276525,0.293005523576054,0.2826334013035183,0.30890635552842,0.324452506826107
恒生指数,0.3572777902190637,0.3685046232660636,0.2600026022032795,0.0,0.44203572917160244,0.3365389258489673,0.24980718643934435,0.2910557121586818,0.2926893423902968
韩国综合指数,0.3606167735747635,0.43862106494662995,0.27699916190276525,0.44203572917160244,0.0,0.3451045751286071,0.25524996403946315,0.3005827998761418,0.2972576507856419
荷兰AEX,0.5725619686286106,0.31246916893683185,0.293005523576054,0.3365389258489673,0.3451045751286071,0.0,0.24342497370968988,0.37944952981503866,0.33948146809538576
Costa Rica Indice Accionario,0.25026465317364904,0.24032908895689017,0.2826334013035183,0.24980718643934435,0.25524996403946315,0.24342497370968988,0.0,0.2517984556180013,0.24663143958427042
加拿大多伦多S&P/TSX 综合指数,0.3508475957496808,0.2980324098421925,0.30890635552842,0.2910557121586818,0.3005827998761418,0.37944952981503866,0.2517984556180013,0.0,0.33061177168987466
S&P CLX IPSA,0.33528715619893207,0.2787913533364661,0.324452506826107,0.2926893423902968,0.2972576507856419,0.33948146809538576,0.24663143958427042,0.33061177168987466,0.0
