,比利时BFX,日经225,墨西哥BOLSA,恒生指数,韩国综合指数,荷兰AEX,Costa Rica Indice Accionario,加拿大多伦多S&P/TSX 综合指数,S&P CLX IPSA
比利时BFX,0.0,0.3274621827930921,0.29407450829339404,0.34526018878902237,0.35885095559949143,0.5747435135525657,0.2516945379643334,0.35255074178577056,0.334825058407493
日经225,0.3274621827930921,0.0,0.25015913972799203,0.3647723755925677,0.439466920375333,0.3170343805149196,0.24074386292810507,0.29516269496067726,0.28233743834510844
墨西哥BOLSA,0.29407450829339404,0.25015913972799203,0.0,0.25844194318678165,0.27562027347134394,0.29019087147978384,0.2812100686129748,0.30388574115706246,0.32204184122984975
恒生指数,0.34526018878902237,0.3647723755925677,0.25844194318678165,0.0,0.43541097724559097,0.3280386967453323,0.24971422355788409,0.2822364070302904,0.2869840720715429
韩国综合指数,0.35885095559949143,0.439466920375333,0.27562027347134394,0.43541097724559097,0.0,0.34499218007390164,0.25465726744054534,0.2962360158639003,0.2962615838631502
荷兰AEX,0.5747435135525657,0.3170343805149196,0.29019087147978384,0.3280386967453323,0.34499218007390164,0.0,0.24554874295341225,0.3769650586482364,0.33941549967739676
Costa Rica Indice Accionario,0.2516945379643334,0.24074386292810507,0.2812100686129748,0.24971422355788409,0.25465726744054534,0.24554874295341225,0.0,0.25382379416505474,0.24703035260315456
加拿大多伦多S&P/TSX 综合指数,0.35255074178577056,0.29516269496067726,0.30388574115706246,0.2822364070302904,0.2962360158639003,0.3769650586482364,0.25382379416505474,0.0,0.3288899198835001
S&P CLX IPSA,0.334825058407493,0.28233743834510844,0.32204184122984975,0.2869840720715429,0.2962615838631502,0.33941549967739676,0.24703035260315456,0.3288899198835001,0.0
