,比利时BFX,日经225,墨西哥BOLSA,恒生指数,韩国综合指数,荷兰AEX,Costa Rica Indice Accionario,加拿大多伦多S&P/TSX 综合指数,S&P CLX IPSA
比利时BFX,0.0,0.32823998960055323,0.2818978519405046,0.3709540082998798,0.34729382102107387,0.5948854332015839,0.2513938218416498,0.35648166079227483,0.3246283738146199
日经225,0.32823998960055323,0.0,0.24563627746374264,0.38110505933191124,0.41025644684307383,0.3260412630377203,0.2360760620916252,0.29778650112870353,0.2579329679656485
墨西哥BOLSA,0.2818978519405046,0.24563627746374264,0.0,0.25214098124798967,0.2594580425970754,0.2760793733106012,0.2590072001333752,0.3089433021245482,0.33192487216494904
恒生指数,0.3709540082998798,0.38110505933191124,0.25214098124798967,0.0,0.4535860720671178,0.3662802525905357,0.24897754297821917,0.2957007722210948,0.2872512916882477
韩国综合指数,0.34729382102107387,0.41025644684307383,0.2594580425970754,0.4535860720671178,0.0,0.3457533697858568,0.25123099098792995,0.2899955059399246,0.2964990685150094
荷兰AEX,0.5948854332015839,0.3260412630377203,0.2760793733106012,0.3662802525905357,0.3457533697858568,0.0,0.2499738260289408,0.3760030812568401,0.33232808042517265
Costa Rica Indice Accionario,0.2513938218416498,0.2360760620916252,0.2590072001333752,0.24897754297821917,0.25123099098792995,0.2499738260289408,0.0,0.2568684635175234,0.26392828619169845
加拿大多伦多S&P/TSX 综合指数,0.35648166079227483,0.29778650112870353,0.3089433021245482,0.2957007722210948,0.2899955059399246,0.3760030812568401,0.2568684635175234,0.0,0.31369436148761276
S&P CLX IPSA,0.3246283738146199,0.2579329679656485,0.33192487216494904,0.2872512916882477,0.2964990685150094,0.33232808042517265,0.26392828619169845,0.31369436148761276,0.0
