,比利时BFX,日经225,墨西哥BOLSA,恒生指数,韩国综合指数,荷兰AEX,Costa Rica Indice Accionario,加拿大多伦多S&P/TSX 综合指数,S&P CLX IPSA
比利时BFX,0.0,0.3264154366978672,0.2963058214589283,0.36562168420097213,0.34909756021537675,0.6027962096932524,0.2501944035659199,0.3767627659808793,0.3427423798622061
日经225,0.3264154366978672,0.0,0.26481052551311574,0.3745443313547695,0.39958806254131124,0.3193531282952546,0.2330144152460766,0.2900860543325997,0.25736738699582495
墨西哥BOLSA,0.2963058214589283,0.26481052551311574,0.0,0.26006669994669873,0.2631556815282552,0.2871094147758731,0.2442014529832262,0.3140907651728889,0.33287299516515706
恒生指数,0.36562168420097213,0.3745443313547695,0.26006669994669873,0.0,0.4437731333618714,0.3655288250897948,0.23873532145256,0.29976883518207553,0.29484164662314233
韩国综合指数,0.34909756021537675,0.39958806254131124,0.2631556815282552,0.4437731333618714,0.0,0.34328559288773247,0.24347928407178757,0.28183242065723746,0.29901255297282997
荷兰AEX,0.6027962096932524,0.3193531282952546,0.2871094147758731,0.3655288250897948,0.34328559288773247,0.0,0.24981365964864363,0.3906392595509997,0.3419869161183222
Costa Rica Indice Accionario,0.2501944035659199,0.2330144152460766,0.2442014529832262,0.23873532145256,0.24347928407178757,0.24981365964864363,0.0,0.2478473080713476,0.27116890958106027
加拿大多伦多S&P/TSX 综合指数,0.3767627659808793,0.2900860543325997,0.3140907651728889,0.29976883518207553,0.28183242065723746,0.3906392595509997,0.2478473080713476,0.0,0.3263909716634787
S&P CLX IPSA,0.3427423798622061,0.25736738699582495,0.33287299516515706,0.29484164662314233,0.29901255297282997,0.3419869161183222,0.27116890958106027,0.3263909716634787,0.0
