,比利时BFX,日经225,墨西哥BOLSA,恒生指数,韩国综合指数,荷兰AEX,Costa Rica Indice Accionario,加拿大多伦多S&P/TSX 综合指数,S&P CLX IPSA
比利时BFX,0.0,0.3316652311795858,0.3144273739994968,0.3628785362238028,0.3455721784246298,0.5938209687789476,0.24920106346308973,0.37892546572633085,0.34182738630322107
日经225,0.3316652311795858,0.0,0.2650541746531813,0.3745776537872073,0.4061756963354008,0.32648448720389517,0.23485482573540012,0.2856675176142218,0.26754601207271406
墨西哥BOLSA,0.3144273739994968,0.2650541746531813,0.0,0.27558139467240944,0.2686557160795467,0.3101331109918232,0.23742892507527616,0.32373441492063637,0.36178875113140163
恒生指数,0.3628785362238028,0.3745776537872073,0.27558139467240944,0.0,0.4345143944111917,0.36138449318989846,0.24140202283385348,0.29207462762669784,0.293914512184617
韩国综合指数,0.3455721784246298,0.4061756963354008,0.2686557160795467,0.4345143944111917,0.0,0.3426065785197796,0.24563630491361996,0.28125509442995855,0.3080475771325967
荷兰AEX,0.5938209687789476,0.32648448720389517,0.3101331109918232,0.36138449318989846,0.3426065785197796,0.0,0.24818347707011537,0.40232069770123474,0.34167546190685727
Costa Rica Indice Accionario,0.24920106346308973,0.23485482573540012,0.23742892507527616,0.24140202283385348,0.24563630491361996,0.24818347707011537,0.0,0.24460658789500164,0.27322512827697276
加拿大多伦多S&P/TSX 综合指数,0.37892546572633085,0.2856675176142218,0.32373441492063637,0.29207462762669784,0.28125509442995855,0.40232069770123474,0.24460658789500164,0.0,0.3279425966273525
S&P CLX IPSA,0.34182738630322107,0.26754601207271406,0.36178875113140163,0.293914512184617,0.3080475771325967,0.34167546190685727,0.27322512827697276,0.3279425966273525,0.0
