,比利时BFX,日经225,墨西哥BOLSA,恒生指数,韩国综合指数,荷兰AEX,Costa Rica Indice Accionario,加拿大多伦多S&P/TSX 综合指数,S&P CLX IPSA
比利时BFX,0.0,0.33445894585425384,0.293163876988315,0.37140315037661054,0.3618977770819702,0.56956170480235,0.2413062755181597,0.3539887393559456,0.31597043102269495
日经225,0.33445894585425384,0.0,0.24620334902495145,0.37948534524310634,0.4405642651898219,0.31464669447580706,0.24056900691084182,0.29791327267347206,0.26577129136485245
墨西哥BOLSA,0.293163876988315,0.24620334902495145,0.0,0.26069464075205195,0.2700989961635899,0.29125426312726554,0.26385417723544163,0.3208963297590728,0.322988424979458
恒生指数,0.37140315037661054,0.37948534524310634,0.26069464075205195,0.0,0.46915389163830795,0.3530455776436523,0.24954840636093611,0.2948832544137134,0.28334899271207653
韩国综合指数,0.3618977770819702,0.4405642651898219,0.2700989961635899,0.46915389163830795,0.0,0.3511026474642138,0.24982386239959084,0.3048819026998811,0.2854442936602416
荷兰AEX,0.56956170480235,0.31464669447580706,0.29125426312726554,0.3530455776436523,0.3511026474642138,0.0,0.24004314308709776,0.3771619800697472,0.32294033025769064
Costa Rica Indice Accionario,0.2413062755181597,0.24056900691084182,0.26385417723544163,0.24954840636093611,0.24982386239959084,0.24004314308709776,0.0,0.25034494423937065,0.25649386524774737
加拿大多伦多S&P/TSX 综合指数,0.3539887393559456,0.29791327267347206,0.3208963297590728,0.2948832544137134,0.3048819026998811,0.3771619800697472,0.25034494423937065,0.0,0.3234373765835621
S&P CLX IPSA,0.31597043102269495,0.26577129136485245,0.322988424979458,0.28334899271207653,0.2854442936602416,0.32294033025769064,0.25649386524774737,0.3234373765835621,0.0
