,比利时BFX,日经225,墨西哥BOLSA,恒生指数,韩国综合指数,荷兰AEX,Costa Rica Indice Accionario,加拿大多伦多S&P/TSX 综合指数,S&P CLX IPSA
比利时BFX,0.0,0.3318297820206522,0.2872736635142021,0.3673645384846871,0.3709882280707576,0.5843524703783924,0.24442359672485667,0.36899494820412104,0.32180987927651267
日经225,0.3318297820206522,0.0,0.24335831976019723,0.3879977409737192,0.4270619197026758,0.31216227656035633,0.23199142377225612,0.29765599069757975,0.25757630717101093
墨西哥BOLSA,0.2872736635142021,0.24335831976019723,0.0,0.25182453898181006,0.268739962472438,0.2856902084624768,0.255987233980723,0.32131300388447614,0.32587699224090383
恒生指数,0.3673645384846871,0.3879977409737192,0.25182453898181006,0.0,0.4671164391844338,0.34978006390207445,0.24232505036552254,0.29626904710576635,0.27988308555370417
韩国综合指数,0.3709882280707576,0.4270619197026758,0.268739962472438,0.4671164391844338,0.0,0.3591804411021917,0.24316466162040884,0.30970677368052557,0.29150450727346927
荷兰AEX,0.5843524703783924,0.31216227656035633,0.2856902084624768,0.34978006390207445,0.3591804411021917,0.0,0.24241160589558422,0.3877253362214699,0.32171656553173855
Costa Rica Indice Accionario,0.24442359672485667,0.23199142377225612,0.255987233980723,0.24232505036552254,0.24316466162040884,0.24241160589558422,0.0,0.2536194288058905,0.25816110668129444
加拿大多伦多S&P/TSX 综合指数,0.36899494820412104,0.29765599069757975,0.32131300388447614,0.29626904710576635,0.30970677368052557,0.3877253362214699,0.2536194288058905,0.0,0.3134914178300747
S&P CLX IPSA,0.32180987927651267,0.25757630717101093,0.32587699224090383,0.27988308555370417,0.29150450727346927,0.32171656553173855,0.25816110668129444,0.3134914178300747,0.0
