,比利时BFX,日经225,墨西哥BOLSA,恒生指数,韩国综合指数,荷兰AEX,Costa Rica Indice Accionario,加拿大多伦多S&P/TSX 综合指数,S&P CLX IPSA
比利时BFX,0.0,0.32162525836877454,0.3353214888280526,0.33277075666808587,0.3154932024882383,0.5646858976644333,0.2510425920137505,0.3986056282240448,0.3172566248387756
日经225,0.32162525836877454,0.0,0.27092100881406134,0.3730872464117133,0.39575132993907647,0.31267946657867324,0.2337345964668012,0.2746765598548103,0.2629919936371299
墨西哥BOLSA,0.3353214888280526,0.27092100881406134,0.0,0.2764349835360173,0.2701670347535979,0.32973007319782016,0.23438894734503352,0.33292834502457436,0.32943377149090597
恒生指数,0.33277075666808587,0.3730872464117133,0.2764349835360173,0.0,0.4028505030092179,0.3306795856691633,0.2408189566666646,0.27155411360626697,0.28571555184438147
韩国综合指数,0.3154932024882383,0.39575132993907647,0.2701670347535979,0.4028505030092179,0.0,0.31665189564891105,0.2387849407810683,0.27129670693883107,0.286545098225897
荷兰AEX,0.5646858976644333,0.31267946657867324,0.32973007319782016,0.3306795856691633,0.31665189564891105,0.0,0.24924954408672265,0.4222160650933375,0.31532288388590723
Costa Rica Indice Accionario,0.2510425920137505,0.2337345964668012,0.23438894734503352,0.2408189566666646,0.2387849407810683,0.24924954408672265,0.0,0.25442089243617694,0.2646999839783853
加拿大多伦多S&P/TSX 综合指数,0.3986056282240448,0.2746765598548103,0.33292834502457436,0.27155411360626697,0.27129670693883107,0.4222160650933375,0.25442089243617694,0.0,0.28698138478241597
S&P CLX IPSA,0.3172566248387756,0.2629919936371299,0.32943377149090597,0.28571555184438147,0.286545098225897,0.31532288388590723,0.2646999839783853,0.28698138478241597,0.0
