,比利时BFX,日经225,墨西哥BOLSA,恒生指数,韩国综合指数,荷兰AEX,Costa Rica Indice Accionario,加拿大多伦多S&P/TSX 综合指数,S&P CLX IPSA
比利时BFX,0.0,0.3201125531325277,0.33784936626432566,0.3396555981143327,0.3228239700021884,0.5617494964327198,0.25740059114060254,0.4060651342932737,0.3031699943655206
日经225,0.3201125531325277,0.0,0.26934688153888975,0.36670086391112583,0.39697200728462056,0.3126645480190756,0.2343813893528776,0.2718945095141513,0.25617999647686684
墨西哥BOLSA,0.33784936626432566,0.26934688153888975,0.0,0.2821532797343974,0.2731020676078264,0.33449367888572973,0.2342840648983974,0.32938482606886815,0.3161100083806518
恒生指数,0.3396555981143327,0.36670086391112583,0.2821532797343974,0.0,0.4033523780899352,0.33056201632070104,0.24487345268612837,0.2748459374322931,0.2769936168115104
韩国综合指数,0.3228239700021884,0.39697200728462056,0.2731020676078264,0.4033523780899352,0.0,0.32368800732170133,0.24111034978316082,0.2743340680118938,0.2926946002016153
荷兰AEX,0.5617494964327198,0.3126645480190756,0.33449367888572973,0.33056201632070104,0.32368800732170133,0.0,0.25376009749709927,0.4259944439357915,0.2976519153902116
Costa Rica Indice Accionario,0.25740059114060254,0.2343813893528776,0.2342840648983974,0.24487345268612837,0.24111034978316082,0.25376009749709927,0.0,0.2507923068026432,0.2536960362176347
加拿大多伦多S&P/TSX 综合指数,0.4060651342932737,0.2718945095141513,0.32938482606886815,0.2748459374322931,0.2743340680118938,0.4259944439357915,0.2507923068026432,0.0,0.27531545535613655
S&P CLX IPSA,0.3031699943655206,0.25617999647686684,0.3161100083806518,0.2769936168115104,0.2926946002016153,0.2976519153902116,0.2536960362176347,0.27531545535613655,0.0
