,比利时BFX,日经225,墨西哥BOLSA,恒生指数,韩国综合指数,荷兰AEX,Costa Rica Indice Accionario,加拿大多伦多S&P/TSX 综合指数,S&P CLX IPSA
比利时BFX,0.0,0.33302651646043235,0.2967275693801312,0.36271474096881495,0.36523980821761476,0.5718034412430956,0.24087864439897505,0.3540627762995705,0.3192026209737271
日经225,0.33302651646043235,0.0,0.2479032804466579,0.377319274514399,0.43985069844414976,0.3153143183503645,0.2398271369293978,0.300678542135737,0.2734494893233898
墨西哥BOLSA,0.2967275693801312,0.2479032804466579,0.0,0.25923053328956597,0.2755744670799092,0.2948960475676542,0.27134180507133865,0.3138035111323747,0.32407161024520575
恒生指数,0.36271474096881495,0.377319274514399,0.25923053328956597,0.0,0.4541084834017279,0.3448689337795414,0.2449626115350552,0.29999417577917975,0.28609529573290216
韩国综合指数,0.36523980821761476,0.43985069844414976,0.2755744670799092,0.4541084834017279,0.0,0.3524029341131107,0.24906927909956947,0.30770429994448156,0.2901390683917811
荷兰AEX,0.5718034412430956,0.3153143183503645,0.2948960475676542,0.3448689337795414,0.3524029341131107,0.0,0.23818101531276503,0.3799117814796415,0.3264253142237089
Costa Rica Indice Accionario,0.24087864439897505,0.2398271369293978,0.27134180507133865,0.2449626115350552,0.24906927909956947,0.23818101531276503,0.0,0.25273013426212054,0.24766171957062352
加拿大多伦多S&P/TSX 综合指数,0.3540627762995705,0.300678542135737,0.3138035111323747,0.29999417577917975,0.30770429994448156,0.3799117814796415,0.25273013426212054,0.0,0.32634437914168235
S&P CLX IPSA,0.3192026209737271,0.2734494893233898,0.32407161024520575,0.28609529573290216,0.2901390683917811,0.3264253142237089,0.24766171957062352,0.32634437914168235,0.0
