,比利时BFX,日经225,墨西哥BOLSA,恒生指数,韩国综合指数,荷兰AEX,Costa Rica Indice Accionario,加拿大多伦多S&P/TSX 综合指数,S&P CLX IPSA
比利时BFX,0.0,0.3347624700583378,0.293195494302478,0.3717238395552326,0.3635106974390271,0.5611268015192048,0.24136373594122423,0.3530103344601897,0.31556928624134517
日经225,0.3347624700583378,0.0,0.2466115460177133,0.37828283386955575,0.4434945089282621,0.3152628287447598,0.24069247057885948,0.29812509226767636,0.26662330037968124
墨西哥BOLSA,0.293195494302478,0.2466115460177133,0.0,0.25999304379964006,0.2698688803485379,0.29232762349985436,0.2642367715104198,0.3197542025527418,0.3241373421705613
恒生指数,0.3717238395552326,0.37828283386955575,0.25999304379964006,0.0,0.46751767057503646,0.3529917073992046,0.2491976731977287,0.29636122031660805,0.2834339198134938
韩国综合指数,0.3635106974390271,0.4434945089282621,0.2698688803485379,0.46751767057503646,0.0,0.3520839773241136,0.24969730599192502,0.30780955808204297,0.2879202912905624
荷兰AEX,0.5611268015192048,0.3152628287447598,0.29232762349985436,0.3529917073992046,0.3520839773241136,0.0,0.24053494989262242,0.3729305771076167,0.3223009450422042
Costa Rica Indice Accionario,0.24136373594122423,0.24069247057885948,0.2642367715104198,0.2491976731977287,0.24969730599192502,0.24053494989262242,0.0,0.2508406039228058,0.25705083413062174
加拿大多伦多S&P/TSX 综合指数,0.3530103344601897,0.29812509226767636,0.3197542025527418,0.29636122031660805,0.30780955808204297,0.3729305771076167,0.2508406039228058,0.0,0.3210450265601956
S&P CLX IPSA,0.31556928624134517,0.26662330037968124,0.3241373421705613,0.2834339198134938,0.2879202912905624,0.3223009450422042,0.25705083413062174,0.3210450265601956,0.0
