,比利时BFX,日经225,墨西哥BOLSA,恒生指数,韩国综合指数,荷兰AEX,Costa Rica Indice Accionario,加拿大多伦多S&P/TSX 综合指数,S&P CLX IPSA
比利时BFX,0.0,0.31513806539088185,0.3316240551644113,0.3354807745074087,0.32335685469750536,0.5726572151522717,0.2589430429670646,0.406410001353906,0.30674346802527114
日经225,0.31513806539088185,0.0,0.2769593430667722,0.3737275325451978,0.3989947084103284,0.31083648298724803,0.23418663341226362,0.27150820269910814,0.2574394709431474
墨西哥BOLSA,0.3316240551644113,0.2769593430667722,0.0,0.2886192532539466,0.2753654998261734,0.32482308355295164,0.2345314509957051,0.324864552029733,0.31197050589114106
恒生指数,0.3354807745074087,0.3737275325451978,0.2886192532539466,0.0,0.4136708608461255,0.3285347343445234,0.24407697209246582,0.2760214715312596,0.2763647423090251
韩国综合指数,0.32335685469750536,0.3989947084103284,0.2753654998261734,0.4136708608461255,0.0,0.32481801083089434,0.24118314253901896,0.27514863539487977,0.2882930145122618
荷兰AEX,0.5726572151522717,0.31083648298724803,0.32482308355295164,0.3285347343445234,0.32481801083089434,0.0,0.2558798095492805,0.4322908321591289,0.3003858041006243
Costa Rica Indice Accionario,0.2589430429670646,0.23418663341226362,0.2345314509957051,0.24407697209246582,0.24118314253901896,0.2558798095492805,0.0,0.2510412675242146,0.25670150140087256
加拿大多伦多S&P/TSX 综合指数,0.406410001353906,0.27150820269910814,0.324864552029733,0.2760214715312596,0.27514863539487977,0.4322908321591289,0.2510412675242146,0.0,0.27169622658191256
S&P CLX IPSA,0.30674346802527114,0.2574394709431474,0.31197050589114106,0.2763647423090251,0.2882930145122618,0.3003858041006243,0.25670150140087256,0.27169622658191256,0.0
