,比利时BFX,日经225,墨西哥BOLSA,恒生指数,韩国综合指数,荷兰AEX,Costa Rica Indice Accionario,加拿大多伦多S&P/TSX 综合指数,S&P CLX IPSA
比利时BFX,0.0,0.3445076451357192,0.3993456829397272,0.3720248303327875,0.35106969284944123,0.6205089859178078,0.23844501362790935,0.47410729723571854,0.3645620571461632
日经225,0.3445076451357192,0.0,0.30138317933432823,0.39225701964194265,0.4158663862625959,0.3612509941761795,0.20807315990973213,0.31982407435383226,0.31030071444298085
墨西哥BOLSA,0.3993456829397272,0.30138317933432823,0.0,0.32860062196946815,0.32605390143610735,0.42690276879793887,0.23189785459041734,0.45090105396046654,0.3398836757593816
恒生指数,0.3720248303327875,0.39225701964194265,0.32860062196946815,0.0,0.5001792691758383,0.3778974586262824,0.22652044869675997,0.3520156685583147,0.35084876394097814
韩国综合指数,0.35106969284944123,0.4158663862625959,0.32605390143610735,0.5001792691758383,0.0,0.35849706354779304,0.21700362092491532,0.3319786846571671,0.316533260887416
荷兰AEX,0.6205089859178078,0.3612509941761795,0.42690276879793887,0.3778974586262824,0.35849706354779304,0.0,0.2338495029492009,0.5300842731711232,0.39007264911018447
Costa Rica Indice Accionario,0.23844501362790935,0.20807315990973213,0.23189785459041734,0.22652044869675997,0.21700362092491532,0.2338495029492009,0.0,0.23157662512468466,0.22385514778022975
加拿大多伦多S&P/TSX 综合指数,0.47410729723571854,0.31982407435383226,0.45090105396046654,0.3520156685583147,0.3319786846571671,0.5300842731711232,0.23157662512468466,0.0,0.42328949920897535
S&P CLX IPSA,0.3645620571461632,0.31030071444298085,0.3398836757593816,0.35084876394097814,0.316533260887416,0.39007264911018447,0.22385514778022975,0.42328949920897535,0.0
