,比利时BFX,日经225,墨西哥BOLSA,恒生指数,韩国综合指数,荷兰AEX,Costa Rica Indice Accionario,加拿大多伦多S&P/TSX 综合指数,S&P CLX IPSA
比利时BFX,0.0,0.35279031133042715,0.43024564080016703,0.38367599093848503,0.3663506034008881,0.6086317184264318,0.2293755928691377,0.4666836854698542,0.3741359071443483
日经225,0.35279031133042715,0.0,0.32032585027923755,0.38463010712114304,0.4150699749330808,0.35967740861966646,0.22367958637422716,0.3364379258372923,0.3060789399659883
墨西哥BOLSA,0.43024564080016703,0.32032585027923755,0.0,0.3359236274146115,0.3385637901163344,0.43719845095405896,0.23734958706692916,0.4575114802688368,0.3508091371841617
恒生指数,0.38367599093848503,0.38463010712114304,0.3359236274146115,0.0,0.5059673950354975,0.38485453026936234,0.22737133186256575,0.3612006355000334,0.35721386944668754
韩国综合指数,0.3663506034008881,0.4150699749330808,0.3385637901163344,0.5059673950354975,0.0,0.3728376626278192,0.2213879550600284,0.34905334090550594,0.32788027692284627
荷兰AEX,0.6086317184264318,0.35967740861966646,0.43719845095405896,0.38485453026936234,0.3728376626278192,0.0,0.23286648148851316,0.5195022127570743,0.3873251102146162
Costa Rica Indice Accionario,0.2293755928691377,0.22367958637422716,0.23734958706692916,0.22737133186256575,0.2213879550600284,0.23286648148851316,0.0,0.23356468042980044,0.22056216251203303
加拿大多伦多S&P/TSX 综合指数,0.4666836854698542,0.3364379258372923,0.4575114802688368,0.3612006355000334,0.34905334090550594,0.5195022127570743,0.23356468042980044,0.0,0.41841513045123085
S&P CLX IPSA,0.3741359071443483,0.3060789399659883,0.3508091371841617,0.35721386944668754,0.32788027692284627,0.3873251102146162,0.22056216251203303,0.41841513045123085,0.0
