,比利时BFX,日经225,墨西哥BOLSA,恒生指数,韩国综合指数,荷兰AEX,Costa Rica Indice Accionario,加拿大多伦多S&P/TSX 综合指数,S&P CLX IPSA
比利时BFX,0.0,0.3475118596713288,0.42573886072861655,0.37955623424016505,0.3658057146106354,0.6067053592531401,0.23599422710377246,0.46236162820110255,0.3707986598484507
日经225,0.3475118596713288,0.0,0.3146457531814921,0.38424464672045267,0.41644838447544663,0.35616930459106966,0.22080849255392684,0.33153627967915467,0.30252543538553445
墨西哥BOLSA,0.42573886072861655,0.3146457531814921,0.0,0.33263339501540046,0.33951574213206354,0.43831949463988085,0.2381282846100668,0.4555943457097553,0.3445733228790873
恒生指数,0.37955623424016505,0.38424464672045267,0.33263339501540046,0.0,0.5069224106172273,0.380734154364807,0.22645528206779006,0.35692354451138186,0.3542588646997925
韩国综合指数,0.3658057146106354,0.41644838447544663,0.33951574213206354,0.5069224106172273,0.0,0.37199565788650785,0.21270608253641296,0.3479415178266596,0.3271843144885194
荷兰AEX,0.6067053592531401,0.35616930459106966,0.43831949463988085,0.380734154364807,0.37199565788650785,0.0,0.2323736705631647,0.5174612666723397,0.38656898970507325
Costa Rica Indice Accionario,0.23599422710377246,0.22080849255392684,0.2381282846100668,0.22645528206779006,0.21270608253641296,0.2323736705631647,0.0,0.23441837675675659,0.2225591742913952
加拿大多伦多S&P/TSX 综合指数,0.46236162820110255,0.33153627967915467,0.4555943457097553,0.35692354451138186,0.3479415178266596,0.5174612666723397,0.23441837675675659,0.0,0.41615823840861915
S&P CLX IPSA,0.3707986598484507,0.30252543538553445,0.3445733228790873,0.3542588646997925,0.3271843144885194,0.38656898970507325,0.2225591742913952,0.41615823840861915,0.0
