,比利时BFX,日经225,墨西哥BOLSA,恒生指数,韩国综合指数,荷兰AEX,Costa Rica Indice Accionario,加拿大多伦多S&P/TSX 综合指数,S&P CLX IPSA
比利时BFX,0.0,0.34574690434718164,0.42534584525858227,0.3852360903314784,0.353412803176453,0.6075291793342494,0.23696802427539368,0.4657233535959264,0.3712393120119442
日经225,0.34574690434718164,0.0,0.31688017578974764,0.39364656697980704,0.4307563183119275,0.3587510593407987,0.22661814522141754,0.3286506364199094,0.30358348184778405
墨西哥BOLSA,0.42534584525858227,0.31688017578974764,0.0,0.3340712269047974,0.33172572502092185,0.43826185361968734,0.24393652904864682,0.45714500603829167,0.35096397502578003
恒生指数,0.3852360903314784,0.39364656697980704,0.3340712269047974,0.0,0.5089878147605078,0.3896786616131794,0.23542181862395958,0.359531006276692,0.3618188797627931
韩国综合指数,0.353412803176453,0.4307563183119275,0.33172572502092185,0.5089878147605078,0.0,0.36772347394037413,0.2224420380519596,0.3371992525168408,0.3255699315891986
荷兰AEX,0.6075291793342494,0.3587510593407987,0.43826185361968734,0.3896786616131794,0.36772347394037413,0.0,0.23904240893450263,0.51246424750662,0.3877038043828564
Costa Rica Indice Accionario,0.23696802427539368,0.22661814522141754,0.24393652904864682,0.23542181862395958,0.2224420380519596,0.23904240893450263,0.0,0.23805460399929737,0.22700839553553484
加拿大多伦多S&P/TSX 综合指数,0.4657233535959264,0.3286506364199094,0.45714500603829167,0.359531006276692,0.3371992525168408,0.51246424750662,0.23805460399929737,0.0,0.41317551211314946
S&P CLX IPSA,0.3712393120119442,0.30358348184778405,0.35096397502578003,0.3618188797627931,0.3255699315891986,0.3877038043828564,0.22700839553553484,0.41317551211314946,0.0
