,比利时BFX,日经225,墨西哥BOLSA,恒生指数,韩国综合指数,荷兰AEX,Costa Rica Indice Accionario,加拿大多伦多S&P/TSX 综合指数,S&P CLX IPSA
比利时BFX,0.0,0.3472529714781156,0.4240991878537419,0.38295369310033145,0.35298421311719397,0.6056698542701575,0.23897044264493855,0.46438450279798477,0.3674663250253568
日经225,0.3472529714781156,0.0,0.3190187803144211,0.3955057264010263,0.4337762259847607,0.3616449197610551,0.231820868196702,0.32737507846691144,0.3020040184530676
墨西哥BOLSA,0.4240991878537419,0.3190187803144211,0.0,0.33802407737963813,0.33291261606696826,0.4371630006104631,0.2428127966037923,0.4555347989575501,0.3472220075286226
恒生指数,0.38295369310033145,0.3955057264010263,0.33802407737963813,0.0,0.5083452999830724,0.3895522274797249,0.2348127321856805,0.35560348417857585,0.3571662339181694
韩国综合指数,0.35298421311719397,0.4337762259847607,0.33291261606696826,0.5083452999830724,0.0,0.3678287857042378,0.22674786407915976,0.3362646516166483,0.3250886747833837
荷兰AEX,0.6056698542701575,0.3616449197610551,0.4371630006104631,0.3895522274797249,0.3678287857042378,0.0,0.24124840776898146,0.5099370560546483,0.38425301402605355
Costa Rica Indice Accionario,0.23897044264493855,0.231820868196702,0.2428127966037923,0.2348127321856805,0.22674786407915976,0.24124840776898146,0.0,0.2384030663292553,0.23061265340480777
加拿大多伦多S&P/TSX 综合指数,0.46438450279798477,0.32737507846691144,0.4555347989575501,0.35560348417857585,0.3362646516166483,0.5099370560546483,0.2384030663292553,0.0,0.4095193885228533
S&P CLX IPSA,0.3674663250253568,0.3020040184530676,0.3472220075286226,0.3571662339181694,0.3250886747833837,0.38425301402605355,0.23061265340480777,0.4095193885228533,0.0
