,比利时BFX,日经225,墨西哥BOLSA,恒生指数,韩国综合指数,荷兰AEX,Costa Rica Indice Accionario,加拿大多伦多S&P/TSX 综合指数,S&P CLX IPSA
比利时BFX,0.0,0.3429947177752929,0.3719372682503168,0.3270609681526456,0.33637652762956055,0.6451180166975443,0.2612689712784185,0.4415033514567655,0.33095210010585263
日经225,0.3429947177752929,0.0,0.29026812213991376,0.36961483557182523,0.3772195483463559,0.33734587664890836,0.24290182424843124,0.31789765937351255,0.28703388910324035
墨西哥BOLSA,0.3719372682503168,0.29026812213991376,0.0,0.29500143871812406,0.2918577434811339,0.3707351319007603,0.24915072447069433,0.3533866733818697,0.332023560549557
恒生指数,0.3270609681526456,0.36961483557182523,0.29500143871812406,0.0,0.41925675261538947,0.32857677830540005,0.25525612359106264,0.2895885540007793,0.29547139787243215
韩国综合指数,0.33637652762956055,0.3772195483463559,0.2918577434811339,0.41925675261538947,0.0,0.35248386025926076,0.2448717257255752,0.31911455915890324,0.3049538862201681
荷兰AEX,0.6451180166975443,0.33734587664890836,0.3707351319007603,0.32857677830540005,0.35248386025926076,0.0,0.2533314065480925,0.4543873994749718,0.32276248889345094
Costa Rica Indice Accionario,0.2612689712784185,0.24290182424843124,0.24915072447069433,0.25525612359106264,0.2448717257255752,0.2533314065480925,0.0,0.26397846964773075,0.26826230216745295
加拿大多伦多S&P/TSX 综合指数,0.4415033514567655,0.31789765937351255,0.3533866733818697,0.2895885540007793,0.31911455915890324,0.4543873994749718,0.26397846964773075,0.0,0.3074936957730214
S&P CLX IPSA,0.33095210010585263,0.28703388910324035,0.332023560549557,0.29547139787243215,0.3049538862201681,0.32276248889345094,0.26826230216745295,0.3074936957730214,0.0
