,比利时BFX,日经225,墨西哥BOLSA,恒生指数,韩国综合指数,荷兰AEX,Costa Rica Indice Accionario,加拿大多伦多S&P/TSX 综合指数,S&P CLX IPSA
比利时BFX,0.0,0.35116406962433994,0.4291276405786169,0.3823536149487584,0.3612898756359272,0.6078474580853485,0.2312815940832291,0.46632141517188214,0.37218625376872205
日经225,0.35116406962433994,0.0,0.31984894729563135,0.3908037202085634,0.4276336100933584,0.36246184036156925,0.22360756223258094,0.3327129265516828,0.30701900267494026
墨西哥BOLSA,0.4291276405786169,0.31984894729563135,0.0,0.33580554587948597,0.33496350926012514,0.4376888034062977,0.24245736665910106,0.45882570252014304,0.34966234858703177
恒生指数,0.3823536149487584,0.3908037202085634,0.33580554587948597,0.0,0.5095656040229625,0.3864804976051831,0.22673673511420145,0.3588537216036325,0.3582881953002825
韩国综合指数,0.3612898756359272,0.4276336100933584,0.33496350926012514,0.5095656040229625,0.0,0.37315571678810866,0.21951335517823398,0.34246772749805543,0.3274690507785964
荷兰AEX,0.6078474580853485,0.36246184036156925,0.4376888034062977,0.3864804976051831,0.37315571678810866,0.0,0.23500683070631168,0.5170875952975871,0.3871646218567537
Costa Rica Indice Accionario,0.2312815940832291,0.22360756223258094,0.24245736665910106,0.22673673511420145,0.21951335517823398,0.23500683070631168,0.0,0.2360310585445011,0.22258064871403094
加拿大多伦多S&P/TSX 综合指数,0.46632141517188214,0.3327129265516828,0.45882570252014304,0.3588537216036325,0.34246772749805543,0.5170875952975871,0.2360310585445011,0.0,0.41785720182424707
S&P CLX IPSA,0.37218625376872205,0.30701900267494026,0.34966234858703177,0.3582881953002825,0.3274690507785964,0.3871646218567537,0.22258064871403094,0.41785720182424707,0.0
