,比利时BFX,日经225,墨西哥BOLSA,恒生指数,韩国综合指数,荷兰AEX,Costa Rica Indice Accionario,加拿大多伦多S&P/TSX 综合指数,S&P CLX IPSA
比利时BFX,0.0,0.3479726431056016,0.419159450346831,0.38339902981714624,0.35399224019059533,0.6039372455694753,0.23820678595526767,0.45830696363381773,0.3647933198071609
日经225,0.3479726431056016,0.0,0.31963896332661457,0.39112203820017444,0.42778282415668806,0.36134756354715714,0.2314350661648953,0.3260485153711531,0.29885729292650326
墨西哥BOLSA,0.419159450346831,0.31963896332661457,0.0,0.3321726449009528,0.33292180203129274,0.429424345867881,0.24262215417925453,0.45122695613937913,0.34956910354468435
恒生指数,0.38339902981714624,0.39112203820017444,0.3321726449009528,0.0,0.49702211974272775,0.3938345630340768,0.23666572980430234,0.35508785185021524,0.3487122997210213
韩国综合指数,0.35399224019059533,0.42778282415668806,0.33292180203129274,0.49702211974272775,0.0,0.3670517475593896,0.2278812667488791,0.3349674433737003,0.3220586501682644
荷兰AEX,0.6039372455694753,0.36134756354715714,0.429424345867881,0.3938345630340768,0.3670517475593896,0.0,0.24114021694524815,0.49723777393045626,0.3821592365292946
Costa Rica Indice Accionario,0.23820678595526767,0.2314350661648953,0.24262215417925453,0.23666572980430234,0.2278812667488791,0.24114021694524815,0.0,0.23863463987379688,0.23045960784493197
加拿大多伦多S&P/TSX 综合指数,0.45830696363381773,0.3260485153711531,0.45122695613937913,0.35508785185021524,0.3349674433737003,0.49723777393045626,0.23863463987379688,0.0,0.41456608486448443
S&P CLX IPSA,0.3647933198071609,0.29885729292650326,0.34956910354468435,0.3487122997210213,0.3220586501682644,0.3821592365292946,0.23045960784493197,0.41456608486448443,0.0
