,比利时BFX,日经225,墨西哥BOLSA,恒生指数,韩国综合指数,荷兰AEX,Costa Rica Indice Accionario,加拿大多伦多S&P/TSX 综合指数,S&P CLX IPSA
比利时BFX,0.0,0.3451630671831574,0.4188290427047241,0.3882661255260176,0.35286730432908286,0.6027560142500541,0.23814528337819635,0.4543205396678949,0.367413175527686
日经225,0.3451630671831574,0.0,0.31442731718434974,0.38808212978453416,0.42558487994429944,0.35790199882068835,0.2317170075578377,0.32360469827916666,0.29807607128115093
墨西哥BOLSA,0.4188290427047241,0.31442731718434974,0.0,0.330014887501382,0.328441676955738,0.4326803278050215,0.24290895325792378,0.45409250307392973,0.3493330534163682
恒生指数,0.3882661255260176,0.38808212978453416,0.330014887501382,0.0,0.49843086717531876,0.39855778170349887,0.235523696056604,0.35628483009779144,0.3570555143703214
韩国综合指数,0.35286730432908286,0.42558487994429944,0.328441676955738,0.49843086717531876,0.0,0.36350263684774603,0.22836310820715436,0.33143885680004237,0.3216228112067453
荷兰AEX,0.6027560142500541,0.35790199882068835,0.4326803278050215,0.39855778170349887,0.36350263684774603,0.0,0.24118284363839768,0.49497094319111107,0.3825808690728645
Costa Rica Indice Accionario,0.23814528337819635,0.2317170075578377,0.24290895325792378,0.235523696056604,0.22836310820715436,0.24118284363839768,0.0,0.2379845949308502,0.22886223456503443
加拿大多伦多S&P/TSX 综合指数,0.4543205396678949,0.32360469827916666,0.45409250307392973,0.35628483009779144,0.33143885680004237,0.49497094319111107,0.2379845949308502,0.0,0.4246962610012357
S&P CLX IPSA,0.367413175527686,0.29807607128115093,0.3493330534163682,0.3570555143703214,0.3216228112067453,0.3825808690728645,0.22886223456503443,0.4246962610012357,0.0
