,比利时BFX,日经225,墨西哥BOLSA,恒生指数,韩国综合指数,荷兰AEX,Costa Rica Indice Accionario,加拿大多伦多S&P/TSX 综合指数,S&P CLX IPSA
比利时BFX,0.0,0.3173447058487782,0.34790880751438946,0.32643616200843106,0.31184443963781644,0.6071303312201587,0.2606453771579862,0.420555544183566,0.31493696680837946
日经225,0.3173447058487782,0.0,0.27909921438754337,0.37291213217904706,0.3961105874987821,0.31398693556244395,0.23942929567995966,0.2705553970289432,0.2681816624281791
墨西哥BOLSA,0.34790880751438946,0.27909921438754337,0.0,0.29266989974863006,0.27603869130620967,0.34502578084588725,0.24051758412645233,0.32584892822341643,0.3164813106232935
恒生指数,0.32643616200843106,0.37291213217904706,0.29266989974863006,0.0,0.4127234281682918,0.3247376736536153,0.2540517907373518,0.28037553963392264,0.2840982159051613
韩国综合指数,0.31184443963781644,0.3961105874987821,0.27603869130620967,0.4127234281682918,0.0,0.31869719465068824,0.2429249943515679,0.2845541188499256,0.28621122520809994
荷兰AEX,0.6071303312201587,0.31398693556244395,0.34502578084588725,0.3247376736536153,0.31869719465068824,0.0,0.2535425192174949,0.4389224173582498,0.3056950409623293
Costa Rica Indice Accionario,0.2606453771579862,0.23942929567995966,0.24051758412645233,0.2540517907373518,0.2429249943515679,0.2535425192174949,0.0,0.25524585435228275,0.25678847854175757
加拿大多伦多S&P/TSX 综合指数,0.420555544183566,0.2705553970289432,0.32584892822341643,0.28037553963392264,0.2845541188499256,0.4389224173582498,0.25524585435228275,0.0,0.2723210636728759
S&P CLX IPSA,0.31493696680837946,0.2681816624281791,0.3164813106232935,0.2840982159051613,0.28621122520809994,0.3056950409623293,0.25678847854175757,0.2723210636728759,0.0
