,比利时BFX,日经225,墨西哥BOLSA,恒生指数,韩国综合指数,荷兰AEX,Costa Rica Indice Accionario,加拿大多伦多S&P/TSX 综合指数,S&P CLX IPSA
比利时BFX,0.0,0.3117774733853528,0.3426518787549775,0.32152682650050773,0.3009472639643341,0.5909567529355718,0.25914734809169987,0.41127694351635513,0.3107753732562754
日经225,0.3117774733853528,0.0,0.28207540210555726,0.3595342402611314,0.3836225816959051,0.3088575776634026,0.23969573875405814,0.2648170825241644,0.2652588727935182
墨西哥BOLSA,0.3426518787549775,0.28207540210555726,0.0,0.29044518882212755,0.2722530840858129,0.34023351845212585,0.24019306816920127,0.3277277336135154,0.31255863953391344
恒生指数,0.32152682650050773,0.3595342402611314,0.29044518882212755,0.0,0.395973482099924,0.3177807319049283,0.25277521782082835,0.27260399169295324,0.2785793980378484
韩国综合指数,0.3009472639643341,0.3836225816959051,0.2722530840858129,0.395973482099924,0.0,0.3057202543961662,0.24194052090652912,0.27346063050793207,0.2790690534531495
荷兰AEX,0.5909567529355718,0.3088575776634026,0.34023351845212585,0.3177807319049283,0.3057202543961662,0.0,0.2530846104722217,0.4317285835405138,0.30163303105034994
Costa Rica Indice Accionario,0.25914734809169987,0.23969573875405814,0.24019306816920127,0.25277521782082835,0.24194052090652912,0.2530846104722217,0.0,0.25466774780760487,0.2562271424795816
加拿大多伦多S&P/TSX 综合指数,0.41127694351635513,0.2648170825241644,0.3277277336135154,0.27260399169295324,0.27346063050793207,0.4317285835405138,0.25466774780760487,0.0,0.2714766089522675
S&P CLX IPSA,0.3107753732562754,0.2652588727935182,0.31255863953391344,0.2785793980378484,0.2790690534531495,0.30163303105034994,0.2562271424795816,0.2714766089522675,0.0
