,比利时BFX,日经225,墨西哥BOLSA,恒生指数,韩国综合指数,荷兰AEX,Costa Rica Indice Accionario,加拿大多伦多S&P/TSX 综合指数,S&P CLX IPSA
比利时BFX,0.0,0.3478594965908148,0.41320958715095574,0.3902226825373847,0.3498664987776925,0.5834577442473692,0.2379066904284259,0.4480819535625396,0.36305475733117193
日经225,0.3478594965908148,0.0,0.31855595030828293,0.3860228088208269,0.428075417492804,0.36316854987588987,0.231531355465287,0.3270696127488939,0.29982762982409067
墨西哥BOLSA,0.41320958715095574,0.31855595030828293,0.0,0.3329660542026018,0.33343150633690744,0.4176242163524907,0.24341204874942782,0.4498479859356933,0.35918555710136885
恒生指数,0.3902226825373847,0.3860228088208269,0.3329660542026018,0.0,0.5012082820204594,0.40208243362585894,0.23581303857039967,0.3612085513705329,0.36156958931123395
韩国综合指数,0.3498664987776925,0.428075417492804,0.33343150633690744,0.5012082820204594,0.0,0.3615466728008645,0.22880628808966966,0.33508228058238826,0.3272322203370819
荷兰AEX,0.5834577442473692,0.36316854987588987,0.4176242163524907,0.40208243362585894,0.3615466728008645,0.0,0.24090332595389688,0.49595011814453965,0.37825452750453675
Costa Rica Indice Accionario,0.2379066904284259,0.231531355465287,0.24341204874942782,0.23581303857039967,0.22880628808966966,0.24090332595389688,0.0,0.23844519236115588,0.22878816206777716
加拿大多伦多S&P/TSX 综合指数,0.4480819535625396,0.3270696127488939,0.4498479859356933,0.3612085513705329,0.33508228058238826,0.49595011814453965,0.23844519236115588,0.0,0.4229252357993273
S&P CLX IPSA,0.36305475733117193,0.29982762982409067,0.35918555710136885,0.36156958931123395,0.3272322203370819,0.37825452750453675,0.22878816206777716,0.4229252357993273,0.0
