,比利时BFX,日经225,墨西哥BOLSA,恒生指数,韩国综合指数,荷兰AEX,Costa Rica Indice Accionario,加拿大多伦多S&P/TSX 综合指数,S&P CLX IPSA
比利时BFX,0.0,0.3487248954202006,0.42040659762675436,0.38262780869459984,0.35415806293741586,0.6045800245902317,0.23862694982963534,0.46084586070344036,0.36413943798133824
日经225,0.3487248954202006,0.0,0.31865831168483066,0.39157755597918126,0.43158050719869484,0.3626644266868329,0.23165082022302444,0.3276362111592686,0.29848272526418224
墨西哥BOLSA,0.42040659762675436,0.31865831168483066,0.0,0.332563365497978,0.3327757164221525,0.4346060910225032,0.24359054676067968,0.4527926514603888,0.3485971693394448
恒生指数,0.38262780869459984,0.39157755597918126,0.332563365497978,0.0,0.50464582069073,0.3903309385117589,0.2346380455663645,0.3551383399999655,0.35185184586828716
韩国综合指数,0.35415806293741586,0.43158050719869484,0.3327757164221525,0.50464582069073,0.0,0.3674369166823596,0.22641814561912663,0.33747152458868374,0.32466568519151967
荷兰AEX,0.6045800245902317,0.3626644266868329,0.4346060910225032,0.3903309385117589,0.3674369166823596,0.0,0.2416216133667329,0.5014988519313718,0.3801522724293894
Costa Rica Indice Accionario,0.23862694982963534,0.23165082022302444,0.24359054676067968,0.2346380455663645,0.22641814561912663,0.2416216133667329,0.0,0.23905997825276823,0.22946860115584508
加拿大多伦多S&P/TSX 综合指数,0.46084586070344036,0.3276362111592686,0.4527926514603888,0.3551383399999655,0.33747152458868374,0.5014988519313718,0.23905997825276823,0.0,0.40921029702796896
S&P CLX IPSA,0.36413943798133824,0.29848272526418224,0.3485971693394448,0.35185184586828716,0.32466568519151967,0.3801522724293894,0.22946860115584508,0.40921029702796896,0.0
