,比利时BFX,日经225,墨西哥BOLSA,恒生指数,韩国综合指数,荷兰AEX,Costa Rica Indice Accionario,加拿大多伦多S&P/TSX 综合指数,S&P CLX IPSA
比利时BFX,0.0,0.34581120005972854,0.4167554370878634,0.38891497937303904,0.35371433490225973,0.5981725671884822,0.23801686239072556,0.4508164558126789,0.36636424530452555
日经225,0.34581120005972854,0.0,0.31563114277186044,0.38490329270634277,0.4240259029478897,0.3576472908109288,0.23172447450320732,0.3238806262087255,0.2976380307082986
墨西哥BOLSA,0.4167554370878634,0.31563114277186044,0.0,0.32785875461634345,0.33058283627126595,0.4274342165881864,0.24359766183511888,0.4535334949684326,0.3502838042540002
恒生指数,0.38891497937303904,0.38490329270634277,0.32785875461634345,0.0,0.4952774109845611,0.40011108966401204,0.2362556612737546,0.35439059791325644,0.3558026310729033
韩国综合指数,0.35371433490225973,0.4240259029478897,0.33058283627126595,0.4952774109845611,0.0,0.3642475539262671,0.22875464903227585,0.332108057222424,0.32311008911311995
荷兰AEX,0.5981725671884822,0.3576472908109288,0.4274342165881864,0.40011108966401204,0.3642475539262671,0.0,0.24115784145674402,0.492401369005693,0.3818977255588639
Costa Rica Indice Accionario,0.23801686239072556,0.23172447450320732,0.24359766183511888,0.2362556612737546,0.22875464903227585,0.24115784145674402,0.0,0.23844021138425767,0.22871236265350106
加拿大多伦多S&P/TSX 综合指数,0.4508164558126789,0.3238806262087255,0.4535334949684326,0.35439059791325644,0.332108057222424,0.492401369005693,0.23844021138425767,0.0,0.42416410665489557
S&P CLX IPSA,0.36636424530452555,0.2976380307082986,0.3502838042540002,0.3558026310729033,0.32311008911311995,0.3818977255588639,0.22871236265350106,0.42416410665489557,0.0
