,比利时BFX,日经225,墨西哥BOLSA,恒生指数,韩国综合指数,荷兰AEX,Costa Rica Indice Accionario,加拿大多伦多S&P/TSX 综合指数,S&P CLX IPSA
比利时BFX,0.0,0.3488472497012458,0.41972459982344396,0.38176938728748583,0.35456635268787073,0.6043255530716731,0.23862933039228093,0.4584990957764786,0.36487352860651584
日经225,0.3488472497012458,0.0,0.31912300172895325,0.39222334828822203,0.42886442921027207,0.36137992896526355,0.23166391451400561,0.32635328089436244,0.29878596685621506
墨西哥BOLSA,0.41972459982344396,0.31912300172895325,0.0,0.3328591021980221,0.3335815952298482,0.4324233195269903,0.24369566160272266,0.45285899555990766,0.34945247238670707
恒生指数,0.38176938728748583,0.39222334828822203,0.3328591021980221,0.0,0.4943997395520366,0.39134762952282526,0.23471513774598857,0.354035969366925,0.3498954003909163
韩国综合指数,0.35456635268787073,0.42886442921027207,0.3335815952298482,0.4943997395520366,0.0,0.3669624920255288,0.22663083398508033,0.33673536509785706,0.3239335736198229
荷兰AEX,0.6043255530716731,0.36137992896526355,0.4324233195269903,0.39134762952282526,0.3669624920255288,0.0,0.2416181968095085,0.49824035611533934,0.38081680964755454
Costa Rica Indice Accionario,0.23862933039228093,0.23166391451400561,0.24369566160272266,0.23471513774598857,0.22663083398508033,0.2416181968095085,0.0,0.23896536809596391,0.2299580083526355
加拿大多伦多S&P/TSX 综合指数,0.4584990957764786,0.32635328089436244,0.45285899555990766,0.354035969366925,0.33673536509785706,0.49824035611533934,0.23896536809596391,0.0,0.4122666958618347
S&P CLX IPSA,0.36487352860651584,0.29878596685621506,0.34945247238670707,0.3498954003909163,0.3239335736198229,0.38081680964755454,0.2299580083526355,0.4122666958618347,0.0
