,比利时BFX,日经225,墨西哥BOLSA,恒生指数,韩国综合指数,荷兰AEX,Costa Rica Indice Accionario,加拿大多伦多S&P/TSX 综合指数,S&P CLX IPSA
比利时BFX,0.0,0.35341758949799423,0.41651690990037116,0.3887478605688577,0.3658460129529078,0.6300134779325556,0.23297098182563977,0.4806423518126883,0.37397856366292803
日经225,0.35341758949799423,0.0,0.3174631268976641,0.3967727414288167,0.4228324346494005,0.3655834783594369,0.21958504194604345,0.33147188981462716,0.3135622845405316
墨西哥BOLSA,0.41651690990037116,0.3174631268976641,0.0,0.34325914764415183,0.34046998096009723,0.4394785568547911,0.2349132299518492,0.4700228943693135,0.34390406646156746
恒生指数,0.3887478605688577,0.3967727414288167,0.34325914764415183,0.0,0.512746744525042,0.3935218105947904,0.22611061369038835,0.36368289781641805,0.3606377648884264
韩国综合指数,0.3658460129529078,0.4228324346494005,0.34046998096009723,0.512746744525042,0.0,0.3728850574987804,0.214665086471599,0.3466728208600741,0.3283658721794219
荷兰AEX,0.6300134779325556,0.3655834783594369,0.4394785568547911,0.3935218105947904,0.3728850574987804,0.0,0.2302274491185204,0.536062534017535,0.39031106667796184
Costa Rica Indice Accionario,0.23297098182563977,0.21958504194604345,0.2349132299518492,0.22611061369038835,0.214665086471599,0.2302274491185204,0.0,0.22922604842696573,0.21772331434788125
加拿大多伦多S&P/TSX 综合指数,0.4806423518126883,0.33147188981462716,0.4700228943693135,0.36368289781641805,0.3466728208600741,0.536062534017535,0.22922604842696573,0.0,0.42424360411486967
S&P CLX IPSA,0.37397856366292803,0.3135622845405316,0.34390406646156746,0.3606377648884264,0.3283658721794219,0.39031106667796184,0.21772331434788125,0.42424360411486967,0.0
