,比利时BFX,日经225,墨西哥BOLSA,恒生指数,韩国综合指数,荷兰AEX,Costa Rica Indice Accionario,加拿大多伦多S&P/TSX 综合指数,S&P CLX IPSA
比利时BFX,0.0,0.3292436768446864,0.3921422077323745,0.3830102078649607,0.3379127412505642,0.5622158994863822,0.23724816467512003,0.43085508718491095,0.3539200529839696
日经225,0.3292436768446864,0.0,0.30118340651320147,0.37602633716795725,0.42192517263062274,0.3416033528602068,0.2305638744016807,0.3060267143751094,0.2891318301322753
墨西哥BOLSA,0.3921422077323745,0.30118340651320147,0.0,0.32643472648044186,0.3211246180740951,0.3923886489690021,0.24241320206304104,0.4261159396973853,0.348236646876222
恒生指数,0.3830102078649607,0.37602633716795725,0.32643472648044186,0.0,0.49258972511884264,0.3933678769163722,0.23503988845784707,0.34901861794122235,0.35697228072289483
韩国综合指数,0.3379127412505642,0.42192517263062274,0.3211246180740951,0.49258972511884264,0.0,0.348117151611532,0.22800787751810542,0.32176943658263574,0.318377335664464
荷兰AEX,0.5622158994863822,0.3416033528602068,0.3923886489690021,0.3933678769163722,0.348117151611532,0.0,0.24079817191656297,0.4769635438682216,0.3701531306045486
Costa Rica Indice Accionario,0.23724816467512003,0.2305638744016807,0.24241320206304104,0.23503988845784707,0.22800787751810542,0.24079817191656297,0.0,0.23740533592974208,0.2265875345328193
加拿大多伦多S&P/TSX 综合指数,0.43085508718491095,0.3060267143751094,0.4261159396973853,0.34901861794122235,0.32176943658263574,0.4769635438682216,0.23740533592974208,0.0,0.414784235677007
S&P CLX IPSA,0.3539200529839696,0.2891318301322753,0.348236646876222,0.35697228072289483,0.318377335664464,0.3701531306045486,0.2265875345328193,0.414784235677007,0.0
