,比利时BFX,日经225,墨西哥BOLSA,恒生指数,韩国综合指数,荷兰AEX,Costa Rica Indice Accionario,加拿大多伦多S&P/TSX 综合指数,S&P CLX IPSA
比利时BFX,0.0,0.35442771564769365,0.4122883908086496,0.3879806283648472,0.3659294491837559,0.6293651462953931,0.23273767865040856,0.4793495457847775,0.37110303025466523
日经225,0.35442771564769365,0.0,0.3191541289726555,0.3969921358611315,0.42255530730449514,0.36585416443764057,0.21956439385233953,0.3319530603938475,0.3141224956412443
墨西哥BOLSA,0.4122883908086496,0.3191541289726555,0.0,0.3424636911405648,0.34081274145072954,0.43795769168962123,0.23451552501380293,0.4687364483732358,0.34008961561146395
恒生指数,0.3879806283648472,0.3969921358611315,0.3424636911405648,0.0,0.5125562075180963,0.39279594367351867,0.22602290987634743,0.3635067247584852,0.3599097830559699
韩国综合指数,0.3659294491837559,0.42255530730449514,0.34081274145072954,0.5125562075180963,0.0,0.3722648986345388,0.21461605391709646,0.3461840081718351,0.32790605434884906
荷兰AEX,0.6293651462953931,0.36585416443764057,0.43795769168962123,0.39279594367351867,0.3722648986345388,0.0,0.2301119569171344,0.535431286255249,0.38860034610874145
Costa Rica Indice Accionario,0.23273767865040856,0.21956439385233953,0.23451552501380293,0.22602290987634743,0.21461605391709646,0.2301119569171344,0.0,0.22905643263683914,0.21742856027996627
加拿大多伦多S&P/TSX 综合指数,0.4793495457847775,0.3319530603938475,0.4687364483732358,0.3635067247584852,0.3461840081718351,0.535431286255249,0.22905643263683914,0.0,0.4224214145038448
S&P CLX IPSA,0.37110303025466523,0.3141224956412443,0.34008961561146395,0.3599097830559699,0.32790605434884906,0.38860034610874145,0.21742856027996627,0.4224214145038448,0.0
