,比利时BFX,日经225,墨西哥BOLSA,恒生指数,韩国综合指数,荷兰AEX,Costa Rica Indice Accionario,加拿大多伦多S&P/TSX 综合指数,S&P CLX IPSA
比利时BFX,0.0,0.30467059508907446,0.3302358555338107,0.324276285541513,0.3089843486485196,0.5709790376206991,0.25974256839070037,0.4046741287713188,0.3082534142769221
日经225,0.30467059508907446,0.0,0.27652451468813233,0.36081313119655595,0.39017157828560134,0.30099071087909113,0.23993539841669992,0.26530731078145026,0.25839052987654587
墨西哥BOLSA,0.3302358555338107,0.27652451468813233,0.0,0.29693988202702876,0.2741176901452358,0.32751961773374977,0.2403826540278774,0.31601056311864395,0.312206845963386
恒生指数,0.324276285541513,0.36081313119655595,0.29693988202702876,0.0,0.40241666219066974,0.3191189438070537,0.25391351488083064,0.2711120798158778,0.27575069452329
韩国综合指数,0.3089843486485196,0.39017157828560134,0.2741176901452358,0.40241666219066974,0.0,0.3066987416723939,0.24217997949655073,0.27273628120130516,0.2803040059820335
荷兰AEX,0.5709790376206991,0.30099071087909113,0.32751961773374977,0.3191189438070537,0.3066987416723939,0.0,0.2540866065193311,0.433111916548346,0.2989517095337
Costa Rica Indice Accionario,0.25974256839070037,0.23993539841669992,0.2403826540278774,0.25391351488083064,0.24217997949655073,0.2540866065193311,0.0,0.2551444503402954,0.25688129105736496
加拿大多伦多S&P/TSX 综合指数,0.4046741287713188,0.26530731078145026,0.31601056311864395,0.2711120798158778,0.27273628120130516,0.433111916548346,0.2551444503402954,0.0,0.2686679115741781
S&P CLX IPSA,0.3082534142769221,0.25839052987654587,0.312206845963386,0.27575069452329,0.2803040059820335,0.2989517095337,0.25688129105736496,0.2686679115741781,0.0
