,比利时BFX,日经225,墨西哥BOLSA,恒生指数,韩国综合指数,荷兰AEX,Costa Rica Indice Accionario,加拿大多伦多S&P/TSX 综合指数,S&P CLX IPSA
比利时BFX,0.0,0.3440998606460676,0.41591204787505204,0.38311277076881617,0.3517869839801359,0.6031422641179088,0.2383720019337897,0.458032410402443,0.3685327733040742
日经225,0.3440998606460676,0.0,0.31593626616286324,0.3904969918945238,0.4263067266288953,0.3564666914244442,0.23163784632603163,0.323484309586336,0.29871211840309825
墨西哥BOLSA,0.41591204787505204,0.31593626616286324,0.0,0.33204870167454476,0.33150554072734384,0.42686751025748926,0.24291614620095997,0.4505700235162321,0.34923589481342526
恒生指数,0.38311277076881617,0.3904969918945238,0.33204870167454476,0.0,0.4967504413719892,0.39440676191151686,0.23555335282665602,0.35700540920854557,0.3576553856684775
韩国综合指数,0.3517869839801359,0.4263067266288953,0.33150554072734384,0.4967504413719892,0.0,0.36375833833495985,0.22837321636769847,0.3336589638294775,0.3228920764581328
荷兰AEX,0.6031422641179088,0.3564666914244442,0.42686751025748926,0.39440676191151686,0.36375833833495985,0.0,0.24148661965223336,0.4985911747811258,0.3852934965512489
Costa Rica Indice Accionario,0.2383720019337897,0.23163784632603163,0.24291614620095997,0.23555335282665602,0.22837321636769847,0.24148661965223336,0.0,0.23800826663248245,0.22945755942973667
加拿大多伦多S&P/TSX 综合指数,0.458032410402443,0.323484309586336,0.4505700235162321,0.35700540920854557,0.3336589638294775,0.4985911747811258,0.23800826663248245,0.0,0.420776364722296
S&P CLX IPSA,0.3685327733040742,0.29871211840309825,0.34923589481342526,0.3576553856684775,0.3228920764581328,0.3852934965512489,0.22945755942973667,0.420776364722296,0.0
