,比利时BFX,日经225,墨西哥BOLSA,恒生指数,韩国综合指数,荷兰AEX,Costa Rica Indice Accionario,加拿大多伦多S&P/TSX 综合指数,S&P CLX IPSA
比利时BFX,0.0,0.3486736132001458,0.42025671320936286,0.3827376366232047,0.35446065807878296,0.604493980187459,0.2386435594683967,0.46085787935122074,0.3643363669664118
日经225,0.3486736132001458,0.0,0.3183440625462201,0.39134120298201985,0.4311308824201904,0.3624189372862679,0.2316439557796621,0.3275158034609933,0.29847858123709037
墨西哥BOLSA,0.42025671320936286,0.3183440625462201,0.0,0.332835355547008,0.3334148286062736,0.434880435737524,0.24363152512136615,0.4528700452924932,0.3485785166531907
恒生指数,0.3827376366232047,0.39134120298201985,0.332835355547008,0.0,0.5049583578042951,0.3905152890651421,0.2346537243039083,0.35530713984510887,0.3518181627058301
韩国综合指数,0.35446065807878296,0.4311308824201904,0.3334148286062736,0.5049583578042951,0.0,0.36784645622390016,0.22643073034132347,0.33784948552806093,0.324446745865891
荷兰AEX,0.604493980187459,0.3624189372862679,0.434880435737524,0.3905152890651421,0.36784645622390016,0.0,0.24164514284076624,0.501648627266467,0.38016566393780243
Costa Rica Indice Accionario,0.2386435594683967,0.2316439557796621,0.24363152512136615,0.2346537243039083,0.22643073034132347,0.24164514284076624,0.0,0.23908308270603904,0.22945188776779055
加拿大多伦多S&P/TSX 综合指数,0.46085787935122074,0.3275158034609933,0.4528700452924932,0.35530713984510887,0.33784948552806093,0.501648627266467,0.23908308270603904,0.0,0.4093678059806775
S&P CLX IPSA,0.3643363669664118,0.29847858123709037,0.3485785166531907,0.3518181627058301,0.324446745865891,0.38016566393780243,0.22945188776779055,0.4093678059806775,0.0
