,比利时BFX,日经225,墨西哥BOLSA,恒生指数,韩国综合指数,荷兰AEX,Costa Rica Indice Accionario,加拿大多伦多S&P/TSX 综合指数,S&P CLX IPSA
比利时BFX,0.0,0.34809496469249324,0.4245608454759921,0.38330418536620287,0.3536208329639884,0.6062974707427128,0.23214643185849376,0.46580978149484076,0.3688196865823384
日经225,0.34809496469249324,0.0,0.31994203918138836,0.39405084375810234,0.4275959904113484,0.36016660079018514,0.2242527610877689,0.33169409851336384,0.30563864699563664
墨西哥BOLSA,0.4245608454759921,0.31994203918138836,0.0,0.3356383915491198,0.33374183312267636,0.4370927196803705,0.24355149289527214,0.45710176886472176,0.34889341014190023
恒生指数,0.38330418536620287,0.39405084375810234,0.3356383915491198,0.0,0.508804952273489,0.3888990032316068,0.2266981579485421,0.36067555826585795,0.35954304668556386
韩国综合指数,0.3536208329639884,0.4275959904113484,0.33374183312267636,0.508804952273489,0.0,0.3673410397232482,0.2203194091529217,0.3392251258500874,0.32609055693231837
荷兰AEX,0.6062974707427128,0.36016660079018514,0.4370927196803705,0.3888990032316068,0.3673410397232482,0.0,0.23602894369785715,0.5141888876342194,0.3857968319140744
Costa Rica Indice Accionario,0.23214643185849376,0.2242527610877689,0.24355149289527214,0.2266981579485421,0.2203194091529217,0.23602894369785715,0.0,0.23570065251430772,0.22299016160607835
加拿大多伦多S&P/TSX 综合指数,0.46580978149484076,0.33169409851336384,0.45710176886472176,0.36067555826585795,0.3392251258500874,0.5141888876342194,0.23570065251430772,0.0,0.4163157384533117
S&P CLX IPSA,0.3688196865823384,0.30563864699563664,0.34889341014190023,0.35954304668556386,0.32609055693231837,0.3857968319140744,0.22299016160607835,0.4163157384533117,0.0
