,比利时BFX,日经225,墨西哥BOLSA,恒生指数,韩国综合指数,荷兰AEX,Costa Rica Indice Accionario,加拿大多伦多S&P/TSX 综合指数,S&P CLX IPSA
比利时BFX,0.0,0.35249435465219764,0.4297977754357001,0.3830515772819409,0.365166036301829,0.6085409940437665,0.231085907497573,0.4667149167001752,0.37397374638311864
日经225,0.35249435465219764,0.0,0.31934796456503245,0.38492285579977714,0.4152450636231151,0.3592774315324931,0.22296049872924742,0.3358501992005884,0.30592277673196916
墨西哥BOLSA,0.4297977754357001,0.31934796456503245,0.0,0.33421398696807175,0.3358159976189848,0.43685012957787356,0.2425228400769739,0.4583272021570996,0.35013682693061843
恒生指数,0.3830515772819409,0.38492285579977714,0.33421398696807175,0.0,0.5060861681156833,0.3840674734270408,0.22651412094230267,0.36036339996796085,0.3566375533665997
韩国综合指数,0.365166036301829,0.4152450636231151,0.3358159976189848,0.5060861681156833,0.0,0.37136397820924383,0.21871652924991922,0.3473396140091163,0.32713188637431656
荷兰AEX,0.6085409940437665,0.3592774315324931,0.43685012957787356,0.3840674734270408,0.37136397820924383,0.0,0.2348504237520153,0.5196811513477309,0.3871247106132361
Costa Rica Indice Accionario,0.231085907497573,0.22296049872924742,0.2425228400769739,0.22651412094230267,0.21871652924991922,0.2348504237520153,0.0,0.23597426141341915,0.22266139746742247
加拿大多伦多S&P/TSX 综合指数,0.4667149167001752,0.3358501992005884,0.4583272021570996,0.36036339996796085,0.3473396140091163,0.5196811513477309,0.23597426141341915,0.0,0.41855583562940474
S&P CLX IPSA,0.37397374638311864,0.30592277673196916,0.35013682693061843,0.3566375533665997,0.32713188637431656,0.3871247106132361,0.22266139746742247,0.41855583562940474,0.0
