,比利时BFX,日经225,墨西哥BOLSA,恒生指数,韩国综合指数,荷兰AEX,Costa Rica Indice Accionario,加拿大多伦多S&P/TSX 综合指数,S&P CLX IPSA
比利时BFX,0.0,0.3132908774281232,0.39355835692651114,0.3690443293461079,0.324650383952058,0.5217685861358452,0.23693304903607557,0.38872774655069153,0.3178114446044717
日经225,0.3132908774281232,0.0,0.3085649750146305,0.3673123273878449,0.4071046129752448,0.32898716851827564,0.2301188719688055,0.31562851801742065,0.27515766407007813
墨西哥BOLSA,0.39355835692651114,0.3085649750146305,0.0,0.3281025737535864,0.3194976027387203,0.3924738421513287,0.2425857692267349,0.43407733812370103,0.35723166733330447
恒生指数,0.3690443293461079,0.3673123273878449,0.3281025737535864,0.0,0.49176760560571614,0.3825482034318557,0.23499381055892277,0.3402364662672893,0.33647472998402106
韩国综合指数,0.324650383952058,0.4071046129752448,0.3194976027387203,0.49176760560571614,0.0,0.3398373499507605,0.22790835165460513,0.3273442876884921,0.3056668702878602
荷兰AEX,0.5217685861358452,0.32898716851827564,0.3924738421513287,0.3825482034318557,0.3398373499507605,0.0,0.2410438240222244,0.47095174767716136,0.3523374287451868
Costa Rica Indice Accionario,0.23693304903607557,0.2301188719688055,0.2425857692267349,0.23499381055892277,0.22790835165460513,0.2410438240222244,0.0,0.23608732304730493,0.22469358630334735
加拿大多伦多S&P/TSX 综合指数,0.38872774655069153,0.31562851801742065,0.43407733812370103,0.3402364662672893,0.3273442876884921,0.47095174767716136,0.23608732304730493,0.0,0.3799383467962853
S&P CLX IPSA,0.3178114446044717,0.27515766407007813,0.35723166733330447,0.33647472998402106,0.3056668702878602,0.3523374287451868,0.22469358630334735,0.3799383467962853,0.0
