,比利时BFX,日经225,墨西哥BOLSA,恒生指数,韩国综合指数,荷兰AEX,Costa Rica Indice Accionario,加拿大多伦多S&P/TSX 综合指数,S&P CLX IPSA
比利时BFX,0.0,0.3385460235591566,0.42203874550939857,0.38598263118125625,0.35989533017456365,0.6316262793760089,0.23835444881813747,0.47135817681761577,0.3768109373893524
日经225,0.3385460235591566,0.0,0.3111321779606249,0.38830370868378283,0.41556021601975796,0.3513337659084028,0.22162229716751572,0.3293468827333075,0.3027795645294803
墨西哥BOLSA,0.42203874550939857,0.3111321779606249,0.0,0.3340917651339043,0.3324969042323746,0.4384269501369409,0.2420260449697167,0.45622468940011246,0.3425823913898529
恒生指数,0.38598263118125625,0.38830370868378283,0.3340917651339043,0.0,0.510986876189471,0.39011903745051313,0.22602008644709212,0.3637946906273201,0.35565945226285056
韩国综合指数,0.35989533017456365,0.41556021601975796,0.3324969042323746,0.510986876189471,0.0,0.3677810109408507,0.21309466800113727,0.3457450988803532,0.3239089686406148
荷兰AEX,0.6316262793760089,0.3513337659084028,0.4384269501369409,0.39011903745051313,0.3677810109408507,0.0,0.23243056217700953,0.5224621613489673,0.38969440914469183
Costa Rica Indice Accionario,0.23835444881813747,0.22162229716751572,0.2420260449697167,0.22602008644709212,0.21309466800113727,0.23243056217700953,0.0,0.23570677358315462,0.22431783765668087
加拿大多伦多S&P/TSX 综合指数,0.47135817681761577,0.3293468827333075,0.45622468940011246,0.3637946906273201,0.3457450988803532,0.5224621613489673,0.23570677358315462,0.0,0.4169495803247884
S&P CLX IPSA,0.3768109373893524,0.3027795645294803,0.3425823913898529,0.35565945226285056,0.3239089686406148,0.38969440914469183,0.22431783765668087,0.4169495803247884,0.0
