,比利时BFX,日经225,墨西哥BOLSA,恒生指数,韩国综合指数,荷兰AEX,Costa Rica Indice Accionario,加拿大多伦多S&P/TSX 综合指数,S&P CLX IPSA
比利时BFX,0.0,0.34477467520974786,0.4147548595135337,0.388254006308112,0.35330982085332513,0.5961483104330124,0.23831074229195723,0.4504026084975147,0.36372054049616437
日经225,0.34477467520974786,0.0,0.3153100152582412,0.38363605940292844,0.42310668831642756,0.3576719945069313,0.23145078047264853,0.32384229606759507,0.29735998403516933
墨西哥BOLSA,0.4147548595135337,0.3153100152582412,0.0,0.3277800371204237,0.3305685391622563,0.42634768694194547,0.24375825467371864,0.4534060390917708,0.35259739779276283
恒生指数,0.388254006308112,0.38363605940292844,0.3277800371204237,0.0,0.49370230854592473,0.39948521495336786,0.23620002103346222,0.3543209020122916,0.35663865684057705
韩国综合指数,0.35330982085332513,0.42310668831642756,0.3305685391622563,0.49370230854592473,0.0,0.36451073644682713,0.22872117658979826,0.3321353235724425,0.3234240264825103
荷兰AEX,0.5961483104330124,0.3576719945069313,0.42634768694194547,0.39948521495336786,0.36451073644682713,0.0,0.2410528303837708,0.4923042711401646,0.38040345653710456
Costa Rica Indice Accionario,0.23831074229195723,0.23145078047264853,0.24375825467371864,0.23620002103346222,0.22872117658979826,0.2410528303837708,0.0,0.23844501373763208,0.22887179083509213
加拿大多伦多S&P/TSX 综合指数,0.4504026084975147,0.32384229606759507,0.4534060390917708,0.3543209020122916,0.3321353235724425,0.4923042711401646,0.23844501373763208,0.0,0.4238225635623849
S&P CLX IPSA,0.36372054049616437,0.29735998403516933,0.35259739779276283,0.35663865684057705,0.3234240264825103,0.38040345653710456,0.22887179083509213,0.4238225635623849,0.0
