,比利时BFX,日经225,墨西哥BOLSA,恒生指数,韩国综合指数,荷兰AEX,Costa Rica Indice Accionario,加拿大多伦多S&P/TSX 综合指数,S&P CLX IPSA
比利时BFX,0.0,0.3046358533788724,0.3301625219977293,0.32415008384144633,0.30901987248163604,0.5706121061990579,0.2608839225081546,0.4049944442731209,0.30850936821303176
日经225,0.3046358533788724,0.0,0.2762647481063007,0.36106741822358257,0.39025441717729925,0.3008284751104883,0.24033538224031256,0.26523539138821595,0.2584909309065777
墨西哥BOLSA,0.3301625219977293,0.2762647481063007,0.0,0.2944605967448522,0.2740114667259091,0.3246371345626113,0.24043313567575983,0.31732037999656365,0.3112176532854349
恒生指数,0.32415008384144633,0.36106741822358257,0.2944605967448522,0.0,0.40456719746641706,0.31848087609537584,0.251130274066481,0.270948993944706,0.27470820524906525
韩国综合指数,0.30901987248163604,0.39025441717729925,0.2740114667259091,0.40456719746641706,0.0,0.30712070513411477,0.2443492950900992,0.27258252911046704,0.2813382614381411
荷兰AEX,0.5706121061990579,0.3008284751104883,0.3246371345626113,0.31848087609537584,0.30712070513411477,0.0,0.25323580701307574,0.4325707595551845,0.298607321062213
Costa Rica Indice Accionario,0.2608839225081546,0.24033538224031256,0.24043313567575983,0.251130274066481,0.2443492950900992,0.25323580701307574,0.0,0.25711697267190126,0.2533733786931582
加拿大多伦多S&P/TSX 综合指数,0.4049944442731209,0.26523539138821595,0.31732037999656365,0.270948993944706,0.27258252911046704,0.4325707595551845,0.25711697267190126,0.0,0.26918839189250005
S&P CLX IPSA,0.30850936821303176,0.2584909309065777,0.3112176532854349,0.27470820524906525,0.2813382614381411,0.298607321062213,0.2533733786931582,0.26918839189250005,0.0
