,比利时BFX,日经225,墨西哥BOLSA,恒生指数,韩国综合指数,荷兰AEX,Costa Rica Indice Accionario,加拿大多伦多S&P/TSX 综合指数,S&P CLX IPSA
比利时BFX,0.0,0.3435490279135648,0.4168078260166354,0.38564211157267675,0.3519636701234528,0.6035294338414707,0.23810910152302486,0.45661270964377526,0.3696991538879266
日经225,0.3435490279135648,0.0,0.3160178114537836,0.38917490760791346,0.42639991060245047,0.35704453124123325,0.2318327461560278,0.3234659909102532,0.29972232774643043
墨西哥BOLSA,0.4168078260166354,0.3160178114537836,0.0,0.33434947169857576,0.3327926045762557,0.43017841866751866,0.24289744762176033,0.45083800955442427,0.350507509690524
恒生指数,0.38564211157267675,0.38917490760791346,0.33434947169857576,0.0,0.49725846846924227,0.39759774216188437,0.23573704386901942,0.3573186578222373,0.3612003652772634
韩国综合指数,0.3519636701234528,0.42639991060245047,0.3327926045762557,0.49725846846924227,0.0,0.3648139389514048,0.22844219669716478,0.33380037164813875,0.32515499037843043
荷兰AEX,0.6035294338414707,0.35704453124123325,0.43017841866751866,0.39759774216188437,0.3648139389514048,0.0,0.24111569724582887,0.4984802340628199,0.38624128164664556
Costa Rica Indice Accionario,0.23810910152302486,0.2318327461560278,0.24289744762176033,0.23573704386901942,0.22844219669716478,0.24111569724582887,0.0,0.23793838076133048,0.22889250003965111
加拿大多伦多S&P/TSX 综合指数,0.45661270964377526,0.3234659909102532,0.45083800955442427,0.3573186578222373,0.33380037164813875,0.4984802340628199,0.23793838076133048,0.0,0.4235151330572222
S&P CLX IPSA,0.3696991538879266,0.29972232774643043,0.350507509690524,0.3612003652772634,0.32515499037843043,0.38624128164664556,0.22889250003965111,0.4235151330572222,0.0
