,比利时BFX,日经225,墨西哥BOLSA,恒生指数,韩国综合指数,荷兰AEX,Costa Rica Indice Accionario,加拿大多伦多S&P/TSX 综合指数,S&P CLX IPSA
比利时BFX,0.0,0.3764702850354641,0.42391932276572275,0.3470001847053253,0.3606163476933874,0.6829895319387879,0.25997607793276334,0.46726463439597316,0.35824244272060357
日经225,0.3764702850354641,0.0,0.3292612452218117,0.3962982116736348,0.4052547508968689,0.3767920403457234,0.24391594616611947,0.3643946274212037,0.3113703796225427
墨西哥BOLSA,0.42391932276572275,0.3292612452218117,0.0,0.3197335988635475,0.31991011387221585,0.4227140066828057,0.24951833334396226,0.4319588502340432,0.35221559027480326
恒生指数,0.3470001847053253,0.3962982116736348,0.3197335988635475,0.0,0.4428521810415281,0.35217614631609734,0.2552340129566321,0.3246486957691955,0.3125280649593878
韩国综合指数,0.3606163476933874,0.4052547508968689,0.31991011387221585,0.4428521810415281,0.0,0.3788486954834618,0.24553996752394924,0.34740406157993636,0.3241244640567929
荷兰AEX,0.6829895319387879,0.3767920403457234,0.4227140066828057,0.35217614631609734,0.3788486954834618,0.0,0.2528977595432046,0.4861677768954043,0.3502908239181056
Costa Rica Indice Accionario,0.25997607793276334,0.24391594616611947,0.24951833334396226,0.2552340129566321,0.24553996752394924,0.2528977595432046,0.0,0.25710767256525374,0.2680217586482472
加拿大多伦多S&P/TSX 综合指数,0.46726463439597316,0.3643946274212037,0.4319588502340432,0.3246486957691955,0.34740406157993636,0.4861677768954043,0.25710767256525374,0.0,0.3365612437901316
S&P CLX IPSA,0.35824244272060357,0.3113703796225427,0.35221559027480326,0.3125280649593878,0.3241244640567929,0.3502908239181056,0.2680217586482472,0.3365612437901316,0.0
