,比利时BFX,日经225,墨西哥BOLSA,恒生指数,韩国综合指数,荷兰AEX,Costa Rica Indice Accionario,加拿大多伦多S&P/TSX 综合指数,S&P CLX IPSA
比利时BFX,0.0,0.34901163653629086,0.4194219790066195,0.3818063132538169,0.35478092579395293,0.6046028985331718,0.23865737714913382,0.45841831702224767,0.364324747325314
日经225,0.34901163653629086,0.0,0.31850450904357086,0.3925433951426416,0.42866308031811046,0.36167470946773456,0.23173718620005448,0.3261545669283573,0.29787005950975465
墨西哥BOLSA,0.4194219790066195,0.31850450904357086,0.0,0.3326845366654769,0.33347231977803515,0.43190300053918274,0.24368502796326078,0.4527638284747583,0.3495456513763707
恒生指数,0.3818063132538169,0.3925433951426416,0.3326845366654769,0.0,0.49523589151210534,0.39168707862507157,0.23475498734101577,0.35399660848118863,0.34932099584803217
韩国综合指数,0.35478092579395293,0.42866308031811046,0.33347231977803515,0.49523589151210534,0.0,0.3670640738474813,0.22663305318714944,0.33679968505452684,0.32369335868871724
荷兰AEX,0.6046028985331718,0.36167470946773456,0.43190300053918274,0.39168707862507157,0.3670640738474813,0.0,0.24163993445450693,0.4980709264962283,0.3800569084580563
Costa Rica Indice Accionario,0.23865737714913382,0.23173718620005448,0.24368502796326078,0.23475498734101577,0.22663305318714944,0.24163993445450693,0.0,0.23897387707545031,0.22994875485589586
加拿大多伦多S&P/TSX 综合指数,0.45841831702224767,0.3261545669283573,0.4527638284747583,0.35399660848118863,0.33679968505452684,0.4980709264962283,0.23897387707545031,0.0,0.41196209983363347
S&P CLX IPSA,0.364324747325314,0.29787005950975465,0.3495456513763707,0.34932099584803217,0.32369335868871724,0.3800569084580563,0.22994875485589586,0.41196209983363347,0.0
