,比利时BFX,日经225,墨西哥BOLSA,恒生指数,韩国综合指数,荷兰AEX,Costa Rica Indice Accionario,加拿大多伦多S&P/TSX 综合指数,S&P CLX IPSA
比利时BFX,0.0,0.32997237073181424,0.37068551990799165,0.3205569761723886,0.31887132579276545,0.6336334703427728,0.2585679088541254,0.4424338399058446,0.3188237132385113
日经225,0.32997237073181424,0.0,0.2896188759314941,0.3629493053980815,0.36756181834359897,0.3264980331215031,0.23832928261019581,0.2955049196985229,0.27560287519167415
墨西哥BOLSA,0.37068551990799165,0.2896188759314941,0.0,0.29465027951895995,0.2832962906852803,0.36713223474255047,0.2395070900980011,0.346590041223514,0.32162764575944564
恒生指数,0.3205569761723886,0.3629493053980815,0.29465027951895995,0.0,0.4157536460924809,0.3244143494933937,0.25323836794604615,0.28337480671516424,0.28993875810345576
韩国综合指数,0.31887132579276545,0.36756181834359897,0.2832962906852803,0.4157536460924809,0.0,0.33295037380566733,0.2412165539358772,0.29130863942116864,0.29160902609565065
荷兰AEX,0.6336334703427728,0.3264980331215031,0.36713223474255047,0.3244143494933937,0.33295037380566733,0.0,0.2518194422569771,0.4567550069281905,0.3111684635577631
Costa Rica Indice Accionario,0.2585679088541254,0.23832928261019581,0.2395070900980011,0.25323836794604615,0.2412165539358772,0.2518194422569771,0.0,0.2515074785229518,0.25493702740380253
加拿大多伦多S&P/TSX 综合指数,0.4424338399058446,0.2955049196985229,0.346590041223514,0.28337480671516424,0.29130863942116864,0.4567550069281905,0.2515074785229518,0.0,0.281388086862636
S&P CLX IPSA,0.3188237132385113,0.27560287519167415,0.32162764575944564,0.28993875810345576,0.29160902609565065,0.3111684635577631,0.25493702740380253,0.281388086862636,0.0
