,比利时BFX,日经225,墨西哥BOLSA,恒生指数,韩国综合指数,荷兰AEX,Costa Rica Indice Accionario,加拿大多伦多S&P/TSX 综合指数,S&P CLX IPSA
比利时BFX,0.0,0.3481188135123435,0.4263165053285693,0.38082411819712364,0.3665745403545699,0.6069062266133726,0.2335778279857621,0.46297057541165054,0.372668583593169
日经225,0.3481188135123435,0.0,0.31489501972089995,0.38469550606516917,0.4168948830455179,0.35662484502319874,0.22680518718968154,0.33190533748729456,0.3030427467291455
墨西哥BOLSA,0.4263165053285693,0.31489501972089995,0.0,0.3342674864475154,0.340396971234079,0.4401405777160222,0.24300897419625075,0.45611366004280673,0.3464251157413476
恒生指数,0.38082411819712364,0.38469550606516917,0.3342674864475154,0.0,0.5073304957926528,0.3818296442392325,0.22970404076297765,0.35780130012164935,0.3556303827834838
韩国综合指数,0.3665745403545699,0.4168948830455179,0.340396971234079,0.5073304957926528,0.0,0.37263855827427766,0.22199043750340502,0.34853903607291675,0.32796999092680856
荷兰AEX,0.6069062266133726,0.35662484502319874,0.4401405777160222,0.3818296442392325,0.37263855827427766,0.0,0.2360766226164987,0.5182869855124752,0.38786261292468327
Costa Rica Indice Accionario,0.2335778279857621,0.22680518718968154,0.24300897419625075,0.22970404076297765,0.22199043750340502,0.2360766226164987,0.0,0.23712565589695653,0.2225567294677947
加拿大多伦多S&P/TSX 综合指数,0.46297057541165054,0.33190533748729456,0.45611366004280673,0.35780130012164935,0.34853903607291675,0.5182869855124752,0.23712565589695653,0.0,0.41671698733208895
S&P CLX IPSA,0.372668583593169,0.3030427467291455,0.3464251157413476,0.3556303827834838,0.32796999092680856,0.38786261292468327,0.2225567294677947,0.41671698733208895,0.0
