,比利时BFX,日经225,墨西哥BOLSA,恒生指数,韩国综合指数,荷兰AEX,Costa Rica Indice Accionario,加拿大多伦多S&P/TSX 综合指数,S&P CLX IPSA
比利时BFX,0.0,0.317011701244031,0.34574380969537233,0.32480876000135966,0.30773113636678334,0.6060819772242517,0.2605965312234131,0.41696737686825625,0.3149986529434783
日经225,0.317011701244031,0.0,0.27854436435616553,0.3679819292739864,0.39272093542597414,0.31307300953636263,0.2394290337576082,0.27030742520820955,0.2673670435172944
墨西哥BOLSA,0.34574380969537233,0.27854436435616553,0.0,0.2892421833189109,0.27280200241783914,0.341683000161541,0.24033498396197814,0.3267161918113409,0.31543326415193335
恒生指数,0.32480876000135966,0.3679819292739864,0.2892421833189109,0.0,0.4052748430946702,0.32215239755369995,0.2537003660442268,0.27697561356187544,0.28064786494151295
韩国综合指数,0.30773113636678334,0.39272093542597414,0.27280200241783914,0.4052748430946702,0.0,0.3128421226828672,0.2428734304258653,0.2796332303063897,0.2829467656280172
荷兰AEX,0.6060819772242517,0.31307300953636263,0.341683000161541,0.32215239755369995,0.3128421226828672,0.0,0.25337792051741403,0.4385164025139705,0.3058240602218548
Costa Rica Indice Accionario,0.2605965312234131,0.2394290337576082,0.24033498396197814,0.2537003660442268,0.2428734304258653,0.25337792051741403,0.0,0.2550259891880953,0.2568131020673517
加拿大多伦多S&P/TSX 综合指数,0.41696737686825625,0.27030742520820955,0.3267161918113409,0.27697561356187544,0.2796332303063897,0.4385164025139705,0.2550259891880953,0.0,0.27413892796683736
S&P CLX IPSA,0.3149986529434783,0.2673670435172944,0.31543326415193335,0.28064786494151295,0.2829467656280172,0.3058240602218548,0.2568131020673517,0.27413892796683736,0.0
