,比利时BFX,日经225,墨西哥BOLSA,恒生指数,韩国综合指数,荷兰AEX,Costa Rica Indice Accionario,加拿大多伦多S&P/TSX 综合指数,S&P CLX IPSA
比利时BFX,0.0,0.34009596695132205,0.4097254762075807,0.39250986017337214,0.3470644248293523,0.5759907023666602,0.23801305352561372,0.4458416454324578,0.36150436890203586
日经225,0.34009596695132205,0.0,0.31416510252313795,0.38797921805834984,0.42931582458498346,0.35542695419708015,0.2316514406468108,0.3214473549419254,0.2960358827342122
墨西哥BOLSA,0.4097254762075807,0.31416510252313795,0.0,0.33423403430795134,0.3316901557021313,0.4134862759858164,0.24368368301218876,0.4476149361409542,0.3583457406039314
恒生指数,0.39250986017337214,0.38797921805834984,0.33423403430795134,0.0,0.49821972517069274,0.40320080547160886,0.23597290495024134,0.3593791829833968,0.3601977941203509
韩国综合指数,0.3470644248293523,0.42931582458498346,0.3316901557021313,0.49821972517069274,0.0,0.35897979621705306,0.22909800722818716,0.33254772700250235,0.32438553146237503
荷兰AEX,0.5759907023666602,0.35542695419708015,0.4134862759858164,0.40320080547160886,0.35897979621705306,0.0,0.24116413837047332,0.4943122369708505,0.37607583939566036
Costa Rica Indice Accionario,0.23801305352561372,0.2316514406468108,0.24368368301218876,0.23597290495024134,0.22909800722818716,0.24116413837047332,0.0,0.23871586290092012,0.2289992799600679
加拿大多伦多S&P/TSX 综合指数,0.4458416454324578,0.3214473549419254,0.4476149361409542,0.3593791829833968,0.33254772700250235,0.4943122369708505,0.23871586290092012,0.0,0.41982515732884124
S&P CLX IPSA,0.36150436890203586,0.2960358827342122,0.3583457406039314,0.3601977941203509,0.32438553146237503,0.37607583939566036,0.2289992799600679,0.41982515732884124,0.0
