,比利时BFX,日经225,墨西哥BOLSA,恒生指数,韩国综合指数,荷兰AEX,Costa Rica Indice Accionario,加拿大多伦多S&P/TSX 综合指数,S&P CLX IPSA
比利时BFX,0.0,0.34435185398354745,0.4153791671546879,0.38772547990748507,0.35167281511982035,0.5969093093288359,0.2383477404587172,0.4516226282880629,0.3647158029801509
日经225,0.34435185398354745,0.0,0.31523424872034844,0.3838908277452931,0.42294487187520663,0.35740152134368997,0.23148686532794244,0.3235876744151422,0.2976390609808058
墨西哥BOLSA,0.4153791671546879,0.31523424872034844,0.0,0.3277045584801973,0.33024506588786984,0.4263471054865837,0.24369711740744182,0.4529133745115997,0.35397938943546736
恒生指数,0.38772547990748507,0.3838908277452931,0.3277045584801973,0.0,0.49458621133224995,0.3990046807092413,0.2356553189260277,0.3540756568902762,0.356574075295916
韩国综合指数,0.35167281511982035,0.42294487187520663,0.33024506588786984,0.49458621133224995,0.0,0.3633270258129262,0.2289169410972682,0.3308941063481141,0.3234181775276584
荷兰AEX,0.5969093093288359,0.35740152134368997,0.4263471054865837,0.3990046807092413,0.3633270258129262,0.0,0.2409189491975739,0.49334443410311407,0.38099987891103865
Costa Rica Indice Accionario,0.2383477404587172,0.23148686532794244,0.24369711740744182,0.2356553189260277,0.2289169410972682,0.2409189491975739,0.0,0.23850428975180948,0.22835976230630212
加拿大多伦多S&P/TSX 综合指数,0.4516226282880629,0.3235876744151422,0.4529133745115997,0.3540756568902762,0.3308941063481141,0.49334443410311407,0.23850428975180948,0.0,0.42430579017223846
S&P CLX IPSA,0.3647158029801509,0.2976390609808058,0.35397938943546736,0.356574075295916,0.3234181775276584,0.38099987891103865,0.22835976230630212,0.42430579017223846,0.0
