,比利时BFX,日经225,墨西哥BOLSA,恒生指数,韩国综合指数,荷兰AEX,Costa Rica Indice Accionario,加拿大多伦多S&P/TSX 综合指数,S&P CLX IPSA
比利时BFX,0.0,0.3506734556661859,0.42638515248703096,0.383226188486448,0.3607077454749906,0.6036026554946048,0.2321636326001146,0.46557003854625045,0.37092784440977095
日经225,0.3506734556661859,0.0,0.31980155630433027,0.3949888119269335,0.42786082835840494,0.361720548914864,0.22439211769700812,0.332490058574701,0.30620294478318344
墨西哥BOLSA,0.42638515248703096,0.31980155630433027,0.0,0.33543664407712337,0.3343925968406898,0.4380306154702182,0.24352902721198508,0.4578018825260109,0.34895129190201885
恒生指数,0.383226188486448,0.3949888119269335,0.33543664407712337,0.0,0.5137803673768688,0.38857511445863685,0.22672158915839558,0.360610699661473,0.35994679275303293
韩国综合指数,0.3607077454749906,0.42786082835840494,0.3343925968406898,0.5137803673768688,0.0,0.37270170318354884,0.22027339245139343,0.3421809917198167,0.32704242711994896
荷兰AEX,0.6036026554946048,0.361720548914864,0.4380306154702182,0.38857511445863685,0.37270170318354884,0.0,0.23599888798709093,0.5149749411464739,0.38728147207556807
Costa Rica Indice Accionario,0.2321636326001146,0.22439211769700812,0.24352902721198508,0.22672158915839558,0.22027339245139343,0.23599888798709093,0.0,0.2357458685737762,0.22303073931651513
加拿大多伦多S&P/TSX 综合指数,0.46557003854625045,0.332490058574701,0.4578018825260109,0.360610699661473,0.3421809917198167,0.5149749411464739,0.2357458685737762,0.0,0.41688064503712435
S&P CLX IPSA,0.37092784440977095,0.30620294478318344,0.34895129190201885,0.35994679275303293,0.32704242711994896,0.38728147207556807,0.22303073931651513,0.41688064503712435,0.0
