,比利时BFX,日经225,墨西哥BOLSA,恒生指数,韩国综合指数,荷兰AEX,Costa Rica Indice Accionario,加拿大多伦多S&P/TSX 综合指数,S&P CLX IPSA
比利时BFX,0.0,0.30584325288922093,0.3297250392475981,0.3252646459467095,0.31014622669790026,0.5720944532337948,0.2608554365133188,0.4042167660399042,0.3085619391792539
日经225,0.30584325288922093,0.0,0.27657992118572733,0.362457196223446,0.3922551336647249,0.30212991347062834,0.24037548365887376,0.26534293604474957,0.25872773948528627
墨西哥BOLSA,0.3297250392475981,0.27657992118572733,0.0,0.29394048139662415,0.2721032886651572,0.3254420105336531,0.2403381492848283,0.31609270677783186,0.3116827223407144
恒生指数,0.3252646459467095,0.362457196223446,0.29394048139662415,0.0,0.4061028715317062,0.3199316468024482,0.2511261306496714,0.27073021182385215,0.2748528498909677
韩国综合指数,0.31014622669790026,0.3922551336647249,0.2721032886651572,0.4061028715317062,0.0,0.3089254694185949,0.2443604819696046,0.27192866898773843,0.28142153925910113
荷兰AEX,0.5720944532337948,0.30212991347062834,0.3254420105336531,0.3199316468024482,0.3089254694185949,0.0,0.25323092902050304,0.4321842903271616,0.2987453247500783
Costa Rica Indice Accionario,0.2608554365133188,0.24037548365887376,0.2403381492848283,0.2511261306496714,0.2443604819696046,0.25323092902050304,0.0,0.2571203988750199,0.2533745181180614
加拿大多伦多S&P/TSX 综合指数,0.4042167660399042,0.26534293604474957,0.31609270677783186,0.27073021182385215,0.27192866898773843,0.4321842903271616,0.2571203988750199,0.0,0.26910020292895614
S&P CLX IPSA,0.3085619391792539,0.25872773948528627,0.3116827223407144,0.2748528498909677,0.28142153925910113,0.2987453247500783,0.2533745181180614,0.26910020292895614,0.0
