,比利时BFX,日经225,墨西哥BOLSA,恒生指数,韩国综合指数,荷兰AEX,Costa Rica Indice Accionario,加拿大多伦多S&P/TSX 综合指数,S&P CLX IPSA
比利时BFX,0.0,0.3506826902116852,0.426113742287829,0.38321927792318816,0.36056824773186863,0.6032497319663603,0.23214431219171994,0.4655871793155149,0.3708444479676676
日经225,0.3506826902116852,0.0,0.31985422634275956,0.39488713544331794,0.4278559622917152,0.3617486505978766,0.2243890864348496,0.3325253909918387,0.3062191662834849
墨西哥BOLSA,0.426113742287829,0.31985422634275956,0.0,0.33563301953204533,0.3345505303746425,0.4381101602386091,0.24362511581043544,0.4574344441412257,0.3490430174325952
恒生指数,0.38321927792318816,0.39488713544331794,0.33563301953204533,0.0,0.5140447026302941,0.3887102656855449,0.22674363638753134,0.36064586179587677,0.3600540819617789
韩国综合指数,0.36056824773186863,0.4278559622917152,0.3345505303746425,0.5140447026302941,0.0,0.3727805007730568,0.22034982920496354,0.34205769481696885,0.32712226284557955
荷兰AEX,0.6032497319663603,0.3617486505978766,0.4381101602386091,0.3887102656855449,0.3727805007730568,0.0,0.23604915663229276,0.5147541568946586,0.3873372536150961
Costa Rica Indice Accionario,0.23214431219171994,0.2243890864348496,0.24362511581043544,0.22674363638753134,0.22034982920496354,0.23604915663229276,0.0,0.23572690690812637,0.223078775971419
加拿大多伦多S&P/TSX 综合指数,0.4655871793155149,0.3325253909918387,0.4574344441412257,0.36064586179587677,0.34205769481696885,0.5147541568946586,0.23572690690812637,0.0,0.4167631907266327
S&P CLX IPSA,0.3708444479676676,0.3062191662834849,0.3490430174325952,0.3600540819617789,0.32712226284557955,0.3873372536150961,0.223078775971419,0.4167631907266327,0.0
