,比利时BFX,日经225,墨西哥BOLSA,恒生指数,韩国综合指数,荷兰AEX,Costa Rica Indice Accionario,加拿大多伦多S&P/TSX 综合指数,S&P CLX IPSA
比利时BFX,0.0,0.33929677173032513,0.42398234807361335,0.37414701903157305,0.3595067350505174,0.6315365806158217,0.238386740296849,0.47135808298272175,0.37587959213705
日经225,0.33929677173032513,0.0,0.3117582282006451,0.38347535862765564,0.4160354509147307,0.35271259707475994,0.22172858442305227,0.3298204668542851,0.30336584273273687
墨西哥BOLSA,0.42398234807361335,0.3117582282006451,0.0,0.3278777170477073,0.3330592976844955,0.4407806196480016,0.24195027840642014,0.45735992684143645,0.34221522441074126
恒生指数,0.37414701903157305,0.38347535862765564,0.3278777170477073,0.0,0.5008534746950543,0.3791676855674874,0.22632189488864074,0.3564133627182792,0.3516519295209175
韩国综合指数,0.3595067350505174,0.4160354509147307,0.3330592976844955,0.5008534746950543,0.0,0.3677558214395705,0.21307650520098068,0.345723125022519,0.3246129818974785
荷兰AEX,0.6315365806158217,0.35271259707475994,0.4407806196480016,0.3791676855674874,0.3677558214395705,0.0,0.23251551345161153,0.5221258521479634,0.3887414362456247
Costa Rica Indice Accionario,0.238386740296849,0.22172858442305227,0.24195027840642014,0.22632189488864074,0.21307650520098068,0.23251551345161153,0.0,0.2357075805126261,0.22422942305380714
加拿大多伦多S&P/TSX 综合指数,0.47135808298272175,0.3298204668542851,0.45735992684143645,0.3564133627182792,0.345723125022519,0.5221258521479634,0.2357075805126261,0.0,0.4168559421441443
S&P CLX IPSA,0.37587959213705,0.30336584273273687,0.34221522441074126,0.3516519295209175,0.3246129818974785,0.3887414362456247,0.22422942305380714,0.4168559421441443,0.0
