,比利时BFX,日经225,墨西哥BOLSA,恒生指数,韩国综合指数,荷兰AEX,Costa Rica Indice Accionario,加拿大多伦多S&P/TSX 综合指数,S&P CLX IPSA
比利时BFX,0.0,0.34550983170937505,0.4250178240311924,0.38614579411930616,0.35315719761975956,0.6072634147378501,0.23707378294888895,0.4660638897701831,0.3712766708451173
日经225,0.34550983170937505,0.0,0.31722791546902673,0.3940140454600835,0.4305929590733381,0.35884723841259464,0.22672612680093357,0.3287989756229389,0.3040606883005476
墨西哥BOLSA,0.4250178240311924,0.31722791546902673,0.0,0.3350850028460467,0.33216221720379074,0.437846768587059,0.24407362006651098,0.4583878779939836,0.3491339587707013
恒生指数,0.38614579411930616,0.3940140454600835,0.3350850028460467,0.0,0.5092032170178539,0.39026749871357763,0.23578314088864955,0.3592751966854571,0.3637488611393904
韩国综合指数,0.35315719761975956,0.4305929590733381,0.33216221720379074,0.5092032170178539,0.0,0.36775555932291093,0.22273784537390956,0.33702376129742234,0.32622183203068317
荷兰AEX,0.6072634147378501,0.35884723841259464,0.437846768587059,0.39026749871357763,0.36775555932291093,0.0,0.2391955660919902,0.5126826814954213,0.38757512950536166
Costa Rica Indice Accionario,0.23707378294888895,0.22672612680093357,0.24407362006651098,0.23578314088864955,0.22273784537390956,0.2391955660919902,0.0,0.238074194265762,0.2270920681644029
加拿大多伦多S&P/TSX 综合指数,0.4660638897701831,0.3287989756229389,0.4583878779939836,0.3592751966854571,0.33702376129742234,0.5126826814954213,0.238074194265762,0.0,0.41470817131012483
S&P CLX IPSA,0.3712766708451173,0.3040606883005476,0.3491339587707013,0.3637488611393904,0.32622183203068317,0.38757512950536166,0.2270920681644029,0.41470817131012483,0.0
