,比利时BFX,日经225,墨西哥BOLSA,恒生指数,韩国综合指数,荷兰AEX,Costa Rica Indice Accionario,加拿大多伦多S&P/TSX 综合指数,S&P CLX IPSA
比利时BFX,0.0,0.31711012433404046,0.34566232331784524,0.32474803439799893,0.30881095211018794,0.6049127827147813,0.26044823520974086,0.4188274020211727,0.3150850651050042
日经225,0.31711012433404046,0.0,0.27860042256840784,0.3685457206467127,0.3951898837914434,0.3131977567703772,0.23941742635654203,0.2705370670468987,0.2674050183669811
墨西哥BOLSA,0.34566232331784524,0.27860042256840784,0.0,0.28946896522215604,0.2733497203595687,0.34178488826767917,0.24032447523857026,0.32667852872392616,0.3154795085563037
恒生指数,0.32474803439799893,0.3685457206467127,0.28946896522215604,0.0,0.40421540305562714,0.3223261033113425,0.25370568319823505,0.2775362122872661,0.28113703170866017
韩国综合指数,0.30881095211018794,0.3951898837914434,0.2733497203595687,0.40421540305562714,0.0,0.31371408122382766,0.24282428574153928,0.2815550013051442,0.2841889233628609
荷兰AEX,0.6049127827147813,0.3131977567703772,0.34178488826767917,0.3223261033113425,0.31371408122382766,0.0,0.25334472871379266,0.4386860335128416,0.3059669816454865
Costa Rica Indice Accionario,0.26044823520974086,0.23941742635654203,0.24032447523857026,0.25370568319823505,0.24282428574153928,0.25334472871379266,0.0,0.25490410224619314,0.25680689396375994
加拿大多伦多S&P/TSX 综合指数,0.4188274020211727,0.2705370670468987,0.32667852872392616,0.2775362122872661,0.2815550013051442,0.4386860335128416,0.25490410224619314,0.0,0.2741799680139556
S&P CLX IPSA,0.3150850651050042,0.2674050183669811,0.3154795085563037,0.28113703170866017,0.2841889233628609,0.3059669816454865,0.25680689396375994,0.2741799680139556,0.0
