,比利时BFX,日经225,墨西哥BOLSA,恒生指数,韩国综合指数,荷兰AEX,Costa Rica Indice Accionario,加拿大多伦多S&P/TSX 综合指数,S&P CLX IPSA
比利时BFX,0.0,0.34434889039333466,0.4157846511606306,0.38742009368280345,0.35169573140635024,0.5968832590640817,0.23825509657512206,0.4517834449006372,0.3645037653623449
日经225,0.34434889039333466,0.0,0.31517758512806004,0.3835631983135921,0.4229073147559572,0.3574244468912067,0.23143007836165574,0.32370646798917635,0.29744367151894735
墨西哥BOLSA,0.4157846511606306,0.31517758512806004,0.0,0.32746874062048315,0.32995420206476145,0.4271616472132435,0.24367629519959644,0.45449177157643805,0.3534800714539621
恒生指数,0.38742009368280345,0.3835631983135921,0.32746874062048315,0.0,0.49354690831299236,0.39899951851202764,0.23617033740253474,0.35402437513775104,0.3567205414786624
韩国综合指数,0.35169573140635024,0.4229073147559572,0.32995420206476145,0.49354690831299236,0.0,0.3633907792146288,0.22873612623647413,0.33115591792887683,0.32293999025497966
荷兰AEX,0.5968832590640817,0.3574244468912067,0.4271616472132435,0.39899951851202764,0.3633907792146288,0.0,0.24099288548630265,0.49331868549114466,0.38112953720309023
Costa Rica Indice Accionario,0.23825509657512206,0.23143007836165574,0.24367629519959644,0.23617033740253474,0.22873612623647413,0.24099288548630265,0.0,0.23839675922439493,0.22886003871978064
加拿大多伦多S&P/TSX 综合指数,0.4517834449006372,0.32370646798917635,0.45449177157643805,0.35402437513775104,0.33115591792887683,0.49331868549114466,0.23839675922439493,0.0,0.4244903726683109
S&P CLX IPSA,0.3645037653623449,0.29744367151894735,0.3534800714539621,0.3567205414786624,0.32293999025497966,0.38112953720309023,0.22886003871978064,0.4244903726683109,0.0
