,比利时BFX,日经225,墨西哥BOLSA,恒生指数,韩国综合指数,荷兰AEX,Costa Rica Indice Accionario,加拿大多伦多S&P/TSX 综合指数,S&P CLX IPSA
比利时BFX,0.0,0.31493877249190133,0.40253167698686554,0.3793191649400233,0.3316078751501668,0.554215929734631,0.23686989292566407,0.41604052277304765,0.33982324073258235
日经225,0.31493877249190133,0.0,0.3075188072090672,0.36550625567358724,0.40403020004214574,0.3254592843951766,0.2303058397795915,0.3112047290643611,0.2697291087503753
墨西哥BOLSA,0.40253167698686554,0.3075188072090672,0.0,0.3214573676726797,0.31213652603566006,0.38427246866112263,0.24280392072901788,0.4246790123532665,0.34751216882098857
恒生指数,0.3793191649400233,0.36550625567358724,0.3214573676726797,0.0,0.48316468156385545,0.3732177744087591,0.23502215070154997,0.32651006767767504,0.32122037650889673
韩国综合指数,0.3316078751501668,0.40403020004214574,0.31213652603566006,0.48316468156385545,0.0,0.3307838707328086,0.2277365435979822,0.3140661450749414,0.2892610436413645
荷兰AEX,0.554215929734631,0.3254592843951766,0.38427246866112263,0.3732177744087591,0.3307838707328086,0.0,0.24118239419996512,0.45983546825743815,0.3366602984023677
Costa Rica Indice Accionario,0.23686989292566407,0.2303058397795915,0.24280392072901788,0.23502215070154997,0.2277365435979822,0.24118239419996512,0.0,0.2359057008552001,0.22301289105382313
加拿大多伦多S&P/TSX 综合指数,0.41604052277304765,0.3112047290643611,0.4246790123532665,0.32651006767767504,0.3140661450749414,0.45983546825743815,0.2359057008552001,0.0,0.34947463127222955
S&P CLX IPSA,0.33982324073258235,0.2697291087503753,0.34751216882098857,0.32122037650889673,0.2892610436413645,0.3366602984023677,0.22301289105382313,0.34947463127222955,0.0
