,比利时BFX,日经225,墨西哥BOLSA,恒生指数,韩国综合指数,荷兰AEX,Costa Rica Indice Accionario,加拿大多伦多S&P/TSX 综合指数,S&P CLX IPSA
比利时BFX,0.0,0.30964580770921835,0.34118815801709435,0.31823244333005896,0.29648046665658745,0.5854393454676009,0.2591184902704598,0.40644238708404096,0.31143190642497653
日经225,0.30964580770921835,0.0,0.2833037657609056,0.35736882765172634,0.3881126892080554,0.31086163252502663,0.2397387611494457,0.26829601824834304,0.2641241471300577
墨西哥BOLSA,0.34118815801709435,0.2833037657609056,0.0,0.2884027980482802,0.2672462712670695,0.33477082264140845,0.24030865485503944,0.32235921090955383,0.31521812594322207
恒生指数,0.31823244333005896,0.35736882765172634,0.2884027980482802,0.0,0.3912784965103185,0.3139613850712413,0.2530455057287525,0.2709804642324765,0.27840263646122954
韩国综合指数,0.29648046665658745,0.3881126892080554,0.2672462712670695,0.3912784965103185,0.0,0.29811972940388765,0.24202130314828701,0.26819654368843815,0.27937542843860863
荷兰AEX,0.5854393454676009,0.31086163252502663,0.33477082264140845,0.3139613850712413,0.29811972940388765,0.0,0.2534244755083221,0.42803199574335477,0.30281904670055865
Costa Rica Indice Accionario,0.2591184902704598,0.2397387611494457,0.24030865485503944,0.2530455057287525,0.24202130314828701,0.2534244755083221,0.0,0.2549871180990503,0.2561840848233213
加拿大多伦多S&P/TSX 综合指数,0.40644238708404096,0.26829601824834304,0.32235921090955383,0.2709804642324765,0.26819654368843815,0.42803199574335477,0.2549871180990503,0.0,0.27212338976122236
S&P CLX IPSA,0.31143190642497653,0.2641241471300577,0.31521812594322207,0.27840263646122954,0.27937542843860863,0.30281904670055865,0.2561840848233213,0.27212338976122236,0.0
