,比利时BFX,日经225,墨西哥BOLSA,恒生指数,韩国综合指数,荷兰AEX,Costa Rica Indice Accionario,加拿大多伦多S&P/TSX 综合指数,S&P CLX IPSA
比利时BFX,0.0,0.34315671528525343,0.41378795358096776,0.3889314894915576,0.35237022428777526,0.596957335710938,0.23816329312101805,0.4522326547494789,0.36110854684726534
日经225,0.34315671528525343,0.0,0.3141168977622815,0.38543564175888123,0.42511398354579527,0.3573151594268729,0.23123399208170853,0.3245863822932373,0.2988105394097947
墨西哥BOLSA,0.41378795358096776,0.3141168977622815,0.0,0.33161288186938553,0.3318338874920861,0.4256018846810648,0.2438842059409217,0.45436260033139125,0.3548325715588533
恒生指数,0.3889314894915576,0.38543564175888123,0.33161288186938553,0.0,0.4992314029802408,0.4018323523740099,0.23598634513046957,0.3574821110263316,0.3588932348003128
韩国综合指数,0.35237022428777526,0.42511398354579527,0.3318338874920861,0.4992314029802408,0.0,0.36552761153196234,0.22901653372808986,0.33270578373063164,0.32508902941962514
荷兰AEX,0.596957335710938,0.3573151594268729,0.4256018846810648,0.4018323523740099,0.36552761153196234,0.0,0.2406589267829935,0.49562234412336703,0.3787353249816538
Costa Rica Indice Accionario,0.23816329312101805,0.23123399208170853,0.2438842059409217,0.23598634513046957,0.22901653372808986,0.2406589267829935,0.0,0.23852338780521554,0.22868224670666076
加拿大多伦多S&P/TSX 综合指数,0.4522326547494789,0.3245863822932373,0.45436260033139125,0.3574821110263316,0.33270578373063164,0.49562234412336703,0.23852338780521554,0.0,0.42383938914800606
S&P CLX IPSA,0.36110854684726534,0.2988105394097947,0.3548325715588533,0.3588932348003128,0.32508902941962514,0.3787353249816538,0.22868224670666076,0.42383938914800606,0.0
