,比利时BFX,日经225,墨西哥BOLSA,恒生指数,韩国综合指数,荷兰AEX,Costa Rica Indice Accionario,加拿大多伦多S&P/TSX 综合指数,S&P CLX IPSA
比利时BFX,0.0,0.3052849318393248,0.32777822403738033,0.325144713173217,0.3101950190207319,0.5730462665591087,0.26089318331480876,0.4061536077516749,0.3072342990565072
日经225,0.3052849318393248,0.0,0.27608977774004806,0.3621964304039837,0.3917524682999014,0.30215536100334045,0.2403872609127137,0.265826870999021,0.2584017636893683
墨西哥BOLSA,0.32777822403738033,0.27608977774004806,0.0,0.2932548674960234,0.2711509304282158,0.3248614346160547,0.24033602548342226,0.3164571372054615,0.3118469762970684
恒生指数,0.325144713173217,0.3621964304039837,0.2932548674960234,0.0,0.4060009544711777,0.3200548296856256,0.25114574212558843,0.2711611654681891,0.2743902637202456
韩国综合指数,0.3101950190207319,0.3917524682999014,0.2711509304282158,0.4060009544711777,0.0,0.309151382797019,0.2443870600335421,0.2725385581589498,0.28063349387675357
荷兰AEX,0.5730462665591087,0.30215536100334045,0.3248614346160547,0.3200548296856256,0.309151382797019,0.0,0.25323767914092293,0.4327362519649063,0.2983589144875931
Costa Rica Indice Accionario,0.26089318331480876,0.2403872609127137,0.24033602548342226,0.25114574212558843,0.2443870600335421,0.25323767914092293,0.0,0.25712491019355954,0.2533660057803408
加拿大多伦多S&P/TSX 综合指数,0.4061536077516749,0.265826870999021,0.3164571372054615,0.2711611654681891,0.2725385581589498,0.4327362519649063,0.25712491019355954,0.0,0.2692747689004178
S&P CLX IPSA,0.3072342990565072,0.2584017636893683,0.3118469762970684,0.2743902637202456,0.28063349387675357,0.2983589144875931,0.2533660057803408,0.2692747689004178,0.0
