,比利时BFX,日经225,墨西哥BOLSA,恒生指数,韩国综合指数,荷兰AEX,Costa Rica Indice Accionario,加拿大多伦多S&P/TSX 综合指数,S&P CLX IPSA
比利时BFX,0.0,0.34505070147368194,0.4183475636840042,0.3895964014118145,0.3529836627751097,0.6027371135017074,0.2381109669399805,0.45432884039943927,0.36757562073361927
日经225,0.34505070147368194,0.0,0.3136420385395655,0.3861586351409069,0.4248418079528908,0.3580791837303658,0.23169791225108605,0.32365434077008326,0.2964464214559451
墨西哥BOLSA,0.4183475636840042,0.3136420385395655,0.0,0.32998668970554623,0.3282459407775557,0.43113546830732996,0.2428299322097538,0.45264352276290065,0.35119390699520403
恒生指数,0.3895964014118145,0.3861586351409069,0.32998668970554623,0.0,0.49635044567236614,0.4003768792258306,0.2355026863290518,0.3563045696986969,0.3591847616752859
韩国综合指数,0.3529836627751097,0.4248418079528908,0.3282459407775557,0.49635044567236614,0.0,0.36407135060853674,0.22834685757891376,0.33139516431787275,0.32160058211537973
荷兰AEX,0.6027371135017074,0.3580791837303658,0.43113546830732996,0.4003768792258306,0.36407135060853674,0.0,0.24117564281911097,0.49548691088075936,0.3823068789474049
Costa Rica Indice Accionario,0.2381109669399805,0.23169791225108605,0.2428299322097538,0.2355026863290518,0.22834685757891376,0.24117564281911097,0.0,0.23797337900533208,0.2289772429742649
加拿大多伦多S&P/TSX 综合指数,0.45432884039943927,0.32365434077008326,0.45264352276290065,0.3563045696986969,0.33139516431787275,0.49548691088075936,0.23797337900533208,0.0,0.4234909824729363
S&P CLX IPSA,0.36757562073361927,0.2964464214559451,0.35119390699520403,0.3591847616752859,0.32160058211537973,0.3823068789474049,0.2289772429742649,0.4234909824729363,0.0
