,比利时BFX,日经225,墨西哥BOLSA,恒生指数,韩国综合指数,荷兰AEX,Costa Rica Indice Accionario,加拿大多伦多S&P/TSX 综合指数,S&P CLX IPSA
比利时BFX,0.0,0.3468294385053349,0.368763040800209,0.32928433332527834,0.3332714597749879,0.6463274084859947,0.2576166896466067,0.4629097520388279,0.3289223261288107
日经225,0.3468294385053349,0.0,0.2906721725168407,0.3704542905377013,0.38183079944510423,0.3425376026890186,0.23837439402978985,0.3174154923975797,0.2855329663167182
墨西哥BOLSA,0.368763040800209,0.2906721725168407,0.0,0.2955007231191898,0.2850541827128372,0.36553930982949845,0.23950943665642477,0.3418750191239545,0.3226857384130202
恒生指数,0.32928433332527834,0.3704542905377013,0.2955007231191898,0.0,0.4228581759601996,0.3327531954956274,0.2530153033997828,0.29434240935385825,0.2957334251211928
韩国综合指数,0.3332714597749879,0.38183079944510423,0.2850541827128372,0.4228581759601996,0.0,0.3468540009896223,0.24111998087361086,0.3101184528263372,0.300505635691357
荷兰AEX,0.6463274084859947,0.3425376026890186,0.36553930982949845,0.3327531954956274,0.3468540009896223,0.0,0.2512528279115697,0.47513858314524016,0.320960409653793
Costa Rica Indice Accionario,0.2576166896466067,0.23837439402978985,0.23950943665642477,0.2530153033997828,0.24111998087361086,0.2512528279115697,0.0,0.2505318943840565,0.2545892205263195
加拿大多伦多S&P/TSX 综合指数,0.4629097520388279,0.3174154923975797,0.3418750191239545,0.29434240935385825,0.3101184528263372,0.47513858314524016,0.2505318943840565,0.0,0.29445139135546994
S&P CLX IPSA,0.3289223261288107,0.2855329663167182,0.3226857384130202,0.2957334251211928,0.300505635691357,0.320960409653793,0.2545892205263195,0.29445139135546994,0.0
