,比利时BFX,日经225,墨西哥BOLSA,恒生指数,韩国综合指数,荷兰AEX,Costa Rica Indice Accionario,加拿大多伦多S&P/TSX 综合指数,S&P CLX IPSA
比利时BFX,0.0,0.3450716871526626,0.41737769510842654,0.3916598857140141,0.3537109940702872,0.5868399698766442,0.23775661868126896,0.4482633172693216,0.36216931560916416
日经225,0.3450716871526626,0.0,0.31703625295746757,0.3881366529855074,0.42825372006627127,0.36114095962784293,0.23143372514944155,0.3260597680335405,0.3000235047188669
墨西哥BOLSA,0.41737769510842654,0.31703625295746757,0.0,0.3348273321121337,0.3340538339041135,0.4245600257498049,0.24356314830378128,0.4551743211343808,0.3581603548834719
恒生指数,0.3916598857140141,0.3881366529855074,0.3348273321121337,0.0,0.5069135045308076,0.40362554793376537,0.23583115195526774,0.36026052413570314,0.36115477131712054
韩国综合指数,0.3537109940702872,0.42825372006627127,0.3340538339041135,0.5069135045308076,0.0,0.366858807981805,0.22908266382288942,0.33489278151252366,0.3267046717000731
荷兰AEX,0.5868399698766442,0.36114095962784293,0.4245600257498049,0.40362554793376537,0.366858807981805,0.0,0.24079297705675584,0.49377760400849957,0.3785721146096904
Costa Rica Indice Accionario,0.23775661868126896,0.23143372514944155,0.24356314830378128,0.23583115195526774,0.22908266382288942,0.24079297705675584,0.0,0.23844305997064463,0.22876108528552186
加拿大多伦多S&P/TSX 综合指数,0.4482633172693216,0.3260597680335405,0.4551743211343808,0.36026052413570314,0.33489278151252366,0.49377760400849957,0.23844305997064463,0.0,0.4234296426710381
S&P CLX IPSA,0.36216931560916416,0.3000235047188669,0.3581603548834719,0.36115477131712054,0.3267046717000731,0.3785721146096904,0.22876108528552186,0.4234296426710381,0.0
