,比利时BFX,日经225,墨西哥BOLSA,恒生指数,韩国综合指数,荷兰AEX,Costa Rica Indice Accionario,加拿大多伦多S&P/TSX 综合指数,S&P CLX IPSA
比利时BFX,0.0,0.3439106283027758,0.4015780526728408,0.3706497504051019,0.35134031259007603,0.6346598989012456,0.23826983805537758,0.4795104740163714,0.3671201560203133
日经225,0.3439106283027758,0.0,0.30341225023252816,0.3932347271874782,0.41759989379536966,0.3652698759386441,0.207424821410146,0.32238504592674233,0.3125936773091268
墨西哥BOLSA,0.4015780526728408,0.30341225023252816,0.0,0.3305437387132994,0.32654040962119796,0.4258769147269517,0.2315270493376845,0.44981316418802214,0.3387227458794887
恒生指数,0.3706497504051019,0.3932347271874782,0.3305437387132994,0.0,0.5011499679671044,0.38086064527794244,0.2252915851438118,0.3539822077239667,0.3526336260676629
韩国综合指数,0.35134031259007603,0.41759989379536966,0.32654040962119796,0.5011499679671044,0.0,0.35927351643703187,0.2165357491810248,0.3323422083875073,0.3167653359209368
荷兰AEX,0.6346598989012456,0.3652698759386441,0.4258769147269517,0.38086064527794244,0.35927351643703187,0.0,0.23362456403651582,0.5284134225911338,0.3882416458572236
Costa Rica Indice Accionario,0.23826983805537758,0.207424821410146,0.2315270493376845,0.2252915851438118,0.2165357491810248,0.23362456403651582,0.0,0.23144073674798357,0.22374526276892384
加拿大多伦多S&P/TSX 综合指数,0.4795104740163714,0.32238504592674233,0.44981316418802214,0.3539822077239667,0.3323422083875073,0.5284134225911338,0.23144073674798357,0.0,0.42162093474446277
S&P CLX IPSA,0.3671201560203133,0.3125936773091268,0.3387227458794887,0.3526336260676629,0.3167653359209368,0.3882416458572236,0.22374526276892384,0.42162093474446277,0.0
