,比利时BFX,日经225,墨西哥BOLSA,恒生指数,韩国综合指数,荷兰AEX,Costa Rica Indice Accionario,加拿大多伦多S&P/TSX 综合指数,S&P CLX IPSA
比利时BFX,0.0,0.3488446485076029,0.4194866138587302,0.38179641056006425,0.35419922711141716,0.6048873207997318,0.23808332720898928,0.45794902031387347,0.36440713611960757
日经225,0.3488446485076029,0.0,0.31915951886596694,0.39235195865067085,0.42817068345536663,0.36163737675403296,0.23179749703923433,0.3261222708468451,0.2991846967014212
墨西哥BOLSA,0.4194866138587302,0.31915951886596694,0.0,0.33063631066969795,0.33219510133608615,0.4313042465680132,0.24239384468012914,0.4527092734584121,0.3499805505528965
恒生指数,0.38179641056006425,0.39235195865067085,0.33063631066969795,0.0,0.4953969295589179,0.3923604090533212,0.2358188070935271,0.35311644017425264,0.34932012810627144
韩国综合指数,0.35419922711141716,0.42817068345536663,0.33219510133608615,0.4953969295589179,0.0,0.36768954094004275,0.22760698296459325,0.3350186030319932,0.3236742206906217
荷兰AEX,0.6048873207997318,0.36163737675403296,0.4313042465680132,0.3923604090533212,0.36768954094004275,0.0,0.2414490491419822,0.4970835800727354,0.3813327711112603
Costa Rica Indice Accionario,0.23808332720898928,0.23179749703923433,0.24239384468012914,0.2358188070935271,0.22760698296459325,0.2414490491419822,0.0,0.23867317190711465,0.2303486359223144
加拿大多伦多S&P/TSX 综合指数,0.45794902031387347,0.3261222708468451,0.4527092734584121,0.35311644017425264,0.3350186030319932,0.4970835800727354,0.23867317190711465,0.0,0.4131239610295187
S&P CLX IPSA,0.36440713611960757,0.2991846967014212,0.3499805505528965,0.34932012810627144,0.3236742206906217,0.3813327711112603,0.2303486359223144,0.4131239610295187,0.0
