,比利时BFX,日经225,墨西哥BOLSA,恒生指数,韩国综合指数,荷兰AEX,Costa Rica Indice Accionario,加拿大多伦多S&P/TSX 综合指数,S&P CLX IPSA
比利时BFX,0.0,0.3456699130026669,0.4178087324384831,0.3899047229114711,0.3532384476148477,0.6007364016644223,0.23804339721004109,0.4525608961210238,0.36656681685616554
日经225,0.3456699130026669,0.0,0.3136819745966854,0.386609405029362,0.425320300966545,0.3582962730921405,0.23177474251930025,0.32368942113032245,0.29620455201355905
墨西哥BOLSA,0.4178087324384831,0.3136819745966854,0.0,0.33096745734860533,0.32870610662997735,0.4304110336729819,0.24363362028834562,0.4523232515159451,0.3498664927671584
恒生指数,0.3899047229114711,0.386609405029362,0.33096745734860533,0.0,0.49687337786660685,0.39959754090066374,0.23624364410349163,0.3563326182164241,0.3575290081735249
韩国综合指数,0.3532384476148477,0.425320300966545,0.32870610662997735,0.49687337786660685,0.0,0.3641570659702406,0.2288070176508001,0.33186968840744285,0.32116828030294475
荷兰AEX,0.6007364016644223,0.3582962730921405,0.4304110336729819,0.39959754090066374,0.3641570659702406,0.0,0.24113380488530997,0.49526986789885363,0.3824693749322629
Costa Rica Indice Accionario,0.23804339721004109,0.23177474251930025,0.24363362028834562,0.23624364410349163,0.2288070176508001,0.24113380488530997,0.0,0.2384339002515403,0.22874723992629264
加拿大多伦多S&P/TSX 综合指数,0.4525608961210238,0.32368942113032245,0.4523232515159451,0.3563326182164241,0.33186968840744285,0.49526986789885363,0.2384339002515403,0.0,0.42304803076283587
S&P CLX IPSA,0.36656681685616554,0.29620455201355905,0.3498664927671584,0.3575290081735249,0.32116828030294475,0.3824693749322629,0.22874723992629264,0.42304803076283587,0.0
