,比利时BFX,日经225,墨西哥BOLSA,恒生指数,韩国综合指数,荷兰AEX,Costa Rica Indice Accionario,加拿大多伦多S&P/TSX 综合指数,S&P CLX IPSA
比利时BFX,0.0,0.3096189469129241,0.3414167040020626,0.3214120701770451,0.29649479945535157,0.5855488859813629,0.2591212959348412,0.4060780120533121,0.3115928247438928
日经225,0.3096189469129241,0.0,0.2826581379562911,0.3651568663991666,0.38787867722627034,0.3106740221714129,0.23970946430652784,0.26820487320937225,0.2641808670011701
墨西哥BOLSA,0.3414167040020626,0.2826581379562911,0.0,0.29429839308432204,0.26705631212093767,0.3349159316368222,0.24030402198525447,0.3219107973484596,0.3157463462938332
恒生指数,0.3214120701770451,0.3651568663991666,0.29429839308432204,0.0,0.3990333924968159,0.31797837596007866,0.2533932720675926,0.27141741858644614,0.28005652490591476
韩国综合指数,0.29649479945535157,0.38787867722627034,0.26705631212093767,0.3990333924968159,0.0,0.2980804851406611,0.2420139927361298,0.26808157372152724,0.2794849347019245
荷兰AEX,0.5855488859813629,0.3106740221714129,0.3349159316368222,0.31797837596007866,0.2980804851406611,0.0,0.2534265654789909,0.42745924511192496,0.303054378881505
Costa Rica Indice Accionario,0.2591212959348412,0.23970946430652784,0.24030402198525447,0.2533932720675926,0.2420139927361298,0.2534265654789909,0.0,0.2549706183688025,0.25619363721159916
加拿大多伦多S&P/TSX 综合指数,0.4060780120533121,0.26820487320937225,0.3219107973484596,0.27141741858644614,0.26808157372152724,0.42745924511192496,0.2549706183688025,0.0,0.27195094184056245
S&P CLX IPSA,0.3115928247438928,0.2641808670011701,0.3157463462938332,0.28005652490591476,0.2794849347019245,0.303054378881505,0.25619363721159916,0.27195094184056245,0.0
