,比利时BFX,日经225,墨西哥BOLSA,恒生指数,韩国综合指数,荷兰AEX,Costa Rica Indice Accionario,加拿大多伦多S&P/TSX 综合指数,S&P CLX IPSA
比利时BFX,0.0,0.30052691431109985,0.3208352170940078,0.28454774954609585,0.27132809593290275,0.4843738096142833,0.2616835501100467,0.36946119201507,0.2988510554659332
日经225,0.30052691431109985,0.0,0.27408678398572706,0.34888159815993136,0.39676382751543016,0.3173859434603881,0.2509951714991851,0.2841719725116511,0.28009332190215014
墨西哥BOLSA,0.3208352170940078,0.27408678398572706,0.0,0.2744052414938492,0.2882788523295796,0.29989044652753377,0.23367872971050738,0.3214919076540773,0.2979717942398116
恒生指数,0.28454774954609585,0.34888159815993136,0.2744052414938492,0.0,0.3863161362059994,0.31857389898008326,0.2349570671877677,0.2839321931583964,0.2710706282604392
韩国综合指数,0.27132809593290275,0.39676382751543016,0.2882788523295796,0.3863161362059994,0.0,0.2962194340146745,0.24873783957990997,0.2791011866997798,0.27867384131480755
荷兰AEX,0.4843738096142833,0.3173859434603881,0.29989044652753377,0.31857389898008326,0.2962194340146745,0.0,0.2588801320321764,0.39469307296929435,0.3130423467738451
Costa Rica Indice Accionario,0.2616835501100467,0.2509951714991851,0.23367872971050738,0.2349570671877677,0.24873783957990997,0.2588801320321764,0.0,0.2447223543237203,0.2502349565301852
加拿大多伦多S&P/TSX 综合指数,0.36946119201507,0.2841719725116511,0.3214919076540773,0.2839321931583964,0.2791011866997798,0.39469307296929435,0.2447223543237203,0.0,0.3118699039953836
S&P CLX IPSA,0.2988510554659332,0.28009332190215014,0.2979717942398116,0.2710706282604392,0.27867384131480755,0.3130423467738451,0.2502349565301852,0.3118699039953836,0.0
