,比利时BFX,日经225,墨西哥BOLSA,恒生指数,韩国综合指数,荷兰AEX,Costa Rica Indice Accionario,加拿大多伦多S&P/TSX 综合指数,S&P CLX IPSA
比利时BFX,0.0,0.30702663794851864,0.3372706218736098,0.29127682360853463,0.27905335554135446,0.4698251452998254,0.25712547067064423,0.37294699661617586,0.3091138425114607
日经225,0.30702663794851864,0.0,0.28124685775050917,0.3675937113055141,0.4077958801115552,0.328637725350205,0.25014140089941683,0.29239370756751987,0.29394099800920687
墨西哥BOLSA,0.3372706218736098,0.28124685775050917,0.0,0.28273356325253984,0.29514133335633097,0.3019825450625923,0.23604603470367572,0.3379152598787291,0.3276823439477821
恒生指数,0.29127682360853463,0.3675937113055141,0.28273356325253984,0.0,0.3998478711630062,0.3144106086954425,0.23643224713062327,0.2936250459385988,0.2804845392544581
韩国综合指数,0.27905335554135446,0.4077958801115552,0.29514133335633097,0.3998478711630062,0.0,0.3043146441430055,0.2545444321080132,0.2961505374311033,0.29671758678946486
荷兰AEX,0.4698251452998254,0.328637725350205,0.3019825450625923,0.3144106086954425,0.3043146441430055,0.0,0.25690067895959723,0.39909742843996915,0.32549777927950596
Costa Rica Indice Accionario,0.25712547067064423,0.25014140089941683,0.23604603470367572,0.23643224713062327,0.2545444321080132,0.25690067895959723,0.0,0.24816471013056532,0.24897621085299962
加拿大多伦多S&P/TSX 综合指数,0.37294699661617586,0.29239370756751987,0.3379152598787291,0.2936250459385988,0.2961505374311033,0.39909742843996915,0.24816471013056532,0.0,0.3321133301924112
S&P CLX IPSA,0.3091138425114607,0.29394099800920687,0.3276823439477821,0.2804845392544581,0.29671758678946486,0.32549777927950596,0.24897621085299962,0.3321133301924112,0.0
