,比利时BFX,日经225,墨西哥BOLSA,恒生指数,韩国综合指数,荷兰AEX,Costa Rica Indice Accionario,加拿大多伦多S&P/TSX 综合指数,S&P CLX IPSA
比利时BFX,0.0,0.3096545205904447,0.384910807685772,0.33384283484023136,0.2967645594907077,0.5216524080356393,0.24270180887702614,0.3937234859699666,0.33099179916608834
日经225,0.3096545205904447,0.0,0.29484322413614206,0.35691289448676744,0.41930992428956043,0.3218962138159878,0.24243914753200085,0.2756959050841893,0.26386169638001505
墨西哥BOLSA,0.384910807685772,0.29484322413614206,0.0,0.29575039614890936,0.29086118767052266,0.3536514458787601,0.24943047330694984,0.3729994966818224,0.3680870065132725
恒生指数,0.33384283484023136,0.35691289448676744,0.29575039614890936,0.0,0.4206460428676391,0.35634033638681345,0.24455917332434657,0.30189017756509834,0.31692183423295645
韩国综合指数,0.2967645594907077,0.41930992428956043,0.29086118767052266,0.4206460428676391,0.0,0.3236808205079186,0.2398671435277964,0.28417092690069645,0.30545129021456907
荷兰AEX,0.5216524080356393,0.3218962138159878,0.3536514458787601,0.35634033638681345,0.3236808205079186,0.0,0.25049428843835364,0.38257810473842774,0.32504039491016723
Costa Rica Indice Accionario,0.24270180887702614,0.24243914753200085,0.24943047330694984,0.24455917332434657,0.2398671435277964,0.25049428843835364,0.0,0.24981062290796396,0.23931432732871225
加拿大多伦多S&P/TSX 综合指数,0.3937234859699666,0.2756959050841893,0.3729994966818224,0.30189017756509834,0.28417092690069645,0.38257810473842774,0.24981062290796396,0.0,0.3446083108187875
S&P CLX IPSA,0.33099179916608834,0.26386169638001505,0.3680870065132725,0.31692183423295645,0.30545129021456907,0.32504039491016723,0.23931432732871225,0.3446083108187875,0.0
