,比利时BFX,日经225,墨西哥BOLSA,恒生指数,韩国综合指数,荷兰AEX,Costa Rica Indice Accionario,加拿大多伦多S&P/TSX 综合指数,S&P CLX IPSA
比利时BFX,0.0,0.32570798889347863,0.3801053135908776,0.32349814608859767,0.2963055596977326,0.5009429419051261,0.2460993104953778,0.38586421282723704,0.31831856590105206
日经225,0.32570798889347863,0.0,0.2934904706984335,0.35919049877039794,0.4291023971461265,0.3422666180944269,0.24703336764809852,0.28488702505054647,0.27716426842299335
墨西哥BOLSA,0.3801053135908776,0.2934904706984335,0.0,0.293873130355531,0.29049693008973443,0.34746140683002685,0.23710548438728454,0.3570128156168382,0.37090707357083164
恒生指数,0.32349814608859767,0.35919049877039794,0.293873130355531,0.0,0.41236912143679005,0.349196069960078,0.23351518960942164,0.30040518179504866,0.3112652431774808
韩国综合指数,0.2963055596977326,0.4291023971461265,0.29049693008973443,0.41236912143679005,0.0,0.3255124190071434,0.24790205406360755,0.2871966865965839,0.3077287342044001
荷兰AEX,0.5009429419051261,0.3422666180944269,0.34746140683002685,0.349196069960078,0.3255124190071434,0.0,0.25140623810110674,0.37678068881343324,0.31984645096230996
Costa Rica Indice Accionario,0.2460993104953778,0.24703336764809852,0.23710548438728454,0.23351518960942164,0.24790205406360755,0.25140623810110674,0.0,0.24097675232699514,0.23605600409296906
加拿大多伦多S&P/TSX 综合指数,0.38586421282723704,0.28488702505054647,0.3570128156168382,0.30040518179504866,0.2871966865965839,0.37678068881343324,0.24097675232699514,0.0,0.3412965770950578
S&P CLX IPSA,0.31831856590105206,0.27716426842299335,0.37090707357083164,0.3112652431774808,0.3077287342044001,0.31984645096230996,0.23605600409296906,0.3412965770950578,0.0
