,比利时BFX,日经225,墨西哥BOLSA,恒生指数,韩国综合指数,荷兰AEX,Costa Rica Indice Accionario,加拿大多伦多S&P/TSX 综合指数,S&P CLX IPSA
比利时BFX,0.0,0.3123310945852083,0.34164267720641,0.3125223694618709,0.29558731912879566,0.48764891022688495,0.24988372330778635,0.3544250224155971,0.3066111199662319
日经225,0.3123310945852083,0.0,0.27471817988172714,0.3634136850360687,0.38692951234196943,0.32148305561751017,0.24967804431856297,0.27936993880984007,0.2693909769068436
墨西哥BOLSA,0.34164267720641,0.27471817988172714,0.0,0.2869030512017856,0.2892854045951439,0.3157120218546127,0.23446876958357618,0.34478316452084595,0.33897297818080946
恒生指数,0.3125223694618709,0.3634136850360687,0.2869030512017856,0.0,0.40506870941113826,0.3422964755749904,0.2325552777681294,0.29197550484013834,0.2889502742102426
韩国综合指数,0.29558731912879566,0.38692951234196943,0.2892854045951439,0.40506870941113826,0.0,0.31368031280960434,0.25298200003570553,0.2889926122019982,0.2941316470880666
荷兰AEX,0.48764891022688495,0.32148305561751017,0.3157120218546127,0.3422964755749904,0.31368031280960434,0.0,0.2503162932650327,0.3754286626905804,0.30595956859592555
Costa Rica Indice Accionario,0.24988372330778635,0.24967804431856297,0.23446876958357618,0.2325552777681294,0.25298200003570553,0.2503162932650327,0.0,0.2405356887048661,0.24022096226325984
加拿大多伦多S&P/TSX 综合指数,0.3544250224155971,0.27936993880984007,0.34478316452084595,0.29197550484013834,0.2889926122019982,0.3754286626905804,0.2405356887048661,0.0,0.3472484460126098
S&P CLX IPSA,0.3066111199662319,0.2693909769068436,0.33897297818080946,0.2889502742102426,0.2941316470880666,0.30595956859592555,0.24022096226325984,0.3472484460126098,0.0
