,比利时BFX,日经225,墨西哥BOLSA,恒生指数,韩国综合指数,荷兰AEX,Costa Rica Indice Accionario,加拿大多伦多S&P/TSX 综合指数,S&P CLX IPSA
比利时BFX,0.0,0.3227688175249769,0.3921237598962426,0.35098658229680485,0.30613884384668794,0.5323108150072585,0.24308253273526997,0.40129508387148266,0.33857193371312483
日经225,0.3227688175249769,0.0,0.29938741326877627,0.35291799855596423,0.40880517386834186,0.321298902264671,0.2419465560604104,0.28908637534160747,0.2744392425353483
墨西哥BOLSA,0.3921237598962426,0.29938741326877627,0.0,0.30109643406593134,0.2906884498412787,0.3581841880112973,0.24910771158258474,0.3778289295429521,0.3627860848052639
恒生指数,0.35098658229680485,0.35291799855596423,0.30109643406593134,0.0,0.4147901427250835,0.3660913899429014,0.24473062193024725,0.3084057159247893,0.3227075869601169
韩国综合指数,0.30613884384668794,0.40880517386834186,0.2906884498412787,0.4147901427250835,0.0,0.3241485363652229,0.23948141053910105,0.2844666246437407,0.30810344668920725
荷兰AEX,0.5323108150072585,0.321298902264671,0.3581841880112973,0.3660913899429014,0.3241485363652229,0.0,0.250464705140582,0.3921934822612768,0.32637017822862313
Costa Rica Indice Accionario,0.24308253273526997,0.2419465560604104,0.24910771158258474,0.24473062193024725,0.23948141053910105,0.250464705140582,0.0,0.2496152139489296,0.23921000112199647
加拿大多伦多S&P/TSX 综合指数,0.40129508387148266,0.28908637534160747,0.3778289295429521,0.3084057159247893,0.2844666246437407,0.3921934822612768,0.2496152139489296,0.0,0.3411690878443206
S&P CLX IPSA,0.33857193371312483,0.2744392425353483,0.3627860848052639,0.3227075869601169,0.30810344668920725,0.32637017822862313,0.23921000112199647,0.3411690878443206,0.0
