,比利时BFX,日经225,墨西哥BOLSA,恒生指数,韩国综合指数,荷兰AEX,Costa Rica Indice Accionario,加拿大多伦多S&P/TSX 综合指数,S&P CLX IPSA
比利时BFX,0.0,0.3032589127156309,0.3361243575994464,0.30266231110057584,0.2865871728409641,0.48228529656675684,0.2538492036134748,0.3724373017959976,0.3062578933448929
日经225,0.3032589127156309,0.0,0.277686866418313,0.3706897163214949,0.40400547420801086,0.3235950797239806,0.2508875235194473,0.2884215197136366,0.2890957914704059
墨西哥BOLSA,0.3361243575994464,0.277686866418313,0.0,0.28474562419253735,0.2900377476773736,0.31020890205868584,0.2341933606449082,0.3459930282848272,0.33049032464339434
恒生指数,0.30266231110057584,0.3706897163214949,0.28474562419253735,0.0,0.41290304919885423,0.32386697347221144,0.23613209200814095,0.2951434089288149,0.283927480494524
韩国综合指数,0.2865871728409641,0.40400547420801086,0.2900377476773736,0.41290304919885423,0.0,0.3047577278494071,0.2567234944839775,0.2869111826881644,0.2995229911540503
荷兰AEX,0.48228529656675684,0.3235950797239806,0.31020890205868584,0.32386697347221144,0.3047577278494071,0.0,0.2539510611565113,0.40348033466655425,0.31485057833051516
Costa Rica Indice Accionario,0.2538492036134748,0.2508875235194473,0.2341933606449082,0.23613209200814095,0.2567234944839775,0.2539510611565113,0.0,0.24468996678113744,0.24503016813026887
加拿大多伦多S&P/TSX 综合指数,0.3724373017959976,0.2884215197136366,0.3459930282848272,0.2951434089288149,0.2869111826881644,0.40348033466655425,0.24468996678113744,0.0,0.33423445901044085
S&P CLX IPSA,0.3062578933448929,0.2890957914704059,0.33049032464339434,0.283927480494524,0.2995229911540503,0.31485057833051516,0.24503016813026887,0.33423445901044085,0.0
