,比利时BFX,日经225,墨西哥BOLSA,恒生指数,韩国综合指数,荷兰AEX,Costa Rica Indice Accionario,加拿大多伦多S&P/TSX 综合指数,S&P CLX IPSA
比利时BFX,0.0,0.3037681491319526,0.3377754001580663,0.30137298626749054,0.2850707067332438,0.48063042827956914,0.2558841411096961,0.3686836701696691,0.30989964558416794
日经225,0.3037681491319526,0.0,0.27848968255811335,0.37387154639836007,0.40588034937934486,0.3227249585063304,0.25065597920133426,0.2886265558106418,0.2875440037939666
墨西哥BOLSA,0.3377754001580663,0.27848968255811335,0.0,0.28712481809923307,0.2924568223342508,0.3126229649640944,0.23632770041167525,0.34769389712709603,0.32454468671006337
恒生指数,0.30137298626749054,0.37387154639836007,0.28712481809923307,0.0,0.4093985632987794,0.323402035228228,0.2359414333546834,0.2958018456701367,0.28759199132659213
韩国综合指数,0.2850707067332438,0.40588034937934486,0.2924568223342508,0.4093985632987794,0.0,0.3039885682040223,0.2546514736993309,0.2878657546513414,0.2971274100789209
荷兰AEX,0.48063042827956914,0.3227249585063304,0.3126229649640944,0.323402035228228,0.3039885682040223,0.0,0.2555885181162166,0.4008219064660996,0.31855566669075186
Costa Rica Indice Accionario,0.2558841411096961,0.25065597920133426,0.23632770041167525,0.2359414333546834,0.2546514736993309,0.2555885181162166,0.0,0.24622828464047655,0.24737741310699413
加拿大多伦多S&P/TSX 综合指数,0.3686836701696691,0.2886265558106418,0.34769389712709603,0.2958018456701367,0.2878657546513414,0.4008219064660996,0.24622828464047655,0.0,0.33456893110867164
S&P CLX IPSA,0.30989964558416794,0.2875440037939666,0.32454468671006337,0.28759199132659213,0.2971274100789209,0.31855566669075186,0.24737741310699413,0.33456893110867164,0.0
