,比利时BFX,日经225,墨西哥BOLSA,恒生指数,韩国综合指数,荷兰AEX,Costa Rica Indice Accionario,加拿大多伦多S&P/TSX 综合指数,S&P CLX IPSA
比利时BFX,0.0,0.307262624269636,0.3384282419781686,0.2916236812880945,0.27922246133422834,0.4694060439351363,0.2571207763351994,0.3735984301627624,0.30948928746056825
日经225,0.307262624269636,0.0,0.2814770758674638,0.36783349168567,0.4079174633937427,0.3285881171851814,0.2501435473045244,0.2928404450520446,0.2942022766211701
墨西哥BOLSA,0.3384282419781686,0.2814770758674638,0.0,0.2829776691088174,0.29545362272913067,0.30423823629467056,0.2359144545237566,0.3405978104732475,0.3286227400816267
恒生指数,0.2916236812880945,0.36783349168567,0.2829776691088174,0.0,0.3999866993839704,0.31427009827914065,0.2364469989931619,0.29427568270423266,0.28087142918955954
韩国综合指数,0.27922246133422834,0.4079174633937427,0.29545362272913067,0.3999866993839704,0.0,0.30434216656532165,0.2545447223599975,0.2965070953047139,0.29690123887920644
荷兰AEX,0.4694060439351363,0.3285881171851814,0.30423823629467056,0.31427009827914065,0.30434216656532165,0.0,0.25691015915744514,0.39789694150270777,0.3253153613876429
Costa Rica Indice Accionario,0.2571207763351994,0.2501435473045244,0.2359144545237566,0.2364469989931619,0.2545447223599975,0.25691015915744514,0.0,0.24817553183263907,0.24897885781161272
加拿大多伦多S&P/TSX 综合指数,0.3735984301627624,0.2928404450520446,0.3405978104732475,0.29427568270423266,0.2965070953047139,0.39789694150270777,0.24817553183263907,0.0,0.33284268795387073
S&P CLX IPSA,0.30948928746056825,0.2942022766211701,0.3286227400816267,0.28087142918955954,0.29690123887920644,0.3253153613876429,0.24897885781161272,0.33284268795387073,0.0
