,比利时BFX,日经225,墨西哥BOLSA,恒生指数,韩国综合指数,荷兰AEX,Costa Rica Indice Accionario,加拿大多伦多S&P/TSX 综合指数,S&P CLX IPSA
比利时BFX,0.0,0.30274962196169664,0.3399761168765368,0.3072286232628086,0.29273386350827935,0.4828603026545088,0.2517211760523849,0.36416306287991024,0.3055205003695711
日经225,0.30274962196169664,0.0,0.2801912713273405,0.37627083843342696,0.4009894372507006,0.32016474172304815,0.25099995709320827,0.2820632419126311,0.2856197703913404
墨西哥BOLSA,0.3399761168765368,0.2801912713273405,0.0,0.2905266642517849,0.29399408116403536,0.31118154818397165,0.2349284219612407,0.34934058556887065,0.32658010251200625
恒生指数,0.3072286232628086,0.37627083843342696,0.2905266642517849,0.0,0.4037791182930712,0.3325577085177798,0.23286391820442273,0.29162791758801354,0.2861368872390166
韩国综合指数,0.29273386350827935,0.4009894372507006,0.29399408116403536,0.4037791182930712,0.0,0.31177556072180657,0.2546650075616433,0.28491567426200753,0.3000753845571365
荷兰AEX,0.4828603026545088,0.32016474172304815,0.31118154818397165,0.3325577085177798,0.31177556072180657,0.0,0.2518143993117586,0.39266352600860843,0.3120717924866289
Costa Rica Indice Accionario,0.2517211760523849,0.25099995709320827,0.2349284219612407,0.23286391820442273,0.2546650075616433,0.2518143993117586,0.0,0.23989407607854313,0.2416183380848328
加拿大多伦多S&P/TSX 综合指数,0.36416306287991024,0.2820632419126311,0.34934058556887065,0.29162791758801354,0.28491567426200753,0.39266352600860843,0.23989407607854313,0.0,0.33533803383931815
S&P CLX IPSA,0.3055205003695711,0.2856197703913404,0.32658010251200625,0.2861368872390166,0.3000753845571365,0.3120717924866289,0.2416183380848328,0.33533803383931815,0.0
