,比利时BFX,日经225,墨西哥BOLSA,恒生指数,韩国综合指数,荷兰AEX,Costa Rica Indice Accionario,加拿大多伦多S&P/TSX 综合指数,S&P CLX IPSA
比利时BFX,0.0,0.30440198453455347,0.3369579527920286,0.3039470452851739,0.2891115269605295,0.4838506807168582,0.2538414810279226,0.37162735195822066,0.3065238686111436
日经225,0.30440198453455347,0.0,0.27853871551029524,0.3726067339013831,0.40386317071767247,0.32494057644281693,0.2509037635488334,0.28821222188187523,0.289431591445959
墨西哥BOLSA,0.3369579527920286,0.27853871551029524,0.0,0.28583834659291407,0.2917990035063381,0.3113920120009903,0.23422839046026203,0.34555095953611265,0.3307177507637497
恒生指数,0.3039470452851739,0.3726067339013831,0.28583834659291407,0.0,0.4149354558528609,0.3263148858665446,0.23618314474559035,0.29456124783807713,0.2842832011449704
韩国综合指数,0.2891115269605295,0.40386317071767247,0.2917990035063381,0.4149354558528609,0.0,0.30892179859814395,0.2564132064830515,0.28506017551144375,0.2991552436027776
荷兰AEX,0.4838506807168582,0.32494057644281693,0.3113920120009903,0.3263148858665446,0.30892179859814395,0.0,0.25393523276135854,0.401686588775963,0.3151186450851158
Costa Rica Indice Accionario,0.2538414810279226,0.2509037635488334,0.23422839046026203,0.23618314474559035,0.2564132064830515,0.25393523276135854,0.0,0.2446832419923488,0.24503745672683636
加拿大多伦多S&P/TSX 综合指数,0.37162735195822066,0.28821222188187523,0.34555095953611265,0.29456124783807713,0.28506017551144375,0.401686588775963,0.2446832419923488,0.0,0.3341155462666679
S&P CLX IPSA,0.3065238686111436,0.289431591445959,0.3307177507637497,0.2842832011449704,0.2991552436027776,0.3151186450851158,0.24503745672683636,0.3341155462666679,0.0
