,比利时BFX,日经225,墨西哥BOLSA,恒生指数,韩国综合指数,荷兰AEX,Costa Rica Indice Accionario,加拿大多伦多S&P/TSX 综合指数,S&P CLX IPSA
比利时BFX,0.0,0.3104104636759231,0.32581557424053537,0.2860045571980942,0.2773291446332915,0.47277794114723876,0.26056094066323754,0.3726303265636368,0.30892527623004956
日经225,0.3104104636759231,0.0,0.27927783615532237,0.3459647936096872,0.3964852095039203,0.32387130162775624,0.24907519189706387,0.2912468526957263,0.28138678330317524
墨西哥BOLSA,0.32581557424053537,0.27927783615532237,0.0,0.2756882728174566,0.289245703828843,0.300961234849499,0.236338174908337,0.3303266062007993,0.30246833467770873
恒生指数,0.2860045571980942,0.3459647936096872,0.2756882728174566,0.0,0.3825997329854483,0.31833537588848626,0.23451327268354097,0.28405170204215374,0.27536011707822095
韩国综合指数,0.2773291446332915,0.3964852095039203,0.289245703828843,0.3825997329854483,0.0,0.2997398781847295,0.24829383233383917,0.28652794733316045,0.2841742298587148
荷兰AEX,0.47277794114723876,0.32387130162775624,0.300961234849499,0.31833537588848626,0.2997398781847295,0.0,0.25906888665839756,0.3936706876444356,0.3144825414975312
Costa Rica Indice Accionario,0.26056094066323754,0.24907519189706387,0.236338174908337,0.23451327268354097,0.24829383233383917,0.25906888665839756,0.0,0.24387485752261953,0.2506113088791135
加拿大多伦多S&P/TSX 综合指数,0.3726303265636368,0.2912468526957263,0.3303266062007993,0.28405170204215374,0.28652794733316045,0.3936706876444356,0.24387485752261953,0.0,0.3182560880336411
S&P CLX IPSA,0.30892527623004956,0.28138678330317524,0.30246833467770873,0.27536011707822095,0.2841742298587148,0.3144825414975312,0.2506113088791135,0.3182560880336411,0.0
