,比利时BFX,日经225,墨西哥BOLSA,恒生指数,韩国综合指数,荷兰AEX,Costa Rica Indice Accionario,加拿大多伦多S&P/TSX 综合指数,S&P CLX IPSA
比利时BFX,0.0,0.32817744143313565,0.36799938178380237,0.3268166807352817,0.29945057018525617,0.497979670191518,0.2469420210041503,0.39997854242099645,0.315168246080322
日经225,0.32817744143313565,0.0,0.29138847416822455,0.3699883905480338,0.43725305570036566,0.34347262810639745,0.24669043826084489,0.28067164865623284,0.2754264617300622
墨西哥BOLSA,0.36799938178380237,0.29138847416822455,0.0,0.29446427874734277,0.2890717173594846,0.3359321217215243,0.23767002714297278,0.37962721877536304,0.3597070101053754
恒生指数,0.3268166807352817,0.3699883905480338,0.29446427874734277,0.0,0.42007931032226037,0.3516123857237132,0.2346191675059862,0.2939740830942832,0.3059049335102957
韩国综合指数,0.29945057018525617,0.43725305570036566,0.2890717173594846,0.42007931032226037,0.0,0.32926517795432536,0.24845371138037237,0.27866553292654167,0.3052249917831656
荷兰AEX,0.497979670191518,0.34347262810639745,0.3359321217215243,0.3516123857237132,0.32926517795432536,0.0,0.25338124510609183,0.3871749191184209,0.3168838841198102
Costa Rica Indice Accionario,0.2469420210041503,0.24669043826084489,0.23767002714297278,0.2346191675059862,0.24845371138037237,0.25338124510609183,0.0,0.24081999120666886,0.23733509216358384
加拿大多伦多S&P/TSX 综合指数,0.39997854242099645,0.28067164865623284,0.37962721877536304,0.2939740830942832,0.27866553292654167,0.3871749191184209,0.24081999120666886,0.0,0.3488293388313411
S&P CLX IPSA,0.315168246080322,0.2754264617300622,0.3597070101053754,0.3059049335102957,0.3052249917831656,0.3168838841198102,0.23733509216358384,0.3488293388313411,0.0
