,比利时BFX,日经225,墨西哥BOLSA,恒生指数,韩国综合指数,荷兰AEX,Costa Rica Indice Accionario,加拿大多伦多S&P/TSX 综合指数,S&P CLX IPSA
比利时BFX,0.0,0.2906330909188834,0.31854260270417073,0.2900597843934461,0.27942045048253705,0.48551873866232215,0.26227410432801795,0.3768326405521924,0.29781805235056596
日经225,0.2906330909188834,0.0,0.26420895764078384,0.338636871219023,0.40701399674676875,0.305278821599298,0.25126756353830676,0.27861021460640667,0.27433689733130395
墨西哥BOLSA,0.31854260270417073,0.26420895764078384,0.0,0.2702006087080848,0.27969785542429926,0.30926607161041814,0.23331809131381614,0.3308549296823516,0.2947406368090074
恒生指数,0.2900597843934461,0.338636871219023,0.2702006087080848,0.0,0.3703736850807639,0.32123991803046104,0.23577819819160803,0.29044218805380495,0.27460764843548763
韩国综合指数,0.27942045048253705,0.40701399674676875,0.27969785542429926,0.3703736850807639,0.0,0.3024754524251232,0.2517464361766197,0.2785687827469312,0.2678679567654529
荷兰AEX,0.48551873866232215,0.305278821599298,0.30926607161041814,0.32123991803046104,0.3024754524251232,0.0,0.2583982379769402,0.41161828836741493,0.31061470723799195
Costa Rica Indice Accionario,0.26227410432801795,0.25126756353830676,0.23331809131381614,0.23577819819160803,0.2517464361766197,0.2583982379769402,0.0,0.24471699015652743,0.2514667919780908
加拿大多伦多S&P/TSX 综合指数,0.3768326405521924,0.27861021460640667,0.3308549296823516,0.29044218805380495,0.2785687827469312,0.41161828836741493,0.24471699015652743,0.0,0.3037905962209632
S&P CLX IPSA,0.29781805235056596,0.27433689733130395,0.2947406368090074,0.27460764843548763,0.2678679567654529,0.31061470723799195,0.2514667919780908,0.3037905962209632,0.0
