,比利时BFX,日经225,墨西哥BOLSA,恒生指数,韩国综合指数,荷兰AEX,Costa Rica Indice Accionario,加拿大多伦多S&P/TSX 综合指数,S&P CLX IPSA
比利时BFX,0.0,0.32732913627338883,0.38386574324288064,0.3215739016983561,0.2919331188259461,0.5016089758048066,0.24953892119588283,0.3875506812022278,0.32042711271672725
日经225,0.32732913627338883,0.0,0.2955765640638063,0.3619594951004472,0.4269161790350193,0.34294011331854185,0.24805466065667564,0.2866793221834815,0.27890626079757586
墨西哥BOLSA,0.38386574324288064,0.2955765640638063,0.0,0.2923204951186376,0.28768079596153784,0.350290030455279,0.24076264378493903,0.36347498112200755,0.3784320335764225
恒生指数,0.3215739016983561,0.3619594951004472,0.2923204951186376,0.0,0.41051262571502056,0.34829954175175337,0.23406581710142416,0.3032855321410431,0.3140092113210312
韩国综合指数,0.2919331188259461,0.4269161790350193,0.28768079596153784,0.41051262571502056,0.0,0.3212939322237581,0.2470254932201915,0.2825357175861599,0.3033884157410692
荷兰AEX,0.5016089758048066,0.34294011331854185,0.350290030455279,0.34829954175175337,0.3212939322237581,0.0,0.25379950302892057,0.37585855523557443,0.32022849635438
Costa Rica Indice Accionario,0.24953892119588283,0.24805466065667564,0.24076264378493903,0.23406581710142416,0.2470254932201915,0.25379950302892057,0.0,0.24574887906621615,0.2398978931327536
加拿大多伦多S&P/TSX 综合指数,0.3875506812022278,0.2866793221834815,0.36347498112200755,0.3032855321410431,0.2825357175861599,0.37585855523557443,0.24574887906621615,0.0,0.34835307904221685
S&P CLX IPSA,0.32042711271672725,0.27890626079757586,0.3784320335764225,0.3140092113210312,0.3033884157410692,0.32022849635438,0.2398978931327536,0.34835307904221685,0.0
