,比利时BFX,日经225,墨西哥BOLSA,恒生指数,韩国综合指数,荷兰AEX,Costa Rica Indice Accionario,加拿大多伦多S&P/TSX 综合指数,S&P CLX IPSA
比利时BFX,0.0,0.31282623347127736,0.32557544235849184,0.28623929882687815,0.27783540610115187,0.47958748529957534,0.2600631147284974,0.3748848703154961,0.3072185355962921
日经225,0.31282623347127736,0.0,0.27940139799284996,0.3482630645527386,0.39729458476920104,0.321818112925971,0.24914178696785022,0.2920438751014084,0.28315968532783237
墨西哥BOLSA,0.32557544235849184,0.27940139799284996,0.0,0.27519503020896674,0.28666572974078103,0.30109761127835855,0.23635166857679663,0.3256238283367332,0.3003506538810224
恒生指数,0.28623929882687815,0.3482630645527386,0.27519503020896674,0.0,0.3867574332890454,0.3193614024072709,0.23390827346925994,0.2858920797055892,0.27395479958629954
韩国综合指数,0.27783540610115187,0.39729458476920104,0.28666572974078103,0.3867574332890454,0.0,0.29945705138615003,0.24785258948250088,0.2849626400381532,0.2822708619309918
荷兰AEX,0.47958748529957534,0.321818112925971,0.30109761127835855,0.3193614024072709,0.29945705138615003,0.0,0.2586993023453036,0.3967222784118501,0.31649626632372924
Costa Rica Indice Accionario,0.2600631147284974,0.24914178696785022,0.23635166857679663,0.23390827346925994,0.24785258948250088,0.2586993023453036,0.0,0.24332870960479983,0.25108015478201745
加拿大多伦多S&P/TSX 综合指数,0.3748848703154961,0.2920438751014084,0.3256238283367332,0.2858920797055892,0.2849626400381532,0.3967222784118501,0.24332870960479983,0.0,0.3152285738997257
S&P CLX IPSA,0.3072185355962921,0.28315968532783237,0.3003506538810224,0.27395479958629954,0.2822708619309918,0.31649626632372924,0.25108015478201745,0.3152285738997257,0.0
