,比利时BFX,日经225,墨西哥BOLSA,恒生指数,韩国综合指数,荷兰AEX,Costa Rica Indice Accionario,加拿大多伦多S&P/TSX 综合指数,S&P CLX IPSA
比利时BFX,0.0,0.28995543017833836,0.32584756829374706,0.28857755561025245,0.2785167281917368,0.4828988925538874,0.26172350561797986,0.38164648358238146,0.30079022056876503
日经225,0.28995543017833836,0.0,0.2659000522132852,0.3366819031167476,0.41316734436131863,0.3036939757900469,0.2511249930121164,0.2783261158890067,0.2776826615186828
墨西哥BOLSA,0.32584756829374706,0.2659000522132852,0.0,0.2705415383019277,0.283588688513565,0.31050099053760405,0.23320343853182365,0.33601917853230223,0.2998430680522888
恒生指数,0.28857755561025245,0.3366819031167476,0.2705415383019277,0.0,0.3659387895721592,0.32048890090261317,0.23591642539339733,0.2868636924598993,0.27400393901557596
韩国综合指数,0.2785167281917368,0.41316734436131863,0.283588688513565,0.3659387895721592,0.0,0.3016348263418125,0.2510326215529136,0.27858783716030766,0.27257365411573203
荷兰AEX,0.4828988925538874,0.3036939757900469,0.31050099053760405,0.32048890090261317,0.3016348263418125,0.0,0.25841247484508645,0.40772584907873843,0.3114058715022357
Costa Rica Indice Accionario,0.26172350561797986,0.2511249930121164,0.23320343853182365,0.23591642539339733,0.2510326215529136,0.25841247484508645,0.0,0.2447397630784193,0.25122928497447844
加拿大多伦多S&P/TSX 综合指数,0.38164648358238146,0.2783261158890067,0.33601917853230223,0.2868636924598993,0.27858783716030766,0.40772584907873843,0.2447397630784193,0.0,0.30726505065331516
S&P CLX IPSA,0.30079022056876503,0.2776826615186828,0.2998430680522888,0.27400393901557596,0.27257365411573203,0.3114058715022357,0.25122928497447844,0.30726505065331516,0.0
