,比利时BFX,日经225,墨西哥BOLSA,恒生指数,韩国综合指数,荷兰AEX,Costa Rica Indice Accionario,加拿大多伦多S&P/TSX 综合指数,S&P CLX IPSA
比利时BFX,0.0,0.3280589742530784,0.3844529601797986,0.32343046856021757,0.29380393594501003,0.5027560145936477,0.2494856304592998,0.3912764086386892,0.3220843822773243
日经225,0.3280589742530784,0.0,0.29523150060112147,0.35970275588215866,0.42907021882504937,0.3441101292634723,0.24802649001130705,0.28661346949498745,0.2799970894024156
墨西哥BOLSA,0.3844529601797986,0.29523150060112147,0.0,0.29394645804426206,0.2879448852165552,0.35008747662497464,0.24077009322031576,0.36339238933430534,0.3760550518333061
恒生指数,0.32343046856021757,0.35970275588215866,0.29394645804426206,0.0,0.4117253638759802,0.34923082445796405,0.23404915612840332,0.29998933731373667,0.3113763811125435
韩国综合指数,0.29380393594501003,0.42907021882504937,0.2879448852165552,0.4117253638759802,0.0,0.3234963699961548,0.2469902217332531,0.28383834077940295,0.3043968441745635
荷兰AEX,0.5027560145936477,0.3441101292634723,0.35008747662497464,0.34923082445796405,0.3234963699961548,0.0,0.2537056611942722,0.3793594898677058,0.32238934857718926
Costa Rica Indice Accionario,0.2494856304592998,0.24802649001130705,0.24077009322031576,0.23404915612840332,0.2469902217332531,0.2537056611942722,0.0,0.24575524245992955,0.23989272214010382
加拿大多伦多S&P/TSX 综合指数,0.3912764086386892,0.28661346949498745,0.36339238933430534,0.29998933731373667,0.28383834077940295,0.3793594898677058,0.24575524245992955,0.0,0.3480087419547975
S&P CLX IPSA,0.3220843822773243,0.2799970894024156,0.3760550518333061,0.3113763811125435,0.3043968441745635,0.32238934857718926,0.23989272214010382,0.3480087419547975,0.0
