,比利时BFX,日经225,墨西哥BOLSA,恒生指数,韩国综合指数,荷兰AEX,Costa Rica Indice Accionario,加拿大多伦多S&P/TSX 综合指数,S&P CLX IPSA
比利时BFX,0.0,0.29853721623318946,0.313871625473753,0.30085423430478014,0.2922381921769862,0.47718305341046896,0.26287638830897186,0.37813008740202225,0.29886914105843865
日经225,0.29853721623318946,0.0,0.27341913853946376,0.33283459060009735,0.3994347883424109,0.30544510520329843,0.251014328460877,0.2787083849571459,0.27416074041793076
墨西哥BOLSA,0.313871625473753,0.27341913853946376,0.0,0.275683502849329,0.2939246826468449,0.3113230202165146,0.23214108383727816,0.3223355563837907,0.2948597734772507
恒生指数,0.30085423430478014,0.33283459060009735,0.275683502849329,0.0,0.36867565076428294,0.32529820181780134,0.2364069556208629,0.2874776685753387,0.27537833156106967
韩国综合指数,0.2922381921769862,0.3994347883424109,0.2939246826468449,0.36867565076428294,0.0,0.30278208982848426,0.2523519171411976,0.27603312159193055,0.27195819582419745
荷兰AEX,0.47718305341046896,0.30544510520329843,0.3113230202165146,0.32529820181780134,0.30278208982848426,0.0,0.2592196825146958,0.40279062155688145,0.31111934969298366
Costa Rica Indice Accionario,0.26287638830897186,0.251014328460877,0.23214108383727816,0.2364069556208629,0.2523519171411976,0.2592196825146958,0.0,0.24431924912827246,0.250558627445541
加拿大多伦多S&P/TSX 综合指数,0.37813008740202225,0.2787083849571459,0.3223355563837907,0.2874776685753387,0.27603312159193055,0.40279062155688145,0.24431924912827246,0.0,0.2967776830482119
S&P CLX IPSA,0.29886914105843865,0.27416074041793076,0.2948597734772507,0.27537833156106967,0.27195819582419745,0.31111934969298366,0.250558627445541,0.2967776830482119,0.0
