,比利时BFX,日经225,墨西哥BOLSA,恒生指数,韩国综合指数,荷兰AEX,Costa Rica Indice Accionario,加拿大多伦多S&P/TSX 综合指数,S&P CLX IPSA
比利时BFX,0.0,0.3086812061578794,0.34365203447538045,0.2879242814595801,0.2779979298218951,0.47160615086323626,0.25769333849035425,0.3863610617455722,0.3089589055268759
日经225,0.3086812061578794,0.0,0.28257290918070754,0.3468741835459386,0.4015826352129735,0.3307285677812804,0.24917293949075528,0.29583375876902174,0.28933863138763644
墨西哥BOLSA,0.34365203447538045,0.28257290918070754,0.0,0.2832749895402953,0.2934399474048666,0.3114308895494622,0.23516129941257427,0.3432481277648114,0.3136183642444915
恒生指数,0.2879242814595801,0.3468741835459386,0.2832749895402953,0.0,0.3910073168577867,0.3225554891454123,0.23803182918248958,0.29523813221886486,0.283885321137816
韩国综合指数,0.2779979298218951,0.4015826352129735,0.2934399474048666,0.3910073168577867,0.0,0.3057286946251745,0.25352510645689,0.293065893660871,0.2935141041756293
荷兰AEX,0.47160615086323626,0.3307285677812804,0.3114308895494622,0.3225554891454123,0.3057286946251745,0.0,0.25696874585605733,0.406393356759217,0.3180479128832415
Costa Rica Indice Accionario,0.25769333849035425,0.24917293949075528,0.23516129941257427,0.23803182918248958,0.25352510645689,0.25696874585605733,0.0,0.2454806653341554,0.250033963000946
加拿大多伦多S&P/TSX 综合指数,0.3863610617455722,0.29583375876902174,0.3432481277648114,0.29523813221886486,0.293065893660871,0.406393356759217,0.2454806653341554,0.0,0.3256052465482188
S&P CLX IPSA,0.3089589055268759,0.28933863138763644,0.3136183642444915,0.283885321137816,0.2935141041756293,0.3180479128832415,0.250033963000946,0.3256052465482188,0.0
