,比利时BFX,日经225,墨西哥BOLSA,恒生指数,韩国综合指数,荷兰AEX,Costa Rica Indice Accionario,加拿大多伦多S&P/TSX 综合指数,S&P CLX IPSA
比利时BFX,0.0,0.3228323747145855,0.41925046557033707,0.37242162745676305,0.3386117688255529,0.5554908832552692,0.23660545922166432,0.4290128063906046,0.3353090094576868
日经225,0.3228323747145855,0.0,0.3125299240840272,0.3848225547463877,0.45331971364418866,0.33534745641146657,0.23017817382445888,0.32583249017607835,0.27962452805257854
墨西哥BOLSA,0.41925046557033707,0.3125299240840272,0.0,0.32352301482674045,0.3210990285316836,0.40062899884683933,0.2431153301076528,0.4227341335787566,0.35096146663541694
恒生指数,0.37242162745676305,0.3848225547463877,0.32352301482674045,0.0,0.4638190474156058,0.3854281760697666,0.23469960556587552,0.33781154390179424,0.328607945790836
韩国综合指数,0.3386117688255529,0.45331971364418866,0.3210990285316836,0.4638190474156058,0.0,0.3682293310505883,0.22566874513215915,0.35250211711403934,0.3193322980029636
荷兰AEX,0.5554908832552692,0.33534745641146657,0.40062899884683933,0.3854281760697666,0.3682293310505883,0.0,0.2409591919244379,0.46862426695452536,0.3253404102066976
Costa Rica Indice Accionario,0.23660545922166432,0.23017817382445888,0.2431153301076528,0.23469960556587552,0.22566874513215915,0.2409591919244379,0.0,0.23565415440886003,0.221807666720732
加拿大多伦多S&P/TSX 综合指数,0.4290128063906046,0.32583249017607835,0.4227341335787566,0.33781154390179424,0.35250211711403934,0.46862426695452536,0.23565415440886003,0.0,0.3305552648697483
S&P CLX IPSA,0.3353090094576868,0.27962452805257854,0.35096146663541694,0.328607945790836,0.3193322980029636,0.3253404102066976,0.221807666720732,0.3305552648697483,0.0
