,比利时BFX,日经225,墨西哥BOLSA,恒生指数,韩国综合指数,荷兰AEX,Costa Rica Indice Accionario,加拿大多伦多S&P/TSX 综合指数,S&P CLX IPSA
比利时BFX,0.0,0.31058367274129556,0.33879179078310656,0.2864522619464025,0.2758182656695483,0.461758264199802,0.25652311040944803,0.3714265955530245,0.313647164472524
日经225,0.31058367274129556,0.0,0.2812741155154397,0.3433708392042978,0.3943514111289045,0.32775875618478784,0.24958578121001873,0.29287440685197447,0.28540949590313563
墨西哥BOLSA,0.33879179078310656,0.2812741155154397,0.0,0.2763816316953985,0.2881634032473171,0.30582400670541066,0.2354102523533441,0.3336783391329459,0.3069388693555075
恒生指数,0.2864522619464025,0.3433708392042978,0.2763816316953985,0.0,0.3777140193635581,0.31838128004301136,0.23502896104506968,0.28623233461965714,0.2773901670151558
韩国综合指数,0.2758182656695483,0.3943514111289045,0.2881634032473171,0.3777140193635581,0.0,0.3009603908481193,0.24911187826851858,0.2875358095740538,0.2853750438196386
荷兰AEX,0.461758264199802,0.32775875618478784,0.30582400670541066,0.31838128004301136,0.3009603908481193,0.0,0.2579827346455201,0.39210122857833385,0.3181140264007938
Costa Rica Indice Accionario,0.25652311040944803,0.24958578121001873,0.2354102523533441,0.23502896104506968,0.24911187826851858,0.2579827346455201,0.0,0.24286675514715855,0.24961848150094107
加拿大多伦多S&P/TSX 综合指数,0.3714265955530245,0.29287440685197447,0.3336783391329459,0.28623233461965714,0.2875358095740538,0.39210122857833385,0.24286675514715855,0.0,0.3191345596818419
S&P CLX IPSA,0.313647164472524,0.28540949590313563,0.3069388693555075,0.2773901670151558,0.2853750438196386,0.3181140264007938,0.24961848150094107,0.3191345596818419,0.0
