,比利时BFX,日经225,墨西哥BOLSA,恒生指数,韩国综合指数,荷兰AEX,Costa Rica Indice Accionario,加拿大多伦多S&P/TSX 综合指数,S&P CLX IPSA
比利时BFX,0.0,0.30028775725299905,0.31966209456007744,0.28431815011112765,0.27117988429079015,0.48475888206590734,0.2616818956964745,0.3702111131093804,0.2983059242848482
日经225,0.30028775725299905,0.0,0.274930258118047,0.3491860429974646,0.39632759883032903,0.31666867676102156,0.25096386045511215,0.2837992378885066,0.28032417306878604
墨西哥BOLSA,0.31966209456007744,0.274930258118047,0.0,0.27502175414736757,0.28735055770141915,0.2993827774791225,0.23353037818519085,0.3223937134756755,0.2964986422025849
恒生指数,0.28431815011112765,0.3491860429974646,0.27502175414736757,0.0,0.38590799031163514,0.31793067302233097,0.23494064537361856,0.28364726304071436,0.27117158739824115
韩国综合指数,0.27117988429079015,0.39632759883032903,0.28735055770141915,0.38590799031163514,0.0,0.2963763084148984,0.24873083576386326,0.2794509600974916,0.27822352994045346
荷兰AEX,0.48475888206590734,0.31666867676102156,0.2993827774791225,0.31793067302233097,0.2963763084148984,0.0,0.2588912099937183,0.39504233470800726,0.31302459424413265
Costa Rica Indice Accionario,0.2616818956964745,0.25096386045511215,0.23353037818519085,0.23494064537361856,0.24873083576386326,0.2588912099937183,0.0,0.2447575945580927,0.2502018926845885
加拿大多伦多S&P/TSX 综合指数,0.3702111131093804,0.2837992378885066,0.3223937134756755,0.28364726304071436,0.2794509600974916,0.39504233470800726,0.2447575945580927,0.0,0.3125603738900131
S&P CLX IPSA,0.2983059242848482,0.28032417306878604,0.2964986422025849,0.27117158739824115,0.27822352994045346,0.31302459424413265,0.2502018926845885,0.3125603738900131,0.0
