,比利时BFX,日经225,墨西哥BOLSA,恒生指数,韩国综合指数,荷兰AEX,Costa Rica Indice Accionario,加拿大多伦多S&P/TSX 综合指数,S&P CLX IPSA
比利时BFX,0.0,0.3268205497226515,0.3832128836186614,0.3225001015879929,0.291998383757376,0.5014683802425848,0.24899083157166801,0.3872673633892644,0.31780102755028433
日经225,0.3268205497226515,0.0,0.29816553852115124,0.36140886093834684,0.42600381370837964,0.3433641718037615,0.2571338539033819,0.28824220192729477,0.2698135461603618
墨西哥BOLSA,0.3832128836186614,0.29816553852115124,0.0,0.2923416210780702,0.2881561449691932,0.3507955756026239,0.246763805979879,0.3647763234993909,0.3614781574002269
恒生指数,0.3225001015879929,0.36140886093834684,0.2923416210780702,0.0,0.4116301509435397,0.3491135890183058,0.24341520699628263,0.3041511437552212,0.3080222504995047
韩国综合指数,0.291998383757376,0.42600381370837964,0.2881561449691932,0.4116301509435397,0.0,0.3215341266458466,0.24948723282813218,0.28290771628828226,0.2993632841916804
荷兰AEX,0.5014683802425848,0.3433641718037615,0.3507955756026239,0.3491135890183058,0.3215341266458466,0.0,0.2572720775547033,0.37629447924115844,0.3149356812149119
Costa Rica Indice Accionario,0.24899083157166801,0.2571338539033819,0.246763805979879,0.24341520699628263,0.24948723282813218,0.2572720775547033,0.0,0.24686807481684814,0.2426500831746844
加拿大多伦多S&P/TSX 综合指数,0.3872673633892644,0.28824220192729477,0.3647763234993909,0.3041511437552212,0.28290771628828226,0.37629447924115844,0.24686807481684814,0.0,0.3397512553427478
S&P CLX IPSA,0.31780102755028433,0.2698135461603618,0.3614781574002269,0.3080222504995047,0.2993632841916804,0.3149356812149119,0.2426500831746844,0.3397512553427478,0.0
