,比利时BFX,日经225,墨西哥BOLSA,恒生指数,韩国综合指数,荷兰AEX,Costa Rica Indice Accionario,加拿大多伦多S&P/TSX 综合指数,S&P CLX IPSA
比利时BFX,0.0,0.32361985160832113,0.3840252755565426,0.34638784196294126,0.3059960473598124,0.5261941522290782,0.24291123063465983,0.3959316356194726,0.3372853791700255
日经225,0.32361985160832113,0.0,0.2991621709782072,0.356686110578281,0.41562037241600897,0.3221638610972308,0.24211051914513995,0.28487428339700704,0.2718125972888322
墨西哥BOLSA,0.3840252755565426,0.2991621709782072,0.0,0.29983733867475904,0.290694509099808,0.3508012966847876,0.24955788774622267,0.3773387121777089,0.3627633235753078
恒生指数,0.34638784196294126,0.356686110578281,0.29983733867475904,0.0,0.4151146525129823,0.36212867206693683,0.24439906829859037,0.3095205699239275,0.32242743463676043
韩国综合指数,0.3059960473598124,0.41562037241600897,0.290694509099808,0.4151146525129823,0.0,0.3242142212523976,0.23938416073940808,0.28529036831257165,0.3062842967788463
荷兰AEX,0.5261941522290782,0.3221638610972308,0.3508012966847876,0.36212867206693683,0.3242142212523976,0.0,0.25024636217064167,0.38701429590134695,0.3230538430582468
Costa Rica Indice Accionario,0.24291123063465983,0.24211051914513995,0.24955788774622267,0.24439906829859037,0.23938416073940808,0.25024636217064167,0.0,0.24961806908092865,0.23926254738316313
加拿大多伦多S&P/TSX 综合指数,0.3959316356194726,0.28487428339700704,0.3773387121777089,0.3095205699239275,0.28529036831257165,0.38701429590134695,0.24961806908092865,0.0,0.33726711008820465
S&P CLX IPSA,0.3372853791700255,0.2718125972888322,0.3627633235753078,0.32242743463676043,0.3062842967788463,0.3230538430582468,0.23926254738316313,0.33726711008820465,0.0
