,比利时BFX,日经225,墨西哥BOLSA,恒生指数,韩国综合指数,荷兰AEX,Costa Rica Indice Accionario,加拿大多伦多S&P/TSX 综合指数,S&P CLX IPSA
比利时BFX,0.0,0.2905259368514795,0.32133841315482753,0.28873571924200064,0.27986960983713266,0.48441774896655343,0.2623202074185251,0.3776377285324297,0.29752454586781246
日经225,0.2905259368514795,0.0,0.26681272799862676,0.3397224374436197,0.4117223805612506,0.3071868715906103,0.2510884684910138,0.2777606054720907,0.2752229083763586
墨西哥BOLSA,0.32133841315482753,0.26681272799862676,0.0,0.2724406209380443,0.28382488547155915,0.31229878390016325,0.23327176772084132,0.33268260644313447,0.295530465700302
恒生指数,0.28873571924200064,0.3397224374436197,0.2724406209380443,0.0,0.3704896906065491,0.32129081073452015,0.2358283413495354,0.2887499374766464,0.2746532682082997
韩国综合指数,0.27986960983713266,0.4117223805612506,0.28382488547155915,0.3704896906065491,0.0,0.30573625742124794,0.25117038700999306,0.27708309723142627,0.2696045206274761
荷兰AEX,0.48441774896655343,0.3071868715906103,0.31229878390016325,0.32129081073452015,0.30573625742124794,0.0,0.2583579833426634,0.41045745785933113,0.31122996012808246
Costa Rica Indice Accionario,0.2623202074185251,0.2510884684910138,0.23327176772084132,0.2358283413495354,0.25117038700999306,0.2583579833426634,0.0,0.24489013749392044,0.2514853683888589
加拿大多伦多S&P/TSX 综合指数,0.3776377285324297,0.2777606054720907,0.33268260644313447,0.2887499374766464,0.27708309723142627,0.41045745785933113,0.24489013749392044,0.0,0.30340175975103195
S&P CLX IPSA,0.29752454586781246,0.2752229083763586,0.295530465700302,0.2746532682082997,0.2696045206274761,0.31122996012808246,0.2514853683888589,0.30340175975103195,0.0
