,比利时BFX,日经225,墨西哥BOLSA,恒生指数,韩国综合指数,荷兰AEX,Costa Rica Indice Accionario,加拿大多伦多S&P/TSX 综合指数,S&P CLX IPSA
比利时BFX,0.0,0.2878093595296655,0.32667671650643426,0.2889834719988965,0.27867043238214456,0.4822815894085229,0.26169315051974734,0.37895170041728576,0.3014126829495274
日经225,0.2878093595296655,0.0,0.2639748257752814,0.33579689972069565,0.40279944021298897,0.3008473040287657,0.2512895499387439,0.27607352456247464,0.27569469602935803
墨西哥BOLSA,0.32667671650643426,0.2639748257752814,0.0,0.27166131858549847,0.2866552613113176,0.3115892612986663,0.23316018391838556,0.33736925144594604,0.3024618300011195
恒生指数,0.2889834719988965,0.33579689972069565,0.27166131858549847,0.0,0.36773652942368196,0.32215962515574664,0.23585307753319287,0.28826819547686955,0.2758582444557116
韩国综合指数,0.27867043238214456,0.40279944021298897,0.2866552613113176,0.36773652942368196,0.0,0.3008242489439613,0.25082982620008976,0.2787180114025893,0.28015712013527627
荷兰AEX,0.4822815894085229,0.3008473040287657,0.3115892612986663,0.32215962515574664,0.3008242489439613,0.0,0.2586203180127077,0.4051032395736425,0.31640920077939555
Costa Rica Indice Accionario,0.26169315051974734,0.2512895499387439,0.23316018391838556,0.23585307753319287,0.25082982620008976,0.2586203180127077,0.0,0.24479989397593954,0.2508093139084485
加拿大多伦多S&P/TSX 综合指数,0.37895170041728576,0.27607352456247464,0.33736925144594604,0.28826819547686955,0.2787180114025893,0.4051032395736425,0.24479989397593954,0.0,0.31485225945932416
S&P CLX IPSA,0.3014126829495274,0.27569469602935803,0.3024618300011195,0.2758582444557116,0.28015712013527627,0.31640920077939555,0.2508093139084485,0.31485225945932416,0.0
