,比利时BFX,日经225,墨西哥BOLSA,恒生指数,韩国综合指数,荷兰AEX,Costa Rica Indice Accionario,加拿大多伦多S&P/TSX 综合指数,S&P CLX IPSA
比利时BFX,0.0,0.3180156771541384,0.38198306581605707,0.34097850751088,0.30098597553358314,0.5258823527702876,0.24276304125789078,0.39269064273407944,0.339516771215661
日经225,0.3180156771541384,0.0,0.2933755601988402,0.35570536124836344,0.4119691274220859,0.3201429861364085,0.24211478166535513,0.27657485692662087,0.2701416845729243
墨西哥BOLSA,0.38198306581605707,0.2933755601988402,0.0,0.2976083546093189,0.2871552923760075,0.35068098592603236,0.24949193120005836,0.3740738324439079,0.3653706234100954
恒生指数,0.34097850751088,0.35570536124836344,0.2976083546093189,0.0,0.41740619249362787,0.3598209122132246,0.24448862626594867,0.30795316172829834,0.32069092021348683
韩国综合指数,0.30098597553358314,0.4119691274220859,0.2871552923760075,0.41740619249362787,0.0,0.3217540931044218,0.23940064807764902,0.28120334396216423,0.30622050574458953
荷兰AEX,0.5258823527702876,0.3201429861364085,0.35068098592603236,0.3598209122132246,0.3217540931044218,0.0,0.25013329028617026,0.3880308767538445,0.32590604205029
Costa Rica Indice Accionario,0.24276304125789078,0.24211478166535513,0.24949193120005836,0.24448862626594867,0.23940064807764902,0.25013329028617026,0.0,0.2495836553403808,0.23924554256498576
加拿大多伦多S&P/TSX 综合指数,0.39269064273407944,0.27657485692662087,0.3740738324439079,0.30795316172829834,0.28120334396216423,0.3880308767538445,0.2495836553403808,0.0,0.3409108792853145
S&P CLX IPSA,0.339516771215661,0.2701416845729243,0.3653706234100954,0.32069092021348683,0.30622050574458953,0.32590604205029,0.23924554256498576,0.3409108792853145,0.0
