,比利时BFX,日经225,墨西哥BOLSA,恒生指数,韩国综合指数,荷兰AEX,Costa Rica Indice Accionario,加拿大多伦多S&P/TSX 综合指数,S&P CLX IPSA
比利时BFX,0.0,0.32998533691333376,0.3963549938833553,0.3608123131791627,0.3187491154496398,0.5437126703273014,0.23986607003147092,0.4086544825484455,0.33675042655352494
日经225,0.32998533691333376,0.0,0.3126265627668851,0.35774175637163835,0.40822779816578797,0.3283603115998311,0.24643116902868478,0.30002886945877905,0.27126808622564813
墨西哥BOLSA,0.3963549938833553,0.3126265627668851,0.0,0.31047901128908373,0.304722387083191,0.36737755189976495,0.25003377883598515,0.3895054109336023,0.3561848577169242
恒生指数,0.3608123131791627,0.35774175637163835,0.31047901128908373,0.0,0.42813407801100084,0.3750071228790121,0.2427849576051964,0.3154187375769478,0.32097755298696723
韩国综合指数,0.3187491154496398,0.40822779816578797,0.304722387083191,0.42813407801100084,0.0,0.33556841103244717,0.23510872587704887,0.29858391359159964,0.3117047254072826
荷兰AEX,0.5437126703273014,0.3283603115998311,0.36737755189976495,0.3750071228790121,0.33556841103244717,0.0,0.24694207251302175,0.40464607916670114,0.32440754275121897
Costa Rica Indice Accionario,0.23986607003147092,0.24643116902868478,0.25003377883598515,0.2427849576051964,0.23510872587704887,0.24694207251302175,0.0,0.24452257824784507,0.23251431160632322
加拿大多伦多S&P/TSX 综合指数,0.4086544825484455,0.30002886945877905,0.3895054109336023,0.3154187375769478,0.29858391359159964,0.40464607916670114,0.24452257824784507,0.0,0.33921187602783437
S&P CLX IPSA,0.33675042655352494,0.27126808622564813,0.3561848577169242,0.32097755298696723,0.3117047254072826,0.32440754275121897,0.23251431160632322,0.33921187602783437,0.0
