,比利时BFX,日经225,墨西哥BOLSA,恒生指数,韩国综合指数,荷兰AEX,Costa Rica Indice Accionario,加拿大多伦多S&P/TSX 综合指数,S&P CLX IPSA
比利时BFX,0.0,0.3199950566859229,0.38090416727260906,0.3208316620182048,0.2904864744578048,0.5034669267509899,0.2426945086132042,0.3866211247342758,0.31762544377182966
日经225,0.3199950566859229,0.0,0.2989673537208428,0.36201612653973014,0.41931312241848445,0.333771131858254,0.24251482167444804,0.2883362015851284,0.2677692947971239
墨西哥BOLSA,0.38090416727260906,0.2989673537208428,0.0,0.2931874561860496,0.2892295586528531,0.3476131729163814,0.24936948047211993,0.3644973735078277,0.36129560662270116
恒生指数,0.3208316620182048,0.36201612653973014,0.2931874561860496,0.0,0.4132948040103172,0.3460127232722984,0.24476714753058382,0.3040944415907257,0.30818129546332157
韩国综合指数,0.2904864744578048,0.41931312241848445,0.2892295586528531,0.4132948040103172,0.0,0.31858510152970193,0.23988685509344163,0.28311875881559895,0.2999713091936767
荷兰AEX,0.5034669267509899,0.333771131858254,0.3476131729163814,0.3460127232722984,0.31858510152970193,0.0,0.2509492211507886,0.3751311709635279,0.31349312615396524
Costa Rica Indice Accionario,0.2426945086132042,0.24251482167444804,0.24936948047211993,0.24476714753058382,0.23988685509344163,0.2509492211507886,0.0,0.2502115835809648,0.23921481028604047
加拿大多伦多S&P/TSX 综合指数,0.3866211247342758,0.2883362015851284,0.3644973735078277,0.3040944415907257,0.28311875881559895,0.3751311709635279,0.2502115835809648,0.0,0.3393843660773066
S&P CLX IPSA,0.31762544377182966,0.2677692947971239,0.36129560662270116,0.30818129546332157,0.2999713091936767,0.31349312615396524,0.23921481028604047,0.3393843660773066,0.0
