,比利时BFX,日经225,墨西哥BOLSA,恒生指数,韩国综合指数,荷兰AEX,Costa Rica Indice Accionario,加拿大多伦多S&P/TSX 综合指数,S&P CLX IPSA
比利时BFX,0.0,0.30734609062138724,0.3400170825984382,0.2918256508987759,0.27801527292705186,0.47813491315001505,0.2573996257493402,0.38344469163647205,0.3049076572560946
日经225,0.30734609062138724,0.0,0.28052730811283294,0.36857743913666974,0.40593719905102466,0.3326660920354092,0.24906789835439308,0.2940385661504473,0.29070280591315684
墨西哥BOLSA,0.3400170825984382,0.28052730811283294,0.0,0.2881398627352903,0.2969144737512739,0.3091664155118228,0.2349353012067025,0.3456072406232143,0.3211495093927383
恒生指数,0.2918256508987759,0.36857743913666974,0.2881398627352903,0.0,0.401207361200567,0.3140903323540367,0.23601079638582104,0.293361819887028,0.2819868120291615
韩国综合指数,0.27801527292705186,0.40593719905102466,0.2969144737512739,0.401207361200567,0.0,0.3044177789663279,0.2535752017129421,0.2946598429752069,0.29544660035281967
荷兰AEX,0.47813491315001505,0.3326660920354092,0.3091664155118228,0.3140903323540367,0.3044177789663279,0.0,0.25610061872098255,0.4040346814530041,0.3117002892159491
Costa Rica Indice Accionario,0.2573996257493402,0.24906789835439308,0.2349353012067025,0.23601079638582104,0.2535752017129421,0.25610061872098255,0.0,0.2453228224950061,0.24931745808153277
加拿大多伦多S&P/TSX 综合指数,0.38344469163647205,0.2940385661504473,0.3456072406232143,0.293361819887028,0.2946598429752069,0.4040346814530041,0.2453228224950061,0.0,0.3256709089491679
S&P CLX IPSA,0.3049076572560946,0.29070280591315684,0.3211495093927383,0.2819868120291615,0.29544660035281967,0.3117002892159491,0.24931745808153277,0.3256709089491679,0.0
