,比利时BFX,日经225,墨西哥BOLSA,恒生指数,韩国综合指数,荷兰AEX,Costa Rica Indice Accionario,加拿大多伦多S&P/TSX 综合指数,S&P CLX IPSA
比利时BFX,0.0,0.31549503086493513,0.3813887473389195,0.33725636434673917,0.3010765179078233,0.5245075570640679,0.2427530651812922,0.3897172882503764,0.33711007643153207
日经225,0.31549503086493513,0.0,0.29563861055844365,0.35962069918677564,0.4201832895028542,0.3249263725103977,0.24229102448618023,0.27822085962177673,0.26988774557505923
墨西哥BOLSA,0.3813887473389195,0.29563861055844365,0.0,0.2963304748381802,0.29097924453429436,0.35199689699215975,0.24951281033514802,0.3743164570076041,0.3661879005790655
恒生指数,0.33725636434673917,0.35962069918677564,0.2963304748381802,0.0,0.42222111831089626,0.3581100280179359,0.2444854090411449,0.3033489088821766,0.3204413628172119
韩国综合指数,0.3010765179078233,0.4201832895028542,0.29097924453429436,0.42222111831089626,0.0,0.32641870542044066,0.2396649321047929,0.284899872307284,0.3098216489154783
荷兰AEX,0.5245075570640679,0.3249263725103977,0.35199689699215975,0.3581100280179359,0.32641870542044066,0.0,0.2503972430758957,0.3796366541928611,0.32850998897213135
Costa Rica Indice Accionario,0.2427530651812922,0.24229102448618023,0.24951281033514802,0.2444854090411449,0.2396649321047929,0.2503972430758957,0.0,0.24995685395761327,0.2394351946688222
加拿大多伦多S&P/TSX 综合指数,0.3897172882503764,0.27822085962177673,0.3743164570076041,0.3033489088821766,0.284899872307284,0.3796366541928611,0.24995685395761327,0.0,0.3443391978093829
S&P CLX IPSA,0.33711007643153207,0.26988774557505923,0.3661879005790655,0.3204413628172119,0.3098216489154783,0.32850998897213135,0.2394351946688222,0.3443391978093829,0.0
