,比利时BFX,日经225,墨西哥BOLSA,恒生指数,韩国综合指数,荷兰AEX,Costa Rica Indice Accionario,加拿大多伦多S&P/TSX 综合指数,S&P CLX IPSA
比利时BFX,0.0,0.30559240550435396,0.3398062977210057,0.300928260621321,0.2840202829376162,0.4790430893230846,0.2559380777392732,0.3681639997018248,0.30703890680868234
日经225,0.30559240550435396,0.0,0.2819870258302146,0.37475990173395357,0.4094290410711411,0.32552726491021733,0.25064944810885287,0.2912465373940874,0.2900693640083174
墨西哥BOLSA,0.3398062977210057,0.2819870258302146,0.0,0.28577880637530706,0.2901691912280674,0.31225467759778225,0.2361429869021303,0.3438641302368373,0.32373412566062526
恒生指数,0.300928260621321,0.37475990173395357,0.28577880637530706,0.0,0.40900802669385644,0.323483928232729,0.23592166531055409,0.29448021862644974,0.2864857204194503
韩国综合指数,0.2840202829376162,0.4094290410711411,0.2901691912280674,0.40900802669385644,0.0,0.301819092257039,0.2546972706996285,0.28560092186536423,0.29551316180500914
荷兰AEX,0.4790430893230846,0.32552726491021733,0.31225467759778225,0.323483928232729,0.301819092257039,0.0,0.2557519433062752,0.3987780890269744,0.31490009150176584
Costa Rica Indice Accionario,0.2559380777392732,0.25064944810885287,0.2361429869021303,0.23592166531055409,0.2546972706996285,0.2557519433062752,0.0,0.24623109951086647,0.2473655895541521
加拿大多伦多S&P/TSX 综合指数,0.3681639997018248,0.2912465373940874,0.3438641302368373,0.29448021862644974,0.28560092186536423,0.3987780890269744,0.24623109951086647,0.0,0.332585966519784
S&P CLX IPSA,0.30703890680868234,0.2900693640083174,0.32373412566062526,0.2864857204194503,0.29551316180500914,0.31490009150176584,0.2473655895541521,0.332585966519784,0.0
