,比利时BFX,日经225,墨西哥BOLSA,恒生指数,韩国综合指数,荷兰AEX,Costa Rica Indice Accionario,加拿大多伦多S&P/TSX 综合指数,S&P CLX IPSA
比利时BFX,0.0,0.3125964104463767,0.3451523755222603,0.31194223420690753,0.2980135613442691,0.4921561122002166,0.2529744891082904,0.35288642864896563,0.30653746348676436
日经225,0.3125964104463767,0.0,0.279846213992354,0.364935367410805,0.3954265324811763,0.32712845716477684,0.2539769461156981,0.2766036252896938,0.26805843231521587
墨西哥BOLSA,0.3451523755222603,0.279846213992354,0.0,0.28937777218863237,0.2907751238321903,0.31829197764024836,0.23310331070678242,0.3413649689465725,0.3379925695008322
恒生指数,0.31194223420690753,0.364935367410805,0.28937777218863237,0.0,0.4051854721836909,0.34586344968077876,0.2311113963892012,0.288994528539063,0.2846813941816833
韩国综合指数,0.2980135613442691,0.3954265324811763,0.2907751238321903,0.4051854721836909,0.0,0.3203778419939241,0.255352721891367,0.287991362449094,0.2905645531464815
荷兰AEX,0.4921561122002166,0.32712845716477684,0.31829197764024836,0.34586344968077876,0.3203778419939241,0.0,0.25384641616471354,0.364348848125058,0.3067576424561566
Costa Rica Indice Accionario,0.2529744891082904,0.2539769461156981,0.23310331070678242,0.2311113963892012,0.255352721891367,0.25384641616471354,0.0,0.2412845104026811,0.24371473542712915
加拿大多伦多S&P/TSX 综合指数,0.35288642864896563,0.2766036252896938,0.3413649689465725,0.288994528539063,0.287991362449094,0.364348848125058,0.2412845104026811,0.0,0.33831951108830405
S&P CLX IPSA,0.30653746348676436,0.26805843231521587,0.3379925695008322,0.2846813941816833,0.2905645531464815,0.3067576424561566,0.24371473542712915,0.33831951108830405,0.0
