,比利时BFX,日经225,墨西哥BOLSA,恒生指数,韩国综合指数,荷兰AEX,Costa Rica Indice Accionario,加拿大多伦多S&P/TSX 综合指数,S&P CLX IPSA
比利时BFX,0.0,0.31434920481488704,0.34334336888494854,0.3193879631578332,0.30148717384106044,0.49659577831862234,0.2565010449717168,0.3539601701293951,0.31126051958999373
日经225,0.31434920481488704,0.0,0.27942891715616847,0.36780639549838445,0.3973123128078866,0.3267622001417428,0.2570673824327173,0.27767444595590174,0.2680526749872766
墨西哥BOLSA,0.34334336888494854,0.27942891715616847,0.0,0.28572959402107934,0.290451704957961,0.31632864022430784,0.23272096686779947,0.3422573693139061,0.3357543668110478
恒生指数,0.3193879631578332,0.36780639549838445,0.28572959402107934,0.0,0.408819572032862,0.3498157413821362,0.2370466900652681,0.2914920883297384,0.2926342500071248
韩国综合指数,0.30148717384106044,0.3973123128078866,0.290451704957961,0.408819572032862,0.0,0.3226023742349312,0.2576086013149946,0.2894148124923045,0.2938559896482592
荷兰AEX,0.49659577831862234,0.3267622001417428,0.31632864022430784,0.3498157413821362,0.3226023742349312,0.0,0.2568700887072145,0.36512810319274136,0.31139600768564846
Costa Rica Indice Accionario,0.2565010449717168,0.2570673824327173,0.23272096686779947,0.2370466900652681,0.2576086013149946,0.2568700887072145,0.0,0.24217039340861904,0.2462389982554188
加拿大多伦多S&P/TSX 综合指数,0.3539601701293951,0.27767444595590174,0.3422573693139061,0.2914920883297384,0.2894148124923045,0.36512810319274136,0.24217039340861904,0.0,0.33717587946722977
S&P CLX IPSA,0.31126051958999373,0.2680526749872766,0.3357543668110478,0.2926342500071248,0.2938559896482592,0.31139600768564846,0.2462389982554188,0.33717587946722977,0.0
