,比利时BFX,日经225,墨西哥BOLSA,恒生指数,韩国综合指数,荷兰AEX,Costa Rica Indice Accionario,加拿大多伦多S&P/TSX 综合指数,S&P CLX IPSA
比利时BFX,0.0,0.3033865655267004,0.34059467754205625,0.30368227432596817,0.2902433006119998,0.4827984431042716,0.2513539651168396,0.37015521769315424,0.30771358463269133
日经225,0.3033865655267004,0.0,0.27897850101874994,0.37396149280370905,0.4037904627091394,0.32383800373753485,0.2508374271152079,0.2863798922233403,0.2888128569843162
墨西哥BOLSA,0.34059467754205625,0.27897850101874994,0.0,0.287355658809284,0.29221486678242903,0.3145197715782199,0.23437802886332923,0.35238902882803225,0.3289944699727098
恒生指数,0.30368227432596817,0.37396149280370905,0.287355658809284,0.0,0.41014983747899464,0.3256853031489164,0.23295765928759915,0.29432617561483226,0.2848374939277858
韩国综合指数,0.2902433006119998,0.4037904627091394,0.29221486678242903,0.41014983747899464,0.0,0.3097783706159371,0.2548101400356967,0.2847243245012136,0.29805912370758675
荷兰AEX,0.4827984431042716,0.32383800373753485,0.3145197715782199,0.3256853031489164,0.3097783706159371,0.0,0.25112731693570767,0.39995856446958156,0.31629579159541615
Costa Rica Indice Accionario,0.2513539651168396,0.2508374271152079,0.23437802886332923,0.23295765928759915,0.2548101400356967,0.25112731693570767,0.0,0.2394913805105754,0.24086982183244407
加拿大多伦多S&P/TSX 综合指数,0.37015521769315424,0.2863798922233403,0.35238902882803225,0.29432617561483226,0.2847243245012136,0.39995856446958156,0.2394913805105754,0.0,0.3370531879384385
S&P CLX IPSA,0.30771358463269133,0.2888128569843162,0.3289944699727098,0.2848374939277858,0.29805912370758675,0.31629579159541615,0.24086982183244407,0.3370531879384385,0.0
