,比利时BFX,日经225,墨西哥BOLSA,恒生指数,韩国综合指数,荷兰AEX,Costa Rica Indice Accionario,加拿大多伦多S&P/TSX 综合指数,S&P CLX IPSA
比利时BFX,0.0,0.28450399539919025,0.3077475102041708,0.3058411476547722,0.27826938229796544,0.47047760362089264,0.2567450973871409,0.3725727322403838,0.2753473482889391
日经225,0.28450399539919025,0.0,0.2731000083943816,0.31525053526584207,0.3819632785800631,0.3013823161876552,0.25001966601673115,0.27597212148426903,0.2693640673832346
墨西哥BOLSA,0.3077475102041708,0.2731000083943816,0.0,0.27566830181077906,0.3059346109769011,0.3039707071675187,0.2400822736360479,0.3132575836339235,0.2682350003238567
恒生指数,0.3058411476547722,0.31525053526584207,0.27566830181077906,0.0,0.34458726446977817,0.33762429667386795,0.25170515963364093,0.30280930224750785,0.2689104890289918
韩国综合指数,0.27826938229796544,0.3819632785800631,0.3059346109769011,0.34458726446977817,0.0,0.29033305349172067,0.23835501544104443,0.2890663133929342,0.271891122323556
荷兰AEX,0.47047760362089264,0.3013823161876552,0.3039707071675187,0.33762429667386795,0.29033305349172067,0.0,0.25715468474934544,0.3965854308815812,0.27626500734762666
Costa Rica Indice Accionario,0.2567450973871409,0.25001966601673115,0.2400822736360479,0.25170515963364093,0.23835501544104443,0.25715468474934544,0.0,0.2548270275320746,0.26070294170176833
加拿大多伦多S&P/TSX 综合指数,0.3725727322403838,0.27597212148426903,0.3132575836339235,0.30280930224750785,0.2890663133929342,0.3965854308815812,0.2548270275320746,0.0,0.2694571911187602
S&P CLX IPSA,0.2753473482889391,0.2693640673832346,0.2682350003238567,0.2689104890289918,0.271891122323556,0.27626500734762666,0.26070294170176833,0.2694571911187602,0.0
