,比利时BFX,日经225,墨西哥BOLSA,恒生指数,韩国综合指数,荷兰AEX,Costa Rica Indice Accionario,加拿大多伦多S&P/TSX 综合指数,S&P CLX IPSA
比利时BFX,0.0,0.28609367555893433,0.3119387951663228,0.3107091048115276,0.28062819944916106,0.49183422330037424,0.2559996473552926,0.38967746428488625,0.27770437025737643
日经225,0.28609367555893433,0.0,0.2759485734155601,0.3217625234686943,0.3834353859633719,0.30940785459213876,0.2500710322553379,0.28642858229993257,0.2777650340780272
墨西哥BOLSA,0.3119387951663228,0.2759485734155601,0.0,0.27905558898813476,0.3074558065285592,0.3084798224218808,0.23951903448610382,0.32339095734864726,0.27569105716737535
恒生指数,0.3107091048115276,0.3217625234686943,0.27905558898813476,0.0,0.3508578400431803,0.3384524623161813,0.25179345550663335,0.31019868517638155,0.27601052180487684
韩国综合指数,0.28062819944916106,0.3834353859633719,0.3074558065285592,0.3508578400431803,0.0,0.29396927857312816,0.23885005600480916,0.2957843648223976,0.2817738493841672
荷兰AEX,0.49183422330037424,0.30940785459213876,0.3084798224218808,0.3384524623161813,0.29396927857312816,0.0,0.2562739905040423,0.4090554581455969,0.28320771595519145
Costa Rica Indice Accionario,0.2559996473552926,0.2500710322553379,0.23951903448610382,0.25179345550663335,0.23885005600480916,0.2562739905040423,0.0,0.2541242359590771,0.2599912776373849
加拿大多伦多S&P/TSX 综合指数,0.38967746428488625,0.28642858229993257,0.32339095734864726,0.31019868517638155,0.2957843648223976,0.4090554581455969,0.2541242359590771,0.0,0.27760407725069025
S&P CLX IPSA,0.27770437025737643,0.2777650340780272,0.27569105716737535,0.27601052180487684,0.2817738493841672,0.28320771595519145,0.2599912776373849,0.27760407725069025,0.0
