,比利时BFX,日经225,墨西哥BOLSA,恒生指数,韩国综合指数,荷兰AEX,Costa Rica Indice Accionario,加拿大多伦多S&P/TSX 综合指数,S&P CLX IPSA
比利时BFX,0.0,0.32576054314421926,0.39163475019936284,0.35681523330902737,0.30962815691674805,0.5343492521548528,0.24314096166081295,0.4005140350888156,0.33729992068479986
日经225,0.32576054314421926,0.0,0.30242213488943553,0.3537619628762224,0.4091205582952006,0.32366311064072123,0.24196801245673222,0.2890154256682231,0.2725150293409794
墨西哥BOLSA,0.39163475019936284,0.30242213488943553,0.0,0.30729642710814936,0.2956717765998283,0.35918257010407106,0.24922303693823844,0.3792094660914129,0.36562049470786545
恒生指数,0.35681523330902737,0.3537619628762224,0.30729642710814936,0.0,0.4129193721108111,0.3703341388185867,0.24472262284792307,0.3089988272533179,0.31976430437031794
韩国综合指数,0.30962815691674805,0.4091205582952006,0.2956717765998283,0.4129193721108111,0.0,0.32659319122003555,0.23944309767373012,0.28487439062497877,0.3060216164821222
荷兰AEX,0.5343492521548528,0.32366311064072123,0.35918257010407106,0.3703341388185867,0.32659319122003555,0.0,0.2504733154747843,0.39099897375072284,0.3242366650831987
Costa Rica Indice Accionario,0.24314096166081295,0.24196801245673222,0.24922303693823844,0.24472262284792307,0.23944309767373012,0.2504733154747843,0.0,0.24961826776701812,0.2391721808722799
加拿大多伦多S&P/TSX 综合指数,0.4005140350888156,0.2890154256682231,0.3792094660914129,0.3089988272533179,0.28487439062497877,0.39099897375072284,0.24961826776701812,0.0,0.3411497912873111
S&P CLX IPSA,0.33729992068479986,0.2725150293409794,0.36562049470786545,0.31976430437031794,0.3060216164821222,0.3242366650831987,0.2391721808722799,0.3411497912873111,0.0
