,比利时BFX,日经225,墨西哥BOLSA,恒生指数,韩国综合指数,荷兰AEX,Costa Rica Indice Accionario,加拿大多伦多S&P/TSX 综合指数,S&P CLX IPSA
比利时BFX,0.0,0.3162823212718062,0.37873208749338955,0.336138995759738,0.3008119326421744,0.523417668758325,0.24292601085842555,0.3864305852379767,0.33819940363487744
日经225,0.3162823212718062,0.0,0.2945013534321766,0.3588662430673449,0.4199857810075763,0.32481307888436595,0.24240930602435273,0.27694589311131085,0.2708352834270756
墨西哥BOLSA,0.37873208749338955,0.2945013534321766,0.0,0.2951626049830162,0.2898679945866314,0.3513928020437804,0.24970983903301877,0.37306738850045945,0.36526403435796817
恒生指数,0.336138995759738,0.3588662430673449,0.2951626049830162,0.0,0.4215520865126741,0.35771614900904497,0.24459227528458913,0.3024082673915401,0.3200832532413628
韩国综合指数,0.3008119326421744,0.4199857810075763,0.2898679945866314,0.4215520865126741,0.0,0.32618429421958367,0.23976680583086846,0.2838681235739282,0.31001720874035177
荷兰AEX,0.523417668758325,0.32481307888436595,0.3513928020437804,0.35771614900904497,0.32618429421958367,0.0,0.25048212765855443,0.37870904527268107,0.3285128606182187
Costa Rica Indice Accionario,0.24292601085842555,0.24240930602435273,0.24970983903301877,0.24459227528458913,0.23976680583086846,0.25048212765855443,0.0,0.2500654978614873,0.2395349365764547
加拿大多伦多S&P/TSX 综合指数,0.3864305852379767,0.27694589311131085,0.37306738850045945,0.3024082673915401,0.2838681235739282,0.37870904527268107,0.2500654978614873,0.0,0.34273200623953487
S&P CLX IPSA,0.33819940363487744,0.2708352834270756,0.36526403435796817,0.3200832532413628,0.31001720874035177,0.3285128606182187,0.2395349365764547,0.34273200623953487,0.0
