,比利时BFX,日经225,墨西哥BOLSA,恒生指数,韩国综合指数,荷兰AEX,Costa Rica Indice Accionario,加拿大多伦多S&P/TSX 综合指数,S&P CLX IPSA
比利时BFX,0.0,0.2919461783896488,0.31457637315627096,0.28977266209956226,0.28354852301987565,0.47757671780007377,0.26258280016009766,0.37903768880761746,0.2969845682750383
日经225,0.2919461783896488,0.0,0.273393362486375,0.3333711440072485,0.39930619554035496,0.3030597910850444,0.2510841302811686,0.2779739088543857,0.2716951726628654
墨西哥BOLSA,0.31457637315627096,0.273393362486375,0.0,0.2781188525096109,0.2977218309858906,0.3142674909339425,0.23242935789555413,0.32888960559673536,0.2985903435776647
恒生指数,0.28977266209956226,0.3333711440072485,0.2781188525096109,0.0,0.3768395376733623,0.3212701972017938,0.23659484725657934,0.29023756304422377,0.272862122857028
韩国综合指数,0.28354852301987565,0.39930619554035496,0.2977218309858906,0.3768395376733623,0.0,0.300978150088152,0.2522134546776102,0.2814139310462364,0.27363975642261273
荷兰AEX,0.47757671780007377,0.3030597910850444,0.3142674909339425,0.3212701972017938,0.300978150088152,0.0,0.25932744305917893,0.40653348060808076,0.3125792318786531
Costa Rica Indice Accionario,0.26258280016009766,0.2510841302811686,0.23242935789555413,0.23659484725657934,0.2522134546776102,0.25932744305917893,0.0,0.24480833562608698,0.2510454736485644
加拿大多伦多S&P/TSX 综合指数,0.37903768880761746,0.2779739088543857,0.32888960559673536,0.29023756304422377,0.2814139310462364,0.40653348060808076,0.24480833562608698,0.0,0.29993105818351673
S&P CLX IPSA,0.2969845682750383,0.2716951726628654,0.2985903435776647,0.272862122857028,0.27363975642261273,0.3125792318786531,0.2510454736485644,0.29993105818351673,0.0
