,比利时BFX,日经225,墨西哥BOLSA,恒生指数,韩国综合指数,荷兰AEX,Costa Rica Indice Accionario,加拿大多伦多S&P/TSX 综合指数,S&P CLX IPSA
比利时BFX,0.0,0.3037700451656259,0.33654936716102046,0.3022539164640732,0.2869204909415591,0.47962146195350047,0.25580563168425297,0.3709209651296202,0.3076898821305177
日经225,0.3037700451656259,0.0,0.2777957732629076,0.3717980885384437,0.40364857049085295,0.3243312470257046,0.25006456939285426,0.2885002217072951,0.2888473707344203
墨西哥BOLSA,0.33654936716102046,0.2777957732629076,0.0,0.28733464253471874,0.29237385933726845,0.31014433958881954,0.23617986528591592,0.344327447168828,0.3272726141340643
恒生指数,0.3022539164640732,0.3717980885384437,0.28733464253471874,0.0,0.41053329946137535,0.3226919272479201,0.2361392080482328,0.29565937464438447,0.2875755496020763
韩国综合指数,0.2869204909415591,0.40364857049085295,0.29237385933726845,0.41053329946137535,0.0,0.30458022386580724,0.25491236699327435,0.28758658161595124,0.2988514893808546
荷兰AEX,0.47962146195350047,0.3243312470257046,0.31014433958881954,0.3226919272479201,0.30458022386580724,0.0,0.2549716154471303,0.40294500253768556,0.3167175344529617
Costa Rica Indice Accionario,0.25580563168425297,0.25006456939285426,0.23617986528591592,0.2361392080482328,0.25491236699327435,0.2549716154471303,0.0,0.24623870781742865,0.24716054618030223
加拿大多伦多S&P/TSX 综合指数,0.3709209651296202,0.2885002217072951,0.344327447168828,0.29565937464438447,0.28758658161595124,0.40294500253768556,0.24623870781742865,0.0,0.3343612512837219
S&P CLX IPSA,0.3076898821305177,0.2888473707344203,0.3272726141340643,0.2875755496020763,0.2988514893808546,0.3167175344529617,0.24716054618030223,0.3343612512837219,0.0
