,比利时BFX,日经225,墨西哥BOLSA,恒生指数,韩国综合指数,荷兰AEX,Costa Rica Indice Accionario,加拿大多伦多S&P/TSX 综合指数,S&P CLX IPSA
比利时BFX,0.0,0.3197768355795131,0.3816385822207625,0.3212600667811672,0.2909586359138696,0.5022354875676878,0.24271549490854594,0.38675323289151636,0.31815505867682536
日经225,0.3197768355795131,0.0,0.2991276502984587,0.3625972472141144,0.42091723517281826,0.3324002575418776,0.24251000049890536,0.2882175462537574,0.2676638012647296
墨西哥BOLSA,0.3816385822207625,0.2991276502984587,0.0,0.29261375522842187,0.2884365781828507,0.34872218881367706,0.24935628634594406,0.3647479178522372,0.36084462004888174
恒生指数,0.3212600667811672,0.3625972472141144,0.29261375522842187,0.0,0.4124918304584974,0.34665004007751654,0.24473503288878382,0.30414633915418504,0.3074827861555546
韩国综合指数,0.2909586359138696,0.42091723517281826,0.2884365781828507,0.4124918304584974,0.0,0.3195457828316647,0.23982649974179893,0.28317022829654975,0.29903563362202423
荷兰AEX,0.5022354875676878,0.3324002575418776,0.34872218881367706,0.34665004007751654,0.3195457828316647,0.0,0.25101047240001473,0.37521940460199915,0.31534666004659007
Costa Rica Indice Accionario,0.24271549490854594,0.24251000049890536,0.24935628634594406,0.24473503288878382,0.23982649974179893,0.25101047240001473,0.0,0.25022052398960865,0.23921594968395024
加拿大多伦多S&P/TSX 综合指数,0.38675323289151636,0.2882175462537574,0.3647479178522372,0.30414633915418504,0.28317022829654975,0.37521940460199915,0.25022052398960865,0.0,0.33964397747108616
S&P CLX IPSA,0.31815505867682536,0.2676638012647296,0.36084462004888174,0.3074827861555546,0.29903563362202423,0.31534666004659007,0.23921594968395024,0.33964397747108616,0.0
