,比利时BFX,日经225,墨西哥BOLSA,恒生指数,韩国综合指数,荷兰AEX,Costa Rica Indice Accionario,加拿大多伦多S&P/TSX 综合指数,S&P CLX IPSA
比利时BFX,0.0,0.3126221598350805,0.3409038141385151,0.3129922465543263,0.29569456703745756,0.4872543979084918,0.25005757555636904,0.35526321625360807,0.30705744488720127
日经225,0.3126221598350805,0.0,0.2745953707856276,0.363026407618383,0.38631446668480407,0.3211832666409316,0.24978631938175433,0.28055848776687514,0.2694815777277032
墨西哥BOLSA,0.3409038141385151,0.2745953707856276,0.0,0.28603256053894505,0.2889270765679134,0.3161293183796401,0.23453116350069034,0.3456815833577928,0.34391272325957817
恒生指数,0.3129922465543263,0.363026407618383,0.28603256053894505,0.0,0.40183510901541153,0.3406242271770996,0.23184331203825193,0.2927840494894847,0.28802219645420407
韩国综合指数,0.29569456703745756,0.38631446668480407,0.2889270765679134,0.40183510901541153,0.0,0.31335684773108546,0.2525918308833046,0.2877529427311117,0.2971079896248604
荷兰AEX,0.4872543979084918,0.3211832666409316,0.3161293183796401,0.3406242271770996,0.31335684773108546,0.0,0.250332128075467,0.37536437497239644,0.3088030457342661
Costa Rica Indice Accionario,0.25005757555636904,0.24978631938175433,0.23453116350069034,0.23184331203825193,0.2525918308833046,0.250332128075467,0.0,0.24029479931970218,0.24097026645942748
加拿大多伦多S&P/TSX 综合指数,0.35526321625360807,0.28055848776687514,0.3456815833577928,0.2927840494894847,0.2877529427311117,0.37536437497239644,0.24029479931970218,0.0,0.3444928045130086
S&P CLX IPSA,0.30705744488720127,0.2694815777277032,0.34391272325957817,0.28802219645420407,0.2971079896248604,0.3088030457342661,0.24097026645942748,0.3444928045130086,0.0
