,比利时BFX,日经225,墨西哥BOLSA,恒生指数,韩国综合指数,荷兰AEX,Costa Rica Indice Accionario,加拿大多伦多S&P/TSX 综合指数,S&P CLX IPSA
比利时BFX,0.0,0.2959824165251774,0.31963466805781565,0.2995493196560719,0.2927299772556396,0.4815584103790673,0.2626487729003715,0.38849348026880814,0.300958638355033
日经225,0.2959824165251774,0.0,0.2725680420853042,0.3322799754030491,0.3986194586732434,0.30389855469422244,0.25095633358283376,0.27707856023040145,0.27310797071354187
墨西哥BOLSA,0.31963466805781565,0.2725680420853042,0.0,0.27596232665322284,0.29481126342878045,0.31537667280185067,0.23241895735744839,0.3286962940774321,0.2976260439903055
恒生指数,0.2995493196560719,0.3322799754030491,0.27596232665322284,0.0,0.3683922636870642,0.32470408264368195,0.23632763199503432,0.2877537887158078,0.27425612776566183
韩国综合指数,0.2927299772556396,0.3986194586732434,0.29481126342878045,0.3683922636870642,0.0,0.3033909638338839,0.25235711429188945,0.27749475032558635,0.27205604323571975
荷兰AEX,0.4815584103790673,0.30389855469422244,0.31537667280185067,0.32470408264368195,0.3033909638338839,0.0,0.25919403584954015,0.40862801691862366,0.3132355848168424
Costa Rica Indice Accionario,0.2626487729003715,0.25095633358283376,0.23241895735744839,0.23632763199503432,0.25235711429188945,0.25919403584954015,0.0,0.2445918126485511,0.2505545739555452
加拿大多伦多S&P/TSX 综合指数,0.38849348026880814,0.27707856023040145,0.3286962940774321,0.2877537887158078,0.27749475032558635,0.40862801691862366,0.2445918126485511,0.0,0.30132180295314903
S&P CLX IPSA,0.300958638355033,0.27310797071354187,0.2976260439903055,0.27425612776566183,0.27205604323571975,0.3132355848168424,0.2505545739555452,0.30132180295314903,0.0
