,比利时BFX,日经225,墨西哥BOLSA,恒生指数,韩国综合指数,荷兰AEX,Costa Rica Indice Accionario,加拿大多伦多S&P/TSX 综合指数,S&P CLX IPSA
比利时BFX,0.0,0.33347981856228953,0.3972483942273207,0.3600465159891115,0.31745544861896713,0.5400954592317496,0.24320049195017943,0.4065006929547778,0.339246072275071
日经225,0.33347981856228953,0.0,0.31292598370279257,0.3600109899534809,0.4162954965975196,0.33224174830075626,0.242137397705712,0.303474198744638,0.27664520640426754
墨西哥BOLSA,0.3972483942273207,0.31292598370279257,0.0,0.31096173786537684,0.3060988886465395,0.3674836848410345,0.24917270434680788,0.3903153077327295,0.3670737223284501
恒生指数,0.3600465159891115,0.3600109899534809,0.31096173786537684,0.0,0.4238507331946555,0.3749104094164843,0.24474514838957892,0.31450217704856376,0.32115899103749523
韩国综合指数,0.31745544861896713,0.4162954965975196,0.3060988886465395,0.4238507331946555,0.0,0.3341267081218211,0.23962288111711205,0.2967954686426831,0.31137190604588305
荷兰AEX,0.5400954592317496,0.33224174830075626,0.3674836848410345,0.3749104094164843,0.3341267081218211,0.0,0.2504304649996722,0.4010061203358741,0.32708302610269846
Costa Rica Indice Accionario,0.24320049195017943,0.242137397705712,0.24917270434680788,0.24474514838957892,0.23962288111711205,0.2504304649996722,0.0,0.24941394317110593,0.2392002698354527
加拿大多伦多S&P/TSX 综合指数,0.4065006929547778,0.303474198744638,0.3903153077327295,0.31450217704856376,0.2967954686426831,0.4010061203358741,0.24941394317110593,0.0,0.3424023791091536
S&P CLX IPSA,0.339246072275071,0.27664520640426754,0.3670737223284501,0.32115899103749523,0.31137190604588305,0.32708302610269846,0.2392002698354527,0.3424023791091536,0.0
