,比利时BFX,日经225,墨西哥BOLSA,恒生指数,韩国综合指数,荷兰AEX,Costa Rica Indice Accionario,加拿大多伦多S&P/TSX 综合指数,S&P CLX IPSA
比利时BFX,0.0,0.28153710668771437,0.31465219107084924,0.29851678257441766,0.27333184548147255,0.4750800517901842,0.25619926569228163,0.3643749667711425,0.2712987729629369
日经225,0.28153710668771437,0.0,0.28129502902417525,0.31778679658308956,0.3851160484264669,0.2995911009254278,0.25041923086547846,0.28055937278856796,0.2691133335332012
墨西哥BOLSA,0.31465219107084924,0.28129502902417525,0.0,0.279204614376716,0.3024724546985704,0.31594441957860203,0.2399752528063275,0.32103614984091433,0.2725874253771687
恒生指数,0.29851678257441766,0.31778679658308956,0.279204614376716,0.0,0.34729654150501016,0.3317802795207582,0.2516085079322334,0.30390780191361105,0.27067670975976105
韩国综合指数,0.27333184548147255,0.3851160484264669,0.3024724546985704,0.34729654150501016,0.0,0.28646248625376736,0.23929347581904392,0.28580412392965526,0.2690258713932461
荷兰AEX,0.4750800517901842,0.2995911009254278,0.31594441957860203,0.3317802795207582,0.28646248625376736,0.0,0.25613423478288627,0.39401253933577157,0.2751609237502031
Costa Rica Indice Accionario,0.25619926569228163,0.25041923086547846,0.2399752528063275,0.2516085079322334,0.23929347581904392,0.25613423478288627,0.0,0.25377258639773853,0.26059596662187456
加拿大多伦多S&P/TSX 综合指数,0.3643749667711425,0.28055937278856796,0.32103614984091433,0.30390780191361105,0.28580412392965526,0.39401253933577157,0.25377258639773853,0.0,0.2703172738185187
S&P CLX IPSA,0.2712987729629369,0.2691133335332012,0.2725874253771687,0.27067670975976105,0.2690258713932461,0.2751609237502031,0.26059596662187456,0.2703172738185187,0.0
