,比利时BFX,日经225,墨西哥BOLSA,恒生指数,韩国综合指数,荷兰AEX,Costa Rica Indice Accionario,加拿大多伦多S&P/TSX 综合指数,S&P CLX IPSA
比利时BFX,0.0,0.2800066979091372,0.31334812160578435,0.29778112218831027,0.2718547930935506,0.47484233516309066,0.25608155709877,0.3733691978622863,0.27273106539416175
日经225,0.2800066979091372,0.0,0.27604334975294476,0.31511269045235113,0.38198921203079816,0.2975392019665816,0.2500851374326292,0.2777105132564723,0.2670480856287167
墨西哥BOLSA,0.31334812160578435,0.27604334975294476,0.0,0.2750555945013372,0.2999854216042625,0.3130209492794462,0.23999306255301522,0.3166163142610837,0.26986675508972313
恒生指数,0.29778112218831027,0.31511269045235113,0.2750555945013372,0.0,0.34511900578665006,0.3310086723083583,0.251479813896775,0.3034115111336159,0.2705581079487988
韩国综合指数,0.2718547930935506,0.38198921203079816,0.2999854216042625,0.34511900578665006,0.0,0.2852761394520942,0.23904293275351154,0.2862801940379103,0.268775447400359
荷兰AEX,0.47484233516309066,0.2975392019665816,0.3130209492794462,0.3310086723083583,0.2852761394520942,0.0,0.25615306512213154,0.40126481767010624,0.277127052131082
Costa Rica Indice Accionario,0.25608155709877,0.2500851374326292,0.23999306255301522,0.251479813896775,0.23904293275351154,0.25615306512213154,0.0,0.2544040132198776,0.2608624633845443
加拿大多伦多S&P/TSX 综合指数,0.3733691978622863,0.2777105132564723,0.3166163142610837,0.3034115111336159,0.2862801940379103,0.40126481767010624,0.2544040132198776,0.0,0.2713635677453916
S&P CLX IPSA,0.27273106539416175,0.2670480856287167,0.26986675508972313,0.2705581079487988,0.268775447400359,0.277127052131082,0.2608624633845443,0.2713635677453916,0.0
