,比利时BFX,日经225,墨西哥BOLSA,恒生指数,韩国综合指数,荷兰AEX,Costa Rica Indice Accionario,加拿大多伦多S&P/TSX 综合指数,S&P CLX IPSA
比利时BFX,0.0,0.2884675494083557,0.33253290811245456,0.28429796407373814,0.2759933498592644,0.4793732168238995,0.2617706374135842,0.37744267122186514,0.2984156121663746
日经225,0.2884675494083557,0.0,0.26777228269410175,0.33330409725022037,0.3945910373675891,0.30716343198524243,0.2510483900503452,0.2759952465903452,0.2739907588141314
墨西哥BOLSA,0.33253290811245456,0.26777228269410175,0.0,0.27251961193037577,0.2889494684323899,0.3157897091014426,0.23334976226554277,0.33546712227153663,0.30075961487972164
恒生指数,0.28429796407373814,0.33330409725022037,0.27251961193037577,0.0,0.36988318458596053,0.31656341102360985,0.23573105040139133,0.2835225731100155,0.27401069733940997
韩国综合指数,0.2759933498592644,0.3945910373675891,0.2889494684323899,0.36988318458596053,0.0,0.30045933762738897,0.25030639929337206,0.27817699651660166,0.274474434636145
荷兰AEX,0.4793732168238995,0.30716343198524243,0.3157897091014426,0.31656341102360985,0.30045933762738897,0.0,0.25915986343052466,0.4026672954046677,0.31603854907046464
Costa Rica Indice Accionario,0.2617706374135842,0.2510483900503452,0.23334976226554277,0.23573105040139133,0.25030639929337206,0.25915986343052466,0.0,0.2451116260745966,0.2506839075163587
加拿大多伦多S&P/TSX 综合指数,0.37744267122186514,0.2759952465903452,0.33546712227153663,0.2835225731100155,0.27817699651660166,0.4026672954046677,0.2451116260745966,0.0,0.31533231492494274
S&P CLX IPSA,0.2984156121663746,0.2739907588141314,0.30075961487972164,0.27401069733940997,0.274474434636145,0.31603854907046464,0.2506839075163587,0.31533231492494274,0.0
