,比利时BFX,日经225,墨西哥BOLSA,恒生指数,韩国综合指数,荷兰AEX,Costa Rica Indice Accionario,加拿大多伦多S&P/TSX 综合指数,S&P CLX IPSA
比利时BFX,0.0,0.31629884550454496,0.354278505976709,0.3211384742021345,0.28778892736901396,0.5111787704938742,0.25443669247208317,0.3873978247681555,0.3149408273188952
日经225,0.31629884550454496,0.0,0.28431254974898895,0.37614922387894795,0.4318829496179323,0.34272702213942524,0.25031573727338535,0.276579404447038,0.2785657157433246
墨西哥BOLSA,0.354278505976709,0.28431254974898895,0.0,0.2891059861103845,0.2840836556236186,0.33200794083725593,0.23626111695459762,0.36313932738197696,0.35039187532059457
恒生指数,0.3211384742021345,0.37614922387894795,0.2891059861103845,0.0,0.4105167526205119,0.3599282211460692,0.23531096709743618,0.29176020615016396,0.30275183813600354
韩国综合指数,0.28778892736901396,0.4318829496179323,0.2840836556236186,0.4105167526205119,0.0,0.31961075624448,0.25108795921076754,0.2709860717719642,0.2988036305768107
荷兰AEX,0.5111787704938742,0.34272702213942524,0.33200794083725593,0.3599282211460692,0.31961075624448,0.0,0.25496260180888364,0.3792726615960148,0.3201325659212203
Costa Rica Indice Accionario,0.25443669247208317,0.25031573727338535,0.23626111695459762,0.23531096709743618,0.25108795921076754,0.25496260180888364,0.0,0.24245327363979086,0.24668557874079483
加拿大多伦多S&P/TSX 综合指数,0.3873978247681555,0.276579404447038,0.36313932738197696,0.29176020615016396,0.2709860717719642,0.3792726615960148,0.24245327363979086,0.0,0.34374467597578645
S&P CLX IPSA,0.3149408273188952,0.2785657157433246,0.35039187532059457,0.30275183813600354,0.2988036305768107,0.3201325659212203,0.24668557874079483,0.34374467597578645,0.0
