,比利时BFX,日经225,墨西哥BOLSA,恒生指数,韩国综合指数,荷兰AEX,Costa Rica Indice Accionario,加拿大多伦多S&P/TSX 综合指数,S&P CLX IPSA
比利时BFX,0.0,0.30772480952015463,0.3397752683131763,0.291342878238344,0.27910730816988455,0.4763063319096015,0.2574767496547203,0.38296769657756674,0.3082969848935677
日经225,0.30772480952015463,0.0,0.28161574880180135,0.36746900291863904,0.4069410338994277,0.3325030277562191,0.24905980551018853,0.29430693482985615,0.29181896282927144
墨西哥BOLSA,0.3397752683131763,0.28161574880180135,0.0,0.2856662933753954,0.2971809515036985,0.3080924137692273,0.23500769095593158,0.34545277548179903,0.32467249342611176
恒生指数,0.291342878238344,0.36746900291863904,0.2856662933753954,0.0,0.4003999703438044,0.31746954548578377,0.23597907843816807,0.2944749357215641,0.2789141044950679
韩国综合指数,0.27910730816988455,0.4069410338994277,0.2971809515036985,0.4003999703438044,0.0,0.3057429692547657,0.2536010860756815,0.29598620062780934,0.29534111653492606
荷兰AEX,0.4763063319096015,0.3325030277562191,0.3080924137692273,0.31746954548578377,0.3057429692547657,0.0,0.25617362358046647,0.40226908429683167,0.3180128073473533
Costa Rica Indice Accionario,0.2574767496547203,0.24905980551018853,0.23500769095593158,0.23597907843816807,0.2536010860756815,0.25617362358046647,0.0,0.24533828816931336,0.24927889947362636
加拿大多伦多S&P/TSX 综合指数,0.38296769657756674,0.29430693482985615,0.34545277548179903,0.2944749357215641,0.29598620062780934,0.40226908429683167,0.24533828816931336,0.0,0.32944516172500243
S&P CLX IPSA,0.3082969848935677,0.29181896282927144,0.32467249342611176,0.2789141044950679,0.29534111653492606,0.3180128073473533,0.24927889947362636,0.32944516172500243,0.0
