,比利时BFX,日经225,墨西哥BOLSA,恒生指数,韩国综合指数,荷兰AEX,Costa Rica Indice Accionario,加拿大多伦多S&P/TSX 综合指数,S&P CLX IPSA
比利时BFX,0.0,0.29639689694085974,0.30811726507949183,0.31104366487295604,0.2786446828288443,0.48678741576997014,0.2563101224563215,0.3627063020055302,0.2718814281139355
日经225,0.29639689694085974,0.0,0.27042274558781626,0.3290601468414368,0.39302791042936425,0.3081465243689923,0.25043033800309805,0.28077028040883706,0.26866516455168266
墨西哥BOLSA,0.30811726507949183,0.27042274558781626,0.0,0.27248400129180717,0.2868229521780823,0.3098301433062449,0.2397875694420673,0.3237735268833777,0.2756968363088943
恒生指数,0.31104366487295604,0.3290601468414368,0.27248400129180717,0.0,0.355350004649442,0.3359391336463256,0.2514727341265065,0.30148905385067193,0.2707350477380495
韩国综合指数,0.2786446828288443,0.39302791042936425,0.2868229521780823,0.355350004649442,0.0,0.28958042389509836,0.23927001172025758,0.27628613360102305,0.26876385743481923
荷兰AEX,0.48678741576997014,0.3081465243689923,0.3098301433062449,0.3359391336463256,0.28958042389509836,0.0,0.25687416027806836,0.38743983127255205,0.27588202056645267
Costa Rica Indice Accionario,0.2563101224563215,0.25043033800309805,0.2397875694420673,0.2514727341265065,0.23927001172025758,0.25687416027806836,0.0,0.25429556647712376,0.2600297753352746
加拿大多伦多S&P/TSX 综合指数,0.3627063020055302,0.28077028040883706,0.3237735268833777,0.30148905385067193,0.27628613360102305,0.38743983127255205,0.25429556647712376,0.0,0.27140507384654555
S&P CLX IPSA,0.2718814281139355,0.26866516455168266,0.2756968363088943,0.2707350477380495,0.26876385743481923,0.27588202056645267,0.2600297753352746,0.27140507384654555,0.0
