,比利时BFX,日经225,墨西哥BOLSA,恒生指数,韩国综合指数,荷兰AEX,Costa Rica Indice Accionario,加拿大多伦多S&P/TSX 综合指数,S&P CLX IPSA
比利时BFX,0.0,0.29328040831524843,0.3193453837730841,0.2794572394715107,0.2673368626720959,0.4792236571098356,0.26191204447600497,0.3620993021549956,0.2925722384555951
日经225,0.29328040831524843,0.0,0.27270965678400083,0.3478456730026605,0.3953518773064078,0.31419899656818323,0.2509822259953659,0.27921692596928027,0.27713024657543994
墨西哥BOLSA,0.3193453837730841,0.27270965678400083,0.0,0.2737552629193392,0.2858579229138084,0.302638412192938,0.2338877510236976,0.3246800948310219,0.2937685326863863
恒生指数,0.2794572394715107,0.3478456730026605,0.2737552629193392,0.0,0.3825147094306298,0.31271735787163213,0.23545284753421464,0.27796034495463456,0.26774086227834765
韩国综合指数,0.2673368626720959,0.3953518773064078,0.2858579229138084,0.3825147094306298,0.0,0.294127945111296,0.24963691943224842,0.2737319683282794,0.2729165460716133
荷兰AEX,0.4792236571098356,0.31419899656818323,0.302638412192938,0.31271735787163213,0.294127945111296,0.0,0.2589797801133245,0.38581879513578815,0.3106703559271298
Costa Rica Indice Accionario,0.26191204447600497,0.2509822259953659,0.2338877510236976,0.23545284753421464,0.24963691943224842,0.2589797801133245,0.0,0.24514052823318014,0.250469167200678
加拿大多伦多S&P/TSX 综合指数,0.3620993021549956,0.27921692596928027,0.3246800948310219,0.27796034495463456,0.2737319683282794,0.38581879513578815,0.24514052823318014,0.0,0.3063157912596378
S&P CLX IPSA,0.2925722384555951,0.27713024657543994,0.2937685326863863,0.26774086227834765,0.2729165460716133,0.3106703559271298,0.250469167200678,0.3063157912596378,0.0
