,比利时BFX,日经225,墨西哥BOLSA,恒生指数,韩国综合指数,荷兰AEX,Costa Rica Indice Accionario,加拿大多伦多S&P/TSX 综合指数,S&P CLX IPSA
比利时BFX,0.0,0.3045868600678545,0.3434088760519056,0.3183035283662959,0.2879113542750546,0.5028877453139813,0.25802049218805995,0.3642640451745299,0.3101192682417289
日经225,0.3045868600678545,0.0,0.2749754870049929,0.3672478380905221,0.4017634458426917,0.32147905617843753,0.25561150948933914,0.2671607224338906,0.26743637436507256
墨西哥BOLSA,0.3434088760519056,0.2749754870049929,0.0,0.2846667375402882,0.2858765838706873,0.3169912582495326,0.23421319371569424,0.34451530247126816,0.3390255288329679
恒生指数,0.3183035283662959,0.3672478380905221,0.2846667375402882,0.0,0.40382454469098583,0.3486266801816855,0.2384536469810108,0.2881853926375889,0.29507933601007763
韩国综合指数,0.2879113542750546,0.4017634458426917,0.2858765838706873,0.40382454469098583,0.0,0.31186123231696233,0.25654807348069586,0.2748945881219041,0.29342991615800124
荷兰AEX,0.5028877453139813,0.32147905617843753,0.3169912582495326,0.3486266801816855,0.31186123231696233,0.0,0.2570480876234137,0.3664673475222607,0.31125624995807544
Costa Rica Indice Accionario,0.25802049218805995,0.25561150948933914,0.23421319371569424,0.2384536469810108,0.25654807348069586,0.2570480876234137,0.0,0.24562930314347642,0.24775744779855036
加拿大多伦多S&P/TSX 综合指数,0.3642640451745299,0.2671607224338906,0.34451530247126816,0.2881853926375889,0.2748945881219041,0.3664673475222607,0.24562930314347642,0.0,0.33751258106533916
S&P CLX IPSA,0.3101192682417289,0.26743637436507256,0.3390255288329679,0.29507933601007763,0.29342991615800124,0.31125624995807544,0.24775744779855036,0.33751258106533916,0.0
