,比利时BFX,日经225,墨西哥BOLSA,恒生指数,韩国综合指数,荷兰AEX,Costa Rica Indice Accionario,加拿大多伦多S&P/TSX 综合指数,S&P CLX IPSA
比利时BFX,0.0,0.29373211129638227,0.31997406964874386,0.27826734130809855,0.26831051231121344,0.4813115662223779,0.26202186575999753,0.36718833600465695,0.2929891553261969
日经225,0.29373211129638227,0.0,0.272635244775914,0.3479276270003585,0.3915331687571219,0.313452847688332,0.25098408288215107,0.27986790885749147,0.27761591157610643
墨西哥BOLSA,0.31997406964874386,0.272635244775914,0.0,0.27518934032029774,0.28650357585041936,0.3005666538942578,0.2335314801836287,0.3241213233929195,0.2948955513896596
恒生指数,0.27826734130809855,0.3479276270003585,0.27518934032029774,0.0,0.3835765450669511,0.31424281428293444,0.23510691122217287,0.27838956044604934,0.2694837215365593
韩国综合指数,0.26831051231121344,0.3915331687571219,0.28650357585041936,0.3835765450669511,0.0,0.29452598990000645,0.24897954396120547,0.27577834304366455,0.2743640632115159
荷兰AEX,0.4813115662223779,0.313452847688332,0.3005666538942578,0.31424281428293444,0.29452598990000645,0.0,0.2590731624914292,0.39253266955048066,0.31018404412835326
Costa Rica Indice Accionario,0.26202186575999753,0.25098408288215107,0.2335314801836287,0.23510691122217287,0.24897954396120547,0.2590731624914292,0.0,0.2448442045895331,0.2502325934953522
加拿大多伦多S&P/TSX 综合指数,0.36718833600465695,0.27986790885749147,0.3241213233929195,0.27838956044604934,0.27577834304366455,0.39253266955048066,0.2448442045895331,0.0,0.30742303469665044
S&P CLX IPSA,0.2929891553261969,0.27761591157610643,0.2948955513896596,0.2694837215365593,0.2743640632115159,0.31018404412835326,0.2502325934953522,0.30742303469665044,0.0
