,比利时BFX,日经225,墨西哥BOLSA,恒生指数,韩国综合指数,荷兰AEX,Costa Rica Indice Accionario,加拿大多伦多S&P/TSX 综合指数,S&P CLX IPSA
比利时BFX,0.0,0.31231813474569753,0.3408141852268032,0.3129803952544586,0.2954789603545372,0.48796084670822987,0.25005771572648877,0.3547164222709203,0.304458437501779
日经225,0.31231813474569753,0.0,0.2739419408190011,0.36245586326691714,0.38614531172119826,0.32087211370277097,0.24980506958011733,0.2794697549925228,0.268282431892681
墨西哥BOLSA,0.3408141852268032,0.2739419408190011,0.0,0.2866285535463135,0.289686541099186,0.3150361492048325,0.2344928701548746,0.3421156050178521,0.3380920282172545
恒生指数,0.3129803952544586,0.36245586326691714,0.2866285535463135,0.0,0.40170376709823985,0.3409934669848556,0.23184522688431575,0.2907974270352078,0.2869864471404775
韩国综合指数,0.2954789603545372,0.38614531172119826,0.289686541099186,0.40170376709823985,0.0,0.3133363740622824,0.25260858163891176,0.2868816438746316,0.29738137864253944
荷兰AEX,0.48796084670822987,0.32087211370277097,0.3150361492048325,0.3409934669848556,0.3133363740622824,0.0,0.25033499672020115,0.3746841565980592,0.30527885512857816
Costa Rica Indice Accionario,0.25005771572648877,0.24980506958011733,0.2344928701548746,0.23184522688431575,0.25260858163891176,0.25033499672020115,0.0,0.24028813968263268,0.24093973051307885
加拿大多伦多S&P/TSX 综合指数,0.3547164222709203,0.2794697549925228,0.3421156050178521,0.2907974270352078,0.2868816438746316,0.3746841565980592,0.24028813968263268,0.0,0.3411970232208436
S&P CLX IPSA,0.304458437501779,0.268282431892681,0.3380920282172545,0.2869864471404775,0.29738137864253944,0.30527885512857816,0.24093973051307885,0.3411970232208436,0.0
