,比利时BFX,日经225,墨西哥BOLSA,恒生指数,韩国综合指数,荷兰AEX,Costa Rica Indice Accionario,加拿大多伦多S&P/TSX 综合指数,S&P CLX IPSA
比利时BFX,0.0,0.31799612231463625,0.36187437071767703,0.3250258955332332,0.2931218939388171,0.5225082098325184,0.24812087626150667,0.39572323874399545,0.32231991058319226
日经225,0.31799612231463625,0.0,0.28904349391093187,0.3830780229478433,0.4311022286397761,0.34477073825025756,0.24738762573781242,0.28136453230666547,0.28343548357916454
墨西哥BOLSA,0.36187437071767703,0.28904349391093187,0.0,0.29099617982451664,0.28710601434269795,0.3360005601362324,0.2388131211196271,0.37589111663359365,0.3600316734629045
恒生指数,0.3250258955332332,0.3830780229478433,0.29099617982451664,0.0,0.419952481302896,0.36011054361658407,0.23412566965781229,0.2961482908242501,0.30758326371289835
韩国综合指数,0.2931218939388171,0.4311022286397761,0.28710601434269795,0.419952481302896,0.0,0.3260246413459123,0.24864440525268874,0.2761464265084719,0.30298068176278076
荷兰AEX,0.5225082098325184,0.34477073825025756,0.3360005601362324,0.36011054361658407,0.3260246413459123,0.0,0.2531824658538434,0.38696394985030275,0.3241994631348397
Costa Rica Indice Accionario,0.24812087626150667,0.24738762573781242,0.2388131211196271,0.23412566965781229,0.24864440525268874,0.2531824658538434,0.0,0.2417583821371351,0.23822148066264445
加拿大多伦多S&P/TSX 综合指数,0.39572323874399545,0.28136453230666547,0.37589111663359365,0.2961482908242501,0.2761464265084719,0.38696394985030275,0.2417583821371351,0.0,0.3505555463237373
S&P CLX IPSA,0.32231991058319226,0.28343548357916454,0.3600316734629045,0.30758326371289835,0.30298068176278076,0.3241994631348397,0.23822148066264445,0.3505555463237373,0.0
