,比利时BFX,日经225,墨西哥BOLSA,恒生指数,韩国综合指数,荷兰AEX,Costa Rica Indice Accionario,加拿大多伦多S&P/TSX 综合指数,S&P CLX IPSA
比利时BFX,0.0,0.2983963402121846,0.3230641148609814,0.2848094737768665,0.27340014633652593,0.48549619119940934,0.2617501127263559,0.3710951333590883,0.29952771771616316
日经225,0.2983963402121846,0.0,0.2749537009758188,0.34888835202263824,0.3939532783314348,0.31540406974614127,0.2510271955954509,0.28314542475289467,0.2794148420245812
墨西哥BOLSA,0.3230641148609814,0.2749537009758188,0.0,0.27586585270541375,0.28918662232774517,0.3017518198678111,0.23351385695354512,0.32409528689661854,0.29714898640164705
恒生指数,0.2848094737768665,0.34888835202263824,0.27586585270541375,0.0,0.38794691993636005,0.31798013645737444,0.23517776593705222,0.2840266756361201,0.2702154421737963
韩国综合指数,0.27340014633652593,0.3939532783314348,0.28918662232774517,0.38794691993636005,0.0,0.297516954934114,0.24893585787757416,0.28026095347866287,0.27819249195135304
荷兰AEX,0.48549619119940934,0.31540406974614127,0.3017518198678111,0.31798013645737444,0.297516954934114,0.0,0.25902852574851987,0.39570922722054985,0.31376219000545835
Costa Rica Indice Accionario,0.2617501127263559,0.2510271955954509,0.23351385695354512,0.23517776593705222,0.24893585787757416,0.25902852574851987,0.0,0.2448699138966282,0.250191735580712
加拿大多伦多S&P/TSX 综合指数,0.3710951333590883,0.28314542475289467,0.32409528689661854,0.2840266756361201,0.28026095347866287,0.39570922722054985,0.2448699138966282,0.0,0.31291620442553364
S&P CLX IPSA,0.29952771771616316,0.2794148420245812,0.29714898640164705,0.2702154421737963,0.27819249195135304,0.31376219000545835,0.250191735580712,0.31291620442553364,0.0
