,比利时BFX,日经225,墨西哥BOLSA,恒生指数,韩国综合指数,荷兰AEX,Costa Rica Indice Accionario,加拿大多伦多S&P/TSX 综合指数,S&P CLX IPSA
比利时BFX,0.0,0.33149856066745975,0.39735684045886527,0.36624047342789623,0.32437182419950755,0.5343210978077431,0.23996219501952837,0.40323115482314337,0.3388691478059228
日经225,0.33149856066745975,0.0,0.3165606968851711,0.36193499171487825,0.41468120447765183,0.32788822735823187,0.24593732180559927,0.3044132416248228,0.26860242394852807
墨西哥BOLSA,0.39735684045886527,0.3165606968851711,0.0,0.3146745264202747,0.3104986713143542,0.37281033793620266,0.24978793655729328,0.39516172236028785,0.3608959425655421
恒生指数,0.36624047342789623,0.36193499171487825,0.3146745264202747,0.0,0.4373185357621043,0.3747802965022072,0.24294878755094088,0.31848864322231013,0.32272067904860124
韩国综合指数,0.32437182419950755,0.41468120447765183,0.3104986713143542,0.4373185357621043,0.0,0.341145722164352,0.23508831138939942,0.3109638729495781,0.3175192934969816
荷兰AEX,0.5343210978077431,0.32788822735823187,0.37281033793620266,0.3747802965022072,0.341145722164352,0.0,0.24692758813566143,0.4137858885218483,0.3309575642734249
Costa Rica Indice Accionario,0.23996219501952837,0.24593732180559927,0.24978793655729328,0.24294878755094088,0.23508831138939942,0.24692758813566143,0.0,0.24455731835571726,0.23305648503495105
加拿大多伦多S&P/TSX 综合指数,0.40323115482314337,0.3044132416248228,0.39516172236028785,0.31848864322231013,0.3109638729495781,0.4137858885218483,0.24455731835571726,0.0,0.351248378525561
S&P CLX IPSA,0.3388691478059228,0.26860242394852807,0.3608959425655421,0.32272067904860124,0.3175192934969816,0.3309575642734249,0.23305648503495105,0.351248378525561,0.0
