,比利时BFX,日经225,墨西哥BOLSA,恒生指数,韩国综合指数,荷兰AEX,Costa Rica Indice Accionario,加拿大多伦多S&P/TSX 综合指数,S&P CLX IPSA
比利时BFX,0.0,0.2848768359664198,0.3326279763699875,0.29463166169098665,0.2828390918899488,0.5177347177935345,0.256206589106894,0.37712340364702723,0.2867885486643477
日经225,0.2848768359664198,0.0,0.2851469519348811,0.3181103802498946,0.39824670582030514,0.30905001242761354,0.24795569654162822,0.2922778975726644,0.26973193002655554
墨西哥BOLSA,0.3326279763699875,0.2851469519348811,0.0,0.2688339855014991,0.2913495933933903,0.3349218240987734,0.24161729347517866,0.3602066210514815,0.292451915919675
恒生指数,0.29463166169098665,0.3181103802498946,0.2688339855014991,0.0,0.36204478517581706,0.33739911998606475,0.24959843004143925,0.29866830342732703,0.28153045585206565
韩国综合指数,0.2828390918899488,0.39824670582030514,0.2913495933933903,0.36204478517581706,0.0,0.30740055238853725,0.23994531747086104,0.2914148721373108,0.2668554254422104
荷兰AEX,0.5177347177935345,0.30905001242761354,0.3349218240987734,0.33739911998606475,0.30740055238853725,0.0,0.2572247601670888,0.3953110702071931,0.28648297661235955
Costa Rica Indice Accionario,0.256206589106894,0.24795569654162822,0.24161729347517866,0.24959843004143925,0.23994531747086104,0.2572247601670888,0.0,0.2540979943441488,0.25861005453834607
加拿大多伦多S&P/TSX 综合指数,0.37712340364702723,0.2922778975726644,0.3602066210514815,0.29866830342732703,0.2914148721373108,0.3953110702071931,0.2540979943441488,0.0,0.28128596040103393
S&P CLX IPSA,0.2867885486643477,0.26973193002655554,0.292451915919675,0.28153045585206565,0.2668554254422104,0.28648297661235955,0.25861005453834607,0.28128596040103393,0.0
