,比利时BFX,日经225,墨西哥BOLSA,恒生指数,韩国综合指数,荷兰AEX,Costa Rica Indice Accionario,加拿大多伦多S&P/TSX 综合指数,S&P CLX IPSA
比利时BFX,0.0,0.2775151141502328,0.33885931571538797,0.29385201145102047,0.2750747227589196,0.5140388456289509,0.2555387717620167,0.37926386680848334,0.2875321811416004
日经225,0.2775151141502328,0.0,0.2874588480539777,0.3152117109050067,0.3948584082657383,0.30520729169093086,0.24752375335152693,0.2908491790766362,0.2747045391091747
墨西哥BOLSA,0.33885931571538797,0.2874588480539777,0.0,0.2759241605331924,0.2952898709381912,0.335540049623442,0.2407245212083725,0.35653823317240946,0.2826778389834133
恒生指数,0.29385201145102047,0.3152117109050067,0.2759241605331924,0.0,0.357849959681999,0.33528598950970717,0.24898177194048896,0.3016303776207432,0.27665644554935565
韩国综合指数,0.2750747227589196,0.3948584082657383,0.2952898709381912,0.357849959681999,0.0,0.29952808170058554,0.2402724560664042,0.2914751739083822,0.2685064531009993
荷兰AEX,0.5140388456289509,0.30520729169093086,0.335540049623442,0.33528598950970717,0.29952808170058554,0.0,0.2550920665723881,0.39936177871037254,0.28750115430387335
Costa Rica Indice Accionario,0.2555387717620167,0.24752375335152693,0.2407245212083725,0.24898177194048896,0.2402724560664042,0.2550920665723881,0.0,0.25258511281580304,0.25635363414743645
加拿大多伦多S&P/TSX 综合指数,0.37926386680848334,0.2908491790766362,0.35653823317240946,0.3016303776207432,0.2914751739083822,0.39936177871037254,0.25258511281580304,0.0,0.27329254998947927
S&P CLX IPSA,0.2875321811416004,0.2747045391091747,0.2826778389834133,0.27665644554935565,0.2685064531009993,0.28750115430387335,0.25635363414743645,0.27329254998947927,0.0
