,比利时BFX,日经225,墨西哥BOLSA,恒生指数,韩国综合指数,荷兰AEX,Costa Rica Indice Accionario,加拿大多伦多S&P/TSX 综合指数,S&P CLX IPSA
比利时BFX,0.0,0.29037701752523515,0.3091339579793735,0.30500046095070027,0.27939713394213295,0.4951546611011989,0.2563079790765315,0.3900108615098342,0.2749893299621436
日经225,0.29037701752523515,0.0,0.2727727352521025,0.3110131890070139,0.3829681192496469,0.3157050557262409,0.2499593654358983,0.28175803024583573,0.2754053160322352
墨西哥BOLSA,0.3091339579793735,0.2727727352521025,0.0,0.27726908590100646,0.3034549240482071,0.3060673426886866,0.2396062116857592,0.3189481047019085,0.274824092597775
恒生指数,0.30500046095070027,0.3110131890070139,0.27726908590100646,0.0,0.3478389696184568,0.33346078107542276,0.2512819394566473,0.3070183545191468,0.27364395157682014
韩国综合指数,0.27939713394213295,0.3829681192496469,0.3034549240482071,0.3478389696184568,0.0,0.2954842891718928,0.2394223767655507,0.293722834763542,0.2775155793620596
荷兰AEX,0.4951546611011989,0.3157050557262409,0.3060673426886866,0.33346078107542276,0.2954842891718928,0.0,0.25709549985984087,0.40343797643007884,0.2791007765154543
Costa Rica Indice Accionario,0.2563079790765315,0.2499593654358983,0.2396062116857592,0.2512819394566473,0.2394223767655507,0.25709549985984087,0.0,0.25403700290140036,0.26007263989681795
加拿大多伦多S&P/TSX 综合指数,0.3900108615098342,0.28175803024583573,0.3189481047019085,0.3070183545191468,0.293722834763542,0.40343797643007884,0.25403700290140036,0.0,0.27571536909692257
S&P CLX IPSA,0.2749893299621436,0.2754053160322352,0.274824092597775,0.27364395157682014,0.2775155793620596,0.2791007765154543,0.26007263989681795,0.27571536909692257,0.0
