,比利时BFX,日经225,墨西哥BOLSA,恒生指数,韩国综合指数,荷兰AEX,Costa Rica Indice Accionario,加拿大多伦多S&P/TSX 综合指数,S&P CLX IPSA
比利时BFX,0.0,0.2854442769834516,0.33732668360313317,0.2947158987588732,0.2845347416862623,0.5220228906939878,0.25594796688891436,0.3781843264764542,0.2887821747611846
日经225,0.2854442769834516,0.0,0.28490899097550487,0.3181319536333498,0.3982549199995689,0.3090639238351688,0.24795972371734454,0.2922471087924837,0.2696801179692468
墨西哥BOLSA,0.33732668360313317,0.28490899097550487,0.0,0.2692427122113753,0.2900198972611063,0.3344223866111489,0.2420611059882848,0.3611454540821391,0.2903535271513031
恒生指数,0.2947158987588732,0.3181319536333498,0.2692427122113753,0.0,0.3626364041478274,0.33735415961663606,0.24958754236572456,0.298684113095637,0.28168696062270276
韩国综合指数,0.2845347416862623,0.3982549199995689,0.2900198972611063,0.3626364041478274,0.0,0.3070117675127713,0.24016760707059936,0.2914622588204202,0.2657993838950503
荷兰AEX,0.5220228906939878,0.3090639238351688,0.3344223866111489,0.33735415961663606,0.3070117675127713,0.0,0.2571719770377182,0.3951012357819616,0.28656658060402573
Costa Rica Indice Accionario,0.25594796688891436,0.24795972371734454,0.2420611059882848,0.24958754236572456,0.24016760707059936,0.2571719770377182,0.0,0.2541257515116282,0.25872167058156387
加拿大多伦多S&P/TSX 综合指数,0.3781843264764542,0.2922471087924837,0.3611454540821391,0.298684113095637,0.2914622588204202,0.3951012357819616,0.2541257515116282,0.0,0.28122905079185423
S&P CLX IPSA,0.2887821747611846,0.2696801179692468,0.2903535271513031,0.28168696062270276,0.2657993838950503,0.28656658060402573,0.25872167058156387,0.28122905079185423,0.0
