,比利时BFX,日经225,墨西哥BOLSA,恒生指数,韩国综合指数,荷兰AEX,Costa Rica Indice Accionario,加拿大多伦多S&P/TSX 综合指数,S&P CLX IPSA
比利时BFX,0.0,0.27241690113769723,0.323806657089056,0.29821447633259446,0.2764669677953841,0.520105303489591,0.2571742232230973,0.3792785846922247,0.2787680583032557
日经225,0.27241690113769723,0.0,0.28623726765705776,0.31607225014712204,0.4020911522009336,0.3029085788549792,0.250099761104362,0.2887951415733001,0.2743920569600283
墨西哥BOLSA,0.323806657089056,0.28623726765705776,0.0,0.2776205916597835,0.31316093422775343,0.31982675437329444,0.24130262910696684,0.3426570305652768,0.2762683657348848
恒生指数,0.29821447633259446,0.31607225014712204,0.2776205916597835,0.0,0.34948095080075003,0.3318475562454218,0.2509160042823948,0.298615593891262,0.27785158946367244
韩国综合指数,0.2764669677953841,0.4020911522009336,0.31316093422775343,0.34948095080075003,0.0,0.3015893070766097,0.24269527975183655,0.2963696669421094,0.2756911843459467
荷兰AEX,0.520105303489591,0.3029085788549792,0.31982675437329444,0.3318475562454218,0.3015893070766097,0.0,0.25728820305328637,0.39174828851749177,0.2833625496198695
Costa Rica Indice Accionario,0.2571742232230973,0.250099761104362,0.24130262910696684,0.2509160042823948,0.24269527975183655,0.25728820305328637,0.0,0.25434346575907574,0.2574636561637011
加拿大多伦多S&P/TSX 综合指数,0.3792785846922247,0.2887951415733001,0.3426570305652768,0.298615593891262,0.2963696669421094,0.39174828851749177,0.25434346575907574,0.0,0.26868297015021225
S&P CLX IPSA,0.2787680583032557,0.2743920569600283,0.2762683657348848,0.27785158946367244,0.2756911843459467,0.2833625496198695,0.2574636561637011,0.26868297015021225,0.0
