,比利时BFX,日经225,墨西哥BOLSA,恒生指数,韩国综合指数,荷兰AEX,Costa Rica Indice Accionario,加拿大多伦多S&P/TSX 综合指数,S&P CLX IPSA
比利时BFX,0.0,0.2777487152290814,0.3371778380281413,0.2944248118440474,0.281159656375625,0.5472332778995261,0.2439138897458906,0.3575884996835837,0.28270242894520636
日经225,0.2777487152290814,0.0,0.2843700369708507,0.3399914217922401,0.41822186649464643,0.2937239555771975,0.2477010772130805,0.2879812931598397,0.26411155594781033
墨西哥BOLSA,0.3371778380281413,0.2843700369708507,0.0,0.28061888695991716,0.29359675697239895,0.3389324927185585,0.2378850451588417,0.37359402852667883,0.3002227314137291
恒生指数,0.2944248118440474,0.3399914217922401,0.28061888695991716,0.0,0.3738453296696186,0.3271212885929687,0.24026213318780837,0.3072641779319763,0.27325635150523686
韩国综合指数,0.281159656375625,0.41822186649464643,0.29359675697239895,0.3738453296696186,0.0,0.297958987549796,0.2329441380477593,0.2938892820750437,0.2677699145274021
荷兰AEX,0.5472332778995261,0.2937239555771975,0.3389324927185585,0.3271212885929687,0.297958987549796,0.0,0.24897128194156876,0.3756441243359166,0.2852761945428613
Costa Rica Indice Accionario,0.2439138897458906,0.2477010772130805,0.2378850451588417,0.24026213318780837,0.2329441380477593,0.24897128194156876,0.0,0.23695706962037918,0.24355412577508978
加拿大多伦多S&P/TSX 综合指数,0.3575884996835837,0.2879812931598397,0.37359402852667883,0.3072641779319763,0.2938892820750437,0.3756441243359166,0.23695706962037918,0.0,0.29249274076368736
S&P CLX IPSA,0.28270242894520636,0.26411155594781033,0.3002227314137291,0.27325635150523686,0.2677699145274021,0.2852761945428613,0.24355412577508978,0.29249274076368736,0.0
