,比利时BFX,日经225,墨西哥BOLSA,恒生指数,韩国综合指数,荷兰AEX,Costa Rica Indice Accionario,加拿大多伦多S&P/TSX 综合指数,S&P CLX IPSA
比利时BFX,0.0,0.2835331766010988,0.32985782256993973,0.3014902229397154,0.28411100562387315,0.5510042267892649,0.2433830175180562,0.3579815233286247,0.2795667328718709
日经225,0.2835331766010988,0.0,0.28572512298038616,0.3432213921747978,0.42000388028294483,0.3010154378621538,0.24809928718870827,0.294104752734378,0.26121964526811564
墨西哥BOLSA,0.32985782256993973,0.28572512298038616,0.0,0.27855848960731433,0.29303277112344017,0.33246109031036675,0.2384232296208839,0.36827902653693095,0.3009364006702421
恒生指数,0.3014902229397154,0.3432213921747978,0.27855848960731433,0.0,0.3743094242204936,0.33503475273978145,0.2403204973348772,0.3119324040060887,0.2723934577244989
韩国综合指数,0.28411100562387315,0.42000388028294483,0.29303277112344017,0.3743094242204936,0.0,0.30132435347547737,0.2331681294343821,0.29495898802241893,0.26666295465529277
荷兰AEX,0.5510042267892649,0.3010154378621538,0.33246109031036675,0.33503475273978145,0.30132435347547737,0.0,0.24880566639077284,0.3771252072932037,0.2812054822434773
Costa Rica Indice Accionario,0.2433830175180562,0.24809928718870827,0.2384232296208839,0.2403204973348772,0.2331681294343821,0.24880566639077284,0.0,0.23710231597337642,0.2435027159514191
加拿大多伦多S&P/TSX 综合指数,0.3579815233286247,0.294104752734378,0.36827902653693095,0.3119324040060887,0.29495898802241893,0.3771252072932037,0.23710231597337642,0.0,0.2914034303770006
S&P CLX IPSA,0.2795667328718709,0.26121964526811564,0.3009364006702421,0.2723934577244989,0.26666295465529277,0.2812054822434773,0.2435027159514191,0.2914034303770006,0.0
