,比利时BFX,日经225,墨西哥BOLSA,恒生指数,韩国综合指数,荷兰AEX,Costa Rica Indice Accionario,加拿大多伦多S&P/TSX 综合指数,S&P CLX IPSA
比利时BFX,0.0,0.2902256202768147,0.31539599393679907,0.2942922700342703,0.28363862370266535,0.4982105657830677,0.25762212958762637,0.3931809861800564,0.2677620386221722
日经225,0.2902256202768147,0.0,0.27830387502545945,0.3138248877243851,0.38493202320594344,0.3125281607745615,0.25083524687970227,0.28118587222855684,0.2756131284833605
墨西哥BOLSA,0.31539599393679907,0.27830387502545945,0.0,0.27195386365298724,0.3070217703683927,0.31315970816954675,0.24140440401375554,0.33420025593032543,0.2724069292838944
恒生指数,0.2942922700342703,0.3138248877243851,0.27195386365298724,0.0,0.34880736384283334,0.3254003704232802,0.2505373238405834,0.2947419581568436,0.2766473450809857
韩国综合指数,0.28363862370266535,0.38493202320594344,0.3070217703683927,0.34880736384283334,0.0,0.3029030493415566,0.24164906244020926,0.29167383268838626,0.27861250582157626
荷兰AEX,0.4982105657830677,0.3125281607745615,0.31315970816954675,0.3254003704232802,0.3029030493415566,0.0,0.2579825198967721,0.40217001028715543,0.27527757334683234
Costa Rica Indice Accionario,0.25762212958762637,0.25083524687970227,0.24140440401375554,0.2505373238405834,0.24164906244020926,0.2579825198967721,0.0,0.25554962608870624,0.2590078595507699
加拿大多伦多S&P/TSX 综合指数,0.3931809861800564,0.28118587222855684,0.33420025593032543,0.2947419581568436,0.29167383268838626,0.40217001028715543,0.25554962608870624,0.0,0.2684042157185377
S&P CLX IPSA,0.2677620386221722,0.2756131284833605,0.2724069292838944,0.2766473450809857,0.27861250582157626,0.27527757334683234,0.2590078595507699,0.2684042157185377,0.0
