,比利时BFX,日经225,墨西哥BOLSA,恒生指数,韩国综合指数,荷兰AEX,Costa Rica Indice Accionario,加拿大多伦多S&P/TSX 综合指数,S&P CLX IPSA
比利时BFX,0.0,0.27734461579579517,0.3289784508426464,0.2966369151044607,0.27596446216857756,0.5128981838466373,0.25701895980090456,0.37754580130511595,0.2854719726914281
日经225,0.27734461579579517,0.0,0.28921341980131277,0.3177046133268081,0.39815299295236145,0.3104674077605966,0.2502588853077414,0.2957929398575971,0.27742019818366787
墨西哥BOLSA,0.3289784508426464,0.28921341980131277,0.0,0.2757267429047025,0.3028539701638078,0.3311674136794119,0.24162238017358087,0.3575038921379716,0.2808675365650449
恒生指数,0.2966369151044607,0.3177046133268081,0.2757267429047025,0.0,0.35551876312232733,0.3397858027930268,0.2505178043530794,0.30433644287600764,0.27858326758357016
韩国综合指数,0.27596446216857756,0.39815299295236145,0.3028539701638078,0.35551876312232733,0.0,0.3045053720348962,0.2420906240394448,0.30079148123280286,0.2727394547523267
荷兰AEX,0.5128981838466373,0.3104674077605966,0.3311674136794119,0.3397858027930268,0.3045053720348962,0.0,0.25706798068792824,0.3980325764723392,0.28702218605856655
Costa Rica Indice Accionario,0.25701895980090456,0.2502588853077414,0.24162238017358087,0.2505178043530794,0.2420906240394448,0.25706798068792824,0.0,0.25319059376514846,0.25704271066763995
加拿大多伦多S&P/TSX 综合指数,0.37754580130511595,0.2957929398575971,0.3575038921379716,0.30433644287600764,0.30079148123280286,0.3980325764723392,0.25319059376514846,0.0,0.2724324530375276
S&P CLX IPSA,0.2854719726914281,0.27742019818366787,0.2808675365650449,0.27858326758357016,0.2727394547523267,0.28702218605856655,0.25704271066763995,0.2724324530375276,0.0
