,比利时BFX,日经225,墨西哥BOLSA,恒生指数,韩国综合指数,荷兰AEX,Costa Rica Indice Accionario,加拿大多伦多S&P/TSX 综合指数,S&P CLX IPSA
比利时BFX,0.0,0.2817060853135949,0.3333742384398745,0.2937622668107277,0.28235185000952895,0.5221451754458366,0.2564615897585354,0.3782873431284297,0.289546204196601
日经225,0.2817060853135949,0.0,0.2856995712093665,0.317565177401125,0.3972568340905019,0.3045444084880469,0.24773679966905288,0.29070223980277815,0.26818562920116606
墨西哥BOLSA,0.3333742384398745,0.2856995712093665,0.0,0.27133551374860754,0.293614696915633,0.33648566135385705,0.24174183722313528,0.3622726260013959,0.2926699640134901
恒生指数,0.2937622668107277,0.317565177401125,0.27133551374860754,0.0,0.36074992713704995,0.3349912761385217,0.24954779195255103,0.2981643824961059,0.28179651823967405
韩国综合指数,0.28235185000952895,0.3972568340905019,0.293614696915633,0.36074992713704995,0.0,0.3060300169926422,0.23989888428631873,0.2910755220882689,0.2670951384233533
荷兰AEX,0.5221451754458366,0.3045444084880469,0.33648566135385705,0.3349912761385217,0.3060300169926422,0.0,0.25746415014005425,0.39611405891984813,0.2895256377282741
Costa Rica Indice Accionario,0.2564615897585354,0.24773679966905288,0.24174183722313528,0.24954779195255103,0.23989888428631873,0.25746415014005425,0.0,0.25424344506658203,0.25882316014085555
加拿大多伦多S&P/TSX 综合指数,0.3782873431284297,0.29070223980277815,0.3622726260013959,0.2981643824961059,0.2910755220882689,0.39611405891984813,0.25424344506658203,0.0,0.28260396767034357
S&P CLX IPSA,0.289546204196601,0.26818562920116606,0.2926699640134901,0.28179651823967405,0.2670951384233533,0.2895256377282741,0.25882316014085555,0.28260396767034357,0.0
