,比利时BFX,日经225,墨西哥BOLSA,恒生指数,韩国综合指数,荷兰AEX,Costa Rica Indice Accionario,加拿大多伦多S&P/TSX 综合指数,S&P CLX IPSA
比利时BFX,0.0,0.28119910576217627,0.33946130210387393,0.29716553264081375,0.2828357007623312,0.5463552367886315,0.2434254719186621,0.35627612646364853,0.28112304026887325
日经225,0.28119910576217627,0.0,0.28729880539066677,0.34204820407120734,0.4193062846954787,0.2975120118230345,0.247707499446491,0.2933309636492849,0.2618172675882845
墨西哥BOLSA,0.33946130210387393,0.28729880539066677,0.0,0.28232938992636525,0.2943643690360501,0.34107783220017923,0.2377824011016939,0.3748053011388593,0.30036041102172084
恒生指数,0.29716553264081375,0.34204820407120734,0.28232938992636525,0.0,0.3730801761133259,0.32936315865649457,0.24020074464681898,0.3085295043295503,0.273058658689622
韩国综合指数,0.2828357007623312,0.4193062846954787,0.2943643690360501,0.3730801761133259,0.0,0.29963671326691627,0.23284494594771016,0.29577367402145477,0.2668464717687257
荷兰AEX,0.5463552367886315,0.2975120118230345,0.34107783220017923,0.32936315865649457,0.29963671326691627,0.0,0.24855614187901978,0.37434524590373364,0.2831510095752026
Costa Rica Indice Accionario,0.2434254719186621,0.247707499446491,0.2377824011016939,0.24020074464681898,0.23284494594771016,0.24855614187901978,0.0,0.2368353619115925,0.24375076780761798
加拿大多伦多S&P/TSX 综合指数,0.35627612646364853,0.2933309636492849,0.3748053011388593,0.3085295043295503,0.29577367402145477,0.37434524590373364,0.2368353619115925,0.0,0.2917646542310016
S&P CLX IPSA,0.28112304026887325,0.2618172675882845,0.30036041102172084,0.273058658689622,0.2668464717687257,0.2831510095752026,0.24375076780761798,0.2917646542310016,0.0
