,比利时BFX,日经225,墨西哥BOLSA,恒生指数,韩国综合指数,荷兰AEX,Costa Rica Indice Accionario,加拿大多伦多S&P/TSX 综合指数,S&P CLX IPSA
比利时BFX,0.0,0.2868778526650844,0.3257452207123015,0.30092589161614236,0.2879543179144925,0.5516174155179104,0.24275438718290462,0.354287512930474,0.2838092713910818
日经225,0.2868778526650844,0.0,0.2875565794617603,0.3421652209462086,0.42735541397112115,0.3035822958183158,0.24982259741411617,0.29262748523309157,0.26538471700364274
墨西哥BOLSA,0.3257452207123015,0.2875565794617603,0.0,0.2771042555395868,0.29415287551598146,0.32682472098194787,0.23991158299236637,0.36646229281403114,0.30433183034462763
恒生指数,0.30092589161614236,0.3421652209462086,0.2771042555395868,0.0,0.370023893276742,0.33564262785337484,0.240512114012791,0.3055379038168579,0.27827080314711355
韩国综合指数,0.2879543179144925,0.42735541397112115,0.29415287551598146,0.370023893276742,0.0,0.30384679056656316,0.23341808724296423,0.29422877364486477,0.27233978730616754
荷兰AEX,0.5516174155179104,0.3035822958183158,0.32682472098194787,0.33564262785337484,0.30384679056656316,0.0,0.25027554605029095,0.36989234595470033,0.2881516789203889
Costa Rica Indice Accionario,0.24275438718290462,0.24982259741411617,0.23991158299236637,0.240512114012791,0.23341808724296423,0.25027554605029095,0.0,0.24322068171789415,0.2437269760584066
加拿大多伦多S&P/TSX 综合指数,0.354287512930474,0.29262748523309157,0.36646229281403114,0.3055379038168579,0.29422877364486477,0.36989234595470033,0.24322068171789415,0.0,0.3002947370252008
S&P CLX IPSA,0.2838092713910818,0.26538471700364274,0.30433183034462763,0.27827080314711355,0.27233978730616754,0.2881516789203889,0.2437269760584066,0.3002947370252008,0.0
