,比利时BFX,日经225,墨西哥BOLSA,恒生指数,韩国综合指数,荷兰AEX,Costa Rica Indice Accionario,加拿大多伦多S&P/TSX 综合指数,S&P CLX IPSA
比利时BFX,0.0,0.2753207831126996,0.33312353757107666,0.2785185513968156,0.27568812124023545,0.5362967295391491,0.24448323040292616,0.3520247790322034,0.284349533089477
日经225,0.2753207831126996,0.0,0.28117395254226923,0.32384528478297386,0.41022758296209655,0.2906337891991246,0.24899464633411,0.28510238182613845,0.2635238780630216
墨西哥BOLSA,0.33312353757107666,0.28117395254226923,0.0,0.27383937710964196,0.29084171496182387,0.33464506920124415,0.23899889803188656,0.37090758141543595,0.29505124539553185
恒生指数,0.2785185513968156,0.32384528478297386,0.27383937710964196,0.0,0.3681475187545642,0.3123421078135325,0.2419713554351392,0.2947017318626697,0.27270462277058816
韩国综合指数,0.27568812124023545,0.41022758296209655,0.29084171496182387,0.3681475187545642,0.0,0.2928650644192388,0.23251865370241007,0.29225059194957936,0.26786109498596006
荷兰AEX,0.5362967295391491,0.2906337891991246,0.33464506920124415,0.3123421078135325,0.2928650644192388,0.0,0.24977745239369648,0.3696056484584673,0.2844220730514605
Costa Rica Indice Accionario,0.24448323040292616,0.24899464633411,0.23899889803188656,0.2419713554351392,0.23251865370241007,0.24977745239369648,0.0,0.23708180712244,0.2449615863699686
加拿大多伦多S&P/TSX 综合指数,0.3520247790322034,0.28510238182613845,0.37090758141543595,0.2947017318626697,0.29225059194957936,0.3696056484584673,0.23708180712244,0.0,0.28679075580683433
S&P CLX IPSA,0.284349533089477,0.2635238780630216,0.29505124539553185,0.27270462277058816,0.26786109498596006,0.2844220730514605,0.2449615863699686,0.28679075580683433,0.0
