,比利时BFX,日经225,墨西哥BOLSA,恒生指数,韩国综合指数,荷兰AEX,Costa Rica Indice Accionario,加拿大多伦多S&P/TSX 综合指数,S&P CLX IPSA
比利时BFX,0.0,0.27822249350131717,0.3309612440039483,0.29029518039361496,0.27677477694279295,0.5267212643533089,0.2565478221842101,0.3774083753246962,0.2859955397665828
日经225,0.27822249350131717,0.0,0.28566205560417535,0.31954101209834157,0.395413168799204,0.2994088474751638,0.24786366189609857,0.28680111898690314,0.26765436159580897
墨西哥BOLSA,0.3309612440039483,0.28566205560417535,0.0,0.2707882582480633,0.2944319721658451,0.33497676817977945,0.2419291591366109,0.3612728755576825,0.29236087457577103
恒生指数,0.29029518039361496,0.31954101209834157,0.2707882582480633,0.0,0.3597881673911764,0.32912655295998,0.24981269833986075,0.2934693193719691,0.2807371090851648
韩国综合指数,0.27677477694279295,0.395413168799204,0.2944319721658451,0.3597881673911764,0.0,0.29971196019847895,0.239566375929899,0.2907906659859739,0.26917026529344373
荷兰AEX,0.5267212643533089,0.2994088474751638,0.33497676817977945,0.32912655295998,0.29971196019847895,0.0,0.25736568168427715,0.3968227861173157,0.2868977922286459
Costa Rica Indice Accionario,0.2565478221842101,0.24786366189609857,0.2419291591366109,0.24981269833986075,0.239566375929899,0.25736568168427715,0.0,0.25418140181985655,0.2585971032589099
加拿大多伦多S&P/TSX 综合指数,0.3774083753246962,0.28680111898690314,0.3612728755576825,0.2934693193719691,0.2907906659859739,0.3968227861173157,0.25418140181985655,0.0,0.28287634179611576
S&P CLX IPSA,0.2859955397665828,0.26765436159580897,0.29236087457577103,0.2807371090851648,0.26917026529344373,0.2868977922286459,0.2585971032589099,0.28287634179611576,0.0
