,比利时BFX,日经225,墨西哥BOLSA,恒生指数,韩国综合指数,荷兰AEX,Costa Rica Indice Accionario,加拿大多伦多S&P/TSX 综合指数,S&P CLX IPSA
比利时BFX,0.0,0.2740907752156817,0.32852185225452807,0.29766493555153445,0.27268551051691403,0.5231334260333079,0.2572834637799411,0.38288695264466877,0.2816088202026115
日经225,0.2740907752156817,0.0,0.2887298529373146,0.31547890791256716,0.39564707746347666,0.30408786194514037,0.2500109488250087,0.2904030183179623,0.2752062183268908
墨西哥BOLSA,0.32852185225452807,0.2887298529373146,0.0,0.27687491094685496,0.30557546349909964,0.3249034204243963,0.24211659060649526,0.3516608899787669,0.27759694392096623
恒生指数,0.29766493555153445,0.31547890791256716,0.27687491094685496,0.0,0.35008853474408397,0.330540089541382,0.251532212196594,0.2983410228693758,0.27944871215178857
韩国综合指数,0.27268551051691403,0.39564707746347666,0.30557546349909964,0.35008853474408397,0.0,0.29451250459248285,0.24202324824862695,0.29261342645409105,0.27049681875030585
荷兰AEX,0.5231334260333079,0.30408786194514037,0.3249034204243963,0.330540089541382,0.29451250459248285,0.0,0.2573761781894635,0.3974892888259399,0.28607362465232006
Costa Rica Indice Accionario,0.2572834637799411,0.2500109488250087,0.24211659060649526,0.251532212196594,0.24202324824862695,0.2573761781894635,0.0,0.2542803529088408,0.2571229777887617
加拿大多伦多S&P/TSX 综合指数,0.38288695264466877,0.2904030183179623,0.3516608899787669,0.2983410228693758,0.29261342645409105,0.3974892888259399,0.2542803529088408,0.0,0.2737795127338948
S&P CLX IPSA,0.2816088202026115,0.2752062183268908,0.27759694392096623,0.27944871215178857,0.27049681875030585,0.28607362465232006,0.2571229777887617,0.2737795127338948,0.0
