,比利时BFX,日经225,墨西哥BOLSA,恒生指数,韩国综合指数,荷兰AEX,Costa Rica Indice Accionario,加拿大多伦多S&P/TSX 综合指数,S&P CLX IPSA
比利时BFX,0.0,0.27542137895358076,0.33696360743472786,0.2934334983071854,0.27529680140301777,0.5125114684858957,0.2552734479616866,0.3777445251875899,0.28586283998494594
日经225,0.27542137895358076,0.0,0.28534059150157,0.3183788161402569,0.3986827932868476,0.30396538752094393,0.24774895250671994,0.288914323561479,0.2747453463546731
墨西哥BOLSA,0.33696360743472786,0.28534059150157,0.0,0.27668463593375653,0.29746248051987617,0.33359861362851256,0.2402652750466915,0.35346776247134415,0.27994485636538047
恒生指数,0.2934334983071854,0.3183788161402569,0.27668463593375653,0.0,0.35948553890778273,0.33582678791184273,0.24927895251167725,0.30203932451770127,0.27791060081215424
韩国综合指数,0.27529680140301777,0.3986827932868476,0.29746248051987617,0.35948553890778273,0.0,0.30064302292127304,0.24063590113347688,0.292663005928578,0.2702037791246954
荷兰AEX,0.5125114684858957,0.30396538752094393,0.33359861362851256,0.33582678791184273,0.30064302292127304,0.0,0.25493534724703676,0.39782131499719275,0.28620664542041513
Costa Rica Indice Accionario,0.2552734479616866,0.24774895250671994,0.2402652750466915,0.24927895251167725,0.24063590113347688,0.25493534724703676,0.0,0.2523114090601642,0.25625008451577824
加拿大多伦多S&P/TSX 综合指数,0.3777445251875899,0.288914323561479,0.35346776247134415,0.30203932451770127,0.292663005928578,0.39782131499719275,0.2523114090601642,0.0,0.2713061607338486
S&P CLX IPSA,0.28586283998494594,0.2747453463546731,0.27994485636538047,0.27791060081215424,0.2702037791246954,0.28620664542041513,0.25625008451577824,0.2713061607338486,0.0
