,比利时BFX,日经225,墨西哥BOLSA,恒生指数,韩国综合指数,荷兰AEX,Costa Rica Indice Accionario,加拿大多伦多S&P/TSX 综合指数,S&P CLX IPSA
比利时BFX,0.0,0.2772926767689704,0.33698845057906707,0.2942634293526226,0.2734064114018858,0.5178708434188799,0.2562363237230987,0.3760953113250606,0.29232534707959534
日经225,0.2772926767689704,0.0,0.2865991741853789,0.314974508225856,0.39216611638673216,0.30408486103864574,0.24799466745561827,0.2888223199749667,0.26957977297872665
墨西哥BOLSA,0.33698845057906707,0.2865991741853789,0.0,0.27632643036714405,0.2943573339200351,0.3340742458166555,0.24113377842726477,0.35638166378950137,0.28799456700742704
恒生指数,0.2942634293526226,0.314974508225856,0.27632643036714405,0.0,0.35637166140754967,0.3354845942767183,0.24961375317582635,0.30157584931316783,0.2825594714956223
韩国综合指数,0.2734064114018858,0.39216611638673216,0.2943573339200351,0.35637166140754967,0.0,0.2969969927780005,0.24034145122522776,0.28993840375294,0.2653793987294636
荷兰AEX,0.5178708434188799,0.30408486103864574,0.3340742458166555,0.3354845942767183,0.2969969927780005,0.0,0.2558363972959885,0.3961705046986564,0.29010114083867306
Costa Rica Indice Accionario,0.2562363237230987,0.24799466745561827,0.24113377842726477,0.24961375317582635,0.24034145122522776,0.2558363972959885,0.0,0.2533957920084233,0.2569900292654636
加拿大多伦多S&P/TSX 综合指数,0.3760953113250606,0.2888223199749667,0.35638166378950137,0.30157584931316783,0.28993840375294,0.3961705046986564,0.2533957920084233,0.0,0.27895103719746234
S&P CLX IPSA,0.29232534707959534,0.26957977297872665,0.28799456700742704,0.2825594714956223,0.2653793987294636,0.29010114083867306,0.2569900292654636,0.27895103719746234,0.0
